Frequency (Hz)	Level (dB)
1.345825	-46.599174
2.691650	-46.787479
4.037476	-46.418377
5.383301	-47.306240
6.729126	-47.185219
8.074951	-47.301666
9.420776	-46.271976
10.766602	-46.786221
12.112427	-46.918659
13.458252	-48.117851
14.804077	-47.978916
16.149902	-48.440704
17.495728	-47.177067
18.841553	-46.791489
20.187378	-47.673035
21.533203	-46.715794
22.879028	-45.997562
24.224854	-46.697037
25.570679	-47.510288
26.916504	-46.642189
28.262329	-46.864403
29.608154	-47.199753
30.953979	-45.928135
32.299805	-47.116016
33.645630	-46.102798
34.991455	-46.994740
36.337280	-46.694317
37.683105	-45.884045
39.028931	-48.570560
40.374756	-47.080856
41.720581	-46.955891
43.066406	-46.722698
44.412231	-47.968521
45.758057	-46.664597
47.103882	-47.393719
48.449707	-46.987492
49.795532	-46.568733
51.141357	-46.780224
52.487183	-48.595692
53.833008	-47.762524
55.178833	-47.265400
56.524658	-47.151752
57.870483	-46.951782
59.216309	-46.102081
60.562134	-47.531582
61.907959	-46.521049
63.253784	-46.511257
64.599609	-47.198608
65.945435	-46.974854
67.291260	-47.879459
68.637085	-47.536194
69.982910	-46.348858
71.328735	-48.256008
72.674561	-46.769005
74.020386	-47.065651
75.366211	-46.749828
76.712036	-47.128407
78.057861	-46.873581
79.403687	-46.340057
80.749512	-47.223434
82.095337	-46.691654
83.441162	-47.361393
84.786987	-47.984802
86.132812	-48.547352
87.478638	-46.455910
88.824463	-47.141087
90.170288	-47.225292
91.516113	-46.582108
92.861938	-47.275581
94.207764	-47.964725
95.553589	-46.399796
96.899414	-47.530846
98.245239	-47.806561
99.591064	-47.403885
100.936890	-46.555397
102.282715	-46.887981
103.628540	-46.509563
104.974365	-47.080406
106.320190	-46.253548
107.666016	-45.502598
109.011841	-47.236221
110.357666	-47.430794
111.703491	-48.099236
113.049316	-47.175320
114.395142	-46.947308
115.740967	-46.343071
117.086792	-47.169010
118.432617	-47.502274
119.778442	-46.064484
121.124268	-46.569885
122.470093	-47.158234
123.815918	-47.734421
125.161743	-47.413071
126.507568	-46.510712
127.853394	-47.906372
129.199219	-46.464340
130.545044	-47.526791
131.890869	-46.735271
133.236694	-45.378231
134.582520	-46.979736
135.928345	-46.781616
137.274170	-46.154175
138.619995	-46.998611
139.965820	-46.023586
141.311646	-46.010395
142.657471	-46.700066
144.003296	-46.901619
145.349121	-46.665760
146.694946	-46.572769
148.040771	-47.004280
149.386597	-47.423325
150.732422	-45.499313
152.078247	-45.295582
153.424072	-47.074371
154.769897	-47.237885
156.115723	-46.768215
157.461548	-47.176502
158.807373	-47.256813
160.153198	-46.987991
161.499023	-46.895370
162.844849	-47.211319
164.190674	-46.213966
165.536499	-47.087929
166.882324	-47.101990
168.228149	-46.744919
169.573975	-46.108475
170.919800	-47.008759
172.265625	-46.567215
173.611450	-47.443130
174.957275	-47.438515
176.303101	-47.540955
177.648926	-46.496803
178.994751	-46.922562
180.340576	-47.353168
181.686401	-47.494144
183.032227	-46.580143
184.378052	-46.090458
185.723877	-46.800507
187.069702	-46.145878
188.415527	-47.285255
189.761353	-46.917202
191.107178	-47.689182
192.453003	-47.270988
193.798828	-46.731781
195.144653	-46.340019
196.490479	-47.230202
197.836304	-47.526531
199.182129	-46.500687
200.527954	-46.872952
201.873779	-46.968525
203.219604	-47.005150
204.565430	-46.213345
205.911255	-46.603527
207.257080	-46.732193
208.602905	-47.743683
209.948730	-47.087696
211.294556	-47.701248
212.640381	-47.059383
213.986206	-46.619209
215.332031	-46.755051
216.677856	-47.801716
218.023682	-47.405750
219.369507	-47.708900
220.715332	-46.388535
222.061157	-48.557407
223.406982	-45.738857
224.752808	-47.126301
226.098633	-46.820156
227.444458	-47.082310
228.790283	-46.593830
230.136108	-46.227612
231.481934	-46.821911
232.827759	-47.936081
234.173584	-46.504204
235.519409	-46.976631
236.865234	-47.708977
238.211060	-46.890945
239.556885	-47.002258
240.902710	-47.654728
242.248535	-48.121883
243.594360	-46.701237
244.940186	-47.150433
246.286011	-46.979012
247.631836	-46.880665
248.977661	-47.240173
250.323486	-48.233635
251.669312	-47.066166
253.015137	-47.076603
254.360962	-47.144428
255.706787	-47.051075
257.052612	-47.425247
258.398438	-48.357956
259.744263	-47.458942
261.090088	-47.078068
262.435913	-47.490696
263.781738	-47.849861
265.127563	-46.067707
266.473389	-47.608582
267.819214	-46.494259
269.165039	-46.133827
270.510864	-47.956051
271.856689	-47.826492
273.202515	-47.798901
274.548340	-47.408703
275.894165	-47.028870
277.239990	-47.166763
278.585815	-45.946602
279.931641	-47.559723
281.277466	-46.511395
282.623291	-47.093060
283.969116	-46.749104
285.314941	-47.183014
286.660767	-47.096951
288.006592	-47.358162
289.352417	-46.609188
290.698242	-47.463058
292.044067	-47.091263
293.389893	-46.184093
294.735718	-45.549004
296.081543	-46.976749
297.427368	-47.025883
298.773193	-45.894321
300.119019	-46.797947
301.464844	-47.683125
302.810669	-46.872749
304.156494	-46.896481
305.502319	-47.333275
306.848145	-47.867931
308.193970	-46.355930
309.539795	-47.320084
310.885620	-47.294563
312.231445	-47.733158
313.577271	-47.362259
314.923096	-48.451866
316.268921	-47.159039
317.614746	-47.366440
318.960571	-47.184937
320.306396	-46.652225
321.652222	-46.108864
322.998047	-46.472473
324.343872	-47.569275
325.689697	-48.041805
327.035522	-47.861362
328.381348	-48.981838
329.727173	-48.291245
331.072998	-47.039333
332.418823	-47.290733
333.764648	-46.712723
335.110474	-47.537086
336.456299	-46.709995
337.802124	-46.675335
339.147949	-47.439812
340.493774	-47.331310
341.839600	-47.551479
343.185425	-46.734703
344.531250	-46.600082
345.877075	-47.154022
347.222900	-47.120377
348.568726	-46.158001
349.914551	-46.512268
351.260376	-46.397827
352.606201	-45.854370
353.952026	-47.354599
355.297852	-46.114513
356.643677	-46.310509
357.989502	-47.124546
359.335327	-46.834198
360.681152	-46.747643
362.026978	-46.626217
363.372803	-47.310272
364.718628	-47.660564
366.064453	-46.702229
367.410278	-46.916935
368.756104	-46.375946
370.101929	-46.289173
371.447754	-47.364357
372.793579	-46.808872
374.139404	-47.087502
375.485229	-46.708263
376.831055	-47.917786
378.176880	-46.610809
379.522705	-45.956795
380.868530	-45.897369
382.214355	-46.006927
383.560181	-46.821869
384.906006	-47.546906
386.251831	-47.761559
387.597656	-47.381554
388.943481	-46.866875
390.289307	-47.177479
391.635132	-47.870598
392.980957	-47.037434
394.326782	-47.129856
395.672607	-47.807102
397.018433	-46.457138
398.364258	-46.549164
399.710083	-46.692944
401.055908	-46.464775
402.401733	-46.377220
403.747559	-46.668224
405.093384	-46.280582
406.439209	-47.216408
407.785034	-47.152763
409.130859	-46.181438
410.476685	-48.171513
411.822510	-47.328732
413.168335	-47.266296
414.514160	-48.742786
415.859985	-47.891903
417.205811	-46.550846
418.551636	-47.090351
419.897461	-47.914288
421.243286	-47.059158
422.589111	-46.267189
423.934937	-46.950356
425.280762	-47.708710
426.626587	-46.399548
427.972412	-47.339401
429.318237	-47.795948
430.664062	-46.734688
432.009888	-46.349174
433.355713	-46.206341
434.701538	-46.249226
436.047363	-46.920822
437.393188	-46.612274
438.739014	-46.386429
440.084839	-47.276203
441.430664	-46.751408
442.776489	-47.355190
444.122314	-47.219555
445.468140	-46.809906
446.813965	-46.652637
448.159790	-47.543404
449.505615	-46.891468
450.851440	-46.938637
452.197266	-46.890820
453.543091	-45.166630
454.888916	-45.897007
456.234741	-46.253494
457.580566	-46.999077
458.926392	-47.089294
460.272217	-46.438046
461.618042	-46.567913
462.963867	-47.271286
464.309692	-46.950413
465.655518	-47.111511
467.001343	-47.332184
468.347168	-47.451202
469.692993	-46.776375
471.038818	-47.654751
472.384644	-47.070473
473.730469	-46.022079
475.076294	-46.718472
476.422119	-46.516918
477.767944	-47.125275
479.113770	-46.937851
480.459595	-46.869545
481.805420	-47.567085
483.151245	-47.890217
484.497070	-45.827122
485.842896	-46.663284
487.188721	-46.644085
488.534546	-45.597725
489.880371	-46.551994
491.226196	-46.702843
492.572021	-47.175907
493.917847	-48.665550
495.263672	-46.788925
496.609497	-46.455605
497.955322	-48.219246
499.301147	-47.725903
500.646973	-46.946281
501.992798	-46.560131
503.338623	-47.738865
504.684448	-47.785381
506.030273	-46.285072
507.376099	-47.329662
508.721924	-46.348465
510.067749	-46.848766
511.413574	-46.779572
512.759399	-47.067741
514.105225	-45.987732
515.451050	-46.598949
516.796875	-46.287594
518.142700	-46.769005
519.488525	-47.016090
520.834351	-47.044689
522.180176	-47.066113
523.526001	-47.275555
524.871826	-46.464722
526.217651	-45.956486
527.563477	-45.961849
528.909302	-46.999447
530.255127	-46.215858
531.600952	-47.910870
532.946777	-46.837856
534.292603	-47.469074
535.638428	-47.341267
536.984253	-46.110989
538.330078	-45.994274
539.675903	-47.701897
541.021729	-48.032700
542.367554	-46.479340
543.713379	-47.791946
545.059204	-47.230019
546.405029	-46.344444
547.750854	-47.794857
549.096680	-48.125935
550.442505	-46.984432
551.788330	-46.915615
553.134155	-47.034958
554.479980	-47.021606
555.825806	-46.262138
557.171631	-46.304924
558.517456	-48.399204
559.863281	-47.818916
561.209106	-47.294758
562.554932	-47.692623
563.900757	-47.358807
565.246582	-48.113594
566.592407	-47.199318
567.938232	-46.780781
569.284058	-46.226006
570.629883	-47.816303
571.975708	-47.845825
573.321533	-46.011295
574.667358	-46.955952
576.013184	-47.323643
577.359009	-46.742310
578.704834	-48.271996
580.050659	-46.787647
581.396484	-46.895538
582.742310	-46.951664
584.088135	-47.938835
585.433960	-46.276600
586.779785	-46.568588
588.125610	-46.989250
589.471436	-48.431038
590.817261	-48.150616
592.163086	-46.973228
593.508911	-46.866531
594.854736	-45.890129
596.200562	-46.733273
597.546387	-47.894562
598.892212	-47.597916
600.238037	-46.925480
601.583862	-47.398083
602.929688	-45.533924
604.275513	-46.721264
605.621338	-46.759323
606.967163	-47.903034
608.312988	-46.831047
609.658813	-46.395412
611.004639	-46.433743
612.350464	-46.474125
613.696289	-47.184044
615.042114	-47.478687
616.387939	-47.060982
617.733765	-47.447792
619.079590	-45.952835
620.425415	-47.402058
621.771240	-46.940327
623.117065	-47.031670
624.462891	-47.967667
625.808716	-47.269077
627.154541	-46.289230
628.500366	-47.028049
629.846191	-46.953228
631.192017	-46.651688
632.537842	-46.732697
633.883667	-46.385708
635.229492	-46.217480
636.575317	-46.648468
637.921143	-46.487648
639.266968	-46.973751
640.612793	-47.385574
641.958618	-47.396145
643.304443	-46.523167
644.650269	-46.654560
645.996094	-46.577961
647.341919	-46.205128
648.687744	-46.717590
650.033569	-47.846107
651.379395	-46.441860
652.725220	-47.610786
654.071045	-47.640347
655.416870	-47.710922
656.762695	-47.178150
658.108521	-46.725029
659.454346	-47.374897
660.800171	-47.800652
662.145996	-46.555042
663.491821	-46.782600
664.837646	-48.456268
666.183472	-46.785881
667.529297	-47.047672
668.875122	-46.632286
670.220947	-47.579124
671.566772	-46.930107
672.912598	-47.868866
674.258423	-46.313251
675.604248	-46.071983
676.950073	-47.018230
678.295898	-46.631294
679.641724	-45.716145
680.987549	-46.730881
682.333374	-46.337505
683.679199	-46.331932
685.025024	-47.613235
686.370850	-47.014931
687.716675	-47.975376
689.062500	-48.175217
690.408325	-46.250423
691.754150	-46.086391
693.099976	-47.530327
694.445801	-47.297241
695.791626	-47.592701
697.137451	-47.016529
698.483276	-46.319962
699.829102	-46.232597
701.174927	-46.949345
702.520752	-47.156197
703.866577	-45.977863
705.212402	-47.306866
706.558228	-47.128357
707.904053	-47.275944
709.249878	-47.052204
710.595703	-46.409637
711.941528	-47.324692
713.287354	-47.878601
714.633179	-47.116329
715.979004	-47.588535
717.324829	-47.108093
718.670654	-47.577305
720.016479	-47.075294
721.362305	-47.217808
722.708130	-47.613998
724.053955	-47.834057
725.399780	-47.776974
726.745605	-47.423836
728.091431	-46.747372
729.437256	-46.739563
730.783081	-47.759144
732.128906	-46.761524
733.474731	-46.362659
734.820557	-46.590981
736.166382	-46.892288
737.512207	-46.866070
738.858032	-46.741638
740.203857	-47.199295
741.549683	-47.687531
742.895508	-47.052090
744.241333	-46.779011
745.587158	-47.239338
746.932983	-46.965427
748.278809	-46.234367
749.624634	-46.711437
750.970459	-46.639305
752.316284	-46.806976
753.662109	-47.694557
755.007935	-46.558048
756.353760	-47.053104
757.699585	-47.489986
759.045410	-46.503223
760.391235	-47.538055
761.737061	-46.639748
763.082886	-46.921455
764.428711	-45.857594
765.774536	-46.315002
767.120361	-45.728600
768.466187	-46.532005
769.812012	-46.686459
771.157837	-46.934486
772.503662	-47.430470
773.849487	-47.200695
775.195312	-47.526100
776.541138	-46.574100
777.886963	-46.220467
779.232788	-46.982796
780.578613	-47.411594
781.924438	-47.358284
783.270264	-46.394955
784.616089	-47.027321
785.961914	-46.958038
787.307739	-47.423813
788.653564	-47.145699
789.999390	-46.607460
791.345215	-47.968399
792.691040	-46.945286
794.036865	-46.886547
795.382690	-46.258198
796.728516	-47.198608
798.074341	-47.230026
799.420166	-46.864647
800.765991	-46.569687
802.111816	-46.446564
803.457642	-46.439201
804.803467	-47.472713
806.149292	-47.513748
807.495117	-47.289146
808.840942	-47.198574
810.186768	-46.534859
811.532593	-46.800026
812.878418	-46.592457
814.224243	-46.875668
815.570068	-46.640118
816.915894	-46.805126
818.261719	-47.447147
819.607544	-47.713421
820.953369	-47.285557
822.299194	-46.046242
823.645020	-46.853252
824.990845	-46.923119
826.336670	-46.428909
827.682495	-46.977276
829.028320	-47.233105
830.374146	-46.443836
831.719971	-47.615383
833.065796	-47.825634
834.411621	-47.022354
835.757446	-47.013367
837.103271	-46.572845
838.449097	-48.545605
839.794922	-47.212250
841.140747	-46.200615
842.486572	-47.700291
843.832397	-47.159023
845.178223	-47.248547
846.524048	-46.631992
847.869873	-47.009827
849.215698	-47.231583
850.561523	-47.212345
851.907349	-47.399364
853.253174	-47.447514
854.598999	-46.443012
855.944824	-46.844971
857.290649	-46.978947
858.636475	-47.565704
859.982300	-47.899097
861.328125	-47.095123
862.673950	-46.593983
864.019775	-47.228294
865.365601	-47.434845
866.711426	-47.544247
868.057251	-47.823315
869.403076	-47.597183
870.748901	-47.909821
872.094727	-46.831486
873.440552	-46.233963
874.786377	-48.313675
876.132202	-46.616940
877.478027	-46.643055
878.823853	-46.794510
880.169678	-46.229050
881.515503	-46.480751
882.861328	-47.242111
884.207153	-47.826435
885.552979	-47.030968
886.898804	-47.073280
888.244629	-46.772621
889.590454	-46.915581
890.936279	-46.921249
892.282104	-47.369034
893.627930	-46.444862
894.973755	-46.907425
896.319580	-47.318951
897.665405	-46.772007
899.011230	-46.027046
900.357056	-46.690361
901.702881	-46.062580
903.048706	-46.038269
904.394531	-47.088692
905.740356	-47.732559
907.086182	-47.521370
908.432007	-46.976322
909.777832	-46.749462
911.123657	-47.845486
912.469482	-46.654869
913.815308	-46.665554
915.161133	-47.326004
916.506958	-46.407787
917.852783	-47.010586
919.198608	-48.223606
920.544434	-48.261425
921.890259	-46.897694
923.236084	-48.270706
924.581909	-47.409679
925.927734	-46.494282
927.273560	-46.461040
928.619385	-47.352734
929.965210	-47.038883
931.311035	-48.004482
932.656860	-46.717640
934.002686	-47.200653
935.348511	-47.221344
936.694336	-47.352627
938.040161	-46.416660
939.385986	-46.045017
940.731812	-46.226040
942.077637	-45.462749
943.423462	-46.950989
944.769287	-46.841564
946.115112	-47.153389
947.460938	-47.722073
948.806763	-46.605022
950.152588	-46.557274
951.498413	-47.777615
952.844238	-47.881546
954.190063	-47.208378
955.535889	-46.771503
956.881714	-47.401928
958.227539	-48.060738
959.573364	-48.316860
960.919189	-46.746014
962.265015	-46.720615
963.610840	-48.028900
964.956665	-47.613098
966.302490	-46.818222
967.648315	-47.590286
968.994141	-46.198074
970.339966	-46.388741
971.685791	-46.931015
973.031616	-46.732300
974.377441	-47.396603
975.723267	-47.132145
977.069092	-46.914333
978.414917	-46.655071
979.760742	-46.846100
981.106567	-46.923546
982.452393	-46.800098
983.798218	-46.061172
985.144043	-47.546364
986.489868	-46.427643
987.835693	-46.949341
989.181519	-46.533958
990.527344	-47.499508
991.873169	-46.948273
993.218994	-47.541981
994.564819	-46.530869
995.910645	-46.841179
997.256470	-47.171650
998.602295	-46.597721
999.948120	-46.752754
1001.293945	-45.981380
1002.639771	-47.499062
1003.985596	-46.844429
1005.331421	-47.450089
1006.677246	-46.920605
1008.023071	-46.245796
1009.368896	-46.797295
1010.714722	-48.266048
1012.060547	-45.856510
1013.406372	-46.474773
1014.752197	-46.551842
1016.098022	-47.449402
1017.443848	-46.901054
1018.789673	-46.075199
1020.135498	-46.898373
1021.481323	-47.192600
1022.827148	-46.025002
1024.172974	-46.503578
1025.518799	-47.294388
1026.864624	-46.157814
1028.210449	-46.603043
1029.556274	-47.588772
1030.902100	-47.049786
1032.247925	-47.406998
1033.593750	-47.165947
1034.939575	-46.552475
1036.285400	-46.476059
1037.631226	-47.508762
1038.977051	-47.383301
1040.322876	-46.836254
1041.668701	-46.978432
1043.014526	-47.472820
1044.360352	-47.536732
1045.706177	-47.022667
1047.052002	-46.679199
1048.397827	-46.788631
1049.743652	-46.674381
1051.089478	-47.044445
1052.435303	-46.708092
1053.781128	-46.351696
1055.126953	-47.359554
1056.472778	-47.489555
1057.818604	-46.787464
1059.164429	-46.074673
1060.510254	-46.932442
1061.856079	-47.019165
1063.201904	-47.001820
1064.547729	-47.394604
1065.893555	-47.720371
1067.239380	-47.248615
1068.585205	-46.204926
1069.931030	-46.669785
1071.276855	-47.313065
1072.622681	-47.564533
1073.968506	-47.361950
1075.314331	-47.702965
1076.660156	-48.279800
1078.005981	-48.511429
1079.351807	-46.639988
1080.697632	-46.348690
1082.043457	-47.191540
1083.389282	-46.483696
1084.735107	-46.516689
1086.080933	-46.203888
1087.426758	-47.448669
1088.772583	-47.475536
1090.118408	-47.692787
1091.464233	-46.195465
1092.810059	-46.042019
1094.155884	-47.040962
1095.501709	-47.107952
1096.847534	-47.220634
1098.193359	-46.850052
1099.539185	-46.607143
1100.885010	-46.141472
1102.230835	-46.246429
1103.576660	-47.352844
1104.922485	-46.915081
1106.268311	-46.340027
1107.614136	-46.973995
1108.959961	-47.682312
1110.305786	-47.469292
1111.651611	-47.166592
1112.997437	-46.671448
1114.343262	-46.707581
1115.689087	-46.086563
1117.034912	-46.764236
1118.380737	-47.851700
1119.726562	-47.471272
1121.072388	-46.534435
1122.418213	-47.265732
1123.764038	-46.712917
1125.109863	-46.534962
1126.455688	-47.706459
1127.801514	-46.253330
1129.147339	-46.402058
1130.493164	-46.712372
1131.838989	-47.005882
1133.184814	-46.228302
1134.530640	-46.296371
1135.876465	-46.058949
1137.222290	-47.087906
1138.568115	-47.184566
1139.913940	-45.602432
1141.259766	-47.789970
1142.605591	-47.429993
1143.951416	-46.837734
1145.297241	-46.701839
1146.643066	-47.037800
1147.988892	-47.047829
1149.334717	-47.317616
1150.680542	-46.865707
1152.026367	-47.220135
1153.372192	-47.056839
1154.718018	-48.022205
1156.063843	-46.884830
1157.409668	-46.606819
1158.755493	-47.079308
1160.101318	-46.892239
1161.447144	-46.820381
1162.792969	-46.911125
1164.138794	-46.136345
1165.484619	-47.902534
1166.830444	-47.198784
1168.176270	-46.698151
1169.522095	-46.479767
1170.867920	-46.924458
1172.213745	-47.011517
1173.559570	-47.386372
1174.905396	-47.211227
1176.251221	-46.697994
1177.597046	-47.468243
1178.942871	-47.175617
1180.288696	-46.532063
1181.634521	-46.102657
1182.980347	-47.061794
1184.326172	-46.964481
1185.671997	-46.405609
1187.017822	-48.345650
1188.363647	-46.226284
1189.709473	-47.446819
1191.055298	-46.669594
1192.401123	-47.031620
1193.746948	-46.411053
1195.092773	-47.103271
1196.438599	-47.307129
1197.784424	-46.620937
1199.130249	-46.198284
1200.476074	-46.947273
1201.821899	-45.745773
1203.167725	-46.905514
1204.513550	-46.736351
1205.859375	-47.904671
1207.205200	-46.985313
1208.551025	-47.100098
1209.896851	-47.607208
1211.242676	-47.452042
1212.588501	-47.367096
1213.934326	-46.684433
1215.280151	-45.543816
1216.625977	-47.014656
1217.971802	-46.886959
1219.317627	-46.758011
1220.663452	-46.368702
1222.009277	-46.813343
1223.355103	-46.710342
1224.700928	-47.324455
1226.046753	-46.077522
1227.392578	-47.411900
1228.738403	-47.080399
1230.084229	-47.759117
1231.430054	-47.583187
1232.775879	-47.569656
1234.121704	-47.505318
1235.467529	-47.408550
1236.813354	-46.862297
1238.159180	-46.917477
1239.505005	-47.323147
1240.850830	-45.956940
1242.196655	-46.552361
1243.542480	-46.438915
1244.888306	-47.181103
1246.234131	-47.012939
1247.579956	-46.641975
1248.925781	-46.204544
1250.271606	-46.761692
1251.617432	-47.640305
1252.963257	-46.825359
1254.309082	-46.362621
1255.654907	-47.029202
1257.000732	-45.622822
1258.346558	-46.740952
1259.692383	-46.687508
1261.038208	-47.340309
1262.384033	-47.725628
1263.729858	-45.742428
1265.075684	-46.405243
1266.421509	-47.758884
1267.767334	-47.256905
1269.113159	-46.757870
1270.458984	-46.975521
1271.804810	-47.223907
1273.150635	-46.617016
1274.496460	-46.795486
1275.842285	-46.819542
1277.188110	-46.174778
1278.533936	-47.909603
1279.879761	-47.333000
1281.225586	-46.278858
1282.571411	-46.716988
1283.917236	-46.818558
1285.263062	-46.200062
1286.608887	-47.699455
1287.954712	-47.552593
1289.300537	-46.302959
1290.646362	-46.554993
1291.992188	-47.695766
1293.338013	-47.121822
1294.683838	-47.030396
1296.029663	-46.807472
1297.375488	-46.470783
1298.721313	-46.585857
1300.067139	-47.150822
1301.412964	-47.383480
1302.758789	-46.567390
1304.104614	-47.386539
1305.450439	-47.049015
1306.796265	-46.976509
1308.142090	-45.694344
1309.487915	-46.261555
1310.833740	-47.519684
1312.179565	-47.076305
1313.525391	-46.290489
1314.871216	-46.948956
1316.217041	-46.406342
1317.562866	-46.965916
1318.908691	-46.132511
1320.254517	-47.302670
1321.600342	-46.347076
1322.946167	-47.607315
1324.291992	-47.331188
1325.637817	-47.879654
1326.983643	-46.570660
1328.329468	-46.325150
1329.675293	-47.054600
1331.021118	-47.663918
1332.366943	-46.974873
1333.712769	-47.472763
1335.058594	-47.067196
1336.404419	-47.194782
1337.750244	-46.585651
1339.096069	-46.175400
1340.441895	-46.314819
1341.787720	-46.041794
1343.133545	-46.889133
1344.479370	-47.133106
1345.825195	-47.267849
1347.171021	-46.783257
1348.516846	-47.000278
1349.862671	-46.461388
1351.208496	-46.614594
1352.554321	-47.071190
1353.900146	-48.020748
1355.245972	-47.095402
1356.591797	-47.277016
1357.937622	-47.252151
1359.283447	-46.654030
1360.629272	-46.065475
1361.975098	-46.988743
1363.320923	-49.009811
1364.666748	-47.865437
1366.012573	-47.471066
1367.358398	-45.937084
1368.704224	-46.267365
1370.050049	-47.357132
1371.395874	-47.534672
1372.741699	-47.738644
1374.087524	-48.077194
1375.433350	-47.444958
1376.779175	-47.534405
1378.125000	-47.450035
1379.470825	-45.828957
1380.816650	-46.278656
1382.162476	-46.264797
1383.508301	-47.099804
1384.854126	-47.088940
1386.199951	-46.207321
1387.545776	-46.517338
1388.891602	-47.147850
1390.237427	-47.579521
1391.583252	-46.796318
1392.929077	-47.230137
1394.274902	-46.838379
1395.620728	-47.897541
1396.966553	-47.520542
1398.312378	-46.464211
1399.658203	-46.681438
1401.004028	-46.698700
1402.349854	-46.442799
1403.695679	-46.777748
1405.041504	-46.777107
1406.387329	-47.310860
1407.733154	-47.004906
1409.078979	-47.579693
1410.424805	-47.317871
1411.770630	-47.373688
1413.116455	-46.492504
1414.462280	-47.159065
1415.808105	-46.302250
1417.153931	-47.515087
1418.499756	-47.044025
1419.845581	-47.830254
1421.191406	-47.597061
1422.537231	-47.317440
1423.883057	-47.542831
1425.228882	-47.617252
1426.574707	-47.625694
1427.920532	-45.854904
1429.266357	-47.117176
1430.612183	-48.585949
1431.958008	-47.260239
1433.303833	-48.031998
1434.649658	-47.219913
1435.995483	-46.782505
1437.341309	-47.144527
1438.687134	-47.048260
1440.032959	-46.323071
1441.378784	-45.711292
1442.724609	-46.625031
1444.070435	-46.911625
1445.416260	-47.133377
1446.762085	-46.984283
1448.107910	-46.846596
1449.453735	-46.687752
1450.799561	-47.293629
1452.145386	-47.797535
1453.491211	-46.840240
1454.837036	-47.012798
1456.182861	-46.979214
1457.528687	-47.591896
1458.874512	-47.697533
1460.220337	-46.903221
1461.566162	-46.673038
1462.911987	-46.694462
1464.257812	-47.803211
1465.603638	-47.937153
1466.949463	-48.074448
1468.295288	-47.417645
1469.641113	-47.350632
1470.986938	-47.321850
1472.332764	-47.302193
1473.678589	-45.628120
1475.024414	-47.023560
1476.370239	-48.033157
1477.716064	-46.499050
1479.061890	-46.126518
1480.407715	-46.456203
1481.753540	-46.587780
1483.099365	-47.381893
1484.445190	-47.332592
1485.791016	-47.730900
1487.136841	-47.533768
1488.482666	-47.448536
1489.828491	-47.330605
1491.174316	-47.237427
1492.520142	-47.094833
1493.865967	-47.536903
1495.211792	-47.291660
1496.557617	-47.507942
1497.903442	-47.584068
1499.249268	-46.235020
1500.595093	-47.622787
1501.940918	-48.831890
1503.286743	-46.878975
1504.632568	-47.692513
1505.978394	-46.357342
1507.324219	-47.011215
1508.670044	-47.844296
1510.015869	-46.450382
1511.361694	-46.496895
1512.707520	-48.152706
1514.053345	-47.269344
1515.399170	-46.048008
1516.744995	-46.796780
1518.090820	-46.486393
1519.436646	-45.604088
1520.782471	-46.000000
1522.128296	-46.874123
1523.474121	-47.492107
1524.819946	-46.066608
1526.165771	-47.199818
1527.511597	-47.062859
1528.857422	-47.793678
1530.203247	-47.129017
1531.549072	-47.299625
1532.894897	-47.788044
1534.240723	-47.501110
1535.586548	-47.034824
1536.932373	-46.554401
1538.278198	-47.769886
1539.624023	-46.901588
1540.969849	-47.308384
1542.315674	-47.117947
1543.661499	-46.568878
1545.007324	-46.388077
1546.353149	-46.479439
1547.698975	-45.846851
1549.044800	-45.931034
1550.390625	-46.772614
1551.736450	-46.263603
1553.082275	-47.884422
1554.428101	-46.616840
1555.773926	-47.038952
1557.119751	-47.516853
1558.465576	-45.974068
1559.811401	-46.987396
1561.157227	-46.146351
1562.503052	-46.892971
1563.848877	-47.780960
1565.194702	-48.253086
1566.540527	-46.308113
1567.886353	-47.239174
1569.232178	-46.042217
1570.578003	-46.820488
1571.923828	-46.822468
1573.269653	-45.975105
1574.615479	-47.992817
1575.961304	-46.477512
1577.307129	-47.044113
1578.652954	-47.035492
1579.998779	-47.703510
1581.344604	-47.133308
1582.690430	-46.034973
1584.036255	-47.214149
1585.382080	-47.160015
1586.727905	-47.161949
1588.073730	-46.930153
1589.419556	-45.773029
1590.765381	-47.783039
1592.111206	-47.458733
1593.457031	-46.887726
1594.802856	-47.189209
1596.148682	-46.881355
1597.494507	-45.731522
1598.840332	-47.046597
1600.186157	-47.875015
1601.531982	-46.800987
1602.877808	-47.291306
1604.223633	-46.897469
1605.569458	-47.718033
1606.915283	-46.741074
1608.261108	-46.700069
1609.606934	-46.868980
1610.952759	-45.419022
1612.298584	-46.211227
1613.644409	-46.892345
1614.990234	-46.073620
1616.336060	-46.627514
1617.681885	-47.482330
1619.027710	-46.191788
1620.373535	-46.953159
1621.719360	-47.000767
1623.065186	-46.952042
1624.411011	-47.323280
1625.756836	-46.654186
1627.102661	-46.833153
1628.448486	-46.567120
1629.794312	-46.168999
1631.140137	-46.860126
1632.485962	-48.275429
1633.831787	-46.178513
1635.177612	-45.957722
1636.523438	-47.181702
1637.869263	-46.702755
1639.215088	-46.416889
1640.560913	-46.694271
1641.906738	-46.020367
1643.252563	-46.289497
1644.598389	-45.706268
1645.944214	-46.110703
1647.290039	-47.322426
1648.635864	-47.108746
1649.981689	-47.442539
1651.327515	-47.600464
1652.673340	-47.736935
1654.019165	-47.740948
1655.364990	-46.391376
1656.710815	-46.347206
1658.056641	-46.232597
1659.402466	-47.913456
1660.748291	-46.686352
1662.094116	-46.325981
1663.439941	-47.570705
1664.785767	-46.646942
1666.131592	-46.872341
1667.477417	-46.025066
1668.823242	-47.524601
1670.169067	-47.659302
1671.514893	-47.126465
1672.860718	-46.837749
1674.206543	-47.447289
1675.552368	-46.964363
1676.898193	-47.127899
1678.244019	-46.041775
1679.589844	-46.923367
1680.935669	-47.070190
1682.281494	-47.496582
1683.627319	-47.116570
1684.973145	-47.319244
1686.318970	-46.843845
1687.664795	-47.603577
1689.010620	-46.816002
1690.356445	-48.232079
1691.702271	-47.072639
1693.048096	-47.160618
1694.393921	-47.429234
1695.739746	-46.643883
1697.085571	-47.372208
1698.431396	-47.289921
1699.777222	-47.755222
1701.123047	-48.138329
1702.468872	-47.014515
1703.814697	-46.663567
1705.160522	-46.531921
1706.506348	-48.005272
1707.852173	-46.256332
1709.197998	-46.494556
1710.543823	-46.502838
1711.889648	-46.391560
1713.235474	-47.077747
1714.581299	-46.778828
1715.927124	-46.457066
1717.272949	-46.210594
1718.618774	-46.265209
1719.964600	-46.313671
1721.310425	-46.207375
1722.656250	-46.923145
1724.002075	-46.359039
1725.347900	-46.432888
1726.693726	-46.528053
1728.039551	-46.331451
1729.385376	-46.562263
1730.731201	-46.984657
1732.077026	-47.132538
1733.422852	-46.737106
1734.768677	-47.170326
1736.114502	-47.150402
1737.460327	-47.373940
1738.806152	-47.449684
1740.151978	-46.572140
1741.497803	-46.853264
1742.843628	-46.493282
1744.189453	-46.858372
1745.535278	-48.323681
1746.881104	-47.141983
1748.226929	-46.503910
1749.572754	-46.975082
1750.918579	-47.007381
1752.264404	-46.602409
1753.610229	-46.891384
1754.956055	-46.581982
1756.301880	-46.440575
1757.647705	-46.877331
1758.993530	-47.041729
1760.339355	-46.085976
1761.685181	-47.645172
1763.031006	-47.352459
1764.376831	-47.131363
1765.722656	-46.879753
1767.068481	-47.428989
1768.414307	-48.159504
1769.760132	-46.914131
1771.105957	-46.512589
1772.451782	-46.924053
1773.797607	-47.464783
1775.143433	-47.541481
1776.489258	-46.634525
1777.835083	-45.943275
1779.180908	-46.576344
1780.526733	-47.166489
1781.872559	-46.923874
1783.218384	-48.488861
1784.564209	-46.378578
1785.910034	-46.917763
1787.255859	-46.560619
1788.601685	-47.762482
1789.947510	-46.718025
1791.293335	-46.613441
1792.639160	-46.871288
1793.984985	-48.102669
1795.330811	-47.718349
1796.676636	-47.077980
1798.022461	-48.080887
1799.368286	-47.298428
1800.714111	-46.814827
1802.059937	-47.382057
1803.405762	-47.259590
1804.751587	-47.144020
1806.097412	-46.967255
1807.443237	-46.504673
1808.789062	-46.669621
1810.134888	-47.086411
1811.480713	-46.232063
1812.826538	-47.230995
1814.172363	-46.915241
1815.518188	-46.824451
1816.864014	-46.989941
1818.209839	-46.734402
1819.555664	-48.136341
1820.901489	-46.653961
1822.247314	-47.058498
1823.593140	-47.292244
1824.938965	-47.637291
1826.284790	-47.414009
1827.630615	-48.678295
1828.976440	-47.549355
1830.322266	-48.336742
1831.668091	-47.200195
1833.013916	-46.326694
1834.359741	-46.289112
1835.705566	-46.138741
1837.051392	-47.508224
1838.397217	-47.830437
1839.743042	-47.126781
1841.088867	-46.531704
1842.434692	-46.753765
1843.780518	-45.846146
1845.126343	-46.880962
1846.472168	-48.922646
1847.817993	-47.470146
1849.163818	-46.709053
1850.509644	-47.211884
1851.855469	-47.664021
1853.201294	-47.750977
1854.547119	-47.611347
1855.892944	-46.632561
1857.238770	-45.337769
1858.584595	-46.549461
1859.930420	-46.256783
1861.276245	-47.476582
1862.622070	-46.518124
1863.967896	-47.581642
1865.313721	-46.365131
1866.659546	-46.790089
1868.005371	-47.962349
1869.351196	-46.789749
1870.697021	-46.920929
1872.042847	-46.539673
1873.388672	-46.160423
1874.734497	-46.591515
1876.080322	-46.660801
1877.426147	-47.191132
1878.771973	-47.440193
1880.117798	-45.852062
1881.463623	-47.016514
1882.809448	-46.767563
1884.155273	-48.118908
1885.501099	-46.171398
1886.846924	-46.924446
1888.192749	-47.886890
1889.538574	-46.657444
1890.884399	-47.093449
1892.230225	-48.658749
1893.576050	-46.191303
1894.921875	-47.301960
1896.267700	-47.343655
1897.613525	-46.315746
1898.959351	-47.503441
1900.305176	-47.414520
1901.651001	-47.360233
1902.996826	-47.470398
1904.342651	-46.721378
1905.688477	-47.323196
1907.034302	-47.259155
1908.380127	-47.179733
1909.725952	-47.628113
1911.071777	-46.840679
1912.417603	-47.376766
1913.763428	-46.806641
1915.109253	-47.137634
1916.455078	-46.614666
1917.800903	-46.715534
1919.146729	-46.721832
1920.492554	-47.281254
1921.838379	-46.782368
1923.184204	-46.817432
1924.530029	-47.325893
1925.875854	-45.872746
1927.221680	-46.784626
1928.567505	-47.749676
1929.913330	-47.540001
1931.259155	-47.230667
1932.604980	-46.498997
1933.950806	-46.020786
1935.296631	-46.918633
1936.642456	-47.429634
1937.988281	-47.483086
1939.334106	-47.028172
1940.679932	-45.760468
1942.025757	-47.087437
1943.371582	-47.288528
1944.717407	-46.931950
1946.063232	-47.801003
1947.409058	-47.566048
1948.754883	-46.939331
1950.100708	-46.940102
1951.446533	-46.249535
1952.792358	-46.681667
1954.138184	-46.818707
1955.484009	-45.822010
1956.829834	-47.285530
1958.175659	-46.689018
1959.521484	-46.584610
1960.867310	-48.848446
1962.213135	-47.131710
1963.558960	-46.137085
1964.904785	-47.136276
1966.250610	-45.706730
1967.596436	-47.026726
1968.942261	-47.560268
1970.288086	-46.879704
1971.633911	-46.137558
1972.979736	-47.805874
1974.325562	-47.556736
1975.671387	-46.557388
1977.017212	-47.544327
1978.363037	-47.317478
1979.708862	-48.169559
1981.054688	-47.216221
1982.400513	-46.471367
1983.746338	-46.512070
1985.092163	-46.514687
1986.437988	-46.642578
1987.783813	-46.734966
1989.129639	-47.039043
1990.475464	-46.278297
1991.821289	-47.963585
1993.167114	-47.418900
1994.512939	-47.601482
1995.858765	-46.608170
1997.204590	-46.990696
1998.550415	-46.826298
1999.896240	-47.955498
2001.242065	-46.943634
2002.587891	-47.224499
2003.933716	-47.286285
2005.279541	-47.047634
2006.625366	-47.251347
2007.971191	-46.443089
2009.317017	-47.271896
2010.662842	-47.554947
2012.008667	-47.135986
2013.354492	-47.081009
2014.700317	-47.845230
2016.046143	-46.838043
2017.391968	-47.439999
2018.737793	-47.340286
2020.083618	-46.534039
2021.429443	-45.630959
2022.775269	-46.593437
2024.121094	-46.175011
2025.466919	-46.779602
2026.812744	-46.227238
2028.158569	-47.084538
2029.504395	-46.787292
2030.850220	-47.668625
2032.196045	-46.947777
2033.541870	-47.290836
2034.887695	-46.494934
2036.233521	-47.139957
2037.579346	-46.025467
2038.925171	-46.651978
2040.270996	-47.148174
2041.616821	-47.517353
2042.962646	-46.753555
2044.308472	-46.584019
2045.654297	-47.061234
2047.000122	-46.527912
2048.345947	-46.862488
2049.691772	-46.952087
2051.037598	-46.864807
2052.383423	-47.532505
2053.729248	-47.214314
2055.075073	-47.507256
2056.420898	-46.379341
2057.766724	-46.509613
2059.112549	-46.620068
2060.458374	-46.645607
2061.804199	-47.115425
2063.150024	-47.996513
2064.495850	-46.781734
2065.841675	-47.399803
2067.187500	-47.236877
2068.533325	-46.429398
2069.879150	-47.156631
2071.224976	-46.200478
2072.570801	-47.710320
2073.916626	-47.031006
2075.262451	-47.593754
2076.608276	-47.259361
2077.954102	-47.747032
2079.299927	-46.939968
2080.645752	-47.735096
2081.991577	-46.836224
2083.337402	-46.234020
2084.683228	-46.505764
2086.029053	-45.927589
2087.374878	-45.946926
2088.720703	-47.146938
2090.066528	-47.341927
2091.412354	-46.315659
2092.758179	-47.925098
2094.104004	-46.562302
2095.449829	-46.656834
2096.795654	-46.835785
2098.141479	-47.000751
2099.487305	-46.548889
2100.833130	-47.432693
2102.178955	-47.099724
2103.524780	-47.089935
2104.870605	-47.136215
2106.216431	-45.752403
2107.562256	-46.121319
2108.908081	-46.914352
2110.253906	-46.072186
2111.599731	-47.123085
2112.945557	-46.545113
2114.291382	-47.184135
2115.637207	-46.634457
2116.983032	-47.789211
2118.328857	-46.177505
2119.674683	-46.628807
2121.020508	-47.425735
2122.366333	-48.619259
2123.712158	-47.581993
2125.057983	-46.490406
2126.403809	-46.475437
2127.749634	-47.486546
2129.095459	-46.213360
2130.441284	-46.759796
2131.787109	-46.409840
2133.132935	-47.001137
2134.478760	-47.174435
2135.824585	-46.709957
2137.170410	-47.344597
2138.516235	-46.324738
2139.862061	-46.509083
2141.207886	-46.553921
2142.553711	-47.588348
2143.899536	-46.531174
2145.245361	-47.834480
2146.591187	-46.522110
2147.937012	-45.425964
2149.282837	-47.430923
2150.628662	-47.319580
2151.974487	-46.331303
2153.320312	-46.616177
2154.666138	-47.255508
2156.011963	-45.620777
2157.357788	-46.691628
2158.703613	-45.594292
2160.049438	-46.728924
2161.395264	-48.084110
2162.741089	-47.532051
2164.086914	-46.665359
2165.432739	-47.589127
2166.778564	-47.069595
2168.124390	-47.610947
2169.470215	-46.802471
2170.816040	-48.151287
2172.161865	-46.226810
2173.507690	-46.218903
2174.853516	-46.708534
2176.199341	-46.670948
2177.545166	-46.745232
2178.890991	-45.867577
2180.236816	-46.629967
2181.582642	-47.666279
2182.928467	-46.837173
2184.274292	-47.620773
2185.620117	-46.450153
2186.965942	-46.041397
2188.311768	-45.634945
2189.657593	-46.309429
2191.003418	-47.247913
2192.349243	-46.682079
2193.695068	-46.725391
2195.040894	-46.988247
2196.386719	-46.565636
2197.732544	-47.134155
2199.078369	-46.357376
2200.424194	-47.110649
2201.770020	-46.234879
2203.115845	-46.879902
2204.461670	-47.166538
2205.807495	-47.716812
2207.153320	-46.905647
2208.499146	-46.967907
2209.844971	-46.926762
2211.190796	-45.756653
2212.536621	-46.458233
2213.882446	-46.626301
2215.228271	-47.057663
2216.574097	-47.869289
2217.919922	-47.156422
2219.265747	-46.830414
2220.611572	-46.756237
2221.957397	-46.845528
2223.303223	-47.421425
2224.649048	-46.951263
2225.994873	-46.334480
2227.340698	-47.725315
2228.686523	-47.509079
2230.032349	-46.232285
2231.378174	-46.336487
2232.723999	-46.195499
2234.069824	-46.691494
2235.415649	-47.576584
2236.761475	-46.732803
2238.107300	-46.716965
2239.453125	-47.296658
2240.798950	-46.144081
2242.144775	-47.219185
2243.490601	-47.388206
2244.836426	-46.995922
2246.182251	-46.491634
2247.528076	-47.603016
2248.873901	-46.700390
2250.219727	-47.068924
2251.565552	-46.644344
2252.911377	-46.787918
2254.257202	-48.264431
2255.603027	-46.390320
2256.948853	-47.313530
2258.294678	-47.170197
2259.640503	-46.755806
2260.986328	-46.889645
2262.332153	-47.187679
2263.677979	-46.459721
2265.023804	-46.284241
2266.369629	-45.687481
2267.715454	-46.838722
2269.061279	-47.360882
2270.407104	-47.291241
2271.752930	-46.745216
2273.098755	-46.463566
2274.444580	-46.798424
2275.790405	-47.360497
2277.136230	-46.444401
2278.482056	-46.122505
2279.827881	-46.554295
2281.173706	-46.418633
2282.519531	-46.329491
2283.865356	-46.212811
2285.211182	-46.566967
2286.557007	-46.688107
2287.902832	-47.042316
2289.248657	-47.413914
2290.594482	-45.905647
2291.940308	-46.366310
2293.286133	-46.758797
2294.631958	-47.264492
2295.977783	-47.250729
2297.323608	-47.018089
2298.669434	-46.958698
2300.015259	-46.541630
2301.361084	-46.195454
2302.706909	-47.012257
2304.052734	-46.980343
2305.398560	-47.265240
2306.744385	-47.843567
2308.090210	-46.484474
2309.436035	-47.728455
2310.781860	-47.377129
2312.127686	-46.768688
2313.473511	-46.376472
2314.819336	-47.708252
2316.165161	-46.525158
2317.510986	-47.047359
2318.856812	-47.130112
2320.202637	-46.549477
2321.548462	-47.169106
2322.894287	-47.149975
2324.240112	-48.238987
2325.585938	-47.750290
2326.931763	-47.482117
2328.277588	-47.125416
2329.623413	-47.951660
2330.969238	-46.618626
2332.315063	-46.681950
2333.660889	-47.198299
2335.006714	-46.899891
2336.352539	-46.792686
2337.698364	-48.079399
2339.044189	-46.359478
2340.390015	-46.328358
2341.735840	-45.550610
2343.081665	-47.765205
2344.427490	-47.060829
2345.773315	-47.668354
2347.119141	-47.317837
2348.464966	-47.427109
2349.810791	-46.380619
2351.156616	-46.279076
2352.502441	-46.644188
2353.848267	-46.115482
2355.194092	-47.387691
2356.539917	-47.079868
2357.885742	-46.912884
2359.231567	-46.758575
2360.577393	-47.783718
2361.923218	-47.707306
2363.269043	-47.387562
2364.614868	-46.150894
2365.960693	-47.669823
2367.306519	-47.319424
2368.652344	-47.799152
2369.998169	-46.939762
2371.343994	-46.985428
2372.689819	-47.763935
2374.035645	-48.046307
2375.381470	-47.273499
2376.727295	-47.466759
2378.073120	-46.591427
2379.418945	-47.663158
2380.764771	-46.805634
2382.110596	-47.761059
2383.456421	-47.170761
2384.802246	-47.166515
2386.148071	-47.271515
2387.493896	-47.015842
2388.839722	-47.571579
2390.185547	-46.911118
2391.531372	-47.318974
2392.877197	-46.491184
2394.223022	-46.122196
2395.568848	-47.449829
2396.914673	-48.366978
2398.260498	-46.680504
2399.606323	-47.308529
2400.952148	-47.454567
2402.297974	-46.797447
2403.643799	-47.105881
2404.989624	-47.355827
2406.335449	-47.398258
2407.681274	-47.369991
2409.027100	-47.313667
2410.372925	-47.608105
2411.718750	-46.444294
2413.064575	-46.307167
2414.410400	-46.207809
2415.756226	-45.633339
2417.102051	-46.990578
2418.447876	-46.723026
2419.793701	-46.964043
2421.139526	-47.482407
2422.485352	-46.622917
2423.831177	-46.912827
2425.177002	-46.688511
2426.522827	-47.304142
2427.868652	-47.177895
2429.214478	-47.130367
2430.560303	-48.025745
2431.906128	-46.562160
2433.251953	-46.432316
2434.597778	-47.210674
2435.943604	-46.798386
2437.289429	-46.596451
2438.635254	-46.926605
2439.981079	-46.982731
2441.326904	-47.599419
2442.672729	-48.035999
2444.018555	-46.111595
2445.364380	-47.771645
2446.710205	-47.621845
2448.056030	-48.013004
2449.401855	-48.165562
2450.747681	-46.985085
2452.093506	-46.535988
2453.439331	-47.476166
2454.785156	-47.497166
2456.130981	-47.184525
2457.476807	-46.282158
2458.822632	-46.595280
2460.168457	-46.974873
2461.514282	-47.430794
2462.860107	-46.390759
2464.205933	-46.838455
2465.551758	-46.602856
2466.897583	-47.276958
2468.243408	-46.118286
2469.589233	-48.049229
2470.935059	-46.470516
2472.280884	-46.829281
2473.626709	-47.090870
2474.972534	-46.146233
2476.318359	-46.477703
2477.664185	-47.641232
2479.010010	-46.371429
2480.355835	-46.879230
2481.701660	-45.943279
2483.047485	-47.000538
2484.393311	-46.850128
2485.739136	-47.113312
2487.084961	-47.070667
2488.430786	-47.552162
2489.776611	-46.957634
2491.122437	-46.314037
2492.468262	-46.485893
2493.814087	-47.384106
2495.159912	-47.619858
2496.505737	-47.378521
2497.851562	-47.122761
2499.197388	-46.681988
2500.543213	-45.938648
2501.889038	-46.552032
2503.234863	-46.993755
2504.580688	-46.693295
2505.926514	-47.674683
2507.272339	-46.964417
2508.618164	-46.850353
2509.963989	-47.414867
2511.309814	-45.859898
2512.655640	-47.982380
2514.001465	-46.527752
2515.347290	-46.440647
2516.693115	-46.174217
2518.038940	-46.692558
2519.384766	-45.889561
2520.730591	-46.646778
2522.076416	-46.608891
2523.422241	-46.585133
2524.768066	-46.187107
2526.113892	-46.754787
2527.459717	-47.010647
2528.805542	-45.632645
2530.151367	-46.695988
2531.497192	-46.645226
2532.843018	-47.497662
2534.188843	-47.146091
2535.534668	-46.966785
2536.880493	-47.777218
2538.226318	-45.807320
2539.572144	-46.844513
2540.917969	-46.045807
2542.263794	-46.082378
2543.609619	-46.586792
2544.955444	-46.359474
2546.301270	-46.167614
2547.647095	-46.943207
2548.992920	-47.978416
2550.338745	-47.322582
2551.684570	-46.868237
2553.030396	-47.137096
2554.376221	-47.327179
2555.722046	-46.274731
2557.067871	-46.778549
2558.413696	-47.167759
2559.759521	-46.670860
2561.105347	-45.176186
2562.451172	-46.177788
2563.796997	-47.623119
2565.142822	-46.887970
2566.488647	-46.586102
2567.834473	-46.536945
2569.180298	-47.192444
2570.526123	-46.494648
2571.871948	-46.223251
2573.217773	-47.123428
2574.563599	-47.642242
2575.909424	-48.282623
2577.255249	-47.433231
2578.601074	-47.175331
2579.946899	-47.011452
2581.292725	-47.171822
2582.638550	-46.280277
2583.984375	-46.980976
2585.330200	-47.220364
2586.676025	-47.447144
2588.021851	-46.948174
2589.367676	-47.138958
2590.713501	-47.554844
2592.059326	-47.096104
2593.405151	-46.773567
2594.750977	-47.069805
2596.096802	-47.898235
2597.442627	-47.611462
2598.788452	-47.076931
2600.134277	-46.655426
2601.480103	-46.561737
2602.825928	-46.126057
2604.171753	-46.406231
2605.517578	-45.999016
2606.863403	-45.942905
2608.209229	-46.932049
2609.555054	-46.104652
2610.900879	-46.937916
2612.246704	-47.127926
2613.592529	-47.473797
2614.938354	-45.900364
2616.284180	-46.229935
2617.630005	-46.186840
2618.975830	-47.405216
2620.321655	-48.319855
2621.667480	-46.818245
2623.013306	-47.620697
2624.359131	-46.611893
2625.704956	-46.625832
2627.050781	-46.118965
2628.396606	-47.148445
2629.742432	-45.961926
2631.088257	-46.052689
2632.434082	-46.452599
2633.779907	-46.259403
2635.125732	-45.962940
2636.471558	-45.859070
2637.817383	-46.255188
2639.163208	-46.434971
2640.509033	-46.831326
2641.854858	-46.364941
2643.200684	-46.611191
2644.546509	-47.784721
2645.892334	-47.064537
2647.238159	-46.634640
2648.583984	-46.780003
2649.929810	-47.511120
2651.275635	-46.328056
2652.621460	-47.223988
2653.967285	-47.574352
2655.313110	-46.946072
2656.658936	-46.600761
2658.004761	-46.479748
2659.350586	-47.306606
2660.696411	-48.268456
2662.042236	-46.670773
2663.388062	-47.826424
2664.733887	-47.460091
2666.079712	-46.224648
2667.425537	-47.439308
2668.771362	-47.273277
2670.117188	-47.963417
2671.463013	-46.843697
2672.808838	-46.474640
2674.154663	-46.466995
2675.500488	-46.715145
2676.846313	-47.411224
2678.192139	-48.376415
2679.537964	-46.665066
2680.883789	-47.943283
2682.229614	-46.790413
2683.575439	-47.339153
2684.921265	-47.228935
2686.267090	-47.059338
2687.612915	-47.202694
2688.958740	-48.123013
2690.304565	-48.098850
2691.650391	-47.096508
2692.996216	-46.089596
2694.342041	-47.692093
2695.687866	-46.524487
2697.033691	-46.913559
2698.379517	-47.835537
2699.725342	-46.101124
2701.071167	-47.627609
2702.416992	-47.077530
2703.762817	-47.671097
2705.108643	-47.998936
2706.454468	-47.182095
2707.800293	-46.502270
2709.146118	-46.561470
2710.491943	-46.609787
2711.837769	-46.751614
2713.183594	-46.269012
2714.529419	-46.450829
2715.875244	-47.400162
2717.221069	-47.433464
2718.566895	-47.124935
2719.912720	-46.311142
2721.258545	-46.901157
2722.604370	-46.752968
2723.950195	-47.161747
2725.296021	-45.995193
2726.641846	-46.346745
2727.987671	-46.928795
2729.333496	-47.613659
2730.679321	-46.383976
2732.025146	-47.068096
2733.370972	-47.846149
2734.716797	-47.130531
2736.062622	-47.726215
2737.408447	-46.872875
2738.754272	-46.802067
2740.100098	-47.233280
2741.445923	-47.005344
2742.791748	-46.225845
2744.137573	-47.091423
2745.483398	-47.071236
2746.829224	-48.118210
2748.175049	-47.680122
2749.520874	-45.449070
2750.866699	-46.158417
2752.212524	-47.462162
2753.558350	-46.248524
2754.904175	-47.606903
2756.250000	-47.848030
2757.595825	-47.223553
2758.941650	-47.156704
2760.287476	-46.346355
2761.633301	-46.872261
2762.979126	-47.264740
2764.324951	-46.980068
2765.670776	-47.444019
2767.016602	-47.704212
2768.362427	-47.663433
2769.708252	-47.414452
2771.054077	-46.816322
2772.399902	-47.628475
2773.745728	-46.230251
2775.091553	-47.517311
2776.437378	-47.249733
2777.783203	-48.053356
2779.129028	-47.450661
2780.474854	-47.469242
2781.820679	-47.281219
2783.166504	-46.970196
2784.512329	-46.427734
2785.858154	-46.433788
2787.203979	-47.070889
2788.549805	-46.720078
2789.895630	-46.684460
2791.241455	-46.197769
2792.587280	-46.901165
2793.933105	-47.339260
2795.278931	-47.350578
2796.624756	-46.640537
2797.970581	-47.444633
2799.316406	-46.906338
2800.662231	-47.001240
2802.008057	-46.799873
2803.353882	-47.009525
2804.699707	-47.258766
2806.045532	-46.754208
2807.391357	-46.820984
2808.737183	-47.076286
2810.083008	-47.807102
2811.428833	-47.083508
2812.774658	-45.924545
2814.120483	-47.411949
2815.466309	-46.926270
2816.812134	-47.126923
2818.157959	-46.589035
2819.503784	-46.607410
2820.849609	-47.146099
2822.195435	-47.593716
2823.541260	-47.477287
2824.887085	-48.643738
2826.232910	-46.476627
2827.578735	-47.067474
2828.924561	-46.067497
2830.270386	-46.982189
2831.616211	-47.621941
2832.962036	-47.554199
2834.307861	-45.715260
2835.653687	-46.470943
2836.999512	-47.050892
2838.345337	-47.509518
2839.691162	-46.672512
2841.036987	-46.458607
2842.382812	-45.938541
2843.728638	-47.827263
2845.074463	-47.426136
2846.420288	-47.073322
2847.766113	-48.216206
2849.111938	-46.974510
2850.457764	-46.659393
2851.803589	-45.981632
2853.149414	-45.588295
2854.495239	-47.018356
2855.841064	-47.420097
2857.186890	-46.429817
2858.532715	-47.738617
2859.878540	-47.293083
2861.224365	-46.378372
2862.570190	-48.222290
2863.916016	-46.475956
2865.261841	-47.812843
2866.607666	-46.743637
2867.953491	-47.902798
2869.299316	-46.421417
2870.645142	-46.839554
2871.990967	-46.703369
2873.336792	-47.096516
2874.682617	-47.478329
2876.028442	-46.972652
2877.374268	-46.135330
2878.720093	-46.733513
2880.065918	-46.929939
2881.411743	-46.736225
2882.757568	-46.252827
2884.103394	-46.397758
2885.449219	-47.376842
2886.795044	-48.106998
2888.140869	-47.280846
2889.486694	-46.676235
2890.832520	-46.446323
2892.178345	-46.004818
2893.524170	-46.668812
2894.869995	-47.258888
2896.215820	-46.812527
2897.561646	-46.574993
2898.907471	-46.856857
2900.253296	-46.781147
2901.599121	-45.967957
2902.944946	-47.187614
2904.290771	-47.137211
2905.636597	-47.115494
2906.982422	-46.469875
2908.328247	-46.908230
2909.674072	-47.245159
2911.019897	-46.867645
2912.365723	-46.561493
2913.711548	-47.545856
2915.057373	-47.019798
2916.403198	-46.518452
2917.749023	-48.302162
2919.094849	-46.464237
2920.440674	-45.785809
2921.786499	-47.157528
2923.132324	-46.840515
2924.478149	-46.733074
2925.823975	-46.375633
2927.169800	-45.825577
2928.515625	-46.943459
2929.861450	-46.312519
2931.207275	-47.060440
2932.553101	-47.409725
2933.898926	-46.235359
2935.244751	-47.175076
2936.590576	-47.630573
2937.936401	-47.103134
2939.282227	-46.497063
2940.628052	-48.428986
2941.973877	-47.851482
2943.319702	-45.381748
2944.665527	-46.745316
2946.011353	-46.839912
2947.357178	-46.930950
2948.703003	-47.766743
2950.048828	-47.205563
2951.394653	-48.345692
2952.740479	-46.956120
2954.086304	-47.493347
2955.432129	-47.779472
2956.777954	-47.106297
2958.123779	-46.507549
2959.469604	-46.962555
2960.815430	-46.612225
2962.161255	-47.857426
2963.507080	-46.673653
2964.852905	-47.289410
2966.198730	-47.558636
2967.544556	-46.911903
2968.890381	-48.220428
2970.236206	-46.336758
2971.582031	-46.886089
2972.927856	-46.241859
2974.273682	-46.712265
2975.619507	-47.582775
2976.965332	-47.537075
2978.311157	-48.184986
2979.656982	-46.569611
2981.002808	-46.823986
2982.348633	-46.826313
2983.694458	-46.594742
2985.040283	-47.658665
2986.386108	-46.469883
2987.731934	-46.537815
2989.077759	-46.723167
2990.423584	-46.166725
2991.769409	-47.082066
2993.115234	-45.299179
2994.461060	-47.147026
2995.806885	-45.922356
2997.152710	-46.191978
2998.498535	-47.937466
2999.844360	-47.894753
3001.190186	-46.692280
3002.536011	-47.794617
3003.881836	-47.234325
3005.227661	-48.395760
3006.573486	-47.192287
3007.919312	-47.285698
3009.265137	-46.153187
3010.610962	-46.593655
3011.956787	-47.188782
3013.302612	-47.556438
3014.648438	-47.786232
3015.994263	-46.447128
3017.340088	-46.461967
3018.685913	-48.050655
3020.031738	-48.205410
3021.377563	-47.774731
3022.723389	-47.090134
3024.069214	-47.603020
3025.415039	-47.910286
3026.760864	-47.308765
3028.106689	-46.594372
3029.452515	-46.033371
3030.798340	-45.928268
3032.144165	-47.223965
3033.489990	-46.411396
3034.835815	-46.668884
3036.181641	-47.316620
3037.527466	-46.771988
3038.873291	-46.177837
3040.219116	-47.148666
3041.564941	-48.020008
3042.910767	-47.576412
3044.256592	-46.613129
3045.602417	-46.552132
3046.948242	-46.829586
3048.294067	-47.190048
3049.639893	-46.783287
3050.985718	-46.522091
3052.331543	-47.249435
3053.677368	-46.264526
3055.023193	-46.883232
3056.369019	-46.222256
3057.714844	-45.413601
3059.060669	-45.874718
3060.406494	-46.726479
3061.752319	-47.072037
3063.098145	-45.078045
3064.443970	-45.955742
3065.789795	-47.669777
3067.135620	-46.937744
3068.481445	-45.582127
3069.827271	-46.595142
3071.173096	-46.011429
3072.518921	-46.623844
3073.864746	-46.282536
3075.210571	-46.925480
3076.556396	-46.795532
3077.902222	-46.284660
3079.248047	-46.810463
3080.593872	-47.217754
3081.939697	-47.448685
3083.285522	-46.799362
3084.631348	-46.869911
3085.977173	-46.805214
3087.322998	-47.141682
3088.668823	-46.877460
3090.014648	-47.275642
3091.360474	-46.690849
3092.706299	-47.377224
3094.052124	-46.791740
3095.397949	-47.767914
3096.743774	-46.525829
3098.089600	-47.569889
3099.435425	-47.548695
3100.781250	-46.431877
3102.127075	-46.009567
3103.472900	-46.504185
3104.818726	-47.371765
3106.164551	-46.490849
3107.510376	-48.132591
3108.856201	-46.371090
3110.202026	-46.750851
3111.547852	-47.900177
3112.893677	-46.993389
3114.239502	-47.271236
3115.585327	-47.582279
3116.931152	-46.716930
3118.276978	-48.042690
3119.622803	-47.034473
3120.968628	-46.299068
3122.314453	-46.226059
3123.660278	-46.989079
3125.006104	-46.321548
3126.351929	-46.685654
3127.697754	-46.360088
3129.043579	-46.724743
3130.389404	-46.614185
3131.735229	-45.767765
3133.081055	-46.878872
3134.426880	-46.384182
3135.772705	-47.071018
3137.118530	-46.882317
3138.464355	-47.428310
3139.810181	-46.697189
3141.156006	-46.492626
3142.501831	-47.096584
3143.847656	-47.606709
3145.193481	-46.975224
3146.539307	-46.097664
3147.885132	-47.100433
3149.230957	-47.464558
3150.576782	-46.538830
3151.922607	-46.438469
3153.268433	-46.455471
3154.614258	-45.993900
3155.960083	-47.204601
3157.305908	-46.513832
3158.651733	-46.301373
3159.997559	-46.496250
3161.343384	-46.890343
3162.689209	-47.828804
3164.035034	-47.100395
3165.380859	-47.409004
3166.726685	-46.067905
3168.072510	-47.371548
3169.418335	-46.475494
3170.764160	-46.836674
3172.109985	-46.976429
3173.455811	-46.419834
3174.801636	-46.424450
3176.147461	-46.174854
3177.493286	-47.276871
3178.839111	-47.020500
3180.184937	-47.185295
3181.530762	-46.284294
3182.876587	-46.859768
3184.222412	-45.875195
3185.568237	-46.866035
3186.914062	-46.697659
3188.259888	-47.059475
3189.605713	-46.624828
3190.951538	-46.778854
3192.297363	-47.047020
3193.643188	-48.200455
3194.989014	-47.980450
3196.334839	-47.328800
3197.680664	-47.530231
3199.026489	-46.620968
3200.372314	-46.294853
3201.718140	-46.747982
3203.063965	-46.798023
3204.409790	-47.026871
3205.755615	-47.556229
3207.101440	-46.549557
3208.447266	-46.420708
3209.793091	-47.796825
3211.138916	-46.056744
3212.484741	-45.753353
3213.830566	-46.149750
3215.176392	-47.505489
3216.522217	-47.353367
3217.868042	-47.460339
3219.213867	-46.863777
3220.559692	-47.622704
3221.905518	-47.080547
3223.251343	-46.298088
3224.597168	-46.505707
3225.942993	-47.009666
3227.288818	-47.684959
3228.634644	-47.343121
3229.980469	-47.234634
3231.326294	-46.659481
3232.672119	-46.318680
3234.017944	-45.638306
3235.363770	-46.753056
3236.709595	-47.860962
3238.055420	-47.768826
3239.401245	-48.136177
3240.747070	-47.343880
3242.092896	-46.497551
3243.438721	-48.152367
3244.784546	-46.774849
3246.130371	-47.314232
3247.476196	-47.257053
3248.822021	-46.645638
3250.167847	-47.192417
3251.513672	-46.817825
3252.859497	-47.616096
3254.205322	-47.285259
3255.551147	-46.748909
3256.896973	-47.397800
3258.242798	-47.207047
3259.588623	-46.486782
3260.934448	-46.737137
3262.280273	-47.184055
3263.626099	-46.334072
3264.971924	-46.739277
3266.317749	-46.983128
3267.663574	-46.014854
3269.009399	-47.704880
3270.355225	-46.603928
3271.701050	-46.928379
3273.046875	-47.177685
3274.392700	-46.792671
3275.738525	-47.590073
3277.084351	-47.721008
3278.430176	-46.718128
3279.776001	-48.411194
3281.121826	-46.850224
3282.467651	-47.833054
3283.813477	-46.778816
3285.159302	-47.276947
3286.505127	-46.994335
3287.850952	-47.546402
3289.196777	-47.045677
3290.542603	-46.799248
3291.888428	-48.228264
3293.234253	-46.910748
3294.580078	-47.818829
3295.925903	-46.846855
3297.271729	-46.316746
3298.617554	-45.992809
3299.963379	-46.984783
3301.309204	-47.739189
3302.655029	-47.267551
3304.000854	-46.120010
3305.346680	-46.835583
3306.692505	-47.824261
3308.038330	-47.198174
3309.384155	-46.571602
3310.729980	-46.936230
3312.075806	-47.109200
3313.421631	-45.788891
3314.767456	-47.203426
3316.113281	-47.586288
3317.459106	-46.101814
3318.804932	-48.030567
3320.150757	-48.287525
3321.496582	-47.188400
3322.842407	-46.627327
3324.188232	-46.335033
3325.534058	-48.119965
3326.879883	-45.655727
3328.225708	-46.047302
3329.571533	-46.127972
3330.917358	-47.094479
3332.263184	-46.611191
3333.609009	-46.266769
3334.954834	-46.497635
3336.300659	-45.902431
3337.646484	-47.090935
3338.992310	-47.214855
3340.338135	-47.484703
3341.683960	-47.267483
3343.029785	-46.658852
3344.375610	-48.252544
3345.721436	-46.412041
3347.067261	-47.138927
3348.413086	-46.702484
3349.758911	-46.256516
3351.104736	-46.220268
3352.450562	-47.094296
3353.796387	-47.241051
3355.142212	-47.004890
3356.488037	-47.828636
3357.833862	-47.338112
3359.179688	-47.482147
3360.525513	-46.910179
3361.871338	-47.446278
3363.217163	-48.947613
3364.562988	-46.937344
3365.908813	-47.293625
3367.254639	-48.296024
3368.600464	-47.154690
3369.946289	-46.927879
3371.292114	-47.450901
3372.637939	-47.212345
3373.983765	-47.727341
3375.329590	-47.599251
3376.675415	-46.112289
3378.021240	-45.846066
3379.367065	-46.171154
3380.712891	-46.378494
3382.058716	-46.925526
3383.404541	-45.995281
3384.750366	-47.141483
3386.096191	-47.049683
3387.442017	-46.446922
3388.787842	-47.345726
3390.133667	-47.296181
3391.479492	-46.831623
3392.825317	-45.962189
3394.171143	-46.234673
3395.516968	-46.750088
3396.862793	-45.908642
3398.208618	-47.554195
3399.554443	-46.798042
3400.900269	-47.042503
3402.246094	-47.419601
3403.591919	-47.810406
3404.937744	-47.483986
3406.283569	-47.375118
3407.629395	-47.076107
3408.975220	-45.602886
3410.321045	-47.948429
3411.666870	-46.785965
3413.012695	-46.663216
3414.358521	-47.842903
3415.704346	-47.520432
3417.050171	-47.494072
3418.395996	-46.912926
3419.741821	-47.110142
3421.087646	-46.907677
3422.433472	-46.850697
3423.779297	-47.073616
3425.125122	-47.276413
3426.470947	-47.313370
3427.816772	-47.154831
3429.162598	-46.992153
3430.508423	-46.641193
3431.854248	-46.141479
3433.200073	-46.199062
3434.545898	-47.157238
3435.891724	-46.625870
3437.237549	-46.078434
3438.583374	-46.518715
3439.929199	-47.646748
3441.275024	-46.258316
3442.620850	-47.097637
3443.966675	-46.124676
3445.312500	-47.094074
3446.658325	-46.220684
3448.004150	-46.981194
3449.349976	-46.188602
3450.695801	-47.014805
3452.041626	-46.901764
3453.387451	-47.041691
3454.733276	-47.582436
3456.079102	-46.468388
3457.424927	-48.233521
3458.770752	-47.042915
3460.116577	-47.260750
3461.462402	-46.481213
3462.808228	-46.507538
3464.154053	-47.114040
3465.499878	-47.508228
3466.845703	-47.609577
3468.191528	-46.351112
3469.537354	-46.642139
3470.883179	-47.390720
3472.229004	-47.159187
3473.574829	-46.924633
3474.920654	-47.467335
3476.266479	-47.271839
3477.612305	-47.350346
3478.958130	-46.972595
3480.303955	-46.750229
3481.649780	-46.873837
3482.995605	-47.503860
3484.341431	-46.030800
3485.687256	-45.762096
3487.033081	-47.141483
3488.378906	-47.551170
3489.724731	-46.363693
3491.070557	-46.445450
3492.416382	-47.402946
3493.762207	-47.831203
3495.108032	-47.582348
3496.453857	-47.214073
3497.799683	-46.931057
3499.145508	-46.971008
3500.491333	-48.349968
3501.837158	-46.856483
3503.182983	-48.026615
3504.528809	-46.418156
3505.874634	-46.701973
3507.220459	-47.044380
3508.566284	-47.401283
3509.912109	-46.896915
3511.257935	-47.289745
3512.603760	-47.106579
3513.949585	-46.409115
3515.295410	-46.079617
3516.641235	-46.594837
3517.987061	-47.354939
3519.332886	-46.139568
3520.678711	-46.807293
3522.024536	-48.070385
3523.370361	-46.339100
3524.716187	-46.689449
3526.062012	-46.366524
3527.407837	-47.228035
3528.753662	-47.064583
3530.099487	-47.669266
3531.445312	-48.113773
3532.791138	-46.993820
3534.136963	-46.061066
3535.482788	-46.559917
3536.828613	-47.032505
3538.174438	-47.199596
3539.520264	-46.454697
3540.866089	-46.514751
3542.211914	-47.358879
3543.557739	-46.238289
3544.903564	-46.512398
3546.249390	-47.350204
3547.595215	-47.460819
3548.941040	-48.072334
3550.286865	-46.559784
3551.632690	-46.607704
3552.978516	-45.462185
3554.324341	-46.324940
3555.670166	-46.598812
3557.015991	-46.536789
3558.361816	-47.372246
3559.707642	-47.422279
3561.053467	-47.356571
3562.399292	-46.473892
3563.745117	-47.184029
3565.090942	-46.693829
3566.436768	-46.837666
3567.782593	-47.478436
3569.128418	-46.963394
3570.474243	-47.031048
3571.820068	-45.815041
3573.165894	-47.715103
3574.511719	-45.671650
3575.857544	-47.642151
3577.203369	-47.505890
3578.549194	-46.806911
3579.895020	-46.208435
3581.240845	-46.198811
3582.586670	-46.345387
3583.932495	-46.948364
3585.278320	-48.210518
3586.624146	-47.175026
3587.969971	-46.211281
3589.315796	-47.042915
3590.661621	-47.234013
3592.007446	-45.775620
3593.353271	-47.602928
3594.699097	-45.464050
3596.044922	-46.641609
3597.390747	-47.082634
3598.736572	-47.114613
3600.082397	-47.281460
3601.428223	-46.763412
3602.774048	-46.652107
3604.119873	-46.982277
3605.465698	-46.436981
3606.811523	-46.969360
3608.157349	-46.886124
3609.503174	-46.758663
3610.848999	-47.190544
3612.194824	-46.130802
3613.540649	-46.950157
3614.886475	-47.273209
3616.232300	-46.528111
3617.578125	-47.021645
3618.923950	-46.986767
3620.269775	-47.973988
3621.615601	-46.680496
3622.961426	-46.935043
3624.307251	-46.055298
3625.653076	-45.390167
3626.998901	-46.070358
3628.344727	-46.672520
3629.690552	-46.648201
3631.036377	-48.414253
3632.382202	-47.075768
3633.728027	-47.634140
3635.073853	-47.270142
3636.419678	-47.888836
3637.765503	-47.038891
3639.111328	-47.380596
3640.457153	-46.968266
3641.802979	-47.339558
3643.148804	-46.527180
3644.494629	-46.367649
3645.840454	-46.006012
3647.186279	-47.134289
3648.532104	-45.900528
3649.877930	-47.135086
3651.223755	-46.552094
3652.569580	-46.755493
3653.915405	-47.167492
3655.261230	-45.463871
3656.607056	-47.522991
3657.952881	-47.506115
3659.298706	-47.016682
3660.644531	-46.255463
3661.990356	-46.602386
3663.336182	-46.194839
3664.682007	-47.344204
3666.027832	-47.225307
3667.373657	-46.984497
3668.719482	-47.064274
3670.065308	-46.572193
3671.411133	-48.641148
3672.756958	-46.843925
3674.102783	-46.083889
3675.448608	-46.810162
3676.794434	-45.766613
3678.140259	-46.734749
3679.486084	-47.148853
3680.831909	-47.067348
3682.177734	-46.192284
3683.523560	-46.216187
3684.869385	-47.864182
3686.215210	-46.963440
3687.561035	-46.929512
3688.906860	-47.940994
3690.252686	-47.183292
3691.598511	-46.487892
3692.944336	-47.131775
3694.290161	-46.310360
3695.635986	-47.196423
3696.981812	-47.713326
3698.327637	-46.865360
3699.673462	-47.262142
3701.019287	-48.384487
3702.365112	-47.729969
3703.710938	-46.616306
3705.056763	-47.194576
3706.402588	-46.734417
3707.748413	-47.147011
3709.094238	-47.559917
3710.440063	-46.428024
3711.785889	-47.191917
3713.131714	-47.564110
3714.477539	-47.392315
3715.823364	-47.029442
3717.169189	-46.390816
3718.515015	-46.318295
3719.860840	-46.887600
3721.206665	-47.323921
3722.552490	-46.316395
3723.898315	-47.141312
3725.244141	-46.367744
3726.589966	-46.709000
3727.935791	-47.029461
3729.281616	-46.403580
3730.627441	-47.534260
3731.973267	-46.935635
3733.319092	-46.086712
3734.664917	-46.782772
3736.010742	-46.383106
3737.356567	-47.618649
3738.702393	-47.415852
3740.048218	-47.704453
3741.394043	-47.201790
3742.739868	-46.640903
3744.085693	-46.166424
3745.431519	-46.762871
3746.777344	-46.761158
3748.123169	-47.964447
3749.468994	-46.478580
3750.814819	-46.438034
3752.160645	-46.274624
3753.506470	-47.417522
3754.852295	-46.420387
3756.198120	-46.913891
3757.543945	-46.092209
3758.889771	-46.244995
3760.235596	-47.049892
3761.581421	-47.781097
3762.927246	-46.417171
3764.273071	-47.671825
3765.618896	-47.837605
3766.964722	-47.906174
3768.310547	-47.269165
3769.656372	-47.426075
3771.002197	-47.589615
3772.348022	-46.173645
3773.693848	-46.733433
3775.039673	-46.430935
3776.385498	-47.435188
3777.731323	-47.923115
3779.077148	-48.169998
3780.422974	-47.123341
3781.768799	-46.760624
3783.114624	-45.568165
3784.460449	-46.582027
3785.806274	-47.765259
3787.152100	-46.826103
3788.497925	-46.774948
3789.843750	-47.415630
3791.189575	-47.404102
3792.535400	-46.894573
3793.881226	-46.286362
3795.227051	-47.336994
3796.572876	-46.274677
3797.918701	-47.739189
3799.264526	-46.693962
3800.610352	-46.755062
3801.956177	-45.772873
3803.302002	-46.986111
3804.647827	-47.113220
3805.993652	-46.894451
3807.339478	-46.321213
3808.685303	-46.670025
3810.031128	-46.837807
3811.376953	-46.453915
3812.722778	-47.392033
3814.068604	-46.016991
3815.414429	-47.106731
3816.760254	-46.662914
3818.106079	-46.373039
3819.451904	-46.282314
3820.797729	-47.636433
3822.143555	-47.076916
3823.489380	-46.705261
3824.835205	-46.934860
3826.181030	-47.082741
3827.526855	-47.148712
3828.872681	-47.070335
3830.218506	-47.461960
3831.564331	-46.747944
3832.910156	-47.463470
3834.255981	-47.146763
3835.601807	-48.352470
3836.947632	-47.940804
3838.293457	-47.656502
3839.639282	-46.534542
3840.985107	-46.615788
3842.330933	-47.310074
3843.676758	-47.874214
3845.022583	-47.109505
3846.368408	-46.494984
3847.714233	-47.282963
3849.060059	-46.990250
3850.405884	-47.095642
3851.751709	-46.429985
3853.097534	-46.886395
3854.443359	-48.300919
3855.789185	-46.755833
3857.135010	-47.344738
3858.480835	-47.825253
3859.826660	-47.646717
3861.172485	-46.985939
3862.518311	-47.060291
3863.864136	-48.294926
3865.209961	-47.614456
3866.555786	-47.030849
3867.901611	-46.326492
3869.247437	-46.517605
3870.593262	-47.320717
3871.939087	-47.438667
3873.284912	-48.187290
3874.630737	-47.378288
3875.976562	-47.267651
3877.322388	-46.671127
3878.668213	-46.622284
3880.014038	-46.849812
3881.359863	-46.310154
3882.705688	-46.505463
3884.051514	-47.012547
3885.397339	-46.602543
3886.743164	-46.065044
3888.088989	-47.329075
3889.434814	-47.031406
3890.780640	-45.415478
3892.126465	-46.181221
3893.472290	-47.102459
3894.818115	-46.049953
3896.163940	-47.554325
3897.509766	-47.222267
3898.855591	-46.925583
3900.201416	-47.467178
3901.547241	-46.218952
3902.893066	-46.463707
3904.238892	-46.442928
3905.584717	-46.991970
3906.930542	-47.385689
3908.276367	-46.444035
3909.622192	-47.242413
3910.968018	-48.222744
3912.313843	-47.221283
3913.659668	-47.104183
3915.005493	-47.443386
3916.351318	-46.354752
3917.697144	-46.485519
3919.042969	-46.179344
3920.388794	-46.873131
3921.734619	-46.331657
3923.080444	-46.678501
3924.426270	-47.191280
3925.772095	-46.566986
3927.117920	-46.631962
3928.463745	-45.781960
3929.809570	-47.217205
3931.155396	-46.724026
3932.501221	-46.877003
3933.847046	-47.688118
3935.192871	-46.146225
3936.538696	-46.064266
3937.884521	-47.728271
3939.230347	-47.403870
3940.576172	-47.222073
3941.921997	-46.779503
3943.267822	-47.299343
3944.613647	-47.741337
3945.959473	-46.662926
3947.305298	-45.959244
3948.651123	-46.581600
3949.996948	-46.701141
3951.342773	-46.697212
3952.688599	-45.975052
3954.034424	-46.555897
3955.380249	-47.002090
3956.726074	-45.961983
3958.071899	-47.116070
3959.417725	-46.327099
3960.763550	-46.492870
3962.109375	-47.154083
3963.455200	-47.523129
3964.801025	-46.548161
3966.146851	-46.162640
3967.492676	-46.853264
3968.838501	-47.417419
3970.184326	-46.425842
3971.530151	-46.283195
3972.875977	-46.074398
3974.221802	-46.585163
3975.567627	-47.026501
3976.913452	-46.979050
3978.259277	-46.958893
3979.605103	-46.527920
3980.950928	-46.652283
3982.296753	-47.028843
3983.642578	-47.003609
3984.988403	-47.414860
3986.334229	-47.155266
3987.680054	-46.488007
3989.025879	-46.094227
3990.371704	-47.806068
3991.717529	-47.049068
3993.063354	-46.794395
3994.409180	-46.527081
3995.755005	-45.930267
3997.100830	-45.572414
3998.446655	-46.562504
3999.792480	-46.598698
4001.138306	-46.846905
4002.484131	-47.548267
4003.829956	-46.926403
4005.175781	-47.040745
4006.521606	-46.318516
4007.867432	-45.842323
4009.213257	-46.860756
4010.559082	-47.391727
4011.904907	-46.927494
4013.250732	-46.460560
4014.596558	-47.148232
4015.942383	-47.504383
4017.288208	-47.511814
4018.634033	-47.715187
4019.979858	-46.649796
4021.325684	-46.993351
4022.671509	-47.220207
4024.017334	-46.423630
4025.363159	-46.495533
4026.708984	-46.362263
4028.054810	-48.025524
4029.400635	-47.392574
4030.746460	-46.257977
4032.092285	-46.362881
4033.438110	-46.290539
4034.783936	-47.492691
4036.129761	-47.869774
4037.475586	-47.370293
4038.821411	-46.934948
4040.167236	-48.269230
4041.513062	-47.219135
4042.858887	-47.236610
4044.204712	-46.472691
4045.550537	-47.037193
4046.896362	-46.958015
4048.242188	-46.352024
4049.588013	-47.074230
4050.933838	-45.907589
4052.279663	-46.997402
4053.625488	-45.853073
4054.971313	-46.387623
4056.317139	-45.848438
4057.662964	-46.619354
4059.008789	-46.752918
4060.354614	-46.454929
4061.700439	-46.992683
4063.046265	-46.994297
4064.392090	-46.997040
4065.737915	-46.994892
4067.083740	-45.714275
4068.429565	-47.191933
4069.775391	-46.839218
4071.121216	-45.911953
4072.467041	-46.925076
4073.812866	-45.957893
4075.158691	-47.261009
4076.504517	-47.837379
4077.850342	-46.378918
4079.196167	-46.934372
4080.541992	-46.560925
4081.887817	-46.767323
4083.233643	-47.428562
4084.579468	-46.976353
4085.925293	-46.214985
4087.271118	-46.899681
4088.616943	-46.689423
4089.962769	-47.163559
4091.308594	-46.819775
4092.654419	-47.604366
4094.000244	-48.162045
4095.346069	-46.339893
4096.691895	-46.810936
4098.037720	-47.200455
4099.383545	-47.387436
4100.729370	-46.435635
4102.075195	-47.216232
4103.421021	-47.317677
4104.766846	-47.619843
4106.112671	-46.936543
4107.458496	-47.696033
4108.804321	-46.741829
4110.150146	-46.871323
4111.495972	-46.759438
4112.841797	-47.069973
4114.187622	-47.124500
4115.533447	-48.051632
4116.879272	-46.469650
4118.225098	-46.812580
4119.570923	-46.971401
4120.916748	-47.955952
4122.262573	-47.866055
4123.608398	-46.322083
4124.954224	-46.743553
4126.300049	-47.411331
4127.645874	-47.053711
4128.991699	-47.374466
4130.337524	-47.212372
4131.683350	-47.637760
4133.029175	-47.871841
4134.375000	-46.631886
4135.720825	-46.446507
4137.066650	-46.953876
4138.412476	-48.061405
4139.758301	-46.704918
4141.104126	-47.423634
4142.449951	-46.854389
4143.795776	-45.563107
4145.141602	-46.878899
4146.487427	-46.548218
4147.833252	-46.751171
4149.179077	-46.362690
4150.524902	-46.670330
4151.870728	-47.444218
4153.216553	-46.576843
4154.562378	-47.168571
4155.908203	-47.582039
4157.254028	-47.258293
4158.599854	-46.815136
4159.945679	-46.488232
4161.291504	-46.977329
4162.637329	-47.447353
4163.983154	-47.585999
4165.328979	-47.640503
4166.674805	-46.945278
4168.020630	-46.404385
4169.366455	-48.007969
4170.712280	-47.483826
4172.058105	-47.239353
4173.403931	-46.482311
4174.749756	-47.144791
4176.095581	-47.023235
4177.441406	-47.671021
4178.787231	-47.357201
4180.133057	-48.089970
4181.478882	-47.272541
4182.824707	-46.156101
4184.170532	-47.228416
4185.516357	-46.858196
4186.862183	-46.655949
4188.208008	-47.294823
4189.553833	-46.582848
4190.899658	-46.413677
4192.245483	-46.630310
4193.591309	-46.400562
4194.937134	-47.084629
4196.282959	-47.735130
4197.628784	-47.676094
4198.974609	-46.631855
4200.320435	-46.838898
4201.666260	-47.038719
4203.012085	-46.005718
4204.357910	-47.218437
4205.703735	-46.918629
4207.049561	-47.647209
4208.395386	-47.545048
4209.741211	-46.893871
4211.087036	-48.165577
4212.432861	-46.644539
4213.778687	-46.115356
4215.124512	-46.932549
4216.470337	-47.348286
4217.816162	-47.172531
4219.161987	-46.492599
4220.507812	-46.113735
4221.853638	-47.154057
4223.199463	-46.720234
4224.545288	-46.804005
4225.891113	-47.299873
4227.236938	-46.637253
4228.582764	-47.552086
4229.928589	-47.658794
4231.274414	-47.778965
4232.620239	-47.112106
4233.966064	-46.132072
4235.311890	-46.969223
4236.657715	-46.789658
4238.003540	-47.217220
4239.349365	-46.354084
4240.695190	-46.615944
4242.041016	-46.984467
4243.386841	-47.025372
4244.732666	-46.079708
4246.078491	-47.318157
4247.424316	-47.188755
4248.770142	-45.975315
4250.115967	-47.566780
4251.461792	-47.017937
4252.807617	-47.272087
4254.153442	-47.785606
4255.499268	-47.559238
4256.845093	-47.469810
4258.190918	-46.874992
4259.536743	-46.881599
4260.882568	-45.954155
4262.228394	-47.066727
4263.574219	-47.995323
4264.920044	-47.212074
4266.265869	-47.694565
4267.611694	-47.597755
4268.957520	-46.941460
4270.303345	-45.787251
4271.649170	-46.687660
4272.994995	-46.853622
4274.340820	-46.600376
4275.686646	-46.255199
4277.032471	-46.197292
4278.378296	-46.930332
4279.724121	-46.446301
4281.069946	-46.387119
4282.415771	-47.256561
4283.761597	-47.159340
4285.107422	-46.984634
4286.453247	-46.682140
4287.799072	-46.815849
4289.144897	-47.097843
4290.490723	-46.815998
4291.836548	-46.089291
4293.182373	-46.582546
4294.528198	-46.284222
4295.874023	-47.991211
4297.219849	-46.236671
4298.565674	-46.390121
4299.911499	-47.674728
4301.257324	-47.304298
4302.603149	-46.507481
4303.948975	-47.602959
4305.294800	-47.245049
4306.640625	-47.014843
4307.986450	-45.519913
4309.332275	-46.708401
4310.678101	-48.180248
4312.023926	-47.483971
4313.369751	-45.944122
4314.715576	-46.345970
4316.061401	-46.430008
4317.407227	-46.573101
4318.753052	-47.021118
4320.098877	-47.249554
4321.444702	-46.621395
4322.790527	-46.787823
4324.136353	-46.650661
4325.482178	-47.239506
4326.828003	-46.460983
4328.173828	-46.995140
4329.519653	-47.946476
4330.865479	-45.691570
4332.211304	-47.437019
4333.557129	-46.276417
4334.902954	-46.475842
4336.248779	-46.838585
4337.594604	-45.919930
4338.940430	-45.811298
4340.286255	-46.597275
4341.632080	-46.958534
4342.977905	-46.600052
4344.323730	-46.606628
4345.669556	-46.837242
4347.015381	-46.196770
4348.361206	-46.713524
4349.707031	-46.503151
4351.052856	-45.927711
4352.398682	-46.096775
4353.744507	-46.267361
4355.090332	-47.348736
4356.436157	-47.528561
4357.781982	-45.893414
4359.127808	-47.630184
4360.473633	-48.240170
4361.819458	-47.599979
4363.165283	-46.729877
4364.511108	-47.055309
4365.856934	-48.015392
4367.202759	-46.901310
4368.548584	-45.707165
4369.894409	-45.751907
4371.240234	-46.070782
4372.586060	-47.047142
4373.931885	-46.979877
4375.277710	-47.461441
4376.623535	-46.288425
4377.969360	-46.736401
4379.315186	-46.633583
4380.661011	-46.962368
4382.006836	-45.962826
4383.352661	-46.791882
4384.698486	-46.891953
4386.044312	-45.940849
4387.390137	-46.487095
4388.735962	-45.623386
4390.081787	-47.524391
4391.427612	-46.663643
4392.773438	-45.535385
4394.119263	-46.646431
4395.465088	-46.566051
4396.810913	-45.996967
4398.156738	-46.795803
4399.502563	-47.844093
4400.848389	-47.484833
4402.194214	-47.974636
4403.540039	-47.139591
4404.885864	-47.387398
4406.231689	-46.479939
4407.577515	-48.100895
4408.923340	-46.992924
4410.269165	-47.444050
4411.614990	-46.361935
4412.960815	-46.525829
4414.306641	-47.592266
4415.652466	-47.285526
4416.998291	-46.938427
4418.344116	-46.392212
4419.689941	-47.085796
4421.035767	-46.611591
4422.381592	-46.568188
4423.727417	-46.906338
4425.073242	-46.424965
4426.419067	-46.614525
4427.764893	-47.787315
4429.110718	-46.385948
4430.456543	-47.419209
4431.802368	-46.963932
4433.148193	-47.168491
4434.494019	-47.078518
4435.839844	-46.289768
4437.185669	-47.970623
4438.531494	-46.869278
4439.877319	-47.418579
4441.223145	-46.767441
4442.568970	-46.896988
4443.914795	-48.290752
4445.260620	-48.102489
4446.606445	-47.593781
4447.952271	-47.820396
4449.298096	-47.115955
4450.643921	-46.732746
4451.989746	-47.064018
4453.335571	-46.628674
4454.681396	-47.765102
4456.027222	-45.984699
4457.373047	-47.072430
4458.718872	-46.240814
4460.064697	-47.566654
4461.410522	-46.724976
4462.756348	-47.572704
4464.102173	-47.907764
4465.447998	-46.980648
4466.793823	-46.880527
4468.139648	-45.661472
4469.485474	-45.865986
4470.831299	-47.539837
4472.177124	-47.153679
4473.522949	-47.401184
4474.868774	-46.862400
4476.214600	-46.592491
4477.560425	-46.879162
4478.906250	-46.640121
4480.252075	-45.983402
4481.597900	-46.208546
4482.943726	-46.596283
4484.289551	-47.289486
4485.635376	-46.665779
4486.981201	-46.725826
4488.327026	-46.727497
4489.672852	-47.084599
4491.018677	-48.384388
4492.364502	-46.931965
4493.710327	-46.915443
4495.056152	-47.277256
4496.401978	-47.762966
4497.747803	-47.922043
4499.093628	-45.877983
4500.439453	-46.649715
4501.785278	-45.893291
4503.131104	-47.328751
4504.476929	-46.552773
4505.822754	-47.215733
4507.168579	-47.312130
4508.514404	-45.881088
4509.860229	-46.285515
4511.206055	-47.869499
4512.551880	-48.361355
4513.897705	-46.272179
4515.243530	-46.847504
4516.589355	-46.289440
4517.935181	-47.341404
4519.281006	-46.306862
4520.626831	-45.423676
4521.972656	-45.868183
4523.318481	-46.981239
4524.664307	-47.911655
4526.010132	-47.206596
4527.355957	-46.368420
4528.701782	-47.089520
4530.047607	-47.605869
4531.393433	-46.790596
4532.739258	-47.431324
4534.085083	-46.795406
4535.430908	-47.003166
4536.776733	-47.942566
4538.122559	-45.977283
4539.468384	-47.176937
4540.814209	-47.004814
4542.160034	-47.105412
4543.505859	-47.101318
4544.851685	-46.843529
4546.197510	-46.949863
4547.543335	-47.217098
4548.889160	-47.266846
4550.234985	-46.359928
4551.580811	-46.794441
4552.926636	-47.153919
4554.272461	-47.540165
4555.618286	-47.206696
4556.964111	-48.143330
4558.309937	-48.434826
4559.655762	-47.914864
4561.001587	-46.118000
4562.347412	-47.029140
4563.693237	-46.954033
4565.039062	-45.977901
4566.384888	-47.294178
4567.730713	-47.446396
4569.076538	-46.472652
4570.422363	-46.913300
4571.768188	-47.036179
4573.114014	-46.123676
4574.459839	-47.863178
4575.805664	-46.930603
4577.151489	-46.694241
4578.497314	-47.190323
4579.843140	-46.375313
4581.188965	-46.667034
4582.534790	-47.009724
4583.880615	-47.284950
4585.226440	-47.046349
4586.572266	-46.116436
4587.918091	-47.978161
4589.263916	-47.605854
4590.609741	-46.112030
4591.955566	-47.544788
4593.301392	-47.893406
4594.647217	-48.293163
4595.993042	-47.850967
4597.338867	-46.613262
4598.684692	-46.855930
4600.030518	-47.247536
4601.376343	-46.516235
4602.722168	-46.657097
4604.067993	-46.932419
4605.413818	-46.877903
4606.759644	-48.220600
4608.105469	-46.627441
4609.451294	-46.437569
4610.797119	-46.999432
4612.142944	-47.261028
4613.488770	-46.170380
4614.834595	-47.270794
4616.180420	-47.807167
4617.526245	-46.562901
4618.872070	-47.371864
4620.217896	-46.433167
4621.563721	-45.976925
4622.909546	-47.067593
4624.255371	-46.607647
4625.601196	-47.089130
4626.947021	-47.362648
4628.292847	-46.822765
4629.638672	-47.571415
4630.984497	-46.993427
4632.330322	-47.147251
4633.676147	-47.567596
4635.021973	-47.235474
4636.367798	-46.000931
4637.713623	-46.522270
4639.059448	-47.787445
4640.405273	-47.316189
4641.751099	-45.993874
4643.096924	-46.432182
4644.442749	-46.157360
4645.788574	-47.456448
4647.134399	-47.127686
4648.480225	-46.501225
4649.826050	-47.264244
4651.171875	-47.472897
4652.517700	-46.428570
4653.863525	-46.232887
4655.209351	-46.866322
4656.555176	-47.042881
4657.901001	-46.662052
4659.246826	-47.603123
4660.592651	-45.759796
4661.938477	-47.405361
4663.284302	-47.040913
4664.630127	-46.233154
4665.975952	-45.989712
4667.321777	-46.918072
4668.667603	-47.313251
4670.013428	-47.602978
4671.359253	-47.909843
4672.705078	-47.328560
4674.050903	-48.331654
4675.396729	-46.434864
4676.742554	-48.283466
4678.088379	-48.474541
4679.434204	-48.204872
4680.780029	-46.463215
4682.125854	-47.309616
4683.471680	-47.315613
4684.817505	-47.186192
4686.163330	-47.075424
4687.509155	-46.240189
4688.854980	-47.191319
4690.200806	-47.001991
4691.546631	-47.443066
4692.892456	-46.750343
4694.238281	-47.779778
4695.584106	-46.214317
4696.929932	-46.730106
4698.275757	-47.377304
4699.621582	-45.450642
4700.967407	-45.503746
4702.313232	-46.569527
4703.659058	-47.427452
4705.004883	-46.702236
4706.350708	-46.461658
4707.696533	-46.668484
4709.042358	-46.993080
4710.388184	-46.969990
4711.734009	-46.162727
4713.079834	-46.081039
4714.425659	-46.826508
4715.771484	-46.830532
4717.117310	-46.880310
4718.463135	-47.436253
4719.808960	-47.012512
4721.154785	-47.384991
4722.500610	-47.227623
4723.846436	-46.204834
4725.192261	-48.193089
4726.538086	-47.936489
4727.883911	-47.243477
4729.229736	-46.367748
4730.575562	-46.537945
4731.921387	-46.480476
4733.267212	-46.481808
4734.613037	-46.538551
4735.958862	-47.665691
4737.304688	-46.662571
4738.650513	-46.050709
4739.996338	-46.596798
4741.342163	-47.506046
4742.687988	-45.986183
4744.033813	-46.083057
4745.379639	-47.327793
4746.725464	-47.037922
4748.071289	-47.602383
4749.417114	-47.434456
4750.762939	-47.829758
4752.108765	-46.811954
4753.454590	-47.030521
4754.800415	-46.548027
4756.146240	-46.395218
4757.492065	-46.945415
4758.837891	-48.497051
4760.183716	-48.263184
4761.529541	-48.596569
4762.875366	-46.641823
4764.221191	-46.495518
4765.567017	-46.892971
4766.912842	-46.416973
4768.258667	-46.796955
4769.604492	-46.936588
4770.950317	-45.868233
4772.296143	-47.738560
4773.641968	-47.114914
4774.987793	-46.678165
4776.333618	-46.847183
4777.679443	-47.385555
4779.025269	-46.429165
4780.371094	-45.986366
4781.716919	-46.405903
4783.062744	-47.043278
4784.408569	-47.083561
4785.754395	-47.378300
4787.100220	-46.221245
4788.446045	-46.300159
4789.791870	-47.270416
4791.137695	-47.464947
4792.483521	-46.466179
4793.829346	-46.632389
4795.175171	-45.802689
4796.520996	-46.184376
4797.866821	-47.588367
4799.212646	-47.073364
4800.558472	-47.685158
4801.904297	-46.698044
4803.250122	-46.299583
4804.595947	-47.623547
4805.941772	-46.690857
4807.287598	-46.841007
4808.633423	-46.266518
4809.979248	-48.514957
4811.325073	-46.623421
4812.670898	-46.252232
4814.016724	-47.203571
4815.362549	-46.741741
4816.708374	-47.254959
4818.054199	-47.231983
4819.400024	-46.607624
4820.745850	-47.759922
4822.091675	-46.186737
4823.437500	-46.355759
4824.783325	-46.246990
4826.129150	-46.684120
4827.474976	-46.590923
4828.820801	-46.542187
4830.166626	-46.904644
4831.512451	-48.385502
4832.858276	-47.157703
4834.204102	-46.564724
4835.549927	-46.274109
4836.895752	-46.403316
4838.241577	-46.474068
4839.587402	-47.896294
4840.933228	-47.036423
4842.279053	-47.320728
4843.624878	-46.467422
4844.970703	-46.514793
4846.316528	-47.493118
4847.662354	-46.035603
4849.008179	-46.655289
4850.354004	-47.150181
4851.699829	-47.467510
4853.045654	-46.827675
4854.391479	-46.601791
4855.737305	-46.721424
4857.083130	-47.130787
4858.428955	-47.147114
4859.774780	-46.460487
4861.120605	-47.006615
4862.466431	-47.136253
4863.812256	-46.842426
4865.158081	-47.265491
4866.503906	-46.406391
4867.849731	-48.013302
4869.195557	-46.230381
4870.541382	-46.421799
4871.887207	-46.729248
4873.233032	-46.542484
4874.578857	-46.582764
4875.924683	-46.922684
4877.270508	-47.212399
4878.616333	-48.275688
4879.962158	-47.168697
4881.307983	-47.681351
4882.653809	-47.651417
4883.999634	-46.514912
4885.345459	-45.624832
4886.691284	-46.464500
4888.037109	-47.928940
4889.382935	-46.880852
4890.728760	-46.768974
4892.074585	-47.363842
4893.420410	-47.195282
4894.766235	-46.513058
4896.112061	-47.182186
4897.457886	-47.005871
4898.803711	-47.545193
4900.149536	-46.348034
4901.495361	-47.085461
4902.841187	-47.708122
4904.187012	-47.951828
4905.532837	-46.830833
4906.878662	-46.908207
4908.224487	-47.148617
4909.570312	-46.155968
4910.916138	-46.149094
4912.261963	-47.973190
4913.607788	-47.304150
4914.953613	-46.401794
4916.299438	-46.184181
4917.645264	-47.339710
4918.991089	-46.950153
4920.336914	-46.888416
4921.682739	-46.017002
4923.028564	-46.355507
4924.374390	-47.219357
4925.720215	-46.304813
4927.066040	-47.111233
4928.411865	-47.205795
4929.757690	-46.527344
4931.103516	-46.547874
4932.449341	-47.072990
4933.795166	-46.513481
4935.140991	-46.768429
4936.486816	-45.758717
4937.832642	-46.981644
4939.178467	-47.572292
4940.524292	-47.856293
4941.870117	-47.893887
4943.215942	-46.785831
4944.561768	-46.396461
4945.907593	-47.300591
4947.253418	-47.005871
4948.599243	-46.925140
4949.945068	-46.958801
4951.290894	-46.058960
4952.636719	-47.359169
4953.982544	-46.286789
4955.328369	-47.141235
4956.674194	-47.252689
4958.020020	-46.410667
4959.365845	-46.214291
4960.711670	-47.296337
4962.057495	-46.682671
4963.403320	-46.618790
4964.749146	-45.266899
4966.094971	-46.707584
4967.440796	-46.918617
4968.786621	-47.449543
4970.132446	-47.219971
4971.478271	-46.316982
4972.824097	-45.646187
4974.169922	-47.106869
4975.515747	-46.343174
4976.861572	-46.250599
4978.207397	-46.060810
4979.553223	-46.717365
4980.899048	-47.518654
4982.244873	-46.899612
4983.590698	-47.104485
4984.936523	-47.073803
4986.282349	-47.899376
4987.628174	-47.440598
4988.973999	-46.134605
4990.319824	-46.484909
4991.665649	-46.190029
4993.011475	-46.542068
4994.357300	-47.388699
4995.703125	-45.779144
4997.048950	-46.716583
4998.394775	-46.206303
4999.740601	-47.583710
5001.086426	-46.932732
5002.432251	-47.896652
5003.778076	-47.011059
5005.123901	-47.388584
5006.469727	-48.029018
5007.815552	-46.700745
5009.161377	-45.944832
5010.507202	-48.282448
5011.853027	-46.591331
5013.198853	-46.954720
5014.544678	-45.829441
5015.890503	-46.587357
5017.236328	-46.796356
5018.582153	-46.030060
5019.927979	-46.642242
5021.273804	-46.798740
5022.619629	-46.496708
5023.965454	-46.316757
5025.311279	-47.422291
5026.657104	-46.751228
5028.002930	-47.504059
5029.348755	-46.960793
5030.694580	-47.456932
5032.040405	-47.425888
5033.386230	-47.687984
5034.732056	-46.663254
5036.077881	-46.545803
5037.423706	-46.531502
5038.769531	-46.341797
5040.115356	-46.002285
5041.461182	-46.904552
5042.807007	-47.911892
5044.152832	-46.924820
5045.498657	-46.619549
5046.844482	-46.701206
5048.190308	-48.145432
5049.536133	-46.698822
5050.881958	-46.604469
5052.227783	-46.793472
5053.573608	-45.730236
5054.919434	-48.006435
5056.265259	-46.754604
5057.611084	-46.906727
5058.956909	-47.069981
5060.302734	-46.789341
5061.648560	-48.773563
5062.994385	-47.247349
5064.340210	-46.883289
5065.686035	-46.450745
5067.031860	-46.582687
5068.377686	-47.357803
5069.723511	-46.646084
5071.069336	-47.035679
5072.415161	-47.161747
5073.760986	-46.539036
5075.106812	-47.122051
5076.452637	-46.830898
5077.798462	-47.529099
5079.144287	-46.504242
5080.490112	-47.456139
5081.835938	-46.429886
5083.181763	-47.458347
5084.527588	-46.438961
5085.873413	-45.719059
5087.219238	-46.374767
5088.565063	-46.689312
5089.910889	-46.033504
5091.256714	-46.131519
5092.602539	-47.138733
5093.948364	-46.847511
5095.294189	-46.908199
5096.640015	-46.098930
5097.985840	-46.462582
5099.331665	-46.623241
5100.677490	-46.378418
5102.023315	-47.453033
5103.369141	-46.294746
5104.714966	-46.355186
5106.060791	-45.978107
5107.406616	-46.437893
5108.752441	-47.444771
5110.098267	-47.641197
5111.444092	-47.959553
5112.789917	-46.015987
5114.135742	-47.284451
5115.481567	-46.986031
5116.827393	-47.093769
5118.173218	-47.954647
5119.519043	-47.435501
5120.864868	-47.978317
5122.210693	-46.558346
5123.556519	-46.844753
5124.902344	-46.855827
5126.248169	-46.613167
5127.593994	-46.137718
5128.939819	-47.020054
5130.285645	-46.415779
5131.631470	-47.440983
5132.977295	-46.430573
5134.323120	-46.773621
5135.668945	-46.300602
5137.014771	-46.875027
5138.360596	-46.483978
5139.706421	-46.615234
5141.052246	-47.057159
5142.398071	-47.578259
5143.743896	-46.813976
5145.089722	-46.470230
5146.435547	-46.964905
5147.781372	-46.511269
5149.127197	-47.006489
5150.473022	-47.215626
5151.818848	-47.251713
5153.164673	-47.022713
5154.510498	-47.852936
5155.856323	-47.616726
5157.202148	-48.262939
5158.547974	-47.333694
5159.893799	-47.708771
5161.239624	-46.946224
5162.585449	-46.630199
5163.931274	-47.101006
5165.277100	-47.316551
5166.622925	-47.155796
5167.968750	-47.365643
5169.314575	-48.214230
5170.660400	-46.716576
5172.006226	-46.873142
5173.352051	-47.186783
5174.697876	-47.310963
5176.043701	-47.165741
5177.389526	-47.684792
5178.735352	-48.169582
5180.081177	-47.487114
5181.427002	-47.280067
5182.772827	-47.498150
5184.118652	-47.168987
5185.464478	-47.272251
5186.810303	-46.526169
5188.156128	-47.113342
5189.501953	-48.232265
5190.847778	-47.055511
5192.193604	-46.804245
5193.539429	-46.896862
5194.885254	-47.053108
5196.231079	-47.331264
5197.576904	-47.081299
5198.922729	-45.717896
5200.268555	-46.498680
5201.614380	-47.678028
5202.960205	-47.943096
5204.306030	-48.283329
5205.651855	-47.487137
5206.997681	-46.517765
5208.343506	-45.360416
5209.689331	-47.453632
5211.035156	-46.877335
5212.380981	-47.091473
5213.726807	-46.407516
5215.072632	-46.855423
5216.418457	-46.866982
5217.764282	-46.164436
5219.110107	-46.929337
5220.455933	-47.852524
5221.801758	-48.156174
5223.147583	-46.846046
5224.493408	-46.669716
5225.839233	-46.950169
5227.185059	-47.199394
5228.530884	-48.016083
5229.876709	-47.515263
5231.222534	-47.350952
5232.568359	-47.026096
5233.914185	-47.655582
5235.260010	-46.223957
5236.605835	-47.684582
5237.951660	-46.536785
5239.297485	-47.143566
5240.643311	-46.711891
5241.989136	-46.480259
5243.334961	-46.646179
5244.680786	-47.979519
5246.026611	-46.112942
5247.372437	-47.726429
5248.718262	-47.934311
5250.064087	-47.311420
5251.409912	-47.496243
5252.755737	-47.679924
5254.101562	-47.382133
5255.447388	-46.510597
5256.793213	-46.538975
5258.139038	-47.093178
5259.484863	-46.794327
5260.830688	-46.607334
5262.176514	-47.086582
5263.522339	-46.527447
5264.868164	-46.020237
5266.213989	-47.159103
5267.559814	-47.839008
5268.905640	-47.170395
5270.251465	-46.502911
5271.597290	-46.557991
5272.943115	-46.795052
5274.288940	-46.845570
5275.634766	-47.538414
5276.980591	-46.691326
5278.326416	-46.993565
5279.672241	-46.462139
5281.018066	-46.758869
5282.363892	-47.699772
5283.709717	-47.145161
5285.055542	-46.143955
5286.401367	-46.899971
5287.747192	-47.235245
5289.093018	-46.855297
5290.438843	-47.211361
5291.784668	-46.254551
5293.130493	-47.213650
5294.476318	-46.847305
5295.822144	-47.827431
5297.167969	-46.716785
5298.513794	-47.211132
5299.859619	-45.782963
5301.205444	-48.134144
5302.551270	-47.151310
5303.897095	-45.881977
5305.242920	-46.629341
5306.588745	-46.147949
5307.934570	-46.902336
5309.280396	-46.080132
5310.626221	-46.208664
5311.972046	-46.116962
5313.317871	-47.254650
5314.663696	-47.117649
5316.009521	-46.399654
5317.355347	-48.014927
5318.701172	-47.649811
5320.046997	-47.133118
5321.392822	-47.148479
5322.738647	-46.561813
5324.084473	-46.885117
5325.430298	-47.627895
5326.776123	-47.819870
5328.121948	-46.862217
5329.467773	-46.873463
5330.813599	-46.243477
5332.159424	-47.866623
5333.505249	-47.531319
5334.851074	-47.302197
5336.196899	-46.276340
5337.542725	-46.341896
5338.888550	-46.498909
5340.234375	-47.076736
5341.580200	-47.135551
5342.926025	-48.537010
5344.271851	-46.747459
5345.617676	-46.415039
5346.963501	-47.052959
5348.309326	-47.716808
5349.655151	-46.814121
5351.000977	-46.277779
5352.346802	-46.595531
5353.692627	-47.262329
5355.038452	-47.054745
5356.384277	-47.472538
5357.730103	-46.943962
5359.075928	-46.574738
5360.421753	-48.172543
5361.767578	-45.785908
5363.113403	-47.131222
5364.459229	-46.627132
5365.805054	-46.877148
5367.150879	-46.731281
5368.496704	-47.168076
5369.842529	-46.354290
5371.188354	-47.485500
5372.534180	-48.071060
5373.880005	-47.689220
5375.225830	-47.112572
5376.571655	-46.506298
5377.917480	-47.130852
5379.263306	-47.054630
5380.609131	-47.710495
5381.954956	-48.416553
5383.300781	-48.517590
5384.646606	-47.152580
5385.992432	-46.660053
5387.338257	-46.488018
5388.684082	-48.089840
5390.029907	-46.171032
5391.375732	-46.641052
5392.721558	-46.628887
5394.067383	-46.595367
5395.413208	-46.729084
5396.759033	-46.598026
5398.104858	-46.950649
5399.450684	-46.739719
5400.796509	-46.720928
5402.142334	-47.533726
5403.488159	-46.942387
5404.833984	-46.732254
5406.179810	-47.409779
5407.525635	-47.305969
5408.871460	-46.783314
5410.217285	-46.914917
5411.563110	-46.803196
5412.908936	-45.999695
5414.254761	-46.642914
5415.600586	-46.675968
5416.946411	-47.040440
5418.292236	-45.180393
5419.638062	-46.840145
5420.983887	-46.822060
5422.329712	-46.803005
5423.675537	-47.191120
5425.021362	-46.246239
5426.367188	-45.585381
5427.713013	-46.215343
5429.058838	-47.466305
5430.404663	-46.487484
5431.750488	-47.253136
5433.096313	-46.527206
5434.442139	-47.043636
5435.787964	-45.876644
5437.133789	-46.034660
5438.479614	-48.793968
5439.825439	-48.463879
5441.171265	-47.707451
5442.517090	-46.173775
5443.862915	-46.326950
5445.208740	-46.544022
5446.554565	-47.092922
5447.900391	-47.011959
5449.246216	-46.809090
5450.592041	-47.533264
5451.937866	-46.645084
5453.283691	-47.230587
5454.629517	-46.422871
5455.975342	-47.078003
5457.321167	-46.916969
5458.666992	-48.060692
5460.012817	-46.718811
5461.358643	-46.814167
5462.704468	-47.068695
5464.050293	-47.497299
5465.396118	-46.705036
5466.741943	-47.185741
5468.087769	-47.345768
5469.433594	-47.239788
5470.779419	-47.669621
5472.125244	-46.939575
5473.471069	-47.689323
5474.816895	-47.138218
5476.162720	-46.828743
5477.508545	-46.791176
5478.854370	-47.277771
5480.200195	-47.327450
5481.546021	-47.285603
5482.891846	-47.012981
5484.237671	-47.630135
5485.583496	-46.496357
5486.929321	-45.972057
5488.275146	-46.588940
5489.620972	-47.273083
5490.966797	-48.099556
5492.312622	-48.091446
5493.658447	-46.996754
5495.004272	-46.789555
5496.350098	-46.768387
5497.695923	-46.501244
5499.041748	-46.642059
5500.387573	-46.325226
5501.733398	-47.770107
5503.079224	-47.481522
5504.425049	-46.650467
5505.770874	-46.092972
5507.116699	-46.536625
5508.462524	-47.552433
5509.808350	-46.401913
5511.154175	-47.399712
5512.500000	-47.994881
5513.845825	-47.124886
5515.191650	-46.640453
5516.537476	-46.537521
5517.883301	-47.415371
5519.229126	-46.951611
5520.574951	-46.183273
5521.920776	-47.069370
5523.266602	-46.611069
5524.612427	-46.644798
5525.958252	-46.586956
5527.304077	-46.172840
5528.649902	-48.358791
5529.995728	-46.995815
5531.341553	-45.964409
5532.687378	-46.912529
5534.033203	-47.024006
5535.379028	-46.897186
5536.724854	-47.169308
5538.070679	-48.255009
5539.416504	-47.240116
5540.762329	-47.134918
5542.108154	-47.020416
5543.453979	-46.646660
5544.799805	-46.486370
5546.145630	-46.363964
5547.491455	-46.832775
5548.837280	-47.208542
5550.183105	-46.869526
5551.528931	-47.445595
5552.874756	-47.857899
5554.220581	-46.175915
5555.566406	-45.381744
5556.912231	-47.178909
5558.258057	-47.276497
5559.603882	-47.836884
5560.949707	-46.989292
5562.295532	-46.523975
5563.641357	-47.116962
5564.987183	-46.477848
5566.333008	-46.831337
5567.678833	-46.649780
5569.024658	-46.979671
5570.370483	-46.384697
5571.716309	-47.019676
5573.062134	-47.057030
5574.407959	-47.261581
5575.753784	-46.835705
5577.099609	-46.284126
5578.445435	-47.357071
5579.791260	-46.217209
5581.137085	-47.273613
5582.482910	-47.429779
5583.828735	-47.285419
5585.174561	-46.872089
5586.520386	-46.709045
5587.866211	-46.996552
5589.212036	-47.827782
5590.557861	-47.030556
5591.903687	-47.206570
5593.249512	-47.190693
5594.595337	-46.543320
5595.941162	-46.751907
5597.286987	-47.707237
5598.632812	-46.913227
5599.978638	-47.170994
5601.324463	-46.737080
5602.670288	-46.621460
5604.016113	-46.409283
5605.361938	-47.075016
5606.707764	-46.338852
5608.053589	-46.223759
5609.399414	-47.043892
5610.745239	-46.443398
5612.091064	-46.577576
5613.436890	-46.629326
5614.782715	-46.822010
5616.128540	-47.143711
5617.474365	-46.542950
5618.820190	-46.152542
5620.166016	-47.247147
5621.511841	-45.969158
5622.857666	-47.039021
5624.203491	-47.087376
5625.549316	-47.727348
5626.895142	-47.083187
5628.240967	-46.045441
5629.586792	-47.174728
5630.932617	-46.849419
5632.278442	-46.614990
5633.624268	-47.837231
5634.970093	-46.907234
5636.315918	-46.754639
5637.661743	-48.039501
5639.007568	-47.557808
5640.353394	-47.693913
5641.699219	-46.995392
5643.045044	-47.276707
5644.390869	-47.347427
5645.736694	-47.937939
5647.082520	-46.184315
5648.428345	-46.500538
5649.774170	-46.860455
5651.119995	-47.368347
5652.465820	-48.095730
5653.811646	-46.913372
5655.157471	-46.828220
5656.503296	-47.314014
5657.849121	-45.912506
5659.194946	-47.245483
5660.540771	-46.504936
5661.886597	-46.751339
5663.232422	-47.069473
5664.578247	-46.935352
5665.924072	-46.840206
5667.269897	-46.644142
5668.615723	-47.559212
5669.961548	-46.583591
5671.307373	-47.818497
5672.653198	-47.471561
5673.999023	-47.806892
5675.344849	-46.124683
5676.690674	-47.580490
5678.036499	-46.418606
5679.382324	-47.812431
5680.728149	-46.657085
5682.073975	-46.851227
5683.419800	-47.306847
5684.765625	-46.921997
5686.111450	-47.601662
5687.457275	-48.250759
5688.803101	-47.697956
5690.148926	-47.862164
5691.494751	-47.104183
5692.840576	-47.574703
5694.186401	-47.334648
5695.532227	-47.149086
5696.878052	-46.837994
5698.223877	-47.074448
5699.569702	-46.959862
5700.915527	-47.267582
5702.261353	-47.098362
5703.607178	-48.424461
5704.953003	-47.128506
5706.298828	-47.010860
5707.644653	-46.259949
5708.990479	-46.664845
5710.336304	-47.932091
5711.682129	-46.906288
5713.027954	-46.411396
5714.373779	-46.882069
5715.719604	-46.773697
5717.065430	-47.470055
5718.411255	-47.651745
5719.757080	-47.047729
5721.102905	-46.315693
5722.448730	-46.624119
5723.794556	-47.515110
5725.140381	-46.723251
5726.486206	-47.105297
5727.832031	-46.598053
5729.177856	-46.755131
5730.523682	-47.782658
5731.869507	-46.423546
5733.215332	-46.750366
5734.561157	-47.017063
5735.906982	-46.969231
5737.252808	-46.691547
5738.598633	-47.291245
5739.944458	-47.101204
5741.290283	-46.708183
5742.636108	-45.253532
5743.981934	-46.631771
5745.327759	-46.940590
5746.673584	-48.167816
5748.019409	-47.892117
5749.365234	-47.682362
5750.711060	-46.406570
5752.056885	-48.219158
5753.402710	-47.658466
5754.748535	-45.847317
5756.094360	-46.672215
5757.440186	-47.594776
5758.786011	-47.595623
5760.131836	-47.219093
5761.477661	-48.026192
5762.823486	-46.652058
5764.169312	-46.443985
5765.515137	-46.529770
5766.860962	-47.211666
5768.206787	-47.421307
5769.552612	-47.309540
5770.898438	-46.948551
5772.244263	-46.188110
5773.590088	-48.108608
5774.935913	-48.290676
5776.281738	-45.942245
5777.627563	-45.048763
5778.973389	-46.246140
5780.319214	-46.828075
5781.665039	-46.247959
5783.010864	-47.200256
5784.356689	-47.033890
5785.702515	-47.102283
5787.048340	-46.525734
5788.394165	-46.542835
5789.739990	-47.605564
5791.085815	-47.212593
5792.431641	-46.012299
5793.777466	-46.798649
5795.123291	-46.283287
5796.469116	-46.511257
5797.814941	-47.026653
5799.160767	-46.134472
5800.506592	-47.015961
5801.852417	-46.507370
5803.198242	-47.831409
5804.544067	-47.030602
5805.889893	-46.626919
5807.235718	-47.735535
5808.581543	-47.868103
5809.927368	-46.342339
5811.273193	-46.409328
5812.619019	-46.935890
5813.964844	-46.609749
5815.310669	-47.585121
5816.656494	-48.227283
5818.002319	-46.715305
5819.348145	-46.873753
5820.693970	-46.561855
5822.039795	-47.154057
5823.385620	-47.046089
5824.731445	-46.812050
5826.077271	-46.657116
5827.423096	-46.282745
5828.768921	-47.382889
5830.114746	-47.515736
5831.460571	-46.810032
5832.806396	-46.782463
5834.152222	-46.198082
5835.498047	-45.772457
5836.843872	-46.875698
5838.189697	-47.350952
5839.535522	-46.492821
5840.881348	-46.852482
5842.227173	-47.086063
5843.572998	-46.382282
5844.918823	-46.998066
5846.264648	-46.800220
5847.610474	-46.668411
5848.956299	-46.488068
5850.302124	-46.094894
5851.647949	-46.906296
5852.993774	-47.593380
5854.339600	-47.204704
5855.685425	-47.068256
5857.031250	-46.544910
5858.377075	-45.855747
5859.722900	-46.525578
5861.068726	-46.909985
5862.414551	-46.448307
5863.760376	-46.434444
5865.106201	-47.499542
5866.452026	-47.186024
5867.797852	-47.361542
5869.143677	-46.105797
5870.489502	-46.506302
5871.835327	-46.419071
5873.181152	-46.314293
5874.526978	-46.436050
5875.872803	-47.409443
5877.218628	-47.150742
5878.564453	-47.163200
5879.910278	-46.896702
5881.256104	-47.783604
5882.601929	-47.489826
5883.947754	-46.476482
5885.293579	-47.208488
5886.639404	-46.834789
5887.985229	-46.735703
5889.331055	-47.443871
5890.676880	-47.553516
5892.022705	-47.769489
5893.368530	-46.949257
5894.714355	-47.116814
5896.060181	-47.095959
5897.406006	-46.504948
5898.751831	-47.423485
5900.097656	-46.755676
5901.443481	-48.347134
5902.789307	-47.084820
5904.135132	-46.560429
5905.480957	-47.515194
5906.826782	-47.998680
5908.172607	-46.783627
5909.518433	-46.601849
5910.864258	-46.522503
5912.210083	-47.060974
5913.555908	-47.585899
5914.901733	-46.830944
5916.247559	-47.376274
5917.593384	-46.261539
5918.939209	-45.538109
5920.285034	-47.172504
5921.630859	-46.626068
5922.976685	-46.074528
5924.322510	-47.599514
5925.668335	-47.523716
5927.014160	-46.746338
5928.359985	-45.154766
5929.705811	-46.345592
5931.051636	-47.038643
5932.397461	-47.008015
5933.743286	-48.075546
5935.089111	-47.364723
5936.434937	-47.072544
5937.780762	-47.217163
5939.126587	-47.177475
5940.472412	-47.302536
5941.818237	-47.414188
5943.164062	-47.128075
5944.509888	-47.573330
5945.855713	-46.836296
5947.201538	-46.667103
5948.547363	-46.885422
5949.893188	-45.845318
5951.239014	-46.477493
5952.584839	-47.170944
5953.930664	-46.951584
5955.276489	-46.988960
5956.622314	-48.178379
5957.968140	-46.353058
5959.313965	-47.575275
5960.659790	-47.400871
5962.005615	-46.536858
5963.351440	-45.813328
5964.697266	-46.986019
5966.043091	-46.562363
5967.388916	-46.865265
5968.734741	-47.166416
5970.080566	-46.094467
5971.426392	-46.740810
5972.772217	-46.613827
5974.118042	-47.977634
5975.463867	-46.996746
5976.809692	-46.384251
5978.155518	-46.906616
5979.501343	-46.843636
5980.847168	-46.714031
5982.192993	-47.078640
5983.538818	-47.102993
5984.884644	-47.293007
5986.230469	-47.033436
5987.576294	-46.802982
5988.922119	-48.608917
5990.267944	-48.180965
5991.613770	-46.882816
5992.959595	-45.067154
5994.305420	-46.083378
5995.651245	-47.110336
5996.997070	-47.245686
5998.342896	-46.967892
5999.688721	-47.029808
6001.034546	-47.045219
6002.380371	-46.821167
6003.726196	-47.757591
6005.072021	-48.305462
6006.417847	-47.312656
6007.763672	-46.387180
6009.109497	-46.159794
6010.455322	-47.462379
6011.801147	-46.971375
6013.146973	-46.863186
6014.492798	-46.689796
6015.838623	-46.038532
6017.184448	-46.662346
6018.530273	-47.133186
6019.876099	-47.622749
6021.221924	-47.094898
6022.567749	-46.769371
6023.913574	-46.833569
6025.259399	-47.536667
6026.605225	-47.142162
6027.951050	-46.844906
6029.296875	-45.848202
6030.642700	-45.990574
6031.988525	-46.870991
6033.334351	-46.652870
6034.680176	-47.426819
6036.026001	-47.603664
6037.371826	-47.310715
6038.717651	-46.832451
6040.063477	-46.429573
6041.409302	-46.680992
6042.755127	-47.419899
6044.100952	-48.354565
6045.446777	-46.310162
6046.792603	-44.991978
6048.138428	-46.505363
6049.484253	-46.254360
6050.830078	-46.913822
6052.175903	-46.498611
6053.521729	-48.170086
6054.867554	-46.319599
6056.213379	-46.165283
6057.559204	-46.690952
6058.905029	-47.626415
6060.250854	-46.103695
6061.596680	-46.920746
6062.942505	-46.281071
6064.288330	-46.958427
6065.634155	-47.608116
6066.979980	-47.509026
6068.325806	-47.208069
6069.671631	-47.376690
6071.017456	-48.008854
6072.363281	-45.856972
6073.709106	-48.185715
6075.054932	-47.047153
6076.400757	-45.359192
6077.746582	-46.809494
6079.092407	-47.356712
6080.438232	-47.903248
6081.784058	-46.955112
6083.129883	-48.325462
6084.475708	-47.400501
6085.821533	-45.645504
6087.167358	-47.174557
6088.513184	-46.466755
6089.859009	-46.093094
6091.204834	-45.996502
6092.550659	-47.586002
6093.896484	-45.965168
6095.242310	-47.207077
6096.588135	-46.840149
6097.933960	-45.990364
6099.279785	-47.513863
6100.625610	-47.973461
6101.971436	-46.344257
6103.317261	-47.141624
6104.663086	-46.479816
6106.008911	-46.938404
6107.354736	-46.912914
6108.700562	-48.059616
6110.046387	-47.518589
6111.392212	-45.584454
6112.738037	-46.412479
6114.083862	-47.024929
6115.429688	-46.761436
6116.775513	-47.269848
6118.121338	-47.914700
6119.467163	-47.622749
6120.812988	-46.888786
6122.158813	-46.859573
6123.504639	-48.408230
6124.850464	-47.065063
6126.196289	-45.767765
6127.542114	-45.899742
6128.887939	-46.405296
6130.233765	-48.121300
6131.579590	-46.979744
6132.925415	-46.948185
6134.271240	-46.639179
6135.617065	-47.745476
6136.962891	-45.908073
6138.308716	-47.136303
6139.654541	-46.745174
6141.000366	-46.958324
6142.346191	-47.291809
6143.692017	-48.072079
6145.037842	-45.767506
6146.383667	-46.873310
6147.729492	-47.234367
6149.075317	-46.973183
6150.421143	-46.808372
6151.766968	-46.850021
6153.112793	-46.498951
6154.458618	-46.644951
6155.804443	-46.623051
6157.150269	-46.865032
6158.496094	-45.842171
6159.841919	-46.517330
6161.187744	-47.929054
6162.533569	-47.140682
6163.879395	-46.802361
6165.225220	-46.900169
6166.571045	-48.017193
6167.916870	-47.332188
6169.262695	-45.962524
6170.608521	-48.022293
6171.954346	-46.431263
6173.300171	-47.252327
6174.645996	-47.188557
6175.991821	-47.051098
6177.337646	-46.175484
6178.683472	-47.557228
6180.029297	-47.658997
6181.375122	-46.772572
6182.720947	-47.311985
6184.066772	-49.039558
6185.412598	-47.322838
6186.758423	-46.343567
6188.104248	-47.728191
6189.450073	-46.358765
6190.795898	-48.230534
6192.141724	-46.884853
6193.487549	-48.379074
6194.833374	-46.776791
6196.179199	-47.940254
6197.525024	-46.028103
6198.870850	-46.659752
6200.216675	-46.576622
6201.562500	-46.949936
6202.908325	-47.321789
6204.254150	-47.593304
6205.599976	-46.549435
6206.945801	-46.630577
6208.291626	-46.881142
6209.637451	-47.866196
6210.983276	-47.360260
6212.329102	-46.837997
6213.674927	-47.786339
6215.020752	-46.750935
6216.366577	-45.487427
6217.712402	-46.119385
6219.058228	-47.566826
6220.404053	-46.556629
6221.749878	-47.525738
6223.095703	-47.316887
6224.441528	-47.239914
6225.787354	-48.071598
6227.133179	-47.930023
6228.479004	-46.892666
6229.824829	-48.122456
6231.170654	-47.754303
6232.516479	-47.256985
6233.862305	-47.425964
6235.208130	-47.261883
6236.553955	-47.533607
6237.899780	-46.923111
6239.245605	-47.343777
6240.591431	-47.276215
6241.937256	-45.723003
6243.283081	-46.656250
6244.628906	-47.057564
6245.974731	-47.259266
6247.320557	-47.059963
6248.666382	-46.414780
6250.012207	-46.554977
6251.358032	-46.627182
6252.703857	-47.766674
6254.049683	-47.453613
6255.395508	-46.572636
6256.741333	-46.195774
6258.087158	-47.462479
6259.432983	-47.407249
6260.778809	-46.592045
6262.124634	-46.754765
6263.470459	-47.727093
6264.816284	-46.869389
6266.162109	-46.333527
6267.507935	-46.515766
6268.853760	-47.032833
6270.199585	-46.904297
6271.545410	-47.350674
6272.891235	-47.820110
6274.237061	-46.424713
6275.582886	-46.854362
6276.928711	-46.668877
6278.274536	-46.279713
6279.620361	-46.372082
6280.966187	-47.634396
6282.312012	-46.228264
6283.657837	-47.459656
6285.003662	-47.039669
6286.349487	-46.984257
6287.695312	-46.926945
6289.041138	-47.052963
6290.386963	-47.090931
6291.732788	-47.214840
6293.078613	-47.083527
6294.424438	-45.955486
6295.770264	-47.456776
6297.116089	-47.530163
6298.461914	-45.678909
6299.807739	-46.765381
6301.153564	-47.024719
6302.499390	-46.887260
6303.845215	-47.475033
6305.191040	-47.263481
6306.536865	-46.621525
6307.882690	-48.340469
6309.228516	-48.665077
6310.574341	-47.590637
6311.920166	-46.568893
6313.265991	-46.964115
6314.611816	-48.067726
6315.957642	-47.082870
6317.303467	-46.901569
6318.649292	-47.310593
6319.995117	-45.977615
6321.340942	-47.142830
6322.686768	-46.955177
6324.032593	-47.175407
6325.378418	-47.219139
6326.724243	-48.295090
6328.070068	-46.410980
6329.415894	-46.462463
6330.761719	-47.870007
6332.107544	-46.432076
6333.453369	-45.955833
6334.799194	-46.159763
6336.145020	-46.856613
6337.490845	-46.951626
6338.836670	-47.557255
6340.182495	-47.378407
6341.528320	-46.137569
6342.874146	-47.363155
6344.219971	-47.030830
6345.565796	-47.072441
6346.911621	-47.360893
6348.257446	-46.558388
6349.603271	-47.198807
6350.949097	-46.435280
6352.294922	-46.124535
6353.640747	-46.924053
6354.986572	-47.357571
6356.332397	-46.470753
6357.678223	-47.049160
6359.024048	-46.770309
6360.369873	-46.975395
6361.715698	-47.287109
6363.061523	-47.142704
6364.407349	-47.078640
6365.753174	-47.332462
6367.098999	-46.074619
6368.444824	-46.523525
6369.790649	-46.923862
6371.136475	-46.101452
6372.482300	-46.518814
6373.828125	-47.116463
6375.173950	-47.614349
6376.519775	-46.503475
6377.865601	-47.346954
6379.211426	-46.534584
6380.557251	-46.767303
6381.903076	-47.973190
6383.248901	-47.282372
6384.594727	-47.459419
6385.940552	-47.336269
6387.286377	-47.428257
6388.632202	-47.679108
6389.978027	-47.170795
6391.323853	-47.065556
6392.669678	-47.209538
6394.015503	-46.594315
6395.361328	-46.760571
6396.707153	-47.971661
6398.052979	-46.689903
6399.398804	-46.032532
6400.744629	-46.375847
6402.090454	-46.154945
6403.436279	-46.423752
6404.782104	-47.535229
6406.127930	-46.475960
6407.473755	-46.308064
6408.819580	-46.766666
6410.165405	-46.465763
6411.511230	-46.405186
6412.857056	-46.511940
6414.202881	-46.238228
6415.548706	-47.379089
6416.894531	-47.231007
6418.240356	-46.364937
6419.586182	-46.605701
6420.932007	-46.892284
6422.277832	-47.994869
6423.623657	-47.729443
6424.969482	-47.802734
6426.315308	-47.827324
6427.661133	-46.990143
6429.006958	-47.186275
6430.352783	-47.087765
6431.698608	-46.305347
6433.044434	-46.960083
6434.390259	-47.889175
6435.736084	-47.980927
6437.081909	-47.439796
6438.427734	-47.172722
6439.773560	-48.200172
6441.119385	-46.184528
6442.465210	-46.895321
6443.811035	-46.767296
6445.156860	-46.201633
6446.502686	-47.117050
6447.848511	-47.267830
6449.194336	-46.340633
6450.540161	-47.357800
6451.885986	-47.458500
6453.231812	-47.170010
6454.577637	-48.287540
6455.923462	-47.672127
6457.269287	-46.468819
6458.615112	-46.576328
6459.960938	-47.739300
6461.306763	-46.302814
6462.652588	-46.946781
6463.998413	-47.158684
6465.344238	-46.754681
6466.690063	-47.194279
6468.035889	-46.501667
6469.381714	-47.563431
6470.727539	-47.161011
6472.073364	-48.160091
6473.419189	-46.589012
6474.765015	-46.129242
6476.110840	-46.182484
6477.456665	-47.301563
6478.802490	-48.137856
6480.148315	-47.627129
6481.494141	-47.954563
6482.839966	-46.267441
6484.185791	-47.123882
6485.531616	-46.913864
6486.877441	-45.798740
6488.223267	-47.440002
6489.569092	-48.092770
6490.914917	-46.161053
6492.260742	-47.326805
6493.606567	-47.540779
6494.952393	-47.482056
6496.298218	-47.205894
6497.644043	-46.710491
6498.989868	-46.068741
6500.335693	-45.689873
6501.681519	-46.642357
6503.027344	-47.566368
6504.373169	-48.841011
6505.718994	-48.268337
6507.064819	-47.139812
6508.410645	-48.694824
6509.756470	-47.415363
6511.102295	-47.887310
6512.448120	-46.604572
6513.793945	-47.447643
6515.139771	-46.738571
6516.485596	-46.897961
6517.831421	-47.200798
6519.177246	-48.041412
6520.523071	-46.430321
6521.868896	-46.498283
6523.214722	-47.415604
6524.560547	-46.446682
6525.906372	-47.658634
6527.252197	-47.067692
6528.598022	-46.692883
6529.943848	-46.270493
6531.289673	-46.644852
6532.635498	-47.808880
6533.981323	-45.993343
6535.327148	-46.909920
6536.672974	-47.267853
6538.018799	-47.548561
6539.364624	-47.795490
6540.710449	-46.650074
6542.056274	-47.311806
6543.402100	-46.356964
6544.747925	-46.558376
6546.093750	-46.495491
6547.439575	-47.266239
6548.785400	-46.309921
6550.131226	-46.451382
6551.477051	-46.645924
6552.822876	-47.600346
6554.168701	-48.293732
6555.514526	-46.472317
6556.860352	-47.518806
6558.206177	-47.461124
6559.552002	-47.535862
6560.897827	-47.437325
6562.243652	-47.559738
6563.589478	-47.118744
6564.935303	-47.614254
6566.281128	-47.352444
6567.626953	-46.757362
6568.972778	-46.375835
6570.318604	-46.757088
6571.664429	-47.122463
6573.010254	-46.378887
6574.356079	-47.622341
6575.701904	-47.207294
6577.047729	-47.004124
6578.393555	-47.524330
6579.739380	-46.889610
6581.085205	-47.268230
6582.431030	-46.263996
6583.776855	-45.986523
6585.122681	-46.184456
6586.468506	-45.967495
6587.814331	-46.924183
6589.160156	-47.105854
6590.505981	-47.249565
6591.851807	-47.250820
6593.197632	-47.089951
6594.543457	-47.395382
6595.889282	-47.442196
6597.235107	-46.818264
6598.580933	-47.581844
6599.926758	-46.439926
6601.272583	-47.799637
6602.618408	-48.147640
6603.964233	-47.758995
6605.310059	-48.013386
6606.655884	-46.733036
6608.001709	-46.894619
6609.347534	-46.873249
6610.693359	-46.290493
6612.039185	-46.665291
6613.385010	-46.212845
6614.730835	-46.592587
6616.076660	-46.298679
6617.422485	-46.552834
6618.768311	-46.695568
6620.114136	-47.892452
6621.459961	-47.280308
6622.805786	-47.219803
6624.151611	-46.770424
6625.497437	-45.475136
6626.843262	-46.545982
6628.189087	-47.252110
6629.534912	-47.617168
6630.880737	-47.258862
6632.226562	-47.008560
6633.572388	-46.507797
6634.918213	-47.261890
6636.264038	-46.857166
6637.609863	-48.152542
6638.955688	-47.368313
6640.301514	-47.921436
6641.647339	-46.784317
6642.993164	-47.327763
6644.338989	-47.142750
6645.684814	-46.469093
6647.030640	-46.768570
6648.376465	-46.996891
6649.722290	-47.342628
6651.068115	-46.436840
6652.413940	-46.822742
6653.759766	-47.676411
6655.105591	-46.621819
6656.451416	-46.724941
6657.797241	-46.861481
6659.143066	-46.455643
6660.488892	-46.484806
6661.834717	-47.732201
6663.180542	-47.063206
6664.526367	-46.908340
6665.872192	-45.950089
6667.218018	-46.775883
6668.563843	-46.501999
6669.909668	-47.183266
6671.255493	-47.355259
6672.601318	-46.523190
6673.947144	-47.211708
6675.292969	-47.124020
6676.638794	-47.310089
6677.984619	-47.317123
6679.330444	-48.077961
6680.676270	-46.554451
6682.022095	-46.258907
6683.367920	-46.338093
6684.713745	-46.551735
6686.059570	-47.012943
6687.405396	-46.121498
6688.751221	-46.490211
6690.097046	-46.266338
6691.442871	-47.018791
6692.788696	-46.191219
6694.134521	-47.220657
6695.480347	-46.628613
6696.826172	-45.078320
6698.171997	-46.492214
6699.517822	-46.329464
6700.863647	-47.993252
6702.209473	-47.267391
6703.555298	-47.072258
6704.901123	-46.167931
6706.246948	-48.112736
6707.592773	-47.688717
6708.938599	-46.862072
6710.284424	-46.374889
6711.630249	-47.179893
6712.976074	-45.782215
6714.321899	-47.474545
6715.667725	-46.674252
6717.013550	-46.589760
6718.359375	-47.075745
6719.705200	-47.719418
6721.051025	-46.460247
6722.396851	-45.898071
6723.742676	-45.882195
6725.088501	-46.617081
6726.434326	-47.028355
6727.780151	-46.934566
6729.125977	-46.886223
6730.471802	-47.183167
6731.817627	-46.950966
6733.163452	-47.428757
6734.509277	-46.875614
6735.855103	-47.089314
6737.200928	-47.346752
6738.546753	-46.568455
6739.892578	-46.832542
6741.238403	-47.670063
6742.584229	-46.191570
6743.930054	-47.015942
6745.275879	-47.352985
6746.621704	-47.399258
6747.967529	-47.122494
6749.313354	-46.861721
6750.659180	-46.426216
6752.005005	-46.512157
6753.350830	-47.224407
6754.696655	-47.194908
6756.042480	-46.164291
6757.388306	-46.197678
6758.734131	-46.735111
6760.079956	-47.120274
6761.425781	-46.813423
6762.771606	-46.803051
6764.117432	-46.920250
6765.463257	-47.236740
6766.809082	-47.038635
6768.154907	-46.420052
6769.500732	-46.435047
6770.846558	-46.800858
6772.192383	-46.678417
6773.538208	-46.490803
6774.884033	-47.015942
6776.229858	-47.204998
6777.575684	-47.305458
6778.921509	-46.775265
6780.267334	-46.357861
6781.613159	-47.682793
6782.958984	-47.207615
6784.304810	-47.084686
6785.650635	-47.156452
6786.996460	-47.118317
6788.342285	-47.486649
6789.688110	-48.137844
6791.033936	-46.527637
6792.379761	-47.161289
6793.725586	-46.823254
6795.071411	-47.057114
6796.417236	-46.614536
6797.763062	-46.690712
6799.108887	-46.338722
6800.454712	-46.518642
6801.800537	-46.302650
6803.146362	-47.767002
6804.492188	-47.348778
6805.838013	-47.273129
6807.183838	-46.623463
6808.529663	-46.811958
6809.875488	-46.995617
6811.221313	-45.977272
6812.567139	-46.709480
6813.912964	-46.678871
6815.258789	-47.024624
6816.604614	-46.820545
6817.950439	-46.611217
6819.296265	-46.822647
6820.642090	-47.433521
6821.987915	-46.908386
6823.333740	-46.625824
6824.679565	-47.011662
6826.025391	-46.092110
6827.371216	-46.857777
6828.717041	-46.392292
6830.062866	-46.578953
6831.408691	-46.106709
6832.754517	-46.345932
6834.100342	-47.080566
6835.446167	-47.015919
6836.791992	-46.573685
6838.137817	-47.956566
6839.483643	-46.324226
6840.829468	-46.775127
6842.175293	-46.669163
6843.521118	-47.495991
6844.866943	-46.436455
6846.212769	-46.238796
6847.558594	-47.240303
6848.904419	-47.006523
6850.250244	-46.407585
6851.596069	-47.986523
6852.941895	-45.963371
6854.287720	-46.466412
6855.633545	-47.681648
6856.979370	-46.734375
6858.325195	-47.794537
6859.671021	-47.561848
6861.016846	-47.647545
6862.362671	-47.287201
6863.708496	-47.407368
6865.054321	-47.466412
6866.400146	-46.724445
6867.745972	-47.740944
6869.091797	-46.991577
6870.437622	-46.605118
6871.783447	-46.667961
6873.129272	-47.093727
6874.475098	-46.110031
6875.820923	-45.935097
6877.166748	-46.582741
6878.512573	-46.311119
6879.858398	-46.876667
6881.204224	-47.339195
6882.550049	-48.184990
6883.895874	-47.601112
6885.241699	-46.835136
6886.587524	-47.338589
6887.933350	-45.824001
6889.279175	-47.175022
6890.625000	-46.752918
6891.970825	-46.795986
6893.316650	-45.942413
6894.662476	-46.190033
6896.008301	-47.367352
6897.354126	-47.487297
6898.699951	-47.899853
6900.045776	-46.021442
6901.391602	-46.909019
6902.737427	-47.420624
6904.083252	-47.938698
6905.429077	-46.452087
6906.774902	-46.785820
6908.120728	-47.647362
6909.466553	-46.788864
6910.812378	-47.425144
6912.158203	-47.084526
6913.504028	-46.479168
6914.849854	-47.692505
6916.195679	-46.510792
6917.541504	-47.069233
6918.887329	-46.845024
6920.233154	-46.681641
6921.578979	-47.701569
6922.924805	-47.512634
6924.270630	-46.282219
6925.616455	-47.344219
6926.962280	-48.039597
6928.308105	-48.013096
6929.653931	-46.745735
6930.999756	-47.870796
6932.345581	-47.103882
6933.691406	-46.715981
6935.037231	-47.040997
6936.383057	-45.897572
6937.728882	-46.260792
6939.074707	-45.947563
6940.420532	-46.744869
6941.766357	-46.850105
6943.112183	-47.708096
6944.458008	-46.541599
6945.803833	-47.721043
6947.149658	-46.773335
6948.495483	-47.266869
6949.841309	-46.508400
6951.187134	-47.287083
6952.532959	-46.437080
6953.878784	-46.688675
6955.224609	-46.640320
6956.570435	-46.975807
6957.916260	-47.217525
6959.262085	-47.323143
6960.607910	-46.755810
6961.953735	-46.444527
6963.299561	-47.724594
6964.645386	-46.626060
6965.991211	-47.596958
6967.337036	-47.580856
6968.682861	-46.492111
6970.028687	-47.231377
6971.374512	-46.292316
6972.720337	-48.034870
6974.066162	-46.739437
6975.411987	-46.685040
6976.757812	-48.022564
6978.103638	-47.293362
6979.449463	-47.450562
6980.795288	-46.541691
6982.141113	-46.293186
6983.486938	-46.974808
6984.832764	-47.384174
6986.178589	-47.756123
6987.524414	-46.541687
6988.870239	-46.558777
6990.216064	-46.828835
6991.561890	-46.838589
6992.907715	-46.200817
6994.253540	-47.311432
6995.599365	-46.823048
6996.945190	-47.484901
6998.291016	-47.186359
6999.636841	-47.593147
7000.982666	-45.859249
7002.328491	-47.740704
7003.674316	-47.283485
7005.020142	-48.199982
7006.365967	-46.987907
7007.711792	-46.461990
7009.057617	-46.167778
7010.403442	-46.166367
7011.749268	-46.981636
7013.095093	-46.942524
7014.440918	-47.504299
7015.786743	-46.618656
7017.132568	-46.827610
7018.478394	-47.095818
7019.824219	-46.345558
7021.170044	-46.721230
7022.515869	-47.554958
7023.861694	-47.777763
7025.207520	-47.790905
7026.553345	-47.537632
7027.899170	-46.718750
7029.244995	-47.879551
7030.590820	-46.788696
7031.936646	-46.557163
7033.282471	-46.427803
7034.628296	-46.722431
7035.974121	-47.427292
7037.319946	-47.503887
7038.665771	-47.810501
7040.011597	-47.057304
7041.357422	-46.483067
7042.703247	-46.570988
7044.049072	-46.027580
7045.394897	-46.342426
7046.740723	-47.273998
7048.086548	-47.284855
7049.432373	-47.022377
7050.778198	-47.931057
7052.124023	-46.864006
7053.469849	-46.233734
7054.815674	-48.377464
7056.161499	-47.534035
7057.507324	-47.217224
7058.853149	-47.560047
7060.198975	-47.614796
7061.544800	-47.627483
7062.890625	-46.764175
7064.236450	-46.958664
7065.582275	-47.883041
7066.928101	-46.697495
7068.273926	-46.956165
7069.619751	-47.628620
7070.965576	-46.648983
7072.311401	-46.355179
7073.657227	-47.222290
7075.003052	-46.455181
7076.348877	-47.548874
7077.694702	-47.072758
7079.040527	-46.316601
7080.386353	-46.939438
7081.732178	-46.341953
7083.078003	-47.608730
7084.423828	-46.012032
7085.769653	-46.402256
7087.115479	-47.783550
7088.461304	-48.041164
7089.807129	-47.183285
7091.152954	-46.929844
7092.498779	-47.602688
7093.844604	-46.810154
7095.190430	-46.216526
7096.536255	-47.675304
7097.882080	-47.176548
7099.227905	-46.326313
7100.573730	-48.248871
7101.919556	-47.522106
7103.265381	-46.569664
7104.611206	-47.047253
7105.957031	-46.500282
7107.302856	-47.438881
7108.648682	-47.426144
7109.994507	-47.477287
7111.340332	-46.945816
7112.686157	-47.163193
7114.031982	-46.920540
7115.377808	-46.009716
7116.723633	-45.980087
7118.069458	-46.495697
7119.415283	-47.399075
7120.761108	-46.173832
7122.106934	-46.561188
7123.452759	-46.681095
7124.798584	-47.146980
7126.144409	-47.183735
7127.490234	-46.505470
7128.836060	-47.358452
7130.181885	-48.103977
7131.527710	-46.820656
7132.873535	-47.164997
7134.219360	-48.061398
7135.565186	-47.604462
7136.911011	-45.790939
7138.256836	-47.307323
7139.602661	-46.899101
7140.948486	-46.386810
7142.294312	-48.153210
7143.640137	-47.673756
7144.985962	-46.683983
7146.331787	-46.797314
7147.677612	-46.937065
7149.023438	-46.599197
7150.369263	-47.430370
7151.715088	-46.112408
7153.060913	-48.049900
7154.406738	-46.301544
7155.752563	-45.628880
7157.098389	-47.687672
7158.444214	-47.192776
7159.790039	-47.102718
7161.135864	-46.683029
7162.481689	-47.108860
7163.827515	-46.978863
7165.173340	-45.535263
7166.519165	-46.276604
7167.864990	-47.208984
7169.210815	-47.128147
7170.556641	-46.930111
7171.902466	-47.620239
7173.248291	-47.201061
7174.594116	-46.692165
7175.939941	-46.696922
7177.285767	-47.355915
7178.631592	-45.944691
7179.977417	-46.917439
7181.323242	-46.768517
7182.669067	-46.841137
7184.014893	-47.382061
7185.360718	-47.102139
7186.706543	-46.447514
7188.052368	-46.801189
7189.398193	-47.571205
7190.744019	-47.798965
7192.089844	-46.556084
7193.435669	-47.084747
7194.781494	-47.289524
7196.127319	-45.795906
7197.473145	-46.280159
7198.818970	-47.117455
7200.164795	-46.146080
7201.510620	-46.499908
7202.856445	-47.178085
7204.202271	-45.903122
7205.548096	-46.552498
7206.893921	-48.037331
7208.239746	-47.134174
7209.585571	-47.144882
7210.931396	-47.499447
7212.277222	-47.040211
7213.623047	-47.319027
7214.968872	-46.050133
7216.314697	-45.479748
7217.660522	-45.791149
7219.006348	-47.481285
7220.352173	-47.141716
7221.697998	-46.413883
7223.043823	-47.348782
7224.389648	-46.536434
7225.735474	-47.594074
7227.081299	-48.009796
7228.427124	-46.360783
7229.772949	-46.979908
7231.118774	-47.007214
7232.464600	-47.177586
7233.810425	-48.557449
7235.156250	-46.966091
7236.502075	-47.784424
7237.847900	-47.698414
7239.193726	-46.799141
7240.539551	-47.652431
7241.885376	-47.652657
7243.231201	-46.359093
7244.577026	-46.278637
7245.922852	-46.753864
7247.268677	-46.668346
7248.614502	-47.031017
7249.960327	-47.236710
7251.306152	-47.279507
7252.651978	-47.234280
7253.997803	-46.709938
7255.343628	-47.928303
7256.689453	-47.679283
7258.035278	-46.136612
7259.381104	-45.508358
7260.726929	-47.604832
7262.072754	-47.350109
7263.418579	-46.084454
7264.764404	-46.638927
7266.110229	-47.036873
7267.456055	-47.575047
7268.801880	-47.626026
7270.147705	-46.321228
7271.493530	-46.855625
7272.839355	-47.652603
7274.185181	-47.629990
7275.531006	-47.462074
7276.876831	-47.749527
7278.222656	-46.851860
7279.568481	-46.740902
7280.914307	-47.857658
7282.260132	-47.128197
7283.605957	-46.536587
7284.951782	-46.478916
7286.297607	-47.466675
7287.643433	-46.338547
7288.989258	-46.791851
7290.335083	-46.504883
7291.680908	-46.731106
7293.026733	-46.638447
7294.372559	-46.414116
7295.718384	-47.053829
7297.064209	-47.249241
7298.410034	-46.747463
7299.755859	-46.350380
7301.101685	-46.856098
7302.447510	-47.568363
7303.793335	-45.986977
7305.139160	-46.687927
7306.484985	-47.013344
7307.830811	-46.169369
7309.176636	-47.426334
7310.522461	-47.537735
7311.868286	-47.299629
7313.214111	-46.587097
7314.559937	-46.823605
7315.905762	-47.848480
7317.251587	-46.072769
7318.597412	-46.456833
7319.943237	-46.847095
7321.289062	-47.537388
7322.634888	-47.899174
7323.980713	-47.749695
7325.326538	-47.309467
7326.672363	-47.057796
7328.018188	-46.631069
7329.364014	-47.021130
7330.709839	-47.457073
7332.055664	-46.643837
7333.401489	-45.830757
7334.747314	-47.200546
7336.093140	-47.260643
7337.438965	-46.829128
7338.784790	-46.220249
7340.130615	-45.742569
7341.476440	-47.420971
7342.822266	-46.560490
7344.168091	-45.569336
7345.513916	-46.883987
7346.859741	-48.424511
7348.205566	-46.897270
7349.551392	-47.564915
7350.897217	-48.116127
7352.243042	-46.627560
7353.588867	-47.348984
7354.934692	-46.260593
7356.280518	-47.289783
7357.626343	-47.307072
7358.972168	-47.320499
7360.317993	-46.605377
7361.663818	-47.332111
7363.009644	-46.471306
7364.355469	-46.730476
7365.701294	-47.095318
7367.047119	-47.688305
7368.392944	-47.707550
7369.738770	-47.241562
7371.084595	-47.429348
7372.430420	-46.770931
7373.776245	-46.280430
7375.122070	-46.987286
7376.467896	-46.554337
7377.813721	-45.943668
7379.159546	-46.633045
7380.505371	-46.977222
7381.851196	-47.221096
7383.197021	-46.465504
7384.542847	-46.824944
7385.888672	-47.457031
7387.234497	-46.886791
7388.580322	-46.699760
7389.926147	-47.220905
7391.271973	-47.224380
7392.617798	-46.843887
7393.963623	-46.390610
7395.309448	-47.022785
7396.655273	-46.937222
7398.001099	-47.453999
7399.346924	-47.036026
7400.692749	-46.348961
7402.038574	-45.980206
7403.384399	-47.464687
7404.730225	-47.824799
7406.076050	-47.663971
7407.421875	-47.741924
7408.767700	-46.618801
7410.113525	-46.822552
7411.459351	-47.219425
7412.805176	-46.959110
7414.151001	-47.100613
7415.496826	-46.020248
7416.842651	-46.181625
7418.188477	-46.758305
7419.534302	-46.912060
7420.880127	-46.670551
7422.225952	-47.718288
7423.571777	-47.381649
7424.917603	-47.779354
7426.263428	-47.402306
7427.609253	-47.642700
7428.955078	-47.495663
7430.300903	-46.680096
7431.646729	-47.532692
7432.992554	-48.046474
7434.338379	-47.769516
7435.684204	-46.901142
7437.030029	-46.704754
7438.375854	-47.069149
7439.721680	-48.008842
7441.067505	-47.256012
7442.413330	-47.071480
7443.759155	-48.067032
7445.104980	-46.710320
7446.450806	-48.082455
7447.796631	-47.092377
7449.142456	-47.253769
7450.488281	-46.350292
7451.834106	-46.849442
7453.179932	-47.429123
7454.525757	-47.332012
7455.871582	-46.877193
7457.217407	-47.175003
7458.563232	-46.278969
7459.909058	-46.951836
7461.254883	-47.087048
7462.600708	-46.278790
7463.946533	-46.560146
7465.292358	-46.960217
7466.638184	-46.675392
7467.984009	-47.445328
7469.329834	-46.905098
7470.675659	-46.908012
7472.021484	-47.325893
7473.367310	-46.172882
7474.713135	-47.464520
7476.058960	-46.736233
7477.404785	-46.804165
7478.750610	-47.298733
7480.096436	-46.626247
7481.442261	-47.185452
7482.788086	-47.514664
7484.133911	-47.388275
7485.479736	-47.226936
7486.825562	-46.612709
7488.171387	-47.859707
7489.517212	-47.184826
7490.863037	-46.590668
7492.208862	-47.359604
7493.554688	-46.508713
7494.900513	-47.582607
7496.246338	-47.237511
7497.592163	-45.109287
7498.937988	-47.231884
7500.283813	-46.429565
7501.629639	-47.642361
7502.975464	-46.701481
7504.321289	-46.962502
7505.667114	-47.689754
7507.012939	-46.787994
7508.358765	-47.389973
7509.704590	-46.999424
7511.050415	-46.497490
7512.396240	-46.666977
7513.742065	-47.544910
7515.087891	-46.856407
7516.433716	-48.041927
7517.779541	-47.821312
7519.125366	-48.186615
7520.471191	-46.373924
7521.817017	-45.710732
7523.162842	-46.894138
7524.508667	-46.861301
7525.854492	-47.449581
7527.200317	-47.045792
7528.546143	-46.047249
7529.891968	-47.316166
7531.237793	-48.521156
7532.583618	-47.125587
7533.929443	-46.132023
7535.275269	-47.327271
7536.621094	-46.922871
7537.966919	-47.380451
7539.312744	-46.765141
7540.658569	-47.676407
7542.004395	-47.009453
7543.350220	-46.013363
7544.696045	-47.434967
7546.041870	-47.992622
7547.387695	-46.591541
7548.733521	-46.918839
7550.079346	-46.085625
7551.425171	-46.572769
7552.770996	-46.509426
7554.116821	-46.407452
7555.462646	-46.609814
7556.808472	-47.456657
7558.154297	-46.437557
7559.500122	-46.640560
7560.845947	-46.787102
7562.191772	-46.700405
7563.537598	-46.971634
7564.883423	-47.591305
7566.229248	-47.448849
7567.575073	-46.843056
7568.920898	-47.149227
7570.266724	-46.602852
7571.612549	-46.731350
7572.958374	-47.280495
7574.304199	-47.605312
7575.650024	-47.226299
7576.995850	-46.178959
7578.341675	-45.870739
7579.687500	-46.817585
7581.033325	-47.179905
7582.379150	-46.770164
7583.724976	-47.821716
7585.070801	-47.680523
7586.416626	-48.463879
7587.762451	-47.018715
7589.108276	-46.992321
7590.454102	-47.713676
7591.799927	-47.326668
7593.145752	-46.818794
7594.491577	-47.480331
7595.837402	-46.358372
7597.183228	-47.075813
7598.529053	-47.549591
7599.874878	-47.409794
7601.220703	-46.443119
7602.566528	-45.952057
7603.912354	-47.612968
7605.258179	-46.769394
7606.604004	-46.736568
7607.949829	-47.913170
7609.295654	-47.606750
7610.641479	-47.512608
7611.987305	-45.702732
7613.333130	-45.638729
7614.678955	-46.887409
7616.024780	-46.051105
7617.370605	-46.932987
7618.716431	-47.524010
7620.062256	-47.133862
7621.408081	-47.158302
7622.753906	-47.460087
7624.099731	-47.471165
7625.445557	-47.277481
7626.791382	-46.363739
7628.137207	-46.886505
7629.483032	-47.178135
7630.828857	-47.896820
7632.174683	-46.270611
7633.520508	-46.631325
7634.866333	-46.428375
7636.212158	-47.310196
7637.557983	-47.037796
7638.903809	-47.205486
7640.249634	-47.109554
7641.595459	-47.494019
7642.941284	-47.469212
7644.287109	-47.766411
7645.632935	-46.921062
7646.978760	-46.240353
7648.324585	-46.456451
7649.670410	-46.454594
7651.016235	-46.694691
7652.362061	-47.366394
7653.707886	-47.045605
7655.053711	-46.808662
7656.399536	-46.790077
7657.745361	-46.876865
7659.091187	-46.499611
7660.437012	-46.423046
7661.782837	-48.806389
7663.128662	-46.989098
7664.474487	-46.932026
7665.820312	-47.534042
7667.166138	-48.538933
7668.511963	-47.075954
7669.857788	-46.141006
7671.203613	-47.331707
7672.549438	-46.258743
7673.895264	-47.132816
7675.241089	-46.775375
7676.586914	-48.498009
7677.932739	-47.605499
7679.278564	-47.186592
7680.624390	-46.536568
7681.970215	-46.687450
7683.316040	-46.190441
7684.661865	-47.907188
7686.007690	-47.514019
7687.353516	-47.424057
7688.699341	-47.035637
7690.045166	-46.928452
7691.390991	-46.951950
7692.736816	-46.995747
7694.082642	-46.588623
7695.428467	-46.340366
7696.774292	-46.796841
7698.120117	-47.173618
7699.465942	-46.824169
7700.811768	-46.765053
7702.157593	-47.330105
7703.503418	-47.785320
7704.849243	-46.229290
7706.195068	-47.130039
7707.540894	-47.055397
7708.886719	-47.141022
7710.232544	-46.073593
7711.578369	-47.661995
7712.924194	-47.391560
7714.270020	-46.852119
7715.615845	-46.892601
7716.961670	-46.375523
7718.307495	-46.348293
7719.653320	-46.659145
7720.999146	-47.904877
7722.344971	-48.598911
7723.690796	-47.780415
7725.036621	-46.395161
7726.382446	-46.710129
7727.728271	-47.104023
7729.074097	-46.133911
7730.419922	-46.567051
7731.765747	-46.943642
7733.111572	-46.848167
7734.457397	-47.191582
7735.803223	-46.726715
7737.149048	-45.925682
7738.494873	-45.320763
7739.840698	-46.855358
7741.186523	-47.417641
7742.532349	-47.484951
7743.878174	-47.178425
7745.223999	-47.301258
7746.569824	-46.928211
7747.915649	-47.092304
7749.261475	-46.879940
7750.607300	-45.848629
7751.953125	-47.912991
7753.298950	-46.637783
7754.644775	-46.307663
7755.990601	-46.987690
7757.336426	-46.602272
7758.682251	-46.536911
7760.028076	-47.039799
7761.373901	-46.472641
7762.719727	-47.496765
7764.065552	-47.770203
7765.411377	-46.486668
7766.757202	-47.031666
7768.103027	-47.222427
7769.448853	-47.394943
7770.794678	-48.067158
7772.140503	-46.170570
7773.486328	-46.771324
7774.832153	-46.138760
7776.177979	-46.480522
7777.523804	-47.201900
7778.869629	-46.123970
7780.215454	-46.906891
7781.561279	-47.210388
7782.907104	-47.115837
7784.252930	-46.869667
7785.598755	-46.615543
7786.944580	-47.351391
7788.290405	-47.370285
7789.636230	-46.753571
7790.982056	-46.135017
7792.327881	-46.920586
7793.673706	-46.943882
7795.019531	-46.993931
7796.365356	-46.266834
7797.711182	-46.459515
7799.057007	-46.498245
7800.402832	-46.606903
7801.748657	-46.197174
7803.094482	-48.042770
7804.440308	-47.236954
7805.786133	-47.467804
7807.131958	-47.515339
7808.477783	-46.438519
7809.823608	-47.032543
7811.169434	-47.129177
7812.515259	-47.133995
7813.861084	-47.048210
7815.206909	-46.536640
7816.552734	-48.133881
7817.898560	-47.774761
7819.244385	-46.706898
7820.590210	-46.913406
7821.936035	-47.166595
7823.281860	-46.794422
7824.627686	-48.028309
7825.973511	-45.793686
7827.319336	-47.258396
7828.665161	-48.555058
7830.010986	-46.883434
7831.356812	-46.244518
7832.702637	-46.532009
7834.048462	-47.695641
7835.394287	-46.233215
7836.740112	-46.661373
7838.085938	-47.092400
7839.431763	-48.000347
7840.777588	-47.174816
7842.123413	-46.894493
7843.469238	-46.672119
7844.815063	-47.279037
7846.160889	-47.632614
7847.506714	-46.581573
7848.852539	-47.408146
7850.198364	-46.601116
7851.544189	-46.953182
7852.890015	-47.536171
7854.235840	-46.426319
7855.581665	-45.618420
7856.927490	-46.859287
7858.273315	-47.057785
7859.619141	-46.661293
7860.964966	-46.784790
7862.310791	-47.561600
7863.656616	-48.779564
7865.002441	-47.146660
7866.348267	-46.319576
7867.694092	-47.007126
7869.039917	-46.990063
7870.385742	-46.724163
7871.731567	-47.421329
7873.077393	-46.125614
7874.423218	-46.974449
7875.769043	-46.018520
7877.114868	-46.781685
7878.460693	-46.425827
7879.806519	-47.581131
7881.152344	-46.819019
7882.498169	-47.239155
7883.843994	-48.658070
7885.189819	-46.543957
7886.535645	-46.908516
7887.881470	-47.001350
7889.227295	-46.417248
7890.573120	-45.425503
7891.918945	-47.279564
7893.264771	-48.068695
7894.610596	-47.477543
7895.956421	-46.623348
7897.302246	-47.356667
7898.648071	-46.815414
7899.993896	-46.394054
7901.339722	-46.515209
7902.685547	-48.377178
7904.031372	-46.997021
7905.377197	-46.516720
7906.723022	-46.998856
7908.068848	-47.809395
7909.414673	-46.850288
7910.760498	-45.617943
7912.106323	-46.466125
7913.452148	-47.597977
7914.797974	-46.256107
7916.143799	-45.552692
7917.489624	-48.251129
7918.835449	-46.349285
7920.181274	-47.545067
7921.527100	-45.948971
7922.872925	-46.932301
7924.218750	-46.542938
7925.564575	-46.554359
7926.910400	-46.849094
7928.256226	-47.100468
7929.602051	-47.217587
7930.947876	-46.008102
7932.293701	-46.331688
7933.639526	-47.272976
7934.985352	-47.000195
7936.331177	-47.166557
7937.677002	-47.131195
7939.022827	-47.574799
7940.368652	-46.513943
7941.714478	-47.407768
7943.060303	-46.728233
7944.406128	-47.205391
7945.751953	-47.408283
7947.097778	-48.130535
7948.443604	-47.409325
7949.789429	-46.206619
7951.135254	-46.935600
7952.481079	-46.630981
7953.826904	-48.684265
7955.172729	-47.017872
7956.518555	-47.778133
7957.864380	-46.676708
7959.210205	-47.345490
7960.556030	-46.515877
7961.901855	-46.896263
7963.247681	-47.198467
7964.593506	-46.497482
7965.939331	-47.911911
7967.285156	-47.776985
7968.630981	-47.175777
7969.976807	-46.769794
7971.322632	-45.687599
7972.668457	-46.350937
7974.014282	-46.672356
7975.360107	-47.205948
7976.705933	-46.829117
7978.051758	-46.186535
7979.397583	-47.337971
7980.743408	-47.263618
7982.089233	-46.794487
7983.435059	-46.371559
7984.780884	-48.076096
7986.126709	-47.304668
7987.472534	-46.957184
7988.818359	-46.476486
7990.164185	-46.312218
7991.510010	-47.678249
7992.855835	-46.819244
7994.201660	-46.066563
7995.547485	-47.213974
7996.893311	-46.723774
7998.239136	-46.198772
7999.584961	-47.336575
8000.930786	-47.021450
8002.276611	-46.204319
8003.622437	-47.190651
8004.968262	-46.127747
8006.314087	-46.711987
8007.659912	-47.571671
8009.005737	-47.242798
8010.351562	-46.869831
8011.697388	-47.025169
8013.043213	-46.600239
8014.389038	-46.518108
8015.734863	-47.598862
8017.080688	-46.501728
8018.426514	-46.483246
8019.772339	-47.510555
8021.118164	-46.993629
8022.463989	-48.693298
8023.809814	-48.164879
8025.155640	-47.725368
8026.501465	-46.346901
8027.847290	-48.030804
8029.193115	-46.578213
8030.538940	-46.605694
8031.884766	-47.149166
8033.230591	-47.612629
8034.576416	-46.879929
8035.922241	-46.150204
8037.268066	-47.120163
8038.613892	-46.250526
8039.959717	-46.971493
8041.305542	-47.808777
8042.651367	-48.228100
8043.997192	-48.010910
8045.343018	-46.574543
8046.688843	-46.561275
8048.034668	-46.657337
8049.380493	-47.662544
8050.726318	-46.977070
8052.072144	-47.571449
8053.417969	-46.591557
8054.763794	-46.162151
8056.109619	-47.936718
8057.455444	-46.769192
8058.801270	-47.202610
8060.147095	-46.487507
8061.492920	-46.704090
8062.838745	-47.379032
8064.184570	-47.710747
8065.530396	-47.159260
8066.876221	-47.224495
8068.222046	-45.614040
8069.567871	-47.072681
8070.913696	-47.452457
8072.259521	-48.053120
8073.605347	-46.835224
8074.951172	-47.814606
8076.296997	-46.961945
8077.642822	-47.409409
8078.988647	-48.392487
8080.334473	-46.593849
8081.680298	-47.125847
8083.026123	-46.390823
8084.371948	-46.943504
8085.717773	-47.559578
8087.063599	-46.613262
8088.409424	-46.802868
8089.755249	-46.190159
8091.101074	-48.378586
8092.446899	-46.988544
8093.792725	-47.375729
8095.138550	-47.691486
8096.484375	-47.633492
8097.830200	-47.178310
8099.176025	-47.829670
8100.521851	-47.062233
8101.867676	-46.857307
8103.213501	-46.782814
8104.559326	-46.498661
8105.905151	-47.776031
8107.250977	-47.450077
8108.596802	-46.502213
8109.942627	-47.181175
8111.288452	-47.293724
8112.634277	-46.830593
8113.980103	-47.313473
8115.325928	-47.163261
8116.671753	-46.216152
8118.017578	-47.362743
8119.363403	-46.843277
8120.709229	-46.997040
8122.055054	-46.709080
8123.400879	-46.704273
8124.746704	-46.872524
8126.092529	-46.464207
8127.438354	-47.854240
8128.784180	-47.737015
8130.130005	-45.968372
8131.475830	-47.551010
8132.821655	-47.252903
8134.167480	-47.971165
8135.513306	-46.353592
8136.859131	-46.358799
8138.204956	-46.954201
8139.550781	-46.736855
8140.896606	-46.673256
8142.242432	-47.339664
8143.588257	-47.478344
8144.934082	-46.345299
8146.279907	-46.927288
8147.625732	-46.141048
8148.971558	-46.870064
8150.317383	-46.521904
8151.663208	-47.884922
8153.009033	-46.728199
8154.354858	-46.617523
8155.700684	-45.920712
8157.046509	-47.080879
8158.392334	-46.167744
8159.738159	-46.109093
8161.083984	-46.785519
8162.429810	-46.584175
8163.775635	-47.231205
8165.121460	-47.670605
8166.467285	-47.162731
8167.813110	-47.713318
8169.158936	-47.829361
8170.504761	-46.810513
8171.850586	-47.268620
8173.196411	-48.185287
8174.542236	-47.641190
8175.888062	-46.489418
8177.233887	-47.111858
8178.579712	-47.785984
8179.925537	-47.121777
8181.271362	-47.039265
8182.617188	-46.237934
8183.963013	-47.289089
8185.308838	-47.278706
8186.654663	-45.037701
8188.000488	-46.842590
8189.346313	-46.648838
8190.692139	-46.634811
8192.037964	-46.143890
8193.383789	-46.968704
8194.729614	-46.474392
8196.075439	-46.484650
8197.421265	-46.798233
8198.767090	-46.054344
8200.112915	-46.230282
8201.458740	-46.980358
8202.804565	-46.942768
8204.150391	-47.694115
8205.496216	-46.663372
8206.842041	-46.022892
8208.187866	-45.399166
8209.533691	-46.892822
8210.879517	-47.714314
8212.225342	-48.108673
8213.571167	-46.070065
8214.916992	-46.514675
8216.262817	-46.825520
8217.608643	-46.085072
8218.954468	-47.337730
8220.300293	-47.531582
8221.646118	-47.271912
8222.991943	-45.863369
8224.337769	-46.603481
8225.683594	-47.771198
8227.029419	-46.534271
8228.375244	-46.667641
8229.721069	-46.867836
8231.066895	-45.208195
8232.412720	-46.856689
8233.758545	-46.537819
8235.104370	-47.539082
8236.450195	-47.547405
8237.796021	-46.711838
8239.141846	-46.567112
8240.487671	-47.506485
8241.833496	-48.517887
8243.179321	-47.066280
8244.525146	-46.510544
8245.870972	-46.760719
8247.216797	-47.299545
8248.562622	-46.316483
8249.908447	-46.315998
8251.254272	-46.429153
8252.600098	-46.247520
8253.945923	-47.397209
8255.291748	-46.997654
8256.637573	-47.717434
8257.983398	-46.782742
8259.329224	-47.239273
8260.675049	-47.233860
8262.020874	-47.570133
8263.366699	-47.109886
8264.712524	-47.087944
8266.058350	-46.963215
8267.404175	-49.118355
8268.750000	-47.725178
8270.095825	-47.189217
8271.441650	-47.018509
8272.787476	-46.107883
8274.133301	-47.336658
8275.479126	-47.652290
8276.824951	-47.991341
8278.170776	-45.845131
8279.516602	-46.833405
8280.862427	-46.021973
8282.208252	-46.457664
8283.554077	-47.761475
8284.899902	-47.646503
8286.245728	-46.274612
8287.591553	-47.356873
8288.937378	-47.864902
8290.283203	-45.937298
8291.629028	-46.539211
8292.974854	-46.570965
8294.320679	-47.380020
8295.666504	-46.312534
8297.012329	-46.649220
8298.358154	-46.227020
8299.703979	-47.097046
8301.049805	-46.995224
8302.395630	-47.403767
8303.741455	-48.041023
8305.087280	-46.771992
8306.433105	-47.305130
8307.778931	-47.572762
8309.124756	-47.047710
8310.470581	-47.115486
8311.816406	-47.297253
8313.162231	-46.691353
8314.508057	-47.207630
8315.853882	-46.803780
8317.199707	-46.483212
8318.545532	-47.429852
8319.891357	-47.351311
8321.237183	-47.682251
8322.583008	-47.562019
8323.928833	-46.391739
8325.274658	-46.869106
8326.620483	-45.367794
8327.966309	-46.078297
8329.312134	-46.494179
8330.657959	-46.767818
8332.003784	-46.327847
8333.349609	-46.856144
8334.695435	-47.976265
8336.041260	-46.139275
8337.387085	-46.826069
8338.732910	-46.552357
8340.078735	-46.617062
8341.424561	-46.916897
8342.770386	-46.590065
8344.116211	-46.700451
8345.462036	-46.905537
8346.807861	-47.429970
8348.153687	-47.291088
8349.499512	-46.225086
8350.845337	-46.925850
8352.191162	-47.052376
8353.536987	-46.210022
8354.882812	-46.911930
8356.228638	-47.606712
8357.574463	-46.189507
8358.920288	-45.854050
8360.266113	-46.583656
8361.611938	-46.548183
8362.957764	-46.534389
8364.303589	-46.021809
8365.649414	-45.317810
8366.995239	-46.311531
8368.341064	-47.651917
8369.686890	-47.289600
8371.032715	-46.402630
8372.378540	-47.391167
8373.724365	-47.254498
8375.070190	-47.366444
8376.416016	-46.946251
8377.761841	-45.999714
8379.107666	-47.276127
8380.453491	-46.948055
8381.799316	-46.418179
8383.145142	-46.315460
8384.490967	-46.267292
8385.836792	-46.214287
8387.182617	-47.096012
8388.528442	-46.616951
8389.874268	-46.633743
8391.220093	-45.983124
8392.565918	-46.238403
8393.911743	-47.460011
8395.257568	-47.069267
8396.603394	-46.981640
8397.949219	-46.693562
8399.295044	-47.102112
8400.640869	-46.606857
8401.986694	-45.588230
8403.332520	-46.172066
8404.678345	-47.278206
8406.024170	-48.567123
8407.369995	-47.511330
8408.715820	-47.655437
8410.061646	-47.215309
8411.407471	-46.930061
8412.753296	-45.511177
8414.099121	-47.350067
8415.444946	-47.195316
8416.790771	-46.140610
8418.136597	-46.465794
8419.482422	-47.040531
8420.828247	-46.855404
8422.174072	-45.947170
8423.519897	-46.036900
8424.865723	-46.534683
8426.211548	-47.639347
8427.557373	-46.438240
8428.903198	-46.769497
8430.249023	-45.886223
8431.594849	-45.739388
8432.940674	-46.472378
8434.286499	-46.478554
8435.632324	-47.721352
8436.978149	-46.175098
8438.323975	-45.763844
8439.669800	-46.801296
8441.015625	-47.482231
8442.361450	-47.162582
8443.707275	-46.741768
8445.053101	-46.978554
8446.398926	-46.729134
8447.744751	-46.054230
8449.090576	-45.887596
8450.436401	-46.683861
8451.782227	-47.076405
8453.128052	-46.894699
8454.473877	-46.747593
8455.819702	-47.130245
8457.165527	-47.715267
8458.511353	-46.951664
8459.857178	-47.321461
8461.203003	-47.266659
8462.548828	-47.008659
8463.894653	-47.730743
8465.240479	-47.222656
8466.586304	-46.968262
8467.932129	-47.154766
8469.277954	-46.876575
8470.623779	-46.807350
8471.969604	-46.980583
8473.315430	-46.332436
8474.661255	-46.618446
8476.007080	-47.007465
8477.352905	-46.071770
8478.698730	-47.463699
8480.044556	-47.252438
8481.390381	-47.999279
8482.736206	-46.632687
8484.082031	-47.072296
8485.427856	-47.913017
8486.773682	-47.544849
8488.119507	-47.827995
8489.465332	-47.062527
8490.811157	-47.217472
8492.156982	-46.150627
8493.502808	-46.565331
8494.848633	-46.655487
8496.194458	-47.819908
8497.540283	-47.208656
8498.886108	-46.591717
8500.231934	-46.194496
8501.577759	-46.149002
8502.923584	-47.545185
8504.269409	-48.063251
8505.615234	-47.045216
8506.961060	-47.188023
8508.306885	-46.551437
8509.652710	-46.289223
8510.998535	-47.149502
8512.344360	-46.221371
8513.690186	-46.389721
8515.036011	-46.692356
8516.381836	-46.871578
8517.727661	-47.003563
8519.073486	-47.260277
8520.419312	-46.678024
8521.765137	-47.662910
8523.110962	-47.514046
8524.456787	-46.408031
8525.802612	-47.010544
8527.148438	-45.839840
8528.494263	-47.720089
8529.840088	-46.754719
8531.185913	-47.245552
8532.531738	-45.996899
8533.877563	-48.038036
8535.223389	-45.822815
8536.569214	-46.760948
8537.915039	-46.468040
8539.260864	-46.260025
8540.606689	-47.565098
8541.952515	-47.056179
8543.298340	-46.650478
8544.644165	-46.146091
8545.989990	-47.050957
8547.335815	-46.601028
8548.681641	-47.064011
8550.027466	-46.532707
8551.373291	-47.344398
8552.719116	-46.951134
8554.064941	-47.068146
8555.410767	-46.477226
8556.756592	-47.055481
8558.102417	-47.745232
8559.448242	-47.071003
8560.794067	-46.849331
8562.139893	-46.527084
8563.485718	-47.393902
8564.831543	-47.022400
8566.177368	-46.842075
8567.523193	-47.374233
8568.869019	-48.175682
8570.214844	-47.709106
8571.560669	-47.177097
8572.906494	-47.151623
8574.252319	-46.291759
8575.598145	-47.337204
8576.943970	-48.880188
8578.289795	-47.805664
8579.635620	-46.671272
8580.981445	-47.059139
8582.327271	-47.834454
8583.673096	-46.486416
8585.018921	-46.476334
8586.364746	-46.742897
8587.710571	-46.260517
8589.056396	-47.591145
8590.402222	-46.232983
8591.748047	-47.188221
8593.093872	-46.588387
8594.439697	-46.641106
8595.785522	-46.912617
8597.131348	-46.561520
8598.477173	-46.528896
8599.822998	-46.347729
8601.168823	-45.812355
8602.514648	-46.740299
8603.860474	-47.484417
8605.206299	-46.586220
8606.552124	-47.469723
8607.897949	-45.954597
8609.243774	-47.583157
8610.589600	-47.255962
8611.935425	-46.631496
8613.281250	-46.437542
8614.627075	-45.985157
8615.972900	-47.447353
8617.318726	-47.358624
8618.664551	-46.113632
8620.010376	-46.682690
8621.356201	-47.159405
8622.702026	-46.932125
8624.047852	-47.721695
8625.393677	-46.998947
8626.739502	-46.033237
8628.085327	-46.082367
8629.431152	-47.041027
8630.776978	-47.355667
8632.122803	-46.776047
8633.468628	-46.863449
8634.814453	-47.836914
8636.160278	-46.952679
8637.506104	-45.733040
8638.851929	-47.179699
8640.197754	-47.247486
8641.543579	-46.326054
8642.889404	-45.983009
8644.235229	-46.887127
8645.581055	-46.511238
8646.926880	-46.634533
8648.272705	-46.698792
8649.618530	-45.736691
8650.964355	-47.190620
8652.310181	-46.965496
8653.656006	-47.062668
8655.001831	-47.045464
8656.347656	-47.458843
8657.693481	-48.196945
8659.039307	-46.246155
8660.385132	-46.319031
8661.730957	-47.723503
8663.076782	-47.616802
8664.422607	-46.259693
8665.768433	-46.640724
8667.114258	-46.840672
8668.460083	-46.451294
8669.805908	-47.594238
8671.151733	-46.249702
8672.497559	-46.590443
8673.843384	-46.632717
8675.189209	-47.621059
8676.535034	-47.264061
8677.880859	-45.797482
8679.226685	-45.696697
8680.572510	-46.713467
8681.918335	-46.688274
8683.264160	-46.680210
8684.609985	-46.004623
8685.955811	-48.112923
8687.301636	-46.276787
8688.647461	-46.548203
8689.993286	-46.396011
8691.339111	-46.720882
8692.684937	-45.796581
8694.030762	-47.611790
8695.376587	-47.378643
8696.722412	-47.113747
8698.068237	-46.945240
8699.414062	-46.155491
8700.759888	-47.560375
8702.105713	-48.256435
8703.451538	-48.236782
8704.797363	-46.914391
8706.143188	-46.574654
8707.489014	-47.316677
8708.834839	-48.737186
8710.180664	-47.426891
8711.526489	-47.706944
8712.872314	-48.159367
8714.218140	-46.431622
8715.563965	-47.129337
8716.909790	-46.986088
8718.255615	-48.998638
8719.601440	-47.997784
8720.947266	-48.162384
8722.293091	-46.567829
8723.638916	-46.711903
8724.984741	-46.829109
8726.330566	-47.005157
8727.676392	-46.143593
8729.022217	-46.834709
8730.368042	-47.114731
8731.713867	-47.188812
8733.059692	-46.667469
8734.405518	-46.938553
8735.751343	-46.511082
8737.097168	-46.129013
8738.442993	-46.726231
8739.788818	-46.425297
8741.134644	-47.322845
8742.480469	-48.168091
8743.826294	-47.429253
8745.172119	-46.459824
8746.517944	-46.150803
8747.863770	-47.537739
8749.209595	-45.749199
8750.555420	-47.043781
8751.901245	-46.452511
8753.247070	-47.529957
8754.592896	-47.855629
8755.938721	-46.926186
8757.284546	-46.894585
8758.630371	-47.050758
8759.976196	-47.303074
8761.322021	-46.564827
8762.667847	-46.201477
8764.013672	-47.304203
8765.359497	-46.585453
8766.705322	-47.739285
8768.051147	-47.140301
8769.396973	-46.023846
8770.742798	-46.800835
8772.088623	-46.567219
8773.434448	-47.973400
8774.780273	-47.426270
8776.126099	-46.854176
8777.471924	-47.330669
8778.817749	-47.928219
8780.163574	-46.985851
8781.509399	-46.576591
8782.855225	-46.799866
8784.201050	-47.295555
8785.546875	-47.048073
8786.892700	-45.984711
8788.238525	-46.640739
8789.584351	-46.548729
8790.930176	-46.024250
8792.276001	-47.354050
8793.621826	-46.986149
8794.967651	-46.825535
8796.313477	-47.581444
8797.659302	-47.152916
8799.005127	-46.905846
8800.350952	-46.517555
8801.696777	-47.386021
8803.042603	-46.995602
8804.388428	-46.384247
8805.734253	-48.096302
8807.080078	-48.490059
8808.425903	-46.676380
8809.771729	-47.728836
8811.117554	-47.158325
8812.463379	-46.707321
8813.809204	-48.258781
8815.155029	-45.626560
8816.500854	-47.377289
8817.846680	-46.779297
8819.192505	-46.813538
8820.538330	-46.956749
8821.884155	-46.551319
8823.229980	-46.661892
8824.575806	-47.137470
8825.921631	-47.858406
8827.267456	-47.103119
8828.613281	-46.828667
8829.959106	-47.374630
8831.304932	-47.145027
8832.650757	-47.974678
8833.996582	-48.079151
8835.342407	-47.620655
8836.688232	-47.556122
8838.034058	-46.169647
8839.379883	-46.865559
8840.725708	-46.246574
8842.071533	-46.295414
8843.417358	-47.825989
8844.763184	-46.859531
8846.109009	-46.706211
8847.454834	-46.978310
8848.800659	-46.632759
8850.146484	-47.074154
8851.492310	-47.289631
8852.838135	-47.134724
8854.183960	-46.896442
8855.529785	-46.803719
8856.875610	-47.209740
8858.221436	-46.898636
8859.567261	-46.625660
8860.913086	-47.504677
8862.258911	-47.202866
8863.604736	-47.139977
8864.950562	-46.508862
8866.296387	-47.548077
8867.642212	-46.632370
8868.988037	-46.813633
8870.333862	-46.425533
8871.679688	-46.167370
8873.025513	-46.492775
8874.371338	-45.996418
8875.717163	-46.917946
8877.062988	-47.053112
8878.408813	-47.510525
8879.754639	-45.863205
8881.100464	-46.391151
8882.446289	-47.183434
8883.792114	-46.582363
8885.137939	-46.386593
8886.483765	-47.357258
8887.829590	-47.933918
8889.175415	-46.999310
8890.521240	-46.247974
8891.867065	-47.992809
8893.212891	-47.985764
8894.558716	-47.147572
8895.904541	-47.338905
8897.250366	-47.462429
8898.596191	-47.603672
8899.942017	-47.757565
8901.287842	-45.207623
8902.633667	-47.799740
8903.979492	-46.528343
8905.325317	-47.559086
8906.671143	-47.146641
8908.016968	-47.395054
8909.362793	-47.006607
8910.708618	-45.860603
8912.054443	-45.947269
8913.400269	-46.206760
8914.746094	-47.121880
8916.091919	-45.981110
8917.437744	-45.667503
8918.783569	-45.954575
8920.129395	-46.224415
8921.475220	-47.353630
8922.821045	-47.223152
8924.166870	-47.494225
8925.512695	-46.372211
8926.858521	-47.353748
8928.204346	-47.281956
8929.550171	-46.079700
8930.895996	-46.694775
8932.241821	-46.501530
8933.587646	-46.279400
8934.933472	-47.265732
8936.279297	-46.603546
8937.625122	-47.827671
8938.970947	-46.868996
8940.316772	-47.021618
8941.662598	-46.472160
8943.008423	-46.155380
8944.354248	-46.151180
8945.700073	-47.556278
8947.045898	-46.336319
8948.391724	-46.285309
8949.737549	-46.436935
8951.083374	-46.852467
8952.429199	-47.655682
8953.775024	-45.931641
8955.120850	-46.708038
8956.466675	-45.631275
8957.812500	-47.082829
8959.158325	-45.873726
8960.504150	-48.343899
8961.849976	-46.578072
8963.195801	-46.367821
8964.541626	-46.773228
8965.887451	-47.360817
8967.233276	-46.397739
8968.579102	-47.239494
8969.924927	-47.168739
8971.270752	-46.328320
8972.616577	-46.996273
8973.962402	-46.571629
8975.308228	-46.821445
8976.654053	-47.408684
8977.999878	-46.380875
8979.345703	-46.837406
8980.691528	-47.667717
8982.037354	-47.085541
8983.383179	-47.368912
8984.729004	-48.270958
8986.074829	-47.336376
8987.420654	-46.542713
8988.766479	-46.702480
8990.112305	-45.826096
8991.458130	-46.045467
8992.803955	-46.596695
8994.149780	-47.670708
8995.495605	-46.074799
8996.841431	-46.487831
8998.187256	-46.128220
8999.533081	-47.812977
9000.878906	-45.903790
9002.224731	-47.420444
9003.570557	-47.725422
9004.916382	-45.872971
9006.262207	-47.255653
9007.608032	-48.221039
9008.953857	-48.143974
9010.299683	-46.112801
9011.645508	-47.008900
9012.991333	-46.619549
9014.337158	-46.791420
9015.682983	-46.818485
9017.028809	-47.313961
9018.374634	-48.479069
9019.720459	-47.972416
9021.066284	-47.270050
9022.412109	-46.905617
9023.757935	-46.963490
9025.103760	-46.391636
9026.449585	-46.761612
9027.795410	-47.517639
9029.141235	-47.294834
9030.487061	-46.622570
9031.832886	-47.371284
9033.178711	-46.461319
9034.524536	-46.921284
9035.870361	-47.989140
9037.216187	-47.530155
9038.562012	-47.120754
9039.907837	-47.503464
9041.253662	-47.688000
9042.599487	-46.107857
9043.945312	-46.688862
9045.291138	-47.509232
9046.636963	-47.085396
9047.982788	-47.724121
9049.328613	-46.401974
9050.674438	-46.989780
9052.020264	-46.475250
9053.366089	-47.481991
9054.711914	-48.406754
9056.057739	-46.748257
9057.403564	-46.425648
9058.749390	-47.220528
9060.095215	-46.308578
9061.441040	-47.843044
9062.786865	-47.438366
9064.132690	-46.541122
9065.478516	-47.772926
9066.824341	-46.369862
9068.170166	-46.467606
9069.515991	-47.951683
9070.861816	-47.931034
9072.207642	-47.740936
9073.553467	-46.639484
9074.899292	-46.477741
9076.245117	-46.403526
9077.590942	-47.394917
9078.936768	-47.521492
9080.282593	-47.468040
9081.628418	-46.750374
9082.974243	-46.735329
9084.320068	-47.390751
9085.665894	-47.034142
9087.011719	-46.051304
9088.357544	-46.572372
9089.703369	-46.289196
9091.049194	-46.751965
9092.395020	-47.498447
9093.740845	-46.915478
9095.086670	-46.648003
9096.432495	-47.953297
9097.778320	-47.524887
9099.124146	-48.396412
9100.469971	-47.178040
9101.815796	-47.438778
9103.161621	-46.732323
9104.507446	-46.586140
9105.853271	-46.987743
9107.199097	-47.094685
9108.544922	-46.972572
9109.890747	-46.867302
9111.236572	-46.502213
9112.582397	-47.981590
9113.928223	-46.132019
9115.274048	-46.877838
9116.619873	-46.902130
9117.965698	-46.564804
9119.311523	-47.981979
9120.657349	-47.770844
9122.003174	-47.829834
9123.348999	-47.029034
9124.694824	-45.958485
9126.040649	-47.516346
9127.386475	-47.108910
9128.732300	-47.135544
9130.078125	-47.052773
9131.423950	-46.680035
9132.769775	-47.514870
9134.115601	-47.509575
9135.461426	-46.655624
9136.807251	-47.282295
9138.153076	-47.054649
9139.498901	-47.577682
9140.844727	-46.211544
9142.190552	-47.381424
9143.536377	-46.413033
9144.882202	-46.762218
9146.228027	-47.279686
9147.573853	-46.977081
9148.919678	-46.689358
9150.265503	-47.951416
9151.611328	-46.958210
9152.957153	-47.468761
9154.302979	-46.850071
9155.648804	-47.341938
9156.994629	-46.077778
9158.340454	-46.791935
9159.686279	-45.986626
9161.032104	-46.326633
9162.377930	-46.536694
9163.723755	-46.356636
9165.069580	-46.058361
9166.415405	-47.141346
9167.761230	-46.489048
9169.107056	-46.832592
9170.452881	-46.617741
9171.798706	-47.165630
9173.144531	-47.288727
9174.490356	-46.682568
9175.836182	-46.276882
9177.182007	-46.190361
9178.527832	-48.245491
9179.873657	-46.739716
9181.219482	-47.143459
9182.565308	-48.147663
9183.911133	-47.080029
9185.256958	-47.433899
9186.602783	-47.747910
9187.948608	-47.555878
9189.294434	-47.962379
9190.640259	-47.538952
9191.986084	-46.846458
9193.331909	-47.083126
9194.677734	-47.373760
9196.023560	-47.537319
9197.369385	-47.399612
9198.715210	-48.250607
9200.061035	-47.151779
9201.406860	-45.960556
9202.752686	-47.159912
9204.098511	-46.219280
9205.444336	-46.745960
9206.790161	-46.772011
9208.135986	-47.323009
9209.481812	-46.030201
9210.827637	-46.533901
9212.173462	-47.764061
9213.519287	-47.067314
9214.865112	-47.080578
9216.210938	-46.759777
9217.556763	-46.413860
9218.902588	-46.393562
9220.248413	-47.807590
9221.594238	-47.945824
9222.940063	-47.017975
9224.285889	-46.304974
9225.631714	-46.770535
9226.977539	-47.206276
9228.323364	-46.505665
9229.669189	-46.254520
9231.015015	-47.917629
9232.360840	-46.949448
9233.706665	-47.373878
9235.052490	-46.542221
9236.398315	-46.758961
9237.744141	-47.034077
9239.089966	-46.303108
9240.435791	-46.181244
9241.781616	-46.289856
9243.127441	-47.475197
9244.473267	-47.001850
9245.819092	-47.069008
9247.164917	-46.230434
9248.510742	-47.577244
9249.856567	-47.018501
9251.202393	-46.284817
9252.548218	-47.882057
9253.894043	-46.883102
9255.239868	-47.006832
9256.585693	-46.637943
9257.931519	-47.157066
9259.277344	-47.502106
9260.623169	-47.201080
9261.968994	-47.667625
9263.314819	-47.329941
9264.660645	-47.681915
9266.006470	-46.959190
9267.352295	-47.092999
9268.698120	-47.070477
9270.043945	-48.596565
9271.389771	-45.382206
9272.735596	-46.922470
9274.081421	-46.994328
9275.427246	-47.321655
9276.773071	-47.855663
9278.118896	-46.380646
9279.464722	-46.968845
9280.810547	-47.442734
9282.156372	-46.374641
9283.502197	-46.975735
9284.848022	-46.301563
9286.193848	-46.950626
9287.539673	-47.267448
9288.885498	-48.777596
9290.231323	-46.577366
9291.577148	-46.871033
9292.922974	-45.988495
9294.268799	-46.369282
9295.614624	-47.429264
9296.960449	-46.697998
9298.306274	-46.587620
9299.652100	-48.203571
9300.997925	-46.903938
9302.343750	-46.424046
9303.689575	-46.323895
9305.035400	-48.165512
9306.381226	-46.871326
9307.727051	-46.758965
9309.072876	-47.047096
9310.418701	-45.902031
9311.764526	-46.370415
9313.110352	-47.692032
9314.456177	-46.598186
9315.802002	-47.002308
9317.147827	-47.375755
9318.493652	-47.313877
9319.839478	-47.125477
9321.185303	-46.830597
9322.531128	-47.246407
9323.876953	-46.695812
9325.222778	-46.174568
9326.568604	-45.944698
9327.914429	-46.585548
9329.260254	-47.000320
9330.606079	-46.828815
9331.951904	-46.081478
9333.297729	-47.326305
9334.643555	-47.272472
9335.989380	-46.867104
9337.335205	-47.180664
9338.681030	-47.977642
9340.026855	-46.322025
9341.372681	-46.772285
9342.718506	-47.242462
9344.064331	-47.887379
9345.410156	-47.722855
9346.755981	-47.047306
9348.101807	-47.330757
9349.447632	-47.318668
9350.793457	-46.326664
9352.139282	-47.108482
9353.485107	-48.045727
9354.830933	-46.764015
9356.176758	-47.107216
9357.522583	-46.088131
9358.868408	-47.043442
9360.214233	-46.591324
9361.560059	-47.377670
9362.905884	-47.520912
9364.251709	-47.035053
9365.597534	-45.843040
9366.943359	-46.237408
9368.289185	-46.182251
9369.635010	-46.887745
9370.980835	-46.853062
9372.326660	-46.314541
9373.672485	-47.337227
9375.018311	-46.388729
9376.364136	-46.125759
9377.709961	-47.315372
9379.055786	-47.124207
9380.401611	-46.710327
9381.747437	-48.344353
9383.093262	-47.823711
9384.439087	-46.269882
9385.784912	-47.040764
9387.130737	-46.998325
9388.476562	-46.765545
9389.822388	-46.451054
9391.168213	-47.297615
9392.514038	-47.993645
9393.859863	-46.888779
9395.205688	-46.574223
9396.551514	-46.960991
9397.897339	-45.953350
9399.243164	-46.577190
9400.588989	-46.964993
9401.934814	-46.573261
9403.280640	-47.153168
9404.626465	-47.226799
9405.972290	-46.195732
9407.318115	-46.406689
9408.663940	-46.285351
9410.009766	-47.717953
9411.355591	-47.529724
9412.701416	-46.568153
9414.047241	-46.384235
9415.393066	-46.314369
9416.738892	-47.451229
9418.084717	-46.806232
9419.430542	-47.035454
9420.776367	-46.314796
9422.122192	-46.432892
9423.468018	-47.279011
9424.813843	-47.725807
9426.159668	-46.606659
9427.505493	-47.124691
9428.851318	-46.865551
9430.197144	-46.843441
9431.542969	-47.026951
9432.888794	-48.060043
9434.234619	-47.653778
9435.580444	-47.029232
9436.926270	-47.333885
9438.272095	-46.813198
9439.617920	-47.014938
9440.963745	-46.546738
9442.309570	-46.650108
9443.655396	-47.438034
9445.001221	-47.520660
9446.347046	-47.233063
9447.692871	-46.430660
9449.038696	-46.337173
9450.384521	-46.264103
9451.730347	-46.883999
9453.076172	-47.164951
9454.421997	-47.124557
9455.767822	-45.567398
9457.113647	-47.805592
9458.459473	-47.802654
9459.805298	-46.176655
9461.151123	-46.864353
9462.496948	-46.051651
9463.842773	-46.681213
9465.188599	-46.890114
9466.534424	-47.200432
9467.880249	-47.568462
9469.226074	-47.749031
9470.571899	-47.103809
9471.917725	-47.838081
9473.263550	-46.163887
9474.609375	-46.671200
9475.955200	-48.136436
9477.301025	-47.745872
9478.646851	-46.902199
9479.992676	-46.216000
9481.338501	-46.302055
9482.684326	-47.043232
9484.030151	-45.757256
9485.375977	-46.824116
9486.721802	-46.444481
9488.067627	-47.055691
9489.413452	-47.551121
9490.759277	-48.032566
9492.105103	-47.130928
9493.450928	-46.924107
9494.796753	-46.480782
9496.142578	-47.651043
9497.488403	-47.576160
9498.834229	-46.702827
9500.180054	-46.948994
9501.525879	-47.505722
9502.871704	-47.478985
9504.217529	-47.903358
9505.563354	-47.207310
9506.909180	-46.059113
9508.255005	-46.564316
9509.600830	-46.583115
9510.946655	-46.018986
9512.292480	-46.689877
9513.638306	-47.392834
9514.984131	-45.480049
9516.329956	-45.870529
9517.675781	-47.258644
9519.021606	-47.448021
9520.367432	-45.562840
9521.713257	-46.480988
9523.059082	-47.017262
9524.404907	-46.737862
9525.750732	-46.897335
9527.096558	-47.106258
9528.442383	-46.751778
9529.788208	-46.661633
9531.134033	-46.676907
9532.479858	-47.331268
9533.825684	-46.991531
9535.171509	-46.981953
9536.517334	-46.168434
9537.863159	-46.669529
9539.208984	-46.669296
9540.554810	-46.020416
9541.900635	-47.467606
9543.246460	-46.210835
9544.592285	-46.278175
9545.938110	-47.341251
9547.283936	-46.100281
9548.629761	-46.185760
9549.975586	-48.185772
9551.321411	-47.253128
9552.667236	-45.962906
9554.013062	-46.978447
9555.358887	-47.135094
9556.704712	-47.564674
9558.050537	-47.159603
9559.396362	-47.802608
9560.742188	-47.444160
9562.088013	-46.148697
9563.433838	-46.936096
9564.779663	-45.998985
9566.125488	-47.504570
9567.471313	-46.995953
9568.817139	-45.375820
9570.162964	-46.863785
9571.508789	-48.453777
9572.854614	-47.634365
9574.200439	-48.072487
9575.546265	-47.117195
9576.892090	-47.992039
9578.237915	-46.911758
9579.583740	-46.780128
9580.929565	-47.936047
9582.275391	-47.888794
9583.621216	-47.935928
9584.967041	-46.906857
9586.312866	-46.863995
9587.658691	-46.564667
9589.004517	-47.175308
9590.350342	-46.769703
9591.696167	-47.430386
9593.041992	-46.641262
9594.387817	-47.115025
9595.733643	-46.990807
9597.079468	-47.387287
9598.425293	-47.453201
9599.771118	-47.403858
9601.116943	-46.575333
9602.462769	-46.859066
9603.808594	-46.704914
9605.154419	-47.755833
9606.500244	-47.623695
9607.846069	-47.446556
9609.191895	-46.420029
9610.537720	-47.296120
9611.883545	-47.148808
9613.229370	-47.831978
9614.575195	-47.419064
9615.921021	-46.676201
9617.266846	-47.321819
9618.612671	-46.296040
9619.958496	-46.551357
9621.304321	-47.625637
9622.650146	-46.521755
9623.995972	-47.921272
9625.341797	-46.539642
9626.687622	-47.084240
9628.033447	-47.012981
9629.379272	-46.686115
9630.725098	-46.678886
9632.070923	-47.038311
9633.416748	-46.663586
9634.762573	-47.032433
9636.108398	-46.969116
9637.454224	-47.388367
9638.800049	-47.081051
9640.145874	-46.131607
9641.491699	-47.607742
9642.837524	-46.943359
9644.183350	-46.742447
9645.529175	-46.872772
9646.875000	-47.327744
9648.220825	-47.184921
9649.566650	-46.731110
9650.912476	-46.477146
9652.258301	-46.271500
9653.604126	-46.741287
9654.949951	-46.902126
9656.295776	-46.665997
9657.641602	-47.560211
9658.987427	-47.562027
9660.333252	-47.829498
9661.679077	-46.695576
9663.024902	-46.927975
9664.370728	-47.668037
9665.716553	-47.553165
9667.062378	-45.736568
9668.408203	-46.542850
9669.754028	-47.283855
9671.099854	-47.227924
9672.445679	-47.741180
9673.791504	-47.551750
9675.137329	-46.813892
9676.483154	-47.352707
9677.828979	-47.238029
9679.174805	-47.008888
9680.520630	-46.972626
9681.866455	-47.055527
9683.212280	-46.603851
9684.558105	-46.556599
9685.903931	-46.213112
9687.249756	-46.916847
9688.595581	-46.783363
9689.941406	-47.883656
9691.287231	-46.813141
9692.633057	-46.931728
9693.978882	-46.975773
9695.324707	-46.871685
9696.670532	-48.820667
9698.016357	-46.792519
9699.362183	-47.045689
9700.708008	-45.986179
9702.053833	-47.245735
9703.399658	-47.574471
9704.745483	-46.857712
9706.091309	-46.965088
9707.437134	-46.787628
9708.782959	-47.816780
9710.128784	-45.454018
9711.474609	-46.426636
9712.820435	-47.596912
9714.166260	-47.367218
9715.512085	-47.087311
9716.857910	-46.873623
9718.203735	-47.580860
9719.549561	-47.046135
9720.895386	-45.855404
9722.241211	-47.112576
9723.587036	-46.629173
9724.932861	-46.287891
9726.278687	-47.365044
9727.624512	-47.183102
9728.970337	-46.829731
9730.316162	-45.715847
9731.661987	-46.362061
9733.007812	-46.576313
9734.353638	-47.136345
9735.699463	-47.097469
9737.045288	-47.563255
9738.391113	-46.767223
9739.736938	-47.209782
9741.082764	-47.219654
9742.428589	-47.682648
9743.774414	-46.072788
9745.120239	-47.678547
9746.466064	-46.403759
9747.811890	-46.356251
9749.157715	-46.769173
9750.503540	-48.266876
9751.849365	-46.773449
9753.195190	-47.027302
9754.541016	-47.400265
9755.886841	-47.349045
9757.232666	-47.208324
9758.578491	-47.978642
9759.924316	-47.366764
9761.270142	-47.522671
9762.615967	-47.232365
9763.961792	-47.460800
9765.307617	-46.197090
9766.653442	-46.940689
9767.999268	-47.300953
9769.345093	-46.739983
9770.690918	-47.061840
9772.036743	-47.254002
9773.382568	-46.035881
9774.728394	-45.766773
9776.074219	-46.787418
9777.420044	-46.704643
9778.765869	-47.216896
9780.111694	-47.254765
9781.457520	-46.834461
9782.803345	-47.493481
9784.149170	-45.956081
9785.494995	-46.743793
9786.840820	-46.844040
9788.186646	-46.660286
9789.532471	-47.921993
9790.878296	-46.687645
9792.224121	-46.725288
9793.569946	-46.858231
9794.915771	-47.480221
9796.261597	-47.447674
9797.607422	-47.025227
9798.953247	-47.610550
9800.299072	-46.698681
9801.644897	-46.164577
9802.990723	-47.651760
9804.336548	-47.110001
9805.682373	-47.243004
9807.028198	-47.394787
9808.374023	-47.746601
9809.719849	-46.106022
9811.065674	-46.667477
9812.411499	-47.820171
9813.757324	-46.555542
9815.103149	-47.558987
9816.448975	-47.198387
9817.794800	-47.019981
9819.140625	-46.184361
9820.486450	-47.678844
9821.832275	-47.167068
9823.178101	-46.489403
9824.523926	-47.614231
9825.869751	-47.873577
9827.215576	-45.622505
9828.561401	-46.688633
9829.907227	-47.263657
9831.253052	-47.598194
9832.598877	-47.275875
9833.944702	-47.325520
9835.290527	-46.056656
9836.636353	-47.017567
9837.982178	-47.540638
9839.328003	-47.831066
9840.673828	-47.288124
9842.019653	-47.315914
9843.365479	-48.043442
9844.711304	-47.022190
9846.057129	-46.440514
9847.402954	-46.644199
9848.748779	-46.847523
9850.094604	-46.502373
9851.440430	-47.171535
9852.786255	-47.401592
9854.132080	-46.565529
9855.477905	-46.955658
9856.823730	-46.389843
9858.169556	-47.235767
9859.515381	-46.714962
9860.861206	-47.044136
9862.207031	-47.722950
9863.552856	-47.092026
9864.898682	-46.763821
9866.244507	-47.134644
9867.590332	-47.366909
9868.936157	-47.134453
9870.281982	-47.013233
9871.627808	-46.561382
9872.973633	-46.549652
9874.319458	-46.640957
9875.665283	-46.407848
9877.011108	-46.830685
9878.356934	-46.350719
9879.702759	-46.706200
9881.048584	-47.996681
9882.394409	-47.001991
9883.740234	-47.049423
9885.086060	-47.298065
9886.431885	-47.101089
9887.777710	-47.266518
9889.123535	-46.613560
9890.469360	-47.097923
9891.815186	-48.105194
9893.161011	-46.919128
9894.506836	-46.856022
9895.852661	-47.111370
9897.198486	-46.775623
9898.544312	-46.756023
9899.890137	-46.005356
9901.235962	-47.232990
9902.581787	-46.939041
9903.927612	-47.105984
9905.273438	-47.310356
9906.619263	-46.490681
9907.965088	-47.222469
9909.310913	-46.483589
9910.656738	-46.479855
9912.002563	-46.646301
9913.348389	-46.199535
9914.694214	-46.204540
9916.040039	-46.740646
9917.385864	-46.660641
9918.731689	-46.664707
9920.077515	-46.452080
9921.423340	-45.977966
9922.769165	-47.132435
9924.114990	-46.432346
9925.460815	-46.649437
9926.806641	-47.219723
9928.152466	-46.632481
9929.498291	-46.364120
9930.844116	-47.308109
9932.189941	-47.019402
9933.535767	-46.681755
9934.881592	-47.296833
9936.227417	-46.964893
9937.573242	-47.193668
9938.919067	-47.653481
9940.264893	-46.173973
9941.610718	-47.261337
9942.956543	-46.648079
9944.302368	-46.522045
9945.648193	-46.555477
9946.994019	-47.457020
9948.339844	-46.004749
9949.685669	-47.095840
9951.031494	-47.142315
9952.377319	-46.820213
9953.723145	-46.526985
9955.068970	-47.538670
9956.414795	-47.011990
9957.760620	-47.418678
9959.106445	-48.565811
9960.452271	-46.964417
9961.798096	-47.788635
9963.143921	-46.761204
9964.489746	-47.028820
9965.835571	-48.033981
9967.181396	-48.167622
9968.527222	-46.775551
9969.873047	-46.659256
9971.218872	-47.091389
9972.564697	-46.711128
9973.910522	-46.808796
9975.256348	-46.276115
9976.602173	-46.782635
9977.947998	-47.011799
9979.293823	-47.014637
9980.639648	-46.992134
9981.985474	-46.719547
9983.331299	-46.619118
9984.677124	-46.836903
9986.022949	-46.849236
9987.368774	-46.654293
9988.714600	-47.113117
9990.060425	-46.421257
9991.406250	-46.659676
9992.752075	-46.272354
9994.097900	-46.465347
9995.443726	-47.052593
9996.789551	-46.521946
9998.135376	-47.017513
9999.481201	-47.647121
10000.827026	-46.825981
10002.172852	-46.307816
10003.518677	-46.676743
10004.864502	-46.300186
10006.210327	-46.813038
10007.556152	-47.822109
10008.901978	-46.709145
10010.247803	-45.810001
10011.593628	-45.817223
10012.939453	-46.692215
10014.285278	-46.229424
10015.631104	-47.700134
10016.976929	-46.506660
10018.322754	-46.969395
10019.668579	-47.932285
10021.014404	-46.520538
10022.360229	-46.314346
10023.706055	-46.725517
10025.051880	-48.331860
10026.397705	-47.034588
10027.743530	-46.833191
10029.089355	-46.877472
10030.435181	-47.220387
10031.781006	-47.240261
10033.126831	-47.050053
10034.472656	-45.913826
10035.818481	-46.986423
10037.164307	-47.181416
10038.510132	-48.592213
10039.855957	-47.604134
10041.201782	-47.604530
10042.547607	-47.002571
10043.893433	-47.330441
10045.239258	-46.583736
10046.585083	-47.023930
10047.930908	-46.912086
10049.276733	-46.707348
10050.622559	-47.056633
10051.968384	-47.792995
10053.314209	-46.826534
10054.660034	-46.905426
10056.005859	-47.311485
10057.351685	-46.406063
10058.697510	-46.594715
10060.043335	-47.010227
10061.389160	-46.488461
10062.734985	-45.738811
10064.080811	-46.952724
10065.426636	-46.538071
10066.772461	-45.745068
10068.118286	-47.878273
10069.464111	-48.171036
10070.809937	-46.340462
10072.155762	-47.091965
10073.501587	-47.699265
10074.847412	-47.011978
10076.193237	-47.248417
10077.539062	-46.035294
10078.884888	-46.590179
10080.230713	-46.692234
10081.576538	-46.417164
10082.922363	-46.326065
10084.268188	-46.936535
10085.614014	-46.619923
10086.959839	-46.936398
10088.305664	-47.035286
10089.651489	-46.654915
10090.997314	-45.819103
10092.343140	-47.080849
10093.688965	-47.478481
10095.034790	-46.959232
10096.380615	-46.718201
10097.726440	-46.539284
10099.072266	-47.194820
10100.418091	-47.413208
10101.763916	-46.617180
10103.109741	-47.536953
10104.455566	-46.580734
10105.801392	-46.586983
10107.147217	-47.151337
10108.493042	-46.027813
10109.838867	-46.420776
10111.184692	-46.383705
10112.530518	-45.711605
10113.876343	-44.991508
10115.222168	-45.700314
10116.567993	-47.205875
10117.913818	-46.670734
10119.259644	-47.123981
10120.605469	-48.166435
10121.951294	-47.115589
10123.297119	-46.834042
10124.642944	-47.187683
10125.988770	-48.042530
10127.334595	-46.797546
10128.680420	-47.017410
10130.026245	-48.372654
10131.372070	-46.763206
10132.717896	-46.852543
10134.063721	-46.513836
10135.409546	-47.920856
10136.755371	-45.715172
10138.101196	-47.190388
10139.447021	-46.084183
10140.792847	-47.037857
10142.138672	-46.949951
10143.484497	-46.511837
10144.830322	-47.476086
10146.176147	-46.754642
10147.521973	-47.291382
10148.867798	-47.462139
10150.213623	-46.583477
10151.559448	-46.437092
10152.905273	-46.546062
10154.251099	-47.251030
10155.596924	-46.946861
10156.942749	-45.836224
10158.288574	-46.806423
10159.634399	-46.421265
10160.980225	-46.137737
10162.326050	-46.931568
10163.671875	-47.194988
10165.017700	-45.982773
10166.363525	-46.675144
10167.709351	-46.980083
10169.055176	-47.417385
10170.401001	-46.759903
10171.746826	-46.838547
10173.092651	-47.034401
10174.438477	-47.255249
10175.784302	-47.014297
10177.130127	-47.208168
10178.475952	-46.782089
10179.821777	-48.200329
10181.167603	-48.088825
10182.513428	-47.999752
10183.859253	-47.176384
10185.205078	-47.671516
10186.550903	-46.605469
10187.896729	-46.519375
10189.242554	-47.098049
10190.588379	-46.772366
10191.934204	-47.484337
10193.280029	-47.193073
10194.625854	-46.645195
10195.971680	-45.770741
10197.317505	-46.519989
10198.663330	-46.802967
10200.009155	-46.318859
10201.354980	-47.124649
10202.700806	-46.696674
10204.046631	-46.693085
10205.392456	-47.082405
10206.738281	-47.486889
10208.084106	-46.173668
10209.429932	-46.125660
10210.775757	-48.395683
10212.121582	-46.882240
10213.467407	-45.993851
10214.813232	-47.768055
10216.159058	-47.662659
10217.504883	-47.411011
10218.850708	-47.994221
10220.196533	-46.925850
10221.542358	-46.669064
10222.888184	-45.604824
10224.234009	-46.405521
10225.579834	-47.083820
10226.925659	-47.793915
10228.271484	-46.749413
10229.617310	-46.752972
10230.963135	-47.424232
10232.308960	-46.444973
10233.654785	-46.620247
10235.000610	-46.904572
10236.346436	-47.020409
10237.692261	-47.791584
10239.038086	-47.344131
10240.383911	-47.449356
10241.729736	-46.752087
10243.075562	-46.388481
10244.421387	-47.108406
10245.767212	-47.314209
10247.113037	-46.875420
10248.458862	-47.212154
10249.804688	-47.533340
10251.150513	-46.571911
10252.496338	-46.713043
10253.842163	-46.623692
10255.187988	-47.613697
10256.533813	-46.376087
10257.879639	-45.963196
10259.225464	-47.655762
10260.571289	-46.415871
10261.917114	-46.566479
10263.262939	-46.186970
10264.608765	-47.531773
10265.954590	-46.545391
10267.300415	-47.308662
10268.646240	-47.472759
10269.992065	-47.920433
10271.337891	-47.743019
10272.683716	-46.610344
10274.029541	-47.687637
10275.375366	-45.906868
10276.721191	-47.090797
10278.067017	-47.255203
10279.412842	-46.998180
10280.758667	-46.933819
10282.104492	-46.981564
10283.450317	-46.121830
10284.796143	-46.553600
10286.141968	-46.779629
10287.487793	-46.951214
10288.833618	-46.313332
10290.179443	-47.194645
10291.525269	-47.235268
10292.871094	-47.498978
10294.216919	-47.991558
10295.562744	-46.759487
10296.908569	-47.769932
10298.254395	-47.248501
10299.600220	-46.151226
10300.946045	-46.539085
10302.291870	-47.095806
10303.637695	-47.053562
10304.983521	-47.213364
10306.329346	-47.616940
10307.675171	-47.064724
10309.020996	-46.952457
10310.366821	-47.084045
10311.712646	-46.320103
10313.058472	-47.151432
10314.404297	-47.367249
10315.750122	-47.209354
10317.095947	-46.865196
10318.441772	-45.624668
10319.787598	-46.315704
10321.133423	-46.492828
10322.479248	-47.383484
10323.825073	-46.343067
10325.170898	-46.394928
10326.516724	-47.116314
10327.862549	-46.617111
10329.208374	-46.126629
10330.554199	-47.147923
10331.900024	-47.379333
10333.245850	-47.938412
10334.591675	-47.215569
10335.937500	-46.186714
10337.283325	-47.122917
10338.629150	-47.034161
10339.974976	-47.299725
10341.320801	-47.459213
10342.666626	-46.968884
10344.012451	-46.163441
10345.358276	-47.479992
10346.704102	-47.079063
10348.049927	-46.562840
10349.395752	-46.500080
10350.741577	-46.823818
10352.087402	-46.953133
10353.433228	-46.096355
10354.779053	-47.474655
10356.124878	-48.359871
10357.470703	-46.592083
10358.816528	-47.073807
10360.162354	-46.706528
10361.508179	-47.576679
10362.854004	-46.891975
10364.199829	-45.800014
10365.545654	-48.054039
10366.891479	-46.589451
10368.237305	-46.796524
10369.583130	-46.168823
10370.928955	-46.258507
10372.274780	-45.504803
10373.620605	-47.110806
10374.966431	-46.914158
10376.312256	-47.159550
10377.658081	-47.552738
10379.003906	-47.293953
10380.349731	-47.536152
10381.695557	-47.023960
10383.041382	-47.590836
10384.387207	-45.895035
10385.733032	-47.226357
10387.078857	-46.560341
10388.424683	-45.862339
10389.770508	-46.586826
10391.116333	-48.858360
10392.462158	-46.300331
10393.807983	-46.711563
10395.153809	-47.210869
10396.499634	-47.419266
10397.845459	-48.037788
10399.191284	-47.046070
10400.537109	-46.729790
10401.882935	-46.900509
10403.228760	-46.130135
10404.574585	-47.356583
10405.920410	-46.990078
10407.266235	-46.088120
10408.612061	-46.206215
10409.957886	-46.102787
10411.303711	-47.615314
10412.649536	-47.508347
10413.995361	-48.410015
10415.341187	-47.143410
10416.687012	-47.339809
10418.032837	-47.500298
10419.378662	-47.582336
10420.724487	-47.874477
10422.070312	-47.086124
10423.416138	-47.674816
10424.761963	-47.161762
10426.107788	-47.022732
10427.453613	-47.335304
10428.799438	-46.975567
10430.145264	-47.385666
10431.491089	-46.682732
10432.836914	-46.783791
10434.182739	-46.379288
10435.528564	-46.697365
10436.874390	-46.618355
10438.220215	-45.950924
10439.566040	-46.571182
10440.911865	-47.632374
10442.257690	-47.032154
10443.603516	-46.529915
10444.949341	-48.536690
10446.295166	-46.995930
10447.640991	-47.072559
10448.986816	-46.603252
10450.332642	-46.078793
10451.678467	-45.481350
10453.024292	-46.493839
10454.370117	-47.871414
10455.715942	-46.549458
10457.061768	-46.809479
10458.407593	-47.707520
10459.753418	-46.310242
10461.099243	-46.532917
10462.445068	-46.036888
10463.790894	-46.935627
10465.136719	-47.610497
10466.482544	-45.717514
10467.828369	-45.935760
10469.174194	-46.860847
10470.520020	-46.975498
10471.865845	-46.680996
10473.211670	-47.782040
10474.557495	-48.011082
10475.903320	-47.101654
10477.249146	-47.617176
10478.594971	-47.924305
10479.940796	-46.187317
10481.286621	-47.626095
10482.632446	-46.990345
10483.978271	-46.926914
10485.324097	-45.603405
10486.669922	-46.820251
10488.015747	-45.970680
10489.361572	-46.753639
10490.707397	-46.502808
10492.053223	-47.240849
10493.399048	-47.048767
10494.744873	-46.499393
10496.090698	-47.215702
10497.436523	-46.720966
10498.782349	-46.501545
10500.128174	-46.351654
10501.473999	-47.937988
10502.819824	-47.229309
10504.165649	-46.779362
10505.511475	-46.318108
10506.857300	-46.693287
10508.203125	-46.333702
10509.548950	-46.490131
10510.894775	-47.248825
10512.240601	-46.856117
10513.586426	-47.047306
10514.932251	-46.999706
10516.278076	-46.251770
10517.623901	-47.222939
10518.969727	-45.957645
10520.315552	-46.632648
10521.661377	-45.826191
10523.007202	-46.527821
10524.353027	-47.884075
10525.698853	-47.525768
10527.044678	-46.319012
10528.390503	-46.344185
10529.736328	-47.885113
10531.082153	-46.503059
10532.427979	-46.752869
10533.773804	-47.305363
10535.119629	-46.330032
10536.465454	-46.862190
10537.811279	-46.572823
10539.157104	-46.582916
10540.502930	-47.066029
10541.848755	-47.568707
10543.194580	-48.254345
10544.540405	-47.136158
10545.886230	-47.408062
10547.232056	-46.697395
10548.577881	-46.414722
10549.923706	-46.770412
10551.269531	-46.678265
10552.615356	-46.847328
10553.961182	-46.802540
10555.307007	-46.720253
10556.652832	-47.588955
10557.998657	-47.366486
10559.344482	-45.662899
10560.690308	-46.733856
10562.036133	-46.854134
10563.381958	-47.081776
10564.727783	-46.919624
10566.073608	-46.865971
10567.419434	-47.661804
10568.765259	-47.832489
10570.111084	-46.395535
10571.456909	-46.528488
10572.802734	-46.859985
10574.148560	-46.800568
10575.494385	-47.350872
10576.840210	-46.760220
10578.186035	-46.495922
10579.531860	-46.905804
10580.877686	-47.266430
10582.223511	-46.097824
10583.569336	-47.146309
10584.915161	-46.551243
10586.260986	-46.727856
10587.606812	-47.029926
10588.952637	-46.578983
10590.298462	-47.349178
10591.644287	-46.143402
10592.990112	-47.505665
10594.335938	-46.354935
10595.681763	-47.472439
10597.027588	-47.615818
10598.373413	-47.702251
10599.719238	-47.950325
10601.065063	-45.850155
10602.410889	-46.422630
10603.756714	-46.961243
10605.102539	-46.756718
10606.448364	-46.358925
10607.794189	-45.980774
10609.140015	-47.320244
10610.485840	-46.560627
10611.831665	-46.325104
10613.177490	-47.217655
10614.523315	-46.905396
10615.869141	-46.800678
10617.214966	-47.412941
10618.560791	-47.483368
10619.906616	-47.190727
10621.252441	-46.290680
10622.598267	-46.662495
10623.944092	-47.376484
10625.289917	-47.617535
10626.635742	-46.998798
10627.981567	-47.499355
10629.327393	-47.476265
10630.673218	-47.787186
10632.019043	-47.459438
10633.364868	-46.232918
10634.710693	-46.666447
10636.056519	-46.165325
10637.402344	-46.725586
10638.748169	-47.108650
10640.093994	-46.950768
10641.439819	-47.810871
10642.785645	-47.082676
10644.131470	-47.420227
10645.477295	-46.673542
10646.823120	-47.537151
10648.168945	-46.542667
10649.514771	-47.113827
10650.860596	-47.137844
10652.206421	-46.607960
10653.552246	-46.312004
10654.898071	-46.797127
10656.243896	-47.244648
10657.589722	-47.384064
10658.935547	-47.485111
10660.281372	-46.254795
10661.627197	-46.937485
10662.973022	-47.816601
10664.318848	-47.558319
10665.664673	-46.619122
10667.010498	-46.408802
10668.356323	-45.812107
10669.702148	-47.047424
10671.047974	-46.850449
10672.393799	-47.769070
10673.739624	-48.431980
10675.085449	-47.397835
10676.431274	-47.458271
10677.777100	-46.676262
10679.122925	-46.157223
10680.468750	-46.285007
10681.814575	-46.360878
10683.160400	-46.516777
10684.506226	-46.887436
10685.852051	-46.594807
10687.197876	-46.838173
10688.543701	-46.323822
10689.889526	-46.745358
10691.235352	-47.852104
10692.581177	-47.696777
10693.927002	-46.516869
10695.272827	-47.221462
10696.618652	-46.903801
10697.964478	-46.221840
10699.310303	-46.862965
10700.656128	-46.668350
10702.001953	-47.559879
10703.347778	-46.977276
10704.693604	-46.797588
10706.039429	-46.204914
10707.385254	-46.838688
10708.731079	-46.616642
10710.076904	-47.504963
10711.422729	-46.365662
10712.768555	-46.967964
10714.114380	-45.683182
10715.460205	-47.077053
10716.806030	-47.064194
10718.151855	-47.958145
10719.497681	-46.407234
10720.843506	-48.216053
10722.189331	-46.408993
10723.535156	-47.701702
10724.880981	-46.932751
10726.226807	-46.676685
10727.572632	-47.172470
10728.918457	-47.096111
10730.264282	-47.027840
10731.610107	-47.134075
10732.955933	-46.782364
10734.301758	-47.155193
10735.647583	-46.313438
10736.993408	-47.667973
10738.339233	-47.383099
10739.685059	-46.588097
10741.030884	-47.620361
10742.376709	-47.375568
10743.722534	-47.049965
10745.068359	-46.668938
10746.414185	-45.691711
10747.760010	-46.398945
10749.105835	-47.661472
10750.451660	-48.565380
10751.797485	-46.469654
10753.143311	-47.235336
10754.489136	-46.466724
10755.834961	-46.909382
10757.180786	-46.899902
10758.526611	-47.126965
10759.872437	-46.766621
10761.218262	-47.888023
10762.564087	-46.719147
10763.909912	-47.706047
10765.255737	-47.783802
10766.601562	-46.877502
10767.947388	-46.119106
10769.293213	-46.268772
10770.639038	-47.352112
10771.984863	-47.164433
10773.330688	-47.246792
10774.676514	-47.009842
10776.022339	-46.929672
10777.368164	-46.946606
10778.713989	-47.758190
10780.059814	-46.682297
10781.405640	-47.712894
10782.751465	-47.270161
10784.097290	-46.196568
10785.443115	-47.450832
10786.788940	-48.146481
10788.134766	-47.111153
10789.480591	-47.988297
10790.826416	-47.759285
10792.172241	-48.128365
10793.518066	-47.206955
10794.863892	-46.943722
10796.209717	-46.291168
10797.555542	-46.282158
10798.901367	-47.193394
10800.247192	-47.421627
10801.593018	-46.578037
10802.938843	-47.068127
10804.284668	-46.627907
10805.630493	-46.617191
10806.976318	-47.168011
10808.322144	-47.300781
10809.667969	-46.517086
10811.013794	-47.586555
10812.359619	-46.227558
10813.705444	-46.519058
10815.051270	-46.165848
10816.397095	-46.713963
10817.742920	-47.725456
10819.088745	-46.681438
10820.434570	-46.692612
10821.780396	-46.830177
10823.126221	-47.312569
10824.472046	-47.278442
10825.817871	-47.429863
10827.163696	-45.892361
10828.509521	-47.011219
10829.855347	-47.942795
10831.201172	-47.157864
10832.546997	-45.772964
10833.892822	-45.783695
10835.238647	-45.537018
10836.584473	-46.624352
10837.930298	-46.761810
10839.276123	-47.673244
10840.621948	-47.507782
10841.967773	-47.929333
10843.313599	-46.698498
10844.659424	-46.888401
10846.005249	-46.468735
10847.351074	-47.117165
10848.696899	-46.974747
10850.042725	-47.383915
10851.388550	-48.442032
10852.734375	-48.281719
10854.080200	-46.966175
10855.426025	-47.764847
10856.771851	-46.681377
10858.117676	-46.849556
10859.463501	-47.099773
10860.809326	-46.882332
10862.155151	-46.407612
10863.500977	-47.675949
10864.846802	-46.829052
10866.192627	-46.765667
10867.538452	-46.354946
10868.884277	-47.143490
10870.230103	-46.966442
10871.575928	-47.058620
10872.921753	-47.592175
10874.267578	-46.738773
10875.613403	-46.560505
10876.959229	-46.677864
10878.305054	-46.891762
10879.650879	-47.640167
10880.996704	-46.730869
10882.342529	-45.631950
10883.688354	-46.625671
10885.034180	-48.187168
10886.380005	-47.674904
10887.725830	-47.488476
10889.071655	-46.799026
10890.417480	-48.219791
10891.763306	-47.123981
10893.109131	-46.509312
10894.454956	-47.074650
10895.800781	-45.877705
10897.146606	-48.388924
10898.492432	-47.673504
10899.838257	-47.933979
10901.184082	-46.905380
10902.529907	-47.466579
10903.875732	-46.993736
10905.221558	-47.352428
10906.567383	-48.103455
10907.913208	-46.606564
10909.259033	-46.588085
10910.604858	-46.980957
10911.950684	-47.438240
10913.296509	-46.575443
10914.642334	-46.370640
10915.988159	-47.270706
10917.333984	-47.068584
10918.679810	-47.313084
10920.025635	-48.403809
10921.371460	-47.741920
10922.717285	-47.580715
10924.063110	-47.379948
10925.408936	-46.826641
10926.754761	-46.525562
10928.100586	-47.079926
10929.446411	-46.632656
10930.792236	-47.218460
10932.138062	-46.821861
10933.483887	-46.185101
10934.829712	-46.402527
10936.175537	-46.344467
10937.521362	-47.094582
10938.867188	-46.545311
10940.213013	-47.704525
10941.558838	-47.824261
10942.904663	-46.812260
10944.250488	-47.342083
10945.596313	-46.287170
10946.942139	-45.432407
10948.287964	-46.840149
10949.633789	-46.982365
10950.979614	-48.182686
10952.325439	-47.385204
10953.671265	-47.286652
10955.017090	-47.614796
10956.362915	-46.509384
10957.708740	-47.420017
10959.054565	-46.836464
10960.400391	-47.129276
10961.746216	-48.705597
10963.092041	-47.360008
10964.437866	-49.183212
10965.783691	-47.247791
10967.129517	-46.802322
10968.475342	-47.061775
10969.821167	-46.938080
10971.166992	-46.875500
10972.512817	-47.800484
10973.858643	-46.360504
10975.204468	-46.111248
10976.550293	-46.870941
10977.896118	-46.663708
10979.241943	-46.493805
10980.587769	-46.486710
10981.933594	-47.156498
10983.279419	-46.513973
10984.625244	-47.759205
10985.971069	-46.662464
10987.316895	-46.657715
10988.662720	-46.833542
10990.008545	-46.456867
10991.354370	-47.420555
10992.700195	-47.481411
10994.046021	-47.055267
10995.391846	-46.968155
10996.737671	-47.400074
10998.083496	-46.100830
10999.429321	-47.056171
11000.775146	-47.418530
11002.120972	-48.175236
11003.466797	-47.856068
11004.812622	-46.987522
11006.158447	-45.996368
11007.504272	-46.233425
11008.850098	-46.575325
11010.195923	-46.075535
11011.541748	-46.663605
11012.887573	-46.836876
11014.233398	-46.525078
11015.579224	-47.293510
11016.925049	-46.605709
11018.270874	-45.433083
11019.616699	-47.998386
11020.962524	-47.569248
11022.308350	-47.799099
11023.654175	-47.283764
