Frequency (Hz)	Level (dB)
1.345825	-87.864807
2.691650	-87.694916
4.037476	-87.597313
5.383301	-87.569359
6.729126	-86.132187
8.074951	-86.637215
9.420776	-86.062538
10.766602	-83.058319
12.112427	-80.768372
13.458252	-82.309990
14.804077	-81.875359
16.149902	-80.567207
17.495728	-79.720055
18.841553	-77.963638
20.187378	-78.979874
21.533203	-77.469170
22.879028	-75.048698
24.224854	-77.173187
25.570679	-74.251045
26.916504	-74.608543
28.262329	-73.899399
29.608154	-72.214592
30.953979	-74.921074
32.299805	-75.382721
33.645630	-74.793373
34.991455	-73.368088
36.337280	-74.495132
37.683105	-73.542076
39.028931	-72.601357
40.374756	-71.730415
41.720581	-70.461197
43.066406	-70.777771
44.412231	-70.653023
45.758057	-71.884659
47.103882	-71.524574
48.449707	-69.916199
49.795532	-68.991539
51.141357	-66.775291
52.487183	-67.434502
53.833008	-67.187851
55.178833	-65.993111
56.524658	-65.154770
57.870483	-64.629890
59.216309	-65.045784
60.562134	-65.730675
61.907959	-64.009026
63.253784	-64.822655
64.599609	-68.461266
65.945435	-69.977119
67.291260	-68.287209
68.637085	-69.628036
69.982910	-68.327553
71.328735	-68.569656
72.674561	-67.929459
74.020386	-65.013412
75.366211	-64.262733
76.712036	-65.606476
78.057861	-67.918068
79.403687	-68.108009
80.749512	-68.177162
82.095337	-67.642708
83.441162	-66.456772
84.786987	-66.154114
86.132812	-65.718269
87.478638	-65.873810
88.824463	-67.414642
90.170288	-65.708221
91.516113	-64.246727
92.861938	-60.854767
94.207764	-60.638554
95.553589	-65.457237
96.899414	-66.996422
98.245239	-67.031853
99.591064	-68.529366
100.936890	-68.363235
102.282715	-68.394699
103.628540	-66.425354
104.974365	-67.103676
106.320190	-66.458481
107.666016	-66.609238
109.011841	-70.250893
110.357666	-68.415359
111.703491	-67.627533
113.049316	-67.659531
114.395142	-64.153152
115.740967	-69.592964
117.086792	-70.924324
118.432617	-67.296684
119.778442	-69.373886
121.124268	-70.189255
122.470093	-71.274582
123.815918	-71.607536
125.161743	-73.761909
126.507568	-71.489128
127.853394	-71.758804
129.199219	-70.536949
130.545044	-71.915352
131.890869	-71.614471
133.236694	-72.126648
134.582520	-72.743706
135.928345	-72.062294
137.274170	-72.187500
138.619995	-72.536484
139.965820	-72.877808
141.311646	-73.164909
142.657471	-73.476974
144.003296	-71.808105
145.349121	-70.751450
146.694946	-71.966667
148.040771	-71.453903
149.386597	-71.926666
150.732422	-70.788658
152.078247	-70.588211
153.424072	-70.298233
154.769897	-71.147995
156.115723	-70.380569
157.461548	-70.381111
158.807373	-70.550835
160.153198	-70.885162
161.499023	-71.155075
162.844849	-72.377884
164.190674	-72.069107
165.536499	-72.572845
166.882324	-72.109421
168.228149	-73.379173
169.573975	-73.034172
170.919800	-74.041046
172.265625	-74.551163
173.611450	-73.996437
174.957275	-73.477036
176.303101	-71.504539
177.648926	-72.263779
178.994751	-73.803070
180.340576	-72.828743
181.686401	-74.425285
183.032227	-73.863251
184.378052	-72.783844
185.723877	-74.053101
187.069702	-73.756477
188.415527	-75.193153
189.761353	-73.242592
191.107178	-74.914238
192.453003	-76.390739
193.798828	-74.893425
195.144653	-74.972115
196.490479	-75.758507
197.836304	-75.619476
199.182129	-74.258522
200.527954	-74.756065
201.873779	-76.390511
203.219604	-75.589325
204.565430	-75.209831
205.911255	-75.264160
207.257080	-75.273819
208.602905	-75.948326
209.948730	-75.739578
211.294556	-75.714371
212.640381	-75.864761
213.986206	-75.317307
215.332031	-75.977257
216.677856	-76.377296
218.023682	-76.654945
219.369507	-76.693962
220.715332	-75.779572
222.061157	-77.855865
223.406982	-75.678940
224.752808	-76.194870
226.098633	-76.495094
227.444458	-76.092720
228.790283	-75.494202
230.136108	-76.002304
231.481934	-76.207970
232.827759	-77.304214
234.173584	-75.605064
235.519409	-76.168968
236.865234	-75.897560
238.211060	-75.584641
239.556885	-76.215332
240.902710	-76.404266
242.248535	-77.006981
243.594360	-76.171501
244.940186	-76.248856
246.286011	-76.212097
247.631836	-76.028893
248.977661	-76.764412
250.323486	-77.276268
251.669312	-75.652039
253.015137	-75.350838
254.360962	-75.671822
255.706787	-75.812798
257.052612	-76.410286
258.398438	-78.070709
259.744263	-76.929550
261.090088	-76.639183
262.435913	-76.754860
263.781738	-77.394775
265.127563	-76.263924
266.473389	-76.510254
267.819214	-77.138420
269.165039	-76.399246
270.510864	-77.681931
271.856689	-77.890427
273.202515	-76.906433
274.548340	-76.316765
275.894165	-75.616905
277.239990	-76.523827
278.585815	-75.346169
279.931641	-76.206558
281.277466	-76.264297
282.623291	-73.078102
283.969116	-75.476318
285.314941	-76.848083
286.660767	-76.320152
288.006592	-76.797684
289.352417	-76.430206
290.698242	-76.236656
292.044067	-76.506493
293.389893	-76.365944
294.735718	-75.724571
296.081543	-76.515121
297.427368	-77.050018
298.773193	-76.001511
300.119019	-77.011009
301.464844	-77.462639
302.810669	-76.776291
304.156494	-76.587029
305.502319	-76.499191
306.848145	-76.876801
308.193970	-75.421989
309.539795	-76.248299
310.885620	-77.382492
312.231445	-77.780357
313.577271	-76.698631
314.923096	-77.367516
316.268921	-76.652519
317.614746	-77.119087
318.960571	-76.146545
320.306396	-76.270828
321.652222	-75.597824
322.998047	-76.547394
324.343872	-77.179947
325.689697	-77.269112
327.035522	-77.091690
328.381348	-77.517860
329.727173	-76.923416
331.072998	-75.744827
332.418823	-76.854195
333.764648	-75.985527
335.110474	-76.718826
336.456299	-75.745361
337.802124	-75.886200
339.147949	-76.712296
340.493774	-76.427353
341.839600	-76.350212
343.185425	-75.777069
344.531250	-75.673897
345.877075	-76.187309
347.222900	-76.664825
348.568726	-75.399529
349.914551	-75.666954
351.260376	-75.356758
352.606201	-74.897331
353.952026	-76.239388
355.297852	-75.142349
356.643677	-75.057373
357.989502	-75.801735
359.335327	-75.599113
360.681152	-75.353561
362.026978	-75.165871
363.372803	-75.813431
364.718628	-75.286407
366.064453	-75.392838
367.410278	-74.942436
368.756104	-75.106171
370.101929	-74.887161
371.447754	-75.972588
372.793579	-75.390259
374.139404	-75.409073
375.485229	-75.326698
376.831055	-76.212517
378.176880	-75.335823
379.522705	-74.913147
380.868530	-74.534233
382.214355	-74.958847
383.560181	-75.131416
384.906006	-75.478500
386.251831	-75.890343
387.597656	-75.556183
388.943481	-75.020973
390.289307	-75.376984
391.635132	-75.790199
392.980957	-74.967812
394.326782	-74.935448
395.672607	-75.759018
397.018433	-74.328011
398.364258	-74.851501
399.710083	-74.810471
401.055908	-74.233955
402.401733	-74.308464
403.747559	-74.387894
405.093384	-74.522209
406.439209	-74.795586
407.785034	-74.099403
409.130859	-73.738052
410.476685	-75.722023
411.822510	-74.616013
413.168335	-74.893158
414.514160	-75.260590
415.859985	-74.948441
417.205811	-74.067963
418.551636	-74.043839
419.897461	-75.023895
421.243286	-74.029282
422.589111	-73.658127
423.934937	-73.891357
425.280762	-74.484085
426.626587	-72.855171
427.972412	-73.672195
429.318237	-74.994064
430.664062	-73.528343
432.009888	-73.514839
433.355713	-73.237740
434.701538	-72.958687
436.047363	-71.617386
437.393188	-73.609856
438.739014	-73.463554
440.084839	-74.018509
441.430664	-72.993614
442.776489	-74.071579
444.122314	-73.442307
445.468140	-73.103073
446.813965	-72.954803
448.159790	-72.890106
449.505615	-73.059143
450.851440	-73.022232
452.197266	-73.218796
453.543091	-71.575050
454.888916	-71.927834
456.234741	-71.588470
457.580566	-72.835617
458.926392	-72.750786
460.272217	-72.055885
461.618042	-72.057579
462.963867	-72.436974
464.309692	-72.409340
465.655518	-72.335953
467.001343	-72.094749
468.347168	-72.831078
469.692993	-71.706390
471.038818	-72.806190
472.384644	-72.261200
473.730469	-71.448326
475.076294	-71.917152
476.422119	-71.238693
477.767944	-71.646202
479.113770	-71.675735
480.459595	-71.231026
481.805420	-72.066513
483.151245	-72.022362
484.497070	-69.992088
485.842896	-70.388695
487.188721	-70.795914
488.534546	-70.034088
489.880371	-70.527748
491.226196	-71.115150
492.572021	-70.959541
493.917847	-72.312157
495.263672	-70.739586
496.609497	-70.155945
497.955322	-71.701981
499.301147	-70.846497
500.646973	-70.088097
501.992798	-69.573967
503.338623	-70.568230
504.684448	-70.520912
506.030273	-69.208214
507.376099	-70.094734
508.721924	-69.191574
510.067749	-69.886009
511.413574	-69.289642
512.759399	-69.602776
514.105225	-68.646652
515.451050	-68.894737
516.796875	-68.365158
518.142700	-69.034248
519.488525	-69.171959
520.834351	-69.076706
522.180176	-68.771545
523.526001	-68.668549
524.871826	-68.081100
526.217651	-67.219521
527.563477	-67.017220
528.909302	-67.752731
530.255127	-67.544678
531.600952	-68.530731
532.946777	-67.613258
534.292603	-68.235725
535.638428	-67.878319
536.984253	-66.481804
538.330078	-66.366150
539.675903	-67.706146
541.021729	-67.760864
542.367554	-66.812195
543.713379	-67.172539
545.059204	-66.425934
546.405029	-65.603767
547.750854	-66.151886
549.096680	-67.064865
550.442505	-65.904137
551.788330	-65.747345
553.134155	-65.608665
554.479980	-65.623207
555.825806	-64.618263
557.171631	-64.872269
558.517456	-66.317429
559.863281	-65.431915
561.209106	-65.115623
562.554932	-65.543716
563.900757	-64.804192
565.246582	-65.353249
566.592407	-64.276138
567.938232	-63.527790
569.284058	-62.700142
570.629883	-64.066170
571.975708	-64.486053
573.321533	-62.578190
574.667358	-62.960396
576.013184	-63.460503
577.359009	-62.558125
578.704834	-63.930328
580.050659	-62.175842
581.396484	-61.656067
582.742310	-61.979038
584.088135	-62.700386
585.433960	-60.836124
586.779785	-61.216740
588.125610	-60.987972
589.471436	-61.945408
590.817261	-61.423641
592.163086	-60.475861
593.508911	-60.681961
594.854736	-59.361980
596.200562	-60.206760
597.546387	-60.609550
598.892212	-60.129398
600.238037	-59.470772
601.583862	-59.960167
602.929688	-58.124222
604.275513	-58.915169
605.621338	-59.095928
606.967163	-60.173641
608.312988	-58.522518
609.658813	-58.256897
611.004639	-58.657845
612.350464	-58.686768
613.696289	-58.924671
615.042114	-59.171867
616.387939	-58.340691
617.733765	-58.966457
619.079590	-57.722576
620.425415	-58.672672
621.771240	-58.809608
623.117065	-58.815357
624.462891	-60.054752
625.808716	-59.168873
627.154541	-58.356853
628.500366	-58.878757
629.846191	-58.837948
631.192017	-58.809319
632.537842	-59.203060
633.883667	-58.740707
635.229492	-58.873814
636.575317	-59.381760
637.921143	-58.991604
639.266968	-60.037361
640.612793	-59.869289
641.958618	-60.821293
643.304443	-59.551472
644.650269	-59.519394
645.996094	-60.331463
647.341919	-60.135113
648.687744	-60.178341
650.033569	-61.170067
651.379395	-60.450401
652.725220	-61.284740
654.071045	-61.122253
655.416870	-61.395130
656.762695	-61.052185
658.108521	-60.837101
659.454346	-61.571564
660.800171	-62.015869
662.145996	-61.374584
663.491821	-61.427238
664.837646	-62.967999
666.183472	-61.899525
667.529297	-61.885319
668.875122	-61.814621
670.220947	-62.535931
671.566772	-61.837372
672.912598	-63.341637
674.258423	-61.928383
675.604248	-61.639130
676.950073	-62.646839
678.295898	-62.403339
679.641724	-61.878479
680.987549	-63.245708
682.333374	-62.689266
683.679199	-62.690590
685.025024	-64.233154
686.370850	-63.795864
687.716675	-64.439095
689.062500	-64.913300
690.408325	-63.368793
691.754150	-63.262108
693.099976	-64.917374
694.445801	-63.835159
695.791626	-64.529755
697.137451	-64.554642
698.483276	-63.769375
699.829102	-64.059662
701.174927	-64.669487
702.520752	-65.030174
703.866577	-64.275368
705.212402	-65.280846
706.558228	-65.596252
707.904053	-65.923790
709.249878	-65.419380
710.595703	-64.908081
711.941528	-65.705109
713.287354	-66.499870
714.633179	-65.927788
715.979004	-66.497681
717.324829	-65.916702
718.670654	-66.286812
720.016479	-66.612564
721.362305	-66.958595
722.708130	-66.616592
724.053955	-67.205147
725.399780	-67.215584
726.745605	-67.060280
728.091431	-66.489143
729.437256	-66.467125
730.783081	-67.421211
732.128906	-66.639534
733.474731	-66.434105
734.820557	-66.400803
736.166382	-67.255692
737.512207	-67.020363
738.858032	-66.730278
740.203857	-67.489845
741.549683	-67.785461
742.895508	-67.168037
744.241333	-67.114944
745.587158	-67.844360
746.932983	-67.748260
748.278809	-67.041252
749.624634	-67.069313
750.970459	-67.198303
752.316284	-67.570839
753.662109	-68.141586
755.007935	-67.420593
756.353760	-67.664825
757.699585	-68.264877
759.045410	-67.378395
760.391235	-68.460373
761.737061	-67.732849
763.082886	-68.000938
764.428711	-66.967873
765.774536	-67.587051
767.120361	-67.371857
768.466187	-68.118385
769.812012	-67.717552
771.157837	-68.364052
772.503662	-69.047729
773.849487	-68.832977
775.195312	-68.920815
776.541138	-68.004250
777.886963	-67.944534
779.232788	-68.504501
780.578613	-68.871315
781.924438	-69.103943
783.270264	-68.307938
784.616089	-68.426788
785.961914	-68.756714
787.307739	-69.140472
788.653564	-68.650612
789.999390	-68.320747
791.345215	-69.927437
792.691040	-68.826019
794.036865	-68.957878
795.382690	-68.268211
796.728516	-69.109337
798.074341	-69.267586
799.420166	-68.792191
800.765991	-68.874847
802.111816	-68.982529
803.457642	-68.462830
804.803467	-69.571152
806.149292	-69.166359
807.495117	-69.658157
808.840942	-69.308273
810.186768	-68.894066
811.532593	-69.304192
812.878418	-68.707489
814.224243	-68.954239
815.570068	-69.311615
816.915894	-69.027077
818.261719	-69.294525
819.607544	-70.315277
820.953369	-69.166824
822.299194	-68.320152
823.645020	-69.125786
824.990845	-69.332474
826.336670	-69.025375
827.682495	-68.794060
829.028320	-69.597069
830.374146	-68.943985
831.719971	-69.720963
833.065796	-69.926651
834.411621	-69.171555
835.757446	-69.920845
837.103271	-69.323181
838.449097	-71.027191
839.794922	-69.926643
841.140747	-68.711609
842.486572	-70.382957
843.832397	-69.305550
845.178223	-69.704468
846.524048	-69.447281
847.869873	-69.736511
849.215698	-69.927345
850.561523	-70.048210
851.907349	-69.902435
853.253174	-70.387459
854.598999	-69.165413
855.944824	-69.176056
857.290649	-69.028564
858.636475	-70.498062
859.982300	-70.198807
861.328125	-69.560196
862.673950	-69.202431
864.019775	-69.239159
865.365601	-69.752617
866.711426	-70.009758
868.057251	-70.251617
869.403076	-70.503372
870.748901	-70.381905
872.094727	-69.457779
873.440552	-68.635239
874.786377	-70.576286
876.132202	-69.498550
877.478027	-68.832260
878.823853	-69.526436
880.169678	-69.084030
881.515503	-68.790985
882.861328	-69.835846
884.207153	-70.581841
885.552979	-69.561646
886.898804	-69.539520
888.244629	-69.284454
889.590454	-69.428589
890.936279	-69.192261
892.282104	-69.667793
893.627930	-69.018791
894.973755	-69.300613
896.319580	-69.648445
897.665405	-69.059380
899.011230	-68.287567
900.357056	-69.023849
901.702881	-68.342308
903.048706	-68.884064
904.394531	-69.346077
905.740356	-69.978249
907.086182	-69.873291
908.432007	-69.010162
909.777832	-69.023567
911.123657	-70.385162
912.469482	-68.932129
913.815308	-68.702583
915.161133	-69.699532
916.506958	-68.495956
917.852783	-69.510590
919.198608	-70.340424
920.544434	-70.435966
921.890259	-69.373161
923.236084	-69.867729
924.581909	-69.278076
925.927734	-68.852959
927.273560	-68.353951
928.619385	-69.122299
929.965210	-69.042259
931.311035	-70.401825
932.656860	-69.352562
934.002686	-69.380859
935.348511	-69.004982
936.694336	-69.597763
938.040161	-68.207817
939.385986	-67.842140
940.731812	-67.843124
942.077637	-67.545456
943.423462	-68.829895
944.769287	-68.294472
946.115112	-68.783958
947.460938	-69.404968
948.806763	-68.749367
950.152588	-68.075844
951.498413	-69.465248
952.844238	-69.444221
954.190063	-68.171844
955.535889	-68.241615
956.881714	-68.729034
958.227539	-69.422867
959.573364	-69.382935
960.919189	-67.717262
962.265015	-67.588104
963.610840	-69.377846
964.956665	-68.718826
966.302490	-67.974258
967.648315	-68.303841
968.994141	-67.465408
970.339966	-67.249786
971.685791	-67.555595
973.031616	-67.794754
974.377441	-68.288048
975.723267	-68.442978
977.069092	-67.803337
978.414917	-67.708473
979.760742	-67.562523
981.106567	-67.828896
982.452393	-67.614220
983.798218	-66.773277
985.144043	-67.639748
986.489868	-66.513535
987.835693	-67.431526
989.181519	-67.293121
990.527344	-67.780968
991.873169	-67.509911
993.218994	-67.824333
994.564819	-66.694603
995.910645	-67.043930
997.256470	-67.499962
998.602295	-66.815948
999.948120	-66.774391
1001.293945	-66.057701
1002.639771	-67.646149
1003.985596	-67.050171
1005.331421	-67.224350
1006.677246	-66.628433
1008.023071	-66.178505
1009.368896	-66.602005
1010.714722	-67.661766
1012.060547	-65.778229
1013.406372	-66.114738
1014.752197	-65.787239
1016.098022	-66.702988
1017.443848	-66.191925
1018.789673	-65.727203
1020.135498	-66.336990
1021.481323	-66.476700
1022.827148	-65.239777
1024.172974	-65.806259
1025.518799	-66.072792
1026.864624	-64.824356
1028.210449	-65.643387
1029.556274	-66.057228
1030.902100	-65.531685
1032.247925	-65.931076
1033.593750	-65.915298
1034.939575	-64.993599
1036.285400	-65.074364
1037.631226	-66.321632
1038.977051	-65.686859
1040.322876	-65.167046
1041.668701	-65.628815
1043.014526	-65.806366
1044.360352	-65.225929
1045.706177	-64.857552
1047.052002	-64.615997
1048.397827	-64.854561
1049.743652	-64.511719
1051.089478	-64.477692
1052.435303	-64.308708
1053.781128	-63.979374
1055.126953	-65.081062
1056.472778	-64.205978
1057.818604	-64.053879
1059.164429	-63.384945
1060.510254	-64.135208
1061.856079	-64.191132
1063.201904	-63.832809
1064.547729	-64.349197
1065.893555	-65.009666
1067.239380	-64.246323
1068.585205	-62.845268
1069.931030	-62.813541
1071.276855	-63.786011
1072.622681	-64.033104
1073.968506	-63.548996
1075.314331	-63.723122
1076.660156	-63.970070
1078.005981	-64.576797
1079.351807	-63.065857
1080.697632	-62.459095
1082.043457	-62.863235
1083.389282	-62.057957
1084.735107	-61.608173
1086.080933	-61.552490
1087.426758	-62.606659
1088.772583	-62.398609
1090.118408	-62.901268
1091.464233	-61.440022
1092.810059	-61.101631
1094.155884	-62.080090
1095.501709	-61.611252
1096.847534	-61.555710
1098.193359	-61.286869
1099.539185	-60.616833
1100.885010	-60.252262
1102.230835	-60.261295
1103.576660	-61.048077
1104.922485	-60.800308
1106.268311	-60.065540
1107.614136	-60.548138
1108.959961	-60.930851
1110.305786	-60.635017
1111.651611	-60.717579
1112.997437	-59.555832
1114.343262	-59.483932
1115.689087	-58.561520
1117.034912	-59.452850
1118.380737	-60.036484
1119.726562	-59.418343
1121.072388	-58.704571
1122.418213	-59.223667
1123.764038	-58.597801
1125.109863	-58.036888
1126.455688	-58.808838
1127.801514	-57.627655
1129.147339	-57.391491
1130.493164	-57.175602
1131.838989	-57.900150
1133.184814	-56.955997
1134.530640	-56.913948
1135.876465	-56.664539
1137.222290	-56.958641
1138.568115	-56.939251
1139.913940	-55.523991
1141.259766	-57.745525
1142.605591	-56.678864
1143.951416	-56.008430
1145.297241	-55.747112
1146.643066	-55.710865
1147.988892	-55.584194
1149.334717	-55.632584
1150.680542	-55.037941
1152.026367	-55.383850
1153.372192	-54.970318
1154.718018	-55.399719
1156.063843	-54.263447
1157.409668	-53.570324
1158.755493	-53.878460
1160.101318	-53.952549
1161.447144	-53.465008
1162.792969	-53.391079
1164.138794	-52.243359
1165.484619	-53.565506
1166.830444	-53.131229
1168.176270	-51.952599
1169.522095	-51.710808
1170.867920	-51.620308
1172.213745	-51.963501
1173.559570	-52.192047
1174.905396	-51.755730
1176.251221	-51.190563
1177.597046	-51.487007
1178.942871	-51.274773
1180.288696	-50.379852
1181.634521	-50.127064
1182.980347	-50.815651
1184.326172	-50.852921
1185.671997	-49.894516
1187.017822	-51.524231
1188.363647	-49.646797
1189.709473	-50.825378
1191.055298	-50.079075
1192.401123	-50.343468
1193.746948	-49.652374
1195.092773	-50.386620
1196.438599	-50.796761
1197.784424	-49.912857
1199.130249	-49.629948
1200.476074	-50.729294
1201.821899	-49.672398
1203.167725	-50.641907
1204.513550	-50.951248
1205.859375	-51.864956
1207.205200	-50.899574
1208.551025	-51.077614
1209.896851	-51.524876
1211.242676	-52.297527
1212.588501	-51.486275
1213.934326	-51.544590
1215.280151	-50.174904
1216.625977	-51.863094
1217.971802	-51.880810
1219.317627	-52.085300
1220.663452	-51.717602
1222.009277	-51.699295
1223.355103	-51.985523
1224.700928	-52.875546
1226.046753	-51.915508
1227.392578	-52.865002
1228.738403	-53.342064
1230.084229	-53.819279
1231.430054	-54.164093
1232.775879	-54.215900
1234.121704	-54.187065
1235.467529	-54.029034
1236.813354	-53.594696
1238.159180	-53.754822
1239.505005	-54.973438
1240.850830	-53.119747
1242.196655	-53.780293
1243.542480	-53.938042
1244.888306	-54.966415
1246.234131	-54.997772
1247.579956	-54.993931
1248.925781	-54.164455
1250.271606	-55.219837
1251.617432	-55.771683
1252.963257	-55.141697
1254.309082	-55.574413
1255.654907	-56.009197
1257.000732	-54.796242
1258.346558	-55.719608
1259.692383	-55.899975
1261.038208	-56.532471
1262.384033	-57.147705
1263.729858	-55.184891
1265.075684	-56.113773
1266.421509	-57.863022
1267.767334	-56.721397
1269.113159	-56.608860
1270.458984	-57.228573
1271.804810	-57.279850
1273.150635	-56.916252
1274.496460	-57.164532
1275.842285	-57.305931
1277.188110	-56.541565
1278.533936	-58.252926
1279.879761	-58.014446
1281.225586	-57.064701
1282.571411	-57.818275
1283.917236	-57.742653
1285.263062	-56.979702
1286.608887	-59.061111
1287.954712	-58.827003
1289.300537	-57.682922
1290.646362	-58.159939
1291.992188	-58.724239
1293.338013	-58.406948
1294.683838	-59.024124
1296.029663	-58.755714
1297.375488	-58.442154
1298.721313	-58.827782
1300.067139	-59.385651
1301.412964	-59.103207
1302.758789	-59.065990
1304.104614	-59.686951
1305.450439	-59.309849
1306.796265	-59.102013
1308.142090	-58.017498
1309.487915	-59.072540
1310.833740	-60.021980
1312.179565	-59.806961
1313.525391	-58.865963
1314.871216	-59.809422
1316.217041	-59.339584
1317.562866	-59.829426
1318.908691	-59.417686
1320.254517	-60.302731
1321.600342	-59.489586
1322.946167	-60.619732
1324.291992	-60.714348
1325.637817	-61.148033
1326.983643	-59.568409
1328.329468	-59.815895
1329.675293	-60.427197
1331.021118	-61.207645
1332.366943	-61.004116
1333.712769	-60.938461
1335.058594	-60.603970
1336.404419	-61.036999
1337.750244	-60.465496
1339.096069	-59.907429
1340.441895	-60.550911
1341.787720	-59.970509
1343.133545	-60.560364
1344.479370	-61.306713
1345.825195	-61.025116
1347.171021	-60.900093
1348.516846	-60.463829
1349.862671	-60.375996
1351.208496	-61.345238
1352.554321	-60.856037
1353.900146	-62.599968
1355.245972	-61.414661
1356.591797	-61.617378
1357.937622	-61.607918
1359.283447	-61.311695
1360.629272	-60.632271
1361.975098	-61.328781
1363.320923	-63.259483
1364.666748	-62.741222
1366.012573	-61.963116
1367.358398	-60.754642
1368.704224	-60.780624
1370.050049	-62.081993
1371.395874	-62.729496
1372.741699	-62.407486
1374.087524	-62.750916
1375.433350	-62.027740
1376.779175	-62.737690
1378.125000	-61.990982
1379.470825	-60.889816
1380.816650	-61.493210
1382.162476	-61.274872
1383.508301	-61.904251
1384.854126	-61.738605
1386.199951	-61.048328
1387.545776	-61.816170
1388.891602	-62.591171
1390.237427	-62.676510
1391.583252	-62.016312
1392.929077	-62.511799
1394.274902	-62.032520
1395.620728	-63.256805
1396.966553	-62.966793
1398.312378	-61.701935
1399.658203	-61.651443
1401.004028	-61.620033
1402.349854	-61.990112
1403.695679	-61.747581
1405.041504	-62.133392
1406.387329	-62.559563
1407.733154	-61.933144
1409.078979	-62.878700
1410.424805	-62.609184
1411.770630	-63.096550
1413.116455	-61.652615
1414.462280	-63.177795
1415.808105	-61.742607
1417.153931	-63.016167
1418.499756	-62.449425
1419.845581	-63.192848
1421.191406	-62.861622
1422.537231	-63.064232
1423.883057	-62.650513
1425.228882	-62.767582
1426.574707	-63.448025
1427.920532	-61.317245
1429.266357	-62.891308
1430.612183	-64.099617
1431.958008	-62.581623
1433.303833	-63.446133
1434.649658	-62.547672
1435.995483	-62.506832
1437.341309	-62.406853
1438.687134	-62.368633
1440.032959	-61.646290
1441.378784	-61.226189
1442.724609	-62.056973
1444.070435	-62.346840
1445.416260	-62.766315
1446.762085	-62.431602
1448.107910	-62.512547
1449.453735	-62.455704
1450.799561	-62.712639
1452.145386	-63.253780
1453.491211	-62.446411
1454.837036	-62.571964
1456.182861	-62.568150
1457.528687	-62.790264
1458.874512	-63.230869
1460.220337	-62.614826
1461.566162	-61.786762
1462.911987	-62.374554
1464.257812	-63.494816
1465.603638	-63.557880
1466.949463	-63.707275
1468.295288	-62.673229
1469.641113	-62.788803
1470.986938	-62.681652
1472.332764	-62.588852
1473.678589	-61.219112
1475.024414	-62.214588
1476.370239	-63.468407
1477.716064	-61.822235
1479.061890	-61.248100
1480.407715	-61.902565
1481.753540	-61.974667
1483.099365	-62.782230
1484.445190	-62.426216
1485.791016	-63.068626
1487.136841	-62.356033
1488.482666	-62.619980
1489.828491	-62.426609
1491.174316	-62.380600
1492.520142	-62.600780
1493.865967	-62.500763
1495.211792	-62.553688
1496.557617	-62.611645
1497.903442	-62.830193
1499.249268	-61.666286
1500.595093	-62.696156
1501.940918	-63.895924
1503.286743	-61.989300
1504.632568	-62.545502
1505.978394	-61.633869
1507.324219	-62.003899
1508.670044	-62.875370
1510.015869	-61.443954
1511.361694	-61.181236
1512.707520	-63.135529
1514.053345	-62.021301
1515.399170	-60.862427
1516.744995	-62.047127
1518.090820	-61.166401
1519.436646	-60.579472
1520.782471	-60.889359
1522.128296	-61.798862
1523.474121	-62.234051
1524.819946	-60.767208
1526.165771	-62.016609
1527.511597	-61.684925
1528.857422	-62.062382
1530.203247	-61.298992
1531.549072	-61.735512
1532.894897	-62.404984
1534.240723	-62.016273
1535.586548	-61.586674
1536.932373	-60.990120
1538.278198	-62.325016
1539.624023	-61.160446
1540.969849	-61.741344
1542.315674	-61.001007
1543.661499	-60.848125
1545.007324	-61.190804
1546.353149	-60.608288
1547.698975	-60.358982
1549.044800	-60.022568
1550.390625	-60.613400
1551.736450	-60.120148
1553.082275	-61.813610
1554.428101	-61.054974
1555.773926	-61.209312
1557.119751	-61.520634
1558.465576	-59.920647
1559.811401	-61.057617
1561.157227	-60.137470
1562.503052	-60.590504
1563.848877	-61.383404
1565.194702	-61.836224
1566.540527	-60.033138
1567.886353	-60.797253
1569.232178	-59.894897
1570.578003	-60.216576
1571.923828	-60.268063
1573.269653	-60.076710
1574.615479	-61.351429
1575.961304	-59.833946
1577.307129	-60.470146
1578.652954	-60.017319
1579.998779	-60.861057
1581.344604	-60.433453
1582.690430	-59.113247
1584.036255	-60.744736
1585.382080	-60.469257
1586.727905	-60.426926
1588.073730	-59.541954
1589.419556	-58.433800
1590.765381	-60.356514
1592.111206	-60.197006
1593.457031	-59.674072
1594.802856	-59.907616
1596.148682	-59.740753
1597.494507	-58.157120
1598.840332	-59.279255
1600.186157	-60.527386
1601.531982	-59.715034
1602.877808	-59.905380
1604.223633	-59.307774
1605.569458	-60.095905
1606.915283	-59.032448
1608.261108	-58.573784
1609.606934	-58.849239
1610.952759	-57.398853
1612.298584	-58.287155
1613.644409	-58.956268
1614.990234	-58.177330
1616.336060	-59.060585
1617.681885	-59.337418
1619.027710	-57.878551
1620.373535	-58.585487
1621.719360	-59.108280
1623.065186	-58.106396
1624.411011	-58.438904
1625.756836	-58.590164
1627.102661	-58.334785
1628.448486	-57.753044
1629.794312	-57.607540
1631.140137	-57.575012
1632.485962	-59.134182
1633.831787	-57.011898
1635.177612	-56.797260
1636.523438	-58.155304
1637.869263	-57.280640
1639.215088	-57.222733
1640.560913	-56.975925
1641.906738	-56.694851
1643.252563	-56.469833
1644.598389	-56.799107
1645.944214	-56.747303
1647.290039	-57.092918
1648.635864	-57.115582
1649.981689	-57.362392
1651.327515	-57.162140
1652.673340	-57.238270
1654.019165	-57.676643
1655.364990	-56.058380
1656.710815	-56.031998
1658.056641	-55.943344
1659.402466	-57.132561
1660.748291	-55.773567
1662.094116	-56.118896
1663.439941	-56.934742
1664.785767	-56.042557
1666.131592	-55.780228
1667.477417	-54.959641
1668.823242	-56.594925
1670.169067	-56.119507
1671.514893	-55.787571
1672.860718	-55.366371
1674.206543	-56.171658
1675.552368	-55.056671
1676.898193	-55.664185
1678.244019	-54.014458
1679.589844	-54.975136
1680.935669	-55.252186
1682.281494	-55.113094
1683.627319	-55.025581
1684.973145	-54.796974
1686.318970	-54.297577
1687.664795	-55.495239
1689.010620	-54.342651
1690.356445	-55.722996
1691.702271	-54.614445
1693.048096	-53.823723
1694.393921	-54.141544
1695.739746	-53.399033
1697.085571	-54.041103
1698.431396	-53.529255
1699.777222	-53.773346
1701.123047	-54.234280
1702.468872	-53.346836
1703.814697	-52.766674
1705.160522	-52.404533
1706.506348	-54.113674
1707.852173	-51.812603
1709.197998	-52.257801
1710.543823	-51.835285
1711.889648	-51.532951
1713.235474	-52.151955
1714.581299	-51.793941
1715.927124	-51.389458
1717.272949	-50.951191
1718.618774	-50.553787
1719.964600	-50.621796
1721.310425	-50.245914
1722.656250	-50.678352
1724.002075	-50.341320
1725.347900	-50.287361
1726.693726	-49.829395
1728.039551	-49.963772
1729.385376	-50.289181
1730.731201	-49.763653
1732.077026	-50.157623
1733.422852	-49.709202
1734.768677	-49.941292
1736.114502	-49.590038
1737.460327	-49.417606
1738.806152	-49.404377
1740.151978	-48.597752
1741.497803	-48.609978
1742.843628	-47.784046
1744.189453	-48.104351
1745.535278	-49.960781
1746.881104	-48.294548
1748.226929	-47.134216
1749.572754	-47.719498
1750.918579	-47.888260
1752.264404	-46.957264
1753.610229	-47.388531
1754.956055	-46.522160
1756.301880	-46.160564
1757.647705	-46.471886
1758.993530	-46.444809
1760.339355	-45.552898
1761.685181	-46.648815
1763.031006	-45.850101
1764.376831	-45.869904
1765.722656	-45.483284
1767.068481	-45.493660
1768.414307	-46.077980
1769.760132	-44.975670
1771.105957	-44.733818
1772.451782	-43.976547
1773.797607	-45.460556
1775.143433	-45.054951
1776.489258	-44.216434
1777.835083	-43.873497
1779.180908	-43.805256
1780.526733	-44.418282
1781.872559	-44.136036
1783.218384	-46.006966
1784.564209	-43.506371
1785.910034	-43.975101
1787.255859	-43.903152
1788.601685	-45.275185
1789.947510	-43.852028
1791.293335	-43.974564
1792.639160	-44.345898
1793.984985	-45.688004
1795.330811	-45.730057
1796.676636	-44.669666
1798.022461	-45.735065
1799.368286	-45.972080
1800.714111	-44.891727
1802.059937	-45.667191
1803.405762	-45.818642
1804.751587	-45.410160
1806.097412	-45.753674
1807.443237	-45.303928
1808.789062	-45.564522
1810.134888	-46.160496
1811.480713	-45.357601
1812.826538	-46.440960
1814.172363	-46.430145
1815.518188	-46.633072
1816.864014	-46.610088
1818.209839	-46.999332
1819.555664	-47.971420
1820.901489	-47.100311
1822.247314	-48.090252
1823.593140	-48.108997
1824.938965	-48.314713
1826.284790	-48.287258
1827.630615	-49.120953
1828.976440	-49.069767
1830.322266	-50.348095
1831.668091	-48.893410
1833.013916	-48.077679
1834.359741	-48.227142
1835.705566	-48.297039
1837.051392	-49.760685
1838.397217	-50.213768
1839.743042	-50.001080
1841.088867	-49.346798
1842.434692	-49.429131
1843.780518	-48.981247
1845.126343	-49.608772
1846.472168	-51.844139
1847.817993	-50.559002
1849.163818	-49.975056
1850.509644	-50.499424
1851.855469	-51.325184
1853.201294	-51.206772
1854.547119	-51.603760
1855.892944	-50.866310
1857.238770	-49.680679
1858.584595	-50.961758
1859.930420	-50.586433
1861.276245	-51.662975
1862.622070	-51.070065
1863.967896	-52.328903
1865.313721	-51.215000
1866.659546	-52.050522
1868.005371	-52.443115
1869.351196	-51.832829
1870.697021	-52.220947
1872.042847	-51.762543
1873.388672	-51.474037
1874.734497	-51.959320
1876.080322	-52.548813
1877.426147	-52.651573
1878.771973	-52.996101
1880.117798	-51.625839
1881.463623	-53.085094
1882.809448	-52.910980
1884.155273	-53.982929
1885.501099	-52.459160
1886.846924	-53.545033
1888.192749	-54.228516
1889.538574	-53.073635
1890.884399	-53.554272
1892.230225	-54.958134
1893.576050	-52.721722
1894.921875	-54.257397
1896.267700	-53.704224
1897.613525	-53.263443
1898.959351	-54.405743
1900.305176	-54.320473
1901.651001	-54.284760
1902.996826	-55.005577
1904.342651	-54.130718
1905.688477	-54.705185
1907.034302	-54.392853
1908.380127	-54.242229
1909.725952	-55.323410
1911.071777	-54.492725
1912.417603	-54.766949
1913.763428	-54.480869
1915.109253	-54.656475
1916.455078	-54.293198
1917.800903	-55.109646
1919.146729	-54.658218
1920.492554	-55.505211
1921.838379	-54.251942
1923.184204	-54.466099
1924.530029	-55.060440
1925.875854	-53.985596
1927.221680	-54.756001
1928.567505	-55.847229
1929.913330	-55.790569
1931.259155	-55.074749
1932.604980	-55.018002
1933.950806	-54.369648
1935.296631	-55.156284
1936.642456	-55.964996
1937.988281	-55.876812
1939.334106	-55.284061
1940.679932	-54.778286
1942.025757	-55.934242
1943.371582	-56.003414
1944.717407	-55.540665
1946.063232	-56.172462
1947.409058	-56.530922
1948.754883	-55.357586
1950.100708	-55.880199
1951.446533	-54.997894
1952.792358	-55.674576
1954.138184	-56.307529
1955.484009	-55.145550
1956.829834	-56.517349
1958.175659	-55.795284
1959.521484	-55.574825
1960.867310	-57.690434
1962.213135	-56.392380
1963.558960	-55.409866
1964.904785	-56.136826
1966.250610	-54.587574
1967.596436	-56.330185
1968.942261	-56.530384
1970.288086	-56.529324
1971.633911	-55.668976
1972.979736	-56.730225
1974.325562	-57.151791
1975.671387	-56.393478
1977.017212	-56.754910
1978.363037	-56.720188
1979.708862	-57.448486
1981.054688	-56.551975
1982.400513	-56.020519
1983.746338	-55.790718
1985.092163	-56.323494
1986.437988	-56.527954
1987.783813	-56.626663
1989.129639	-56.500771
1990.475464	-56.134682
1991.821289	-57.745235
1993.167114	-56.906429
1994.512939	-57.562401
1995.858765	-56.297932
1997.204590	-56.945679
1998.550415	-56.785030
1999.896240	-57.599384
2001.242065	-56.671280
2002.587891	-57.125984
2003.933716	-57.204292
2005.279541	-56.871170
2006.625366	-57.430569
2007.971191	-56.441048
2009.317017	-57.877781
2010.662842	-57.390724
2012.008667	-57.156464
2013.354492	-57.087017
2014.700317	-57.833923
2016.046143	-56.991936
2017.391968	-57.646477
2018.737793	-57.488033
2020.083618	-56.790817
2021.429443	-55.686081
2022.775269	-56.686050
2024.121094	-55.988525
2025.466919	-56.786728
2026.812744	-56.676620
2028.158569	-57.382938
2029.504395	-56.876080
2030.850220	-57.760666
2032.196045	-57.443264
2033.541870	-57.375343
2034.887695	-56.805817
2036.233521	-57.061901
2037.579346	-56.588757
2038.925171	-57.176315
2040.270996	-57.389362
2041.616821	-57.905827
2042.962646	-56.982624
2044.308472	-57.260136
2045.654297	-57.534870
2047.000122	-56.515789
2048.345947	-57.249935
2049.691772	-57.965534
2051.037598	-57.295330
2052.383423	-57.921993
2053.729248	-57.486031
2055.075073	-57.630013
2056.420898	-57.114456
2057.766724	-56.924782
2059.112549	-56.934628
2060.458374	-56.856239
2061.804199	-57.588165
2063.150024	-58.256229
2064.495850	-57.121792
2065.841675	-58.040825
2067.187500	-57.865578
2068.533325	-57.164719
2069.879150	-57.526962
2071.224976	-56.787495
2072.570801	-58.025013
2073.916626	-57.348831
2075.262451	-57.793301
2076.608276	-58.043510
2077.954102	-58.567013
2079.299927	-57.284374
2080.645752	-58.466274
2081.991577	-57.199215
2083.337402	-56.636612
2084.683228	-56.941933
2086.029053	-56.273178
2087.374878	-56.342495
2088.720703	-57.810341
2090.066528	-57.550903
2091.412354	-56.646076
2092.758179	-58.158085
2094.104004	-56.905979
2095.449829	-56.743580
2096.795654	-57.231216
2098.141479	-57.187592
2099.487305	-56.994804
2100.833130	-58.072521
2102.178955	-57.709869
2103.524780	-57.248772
2104.870605	-57.587925
2106.216431	-56.196232
2107.562256	-56.442799
2108.908081	-56.942638
2110.253906	-56.187687
2111.599731	-57.378185
2112.945557	-56.777657
2114.291382	-57.608601
2115.637207	-56.971066
2116.983032	-57.789417
2118.328857	-56.156078
2119.674683	-57.195309
2121.020508	-57.781433
2122.366333	-58.247910
2123.712158	-57.638424
2125.057983	-56.658497
2126.403809	-56.461399
2127.749634	-57.524258
2129.095459	-56.360977
2130.441284	-56.654800
2131.787109	-56.586143
2133.132935	-57.175312
2134.478760	-56.883156
2135.824585	-56.612854
2137.170410	-57.322453
2138.516235	-56.608528
2139.862061	-56.395802
2141.207886	-56.734657
2142.553711	-57.524242
2143.899536	-56.034676
2145.245361	-57.789112
2146.591187	-56.407810
2147.937012	-55.230709
2149.282837	-56.879906
2150.628662	-56.875603
2151.974487	-56.157616
2153.320312	-56.148029
2154.666138	-57.231380
2156.011963	-55.526722
2157.357788	-56.214790
2158.703613	-54.897804
2160.049438	-56.543186
2161.395264	-57.576241
2162.741089	-57.198605
2164.086914	-56.138039
2165.432739	-56.994717
2166.778564	-56.441830
2168.124390	-57.061764
2169.470215	-56.007801
2170.816040	-57.600513
2172.161865	-55.915382
2173.507690	-55.329025
2174.853516	-56.119175
2176.199341	-55.751934
2177.545166	-55.633003
2178.890991	-54.927776
2180.236816	-56.018154
2181.582642	-56.881744
2182.928467	-55.664127
2184.274292	-56.349064
2185.620117	-55.585106
2186.965942	-55.114902
2188.311768	-54.510777
2189.657593	-55.309780
2191.003418	-56.231564
2192.349243	-55.290401
2193.695068	-55.186520
2195.040894	-55.514927
2196.386719	-55.006466
2197.732544	-56.237118
2199.078369	-54.841183
2200.424194	-55.752686
2201.770020	-54.566113
2203.115845	-55.644123
2204.461670	-55.681618
2205.807495	-55.889282
2207.153320	-55.501957
2208.499146	-55.268353
2209.844971	-55.152023
2211.190796	-54.013241
2212.536621	-54.615631
2213.882446	-54.620136
2215.228271	-54.792046
2216.574097	-55.142994
2217.919922	-54.700523
2219.265747	-54.853737
2220.611572	-54.898041
2221.957397	-55.022907
2223.303223	-55.186901
2224.649048	-54.699448
2225.994873	-54.113503
2227.340698	-55.153061
2228.686523	-54.871063
2230.032349	-53.561962
2231.378174	-54.013077
2232.723999	-53.504166
2234.069824	-53.809380
2235.415649	-54.800339
2236.761475	-53.968861
2238.107300	-53.520592
2239.453125	-54.043037
2240.798950	-52.993793
2242.144775	-53.989483
2243.490601	-54.562683
2244.836426	-53.657280
2246.182251	-53.284180
2247.528076	-54.237255
2248.873901	-53.232101
2250.219727	-53.434143
2251.565552	-53.540470
2252.911377	-53.470516
2254.257202	-54.876850
2255.603027	-52.734859
2256.948853	-52.924835
2258.294678	-53.077217
2259.640503	-52.349430
2260.986328	-52.588840
2262.332153	-53.001072
2263.677979	-52.049870
2265.023804	-52.093166
2266.369629	-51.152405
2267.715454	-52.444557
2269.061279	-52.962154
2270.407104	-52.724262
2271.752930	-51.953423
2273.098755	-51.439327
2274.444580	-52.339912
2275.790405	-52.329552
2277.136230	-51.629780
2278.482056	-50.819977
2279.827881	-51.348228
2281.173706	-51.379665
2282.519531	-50.908516
2283.865356	-50.722378
2285.211182	-51.348869
2286.557007	-50.823376
2287.902832	-50.889095
2289.248657	-51.362267
2290.594482	-49.969166
2291.940308	-50.519562
2293.286133	-50.911423
2294.631958	-50.690136
2295.977783	-50.120781
2297.323608	-50.317226
2298.669434	-50.079613
2300.015259	-49.797970
2301.361084	-49.185860
2302.706909	-49.887482
2304.052734	-50.055771
2305.398560	-49.979481
2306.744385	-50.631672
2308.090210	-48.797958
2309.436035	-50.025574
2310.781860	-49.472519
2312.127686	-48.986759
2313.473511	-48.344196
2314.819336	-49.210487
2316.165161	-48.173748
2317.510986	-48.242077
2318.856812	-48.479511
2320.202637	-47.915821
2321.548462	-48.199688
2322.894287	-48.487316
2324.240112	-48.899090
2325.585938	-48.246941
2326.931763	-47.839127
2328.277588	-47.329292
2329.623413	-48.356552
2330.969238	-46.561810
2332.315063	-46.656513
2333.660889	-47.002209
2335.006714	-46.603455
2336.352539	-46.277592
2337.698364	-47.630772
2339.044189	-45.601406
2340.390015	-45.136627
2341.735840	-44.145493
2343.081665	-46.160809
2344.427490	-45.598091
2345.773315	-46.192032
2347.119141	-44.962780
2348.464966	-45.253487
2349.810791	-44.085613
2351.156616	-43.797047
2352.502441	-44.363617
2353.848267	-43.062740
2355.194092	-44.404957
2356.539917	-43.501034
2357.885742	-43.310078
2359.231567	-43.227715
2360.577393	-44.005482
2361.923218	-43.831188
2363.269043	-43.596638
2364.614868	-42.339306
2365.960693	-43.411873
2367.306519	-42.826412
2368.652344	-43.495182
2369.998169	-42.427708
2371.343994	-42.206165
2372.689819	-43.072090
2374.035645	-42.879433
2375.381470	-42.190834
2376.727295	-42.124664
2378.073120	-41.844563
2379.418945	-42.805672
2380.764771	-41.450981
2382.110596	-42.728260
2383.456421	-42.525253
2384.802246	-42.508495
2386.148071	-42.538986
2387.493896	-41.917767
2388.839722	-42.525883
2390.185547	-42.292690
2391.531372	-42.982460
2392.877197	-41.954144
2394.223022	-41.490952
2395.568848	-43.151848
2396.914673	-43.636353
2398.260498	-42.451767
2399.606323	-43.241470
2400.952148	-43.241783
2402.297974	-42.964672
2403.643799	-43.457626
2404.989624	-43.713535
2406.335449	-44.239044
2407.681274	-44.487560
2409.027100	-43.858421
2410.372925	-44.948467
2411.718750	-44.049950
2413.064575	-43.809959
2414.410400	-44.101410
2415.756226	-43.488796
2417.102051	-45.112679
2418.447876	-44.832115
2419.793701	-44.814400
2421.139526	-45.481262
2422.485352	-45.314968
2423.831177	-46.213432
2425.177002	-45.997692
2426.522827	-46.533916
2427.868652	-46.571980
2429.214478	-46.477482
2430.560303	-47.493931
2431.906128	-46.508835
2433.251953	-46.788475
2434.597778	-47.677105
2435.943604	-47.095680
2437.289429	-47.026794
2438.635254	-47.716820
2439.981079	-47.512150
2441.326904	-48.533390
2442.672729	-49.023438
2444.018555	-47.492313
2445.364380	-49.046429
2446.710205	-49.140327
2448.056030	-49.376743
2449.401855	-49.681118
2450.747681	-49.114143
2452.093506	-48.762424
2453.439331	-49.721752
2454.785156	-49.796650
2456.130981	-49.776894
2457.476807	-49.003994
2458.822632	-49.398933
2460.168457	-49.629620
2461.514282	-50.738159
2462.860107	-49.613094
2464.205933	-50.245068
2465.551758	-49.625160
2466.897583	-50.471741
2468.243408	-49.893440
2469.589233	-51.784203
2470.935059	-50.392059
2472.280884	-50.954102
2473.626709	-51.195206
2474.972534	-49.833580
2476.318359	-50.444035
2477.664185	-51.797070
2479.010010	-50.787136
2480.355835	-51.505306
2481.701660	-50.465031
2483.047485	-51.728924
2484.393311	-51.946430
2485.739136	-52.031464
2487.084961	-51.823895
2488.430786	-52.587185
2489.776611	-51.735489
2491.122437	-51.918957
2492.468262	-52.152576
2493.814087	-52.965729
2495.159912	-53.631184
2496.505737	-52.912308
2497.851562	-53.057087
2499.197388	-52.657089
2500.543213	-51.751720
2501.889038	-52.326988
2503.234863	-53.384567
2504.580688	-52.867100
2505.926514	-53.360176
2507.272339	-53.453392
2508.618164	-53.149399
2509.963989	-53.798492
2511.309814	-52.403370
2512.655640	-54.236519
2514.001465	-52.960876
2515.347290	-53.313107
2516.693115	-52.829166
2518.038940	-53.924812
2519.384766	-53.189827
2520.730591	-53.578259
2522.076416	-53.677475
2523.422241	-53.783562
2524.768066	-53.160374
2526.113892	-53.949097
2527.459717	-54.474064
2528.805542	-53.162140
2530.151367	-53.668011
2531.497192	-54.115974
2532.843018	-55.623119
2534.188843	-54.472740
2535.534668	-54.675003
2536.880493	-55.219509
2538.226318	-53.777153
2539.572144	-54.432495
2540.917969	-53.957451
2542.263794	-54.327946
2543.609619	-54.448021
2544.955444	-54.516571
2546.301270	-54.481007
2547.647095	-55.124527
2548.992920	-55.734859
2550.338745	-55.394390
2551.684570	-55.236168
2553.030396	-55.649342
2554.376221	-55.810646
2555.722046	-55.023449
2557.067871	-55.613785
2558.413696	-55.764091
2559.759521	-55.269981
2561.105347	-53.720871
2562.451172	-54.658840
2563.796997	-56.280064
2565.142822	-55.938641
2566.488647	-55.590813
2567.834473	-55.352623
2569.180298	-56.198063
2570.526123	-55.672642
2571.871948	-54.945557
2573.217773	-56.096195
2574.563599	-56.634472
2575.909424	-56.730007
2577.255249	-56.706764
2578.601074	-56.235268
2579.946899	-56.322796
2581.292725	-57.038990
2582.638550	-55.960278
2583.984375	-56.264389
2585.330200	-56.231667
2586.676025	-56.719288
2588.021851	-56.624462
2589.367676	-56.797413
2590.713501	-57.082298
2592.059326	-56.713936
2593.405151	-55.941032
2594.750977	-56.787857
2596.096802	-57.958462
2597.442627	-57.385925
2598.788452	-56.683475
2600.134277	-56.270100
2601.480103	-56.337780
2602.825928	-55.634769
2604.171753	-56.007183
2605.517578	-55.669235
2606.863403	-55.879951
2608.209229	-56.593540
2609.555054	-56.025715
2610.900879	-57.023750
2612.246704	-57.117077
2613.592529	-57.422871
2614.938354	-55.889492
2616.284180	-56.471474
2617.630005	-55.958801
2618.975830	-57.807358
2620.321655	-58.649010
2621.667480	-57.147831
2623.013306	-58.169899
2624.359131	-56.805111
2625.704956	-56.858093
2627.050781	-56.538219
2628.396606	-57.212185
2629.742432	-55.833694
2631.088257	-56.203529
2632.434082	-56.482998
2633.779907	-56.777805
2635.125732	-56.429684
2636.471558	-56.290833
2637.817383	-56.515221
2639.163208	-56.680790
2640.509033	-57.433880
2641.854858	-56.607742
2643.200684	-56.866066
2644.546509	-57.936150
2645.892334	-57.189766
2647.238159	-57.240208
2648.583984	-57.502598
2649.929810	-57.494701
2651.275635	-56.543240
2652.621460	-57.362564
2653.967285	-58.207161
2655.313110	-57.475895
2656.658936	-56.854206
2658.004761	-57.208229
2659.350586	-58.103107
2660.696411	-58.563320
2662.042236	-56.996590
2663.388062	-58.042404
2664.733887	-58.105946
2666.079712	-57.033638
2667.425537	-57.394501
2668.771362	-57.994915
2670.117188	-58.312794
2671.463013	-57.241325
2672.808838	-56.762711
2674.154663	-56.825245
2675.500488	-56.972073
2676.846313	-57.692265
2678.192139	-58.885120
2679.537964	-56.911331
2680.883789	-58.412144
2682.229614	-57.510574
2683.575439	-58.370274
2684.921265	-57.672729
2686.267090	-57.359871
2687.612915	-57.877228
2688.958740	-58.689590
2690.304565	-58.405018
2691.650391	-57.465279
2692.996216	-56.890919
2694.342041	-58.271687
2695.687866	-57.068913
2697.033691	-57.474102
2698.379517	-58.382912
2699.725342	-56.839195
2701.071167	-57.814754
2702.416992	-57.998661
2703.762817	-57.870316
2705.108643	-58.259251
2706.454468	-57.503094
2707.800293	-57.185452
2709.146118	-56.664242
2710.491943	-56.784679
2711.837769	-57.236763
2713.183594	-56.662739
2714.529419	-56.925636
2715.875244	-57.711525
2717.221069	-57.960018
2718.566895	-57.601513
2719.912720	-56.788250
2721.258545	-56.921936
2722.604370	-57.095528
2723.950195	-57.321556
2725.296021	-56.143074
2726.641846	-56.635254
2727.987671	-57.117638
2729.333496	-57.529839
2730.679321	-56.715725
2732.025146	-57.775314
2733.370972	-57.981853
2734.716797	-57.444160
2736.062622	-57.400513
2737.408447	-56.698051
2738.754272	-57.175922
2740.100098	-57.202045
2741.445923	-57.016426
2742.791748	-56.244934
2744.137573	-56.867950
2745.483398	-56.967587
2746.829224	-58.092850
2748.175049	-57.282776
2749.520874	-55.780109
2750.866699	-56.487362
2752.212524	-57.011604
2753.558350	-56.001801
2754.904175	-57.302216
2756.250000	-57.511124
2757.595825	-56.997768
2758.941650	-56.768169
2760.287476	-55.852818
2761.633301	-56.458321
2762.979126	-56.591549
2764.324951	-56.155907
2765.670776	-57.366108
2767.016602	-57.267281
2768.362427	-57.071903
2769.708252	-57.039257
2771.054077	-56.206707
2772.399902	-56.914326
2773.745728	-55.972736
2775.091553	-56.836777
2776.437378	-56.504230
2777.783203	-57.372154
2779.129028	-56.678722
2780.474854	-56.492260
2781.820679	-56.374367
2783.166504	-56.107307
2784.512329	-55.754490
2785.858154	-55.782860
2787.203979	-56.372993
2788.549805	-55.658764
2789.895630	-55.545448
2791.241455	-55.154106
2792.587280	-55.449432
2793.933105	-56.437809
2795.278931	-56.144489
2796.624756	-55.260643
2797.970581	-56.246437
2799.316406	-55.383358
2800.662231	-55.706997
2802.008057	-55.140224
2803.353882	-55.746223
2804.699707	-55.540215
2806.045532	-54.697334
2807.391357	-55.200802
2808.737183	-55.464634
2810.083008	-56.083626
2811.428833	-55.574642
2812.774658	-53.995655
2814.120483	-55.235352
2815.466309	-55.022175
2816.812134	-54.992516
2818.157959	-54.687729
2819.503784	-54.541363
2820.849609	-54.955891
2822.195435	-55.354431
2823.541260	-54.696636
2824.887085	-55.848675
2826.232910	-54.188213
2827.578735	-54.360783
2828.924561	-53.303928
2830.270386	-54.270393
2831.616211	-54.586994
2832.962036	-54.866104
2834.307861	-52.971642
2835.653687	-53.557903
2836.999512	-53.874596
2838.345337	-54.374153
2839.691162	-53.841423
2841.036987	-53.132561
2842.382812	-52.611183
2843.728638	-54.310738
2845.074463	-54.085464
2846.420288	-53.678463
2847.766113	-55.175716
2849.111938	-53.112183
2850.457764	-52.556221
2851.803589	-52.015793
2853.149414	-51.898499
2854.495239	-53.161575
2855.841064	-53.025219
2857.186890	-52.169544
2858.532715	-53.701588
2859.878540	-53.096901
2861.224365	-51.924778
2862.570190	-53.750782
2863.916016	-52.124786
2865.261841	-53.117180
2866.607666	-52.245098
2867.953491	-53.121704
2869.299316	-51.369900
2870.645142	-51.783817
2871.990967	-51.357487
2873.336792	-51.795620
2874.682617	-52.260315
2876.028442	-51.679184
2877.374268	-50.490662
2878.720093	-50.433544
2880.065918	-51.034771
2881.411743	-50.619225
2882.757568	-49.705250
2884.103394	-50.304691
2885.449219	-50.942123
2886.795044	-51.840336
2888.140869	-50.496727
2889.486694	-50.282600
2890.832520	-49.681114
2892.178345	-49.269100
2893.524170	-49.855198
2894.869995	-50.271454
2896.215820	-49.795616
2897.561646	-48.939476
2898.907471	-49.513008
2900.253296	-49.464085
2901.599121	-48.276150
2902.944946	-48.963161
2904.290771	-48.666553
2905.636597	-48.509365
2906.982422	-47.976006
2908.328247	-48.219673
2909.674072	-48.155838
2911.019897	-47.680714
2912.365723	-47.392601
2913.711548	-48.024094
2915.057373	-47.150352
2916.403198	-46.612442
2917.749023	-48.363731
2919.094849	-47.067501
2920.440674	-45.817417
2921.786499	-46.691231
2923.132324	-46.472160
2924.478149	-45.913914
2925.823975	-45.115536
2927.169800	-44.484760
2928.515625	-45.195580
2929.861450	-45.110531
2931.207275	-45.331238
2932.553101	-45.335770
2933.898926	-44.018795
2935.244751	-44.761299
2936.590576	-44.741405
2937.936401	-44.090988
2939.282227	-43.755138
2940.628052	-45.097267
2941.973877	-44.091377
2943.319702	-41.597111
2944.665527	-42.701546
2946.011353	-42.302681
2947.357178	-42.243324
2948.703003	-43.157364
2950.048828	-42.009857
2951.394653	-42.715569
2952.740479	-41.645290
2954.086304	-41.951626
2955.432129	-42.308735
2956.777954	-41.472111
2958.123779	-40.386250
2959.469604	-40.360439
2960.815430	-40.001999
2962.161255	-41.226929
2963.507080	-40.077961
2964.852905	-40.433407
2966.198730	-40.799820
2967.544556	-40.043213
2968.890381	-41.168560
2970.236206	-39.384689
2971.582031	-40.199463
2972.927856	-39.711632
2974.273682	-40.246750
2975.619507	-40.876434
2976.965332	-41.005531
2978.311157	-41.665714
2979.656982	-40.188019
2981.002808	-41.549942
2982.348633	-40.776890
2983.694458	-41.269974
2985.040283	-42.054745
2986.386108	-41.576317
2987.731934	-41.878780
2989.077759	-42.137905
2990.423584	-42.406738
2991.769409	-42.956654
2993.115234	-41.250149
2994.461060	-43.428043
2995.806885	-42.569023
2997.152710	-43.176018
2998.498535	-44.682484
2999.844360	-45.028442
3001.190186	-44.486210
3002.536011	-45.023399
3003.881836	-44.918034
3005.227661	-46.253979
3006.573486	-45.866051
3007.919312	-45.861912
3009.265137	-44.861027
3010.610962	-45.228577
3011.956787	-46.660095
3013.302612	-46.678371
3014.648438	-47.194260
3015.994263	-46.193661
3017.340088	-46.148438
3018.685913	-48.251614
3020.031738	-48.316349
3021.377563	-48.351444
3022.723389	-47.577049
3024.069214	-47.859299
3025.415039	-49.067963
3026.760864	-48.395676
3028.106689	-48.004616
3029.452515	-47.801182
3030.798340	-47.555016
3032.144165	-48.729725
3033.489990	-48.052715
3034.835815	-48.803513
3036.181641	-49.387871
3037.527466	-49.116714
3038.873291	-48.647812
3040.219116	-49.527489
3041.564941	-50.808441
3042.910767	-50.254925
3044.256592	-49.604706
3045.602417	-49.924179
3046.948242	-50.233734
3048.294067	-50.628620
3049.639893	-50.402645
3050.985718	-50.000885
3052.331543	-50.807552
3053.677368	-50.311653
3055.023193	-51.035023
3056.369019	-50.398029
3057.714844	-49.596066
3059.060669	-49.896957
3060.406494	-51.178436
3061.752319	-51.332829
3063.098145	-49.759361
3064.443970	-50.696457
3065.789795	-51.968929
3067.135620	-51.814522
3068.481445	-50.304558
3069.827271	-51.548054
3071.173096	-51.007988
3072.518921	-51.688042
3073.864746	-51.632393
3075.210571	-52.439751
3076.556396	-52.527611
3077.902222	-51.602139
3079.248047	-52.737263
3080.593872	-53.141655
3081.939697	-53.544292
3083.285522	-52.982838
3084.631348	-53.011707
3085.977173	-52.802532
3087.322998	-53.057159
3088.668823	-53.463394
3090.014648	-53.065269
3091.360474	-53.029819
3092.706299	-53.799088
3094.052124	-53.145561
3095.397949	-54.716854
3096.743774	-52.910675
3098.089600	-54.120571
3099.435425	-54.641529
3100.781250	-53.476078
3102.127075	-52.996468
3103.472900	-53.532948
3104.818726	-54.508060
3106.164551	-53.625072
3107.510376	-55.794464
3108.856201	-53.860397
3110.202026	-54.269592
3111.547852	-55.216637
3112.893677	-54.563385
3114.239502	-54.757755
3115.585327	-55.329025
3116.931152	-54.486622
3118.276978	-55.583450
3119.622803	-54.602547
3120.968628	-53.894321
3122.314453	-54.024902
3123.660278	-54.837700
3125.006104	-54.167461
3126.351929	-54.586979
3127.697754	-54.140537
3129.043579	-54.585453
3130.389404	-54.920166
3131.735229	-54.160187
3133.081055	-55.157078
3134.426880	-55.367165
3135.772705	-55.229118
3137.118530	-55.202629
3138.464355	-55.877609
3139.810181	-55.172825
3141.156006	-55.078129
3142.501831	-55.441593
3143.847656	-55.890217
3145.193481	-55.802654
3146.539307	-55.607502
3147.885132	-55.258713
3149.230957	-56.121826
3150.576782	-54.897518
3151.922607	-55.321400
3153.268433	-55.477264
3154.614258	-54.833839
3155.960083	-55.977802
3157.305908	-55.545326
3158.651733	-55.263924
3159.997559	-55.247505
3161.343384	-56.014687
3162.689209	-56.246494
3164.035034	-56.288799
3165.380859	-56.581097
3166.726685	-55.167068
3168.072510	-56.886120
3169.418335	-55.839180
3170.764160	-56.059799
3172.109985	-56.049618
3173.455811	-55.795288
3174.801636	-55.949966
3176.147461	-55.417912
3177.493286	-56.650585
3178.839111	-56.346592
3180.184937	-57.073418
3181.530762	-55.733734
3182.876587	-56.137779
3184.222412	-55.484726
3185.568237	-56.310371
3186.914062	-56.129524
3188.259888	-56.621998
3189.605713	-56.597755
3190.951538	-56.701748
3192.297363	-56.381268
3193.643188	-57.168678
3194.989014	-57.438545
3196.334839	-56.760246
3197.680664	-57.566040
3199.026489	-56.489952
3200.372314	-56.372120
3201.718140	-56.546417
3203.063965	-56.621212
3204.409790	-57.074799
3205.755615	-57.411087
3207.101440	-56.396004
3208.447266	-56.386868
3209.793091	-57.482769
3211.138916	-55.750305
3212.484741	-55.355583
3213.830566	-56.125652
3215.176392	-58.167446
3216.522217	-57.434738
3217.868042	-57.388905
3219.213867	-56.697674
3220.559692	-57.115036
3221.905518	-57.091858
3223.251343	-56.709492
3224.597168	-56.642902
3225.942993	-57.144611
3227.288818	-56.963631
3228.634644	-57.700783
3229.980469	-57.673172
3231.326294	-57.006363
3232.672119	-56.684044
3234.017944	-55.669861
3235.363770	-57.115376
3236.709595	-58.193729
3238.055420	-57.590122
3239.401245	-58.131004
3240.747070	-57.321014
3242.092896	-56.462219
3243.438721	-58.289433
3244.784546	-56.117844
3246.130371	-57.374981
3247.476196	-57.468609
3248.822021	-56.642860
3250.167847	-57.534714
3251.513672	-56.923622
3252.859497	-57.810745
3254.205322	-57.098866
3255.551147	-56.947239
3256.896973	-57.423428
3258.242798	-57.042507
3259.588623	-56.341282
3260.934448	-56.979641
3262.280273	-57.153217
3263.626099	-56.639683
3264.971924	-56.906677
3266.317749	-57.114628
3267.663574	-56.213299
3269.009399	-57.589363
3270.355225	-56.801086
3271.701050	-56.865005
3273.046875	-56.712624
3274.392700	-56.828621
3275.738525	-57.642014
3277.084351	-57.745728
3278.430176	-57.066391
3279.776001	-58.260315
3281.121826	-56.619179
3282.467651	-57.680996
3283.813477	-56.455421
3285.159302	-57.456848
3286.505127	-57.257938
3287.850952	-57.357071
3289.196777	-57.043797
3290.542603	-56.474602
3291.888428	-57.536716
3293.234253	-57.056358
3294.580078	-57.572132
3295.925903	-56.561359
3297.271729	-56.305813
3298.617554	-56.038925
3299.963379	-56.877605
3301.309204	-56.982044
3302.655029	-56.674427
3304.000854	-55.844555
3305.346680	-56.247543
3306.692505	-57.373901
3308.038330	-56.855595
3309.384155	-56.273193
3310.729980	-56.471619
3312.075806	-56.405296
3313.421631	-55.260807
3314.767456	-56.556976
3316.113281	-57.677940
3317.459106	-55.864983
3318.804932	-57.171028
3320.150757	-57.529774
3321.496582	-56.527306
3322.842407	-55.836964
3324.188232	-55.631847
3325.534058	-57.347073
3326.879883	-55.223854
3328.225708	-55.186344
3329.571533	-55.369343
3330.917358	-56.114479
3332.263184	-55.832062
3333.609009	-55.234413
3334.954834	-55.616463
3336.300659	-55.381916
3337.646484	-56.092453
3338.992310	-56.349556
3340.338135	-56.713524
3341.683960	-56.648144
3343.029785	-55.411537
3344.375610	-56.706203
3345.721436	-55.105457
3347.067261	-55.884300
3348.413086	-55.620846
3349.758911	-55.533634
3351.104736	-55.225872
3352.450562	-55.675327
3353.796387	-55.749519
3355.142212	-55.842598
3356.488037	-56.290558
3357.833862	-56.252174
3359.179688	-55.813431
3360.525513	-55.457493
3361.871338	-55.523403
3363.217163	-57.202244
3364.562988	-55.045773
3365.908813	-55.643124
3367.254639	-56.784664
3368.600464	-55.106304
3369.946289	-55.209263
3371.292114	-55.613258
3372.637939	-55.323704
3373.983765	-55.890186
3375.329590	-55.460285
3376.675415	-53.895748
3378.021240	-53.759361
3379.367065	-53.939751
3380.712891	-54.349422
3382.058716	-54.518635
3383.404541	-53.521908
3384.750366	-54.824604
3386.096191	-54.425011
3387.442017	-53.990582
3388.787842	-54.864735
3390.133667	-54.700485
3391.479492	-54.027626
3392.825317	-53.000473
3394.171143	-53.677139
3395.516968	-53.200184
3396.862793	-52.960255
3398.208618	-54.524986
3399.554443	-53.737202
3400.900269	-54.013531
3402.246094	-53.971115
3403.591919	-54.867313
3404.937744	-54.352749
3406.283569	-53.878902
3407.629395	-54.213402
3408.975220	-52.093937
3410.321045	-54.162369
3411.666870	-53.140789
3413.012695	-52.849625
3414.358521	-54.068016
3415.704346	-53.524426
3417.050171	-53.646709
3418.395996	-52.782928
3419.741821	-52.944401
3421.087646	-52.840313
3422.433472	-52.729671
3423.779297	-52.704453
3425.125122	-53.358837
3426.470947	-52.879803
3427.816772	-52.307926
3429.162598	-52.453354
3430.508423	-51.791294
3431.854248	-51.478271
3433.200073	-51.315041
3434.545898	-52.070435
3435.891724	-51.140953
3437.237549	-50.821106
3438.583374	-51.284161
3439.929199	-52.189800
3441.275024	-51.461563
3442.620850	-51.697426
3443.966675	-50.558273
3445.312500	-50.712334
3446.658325	-50.284996
3448.004150	-50.814667
3449.349976	-50.407139
3450.695801	-51.444592
3452.041626	-50.742146
3453.387451	-50.676735
3454.733276	-50.876320
3456.079102	-50.236134
3457.424927	-51.127918
3458.770752	-50.602619
3460.116577	-50.286095
3461.462402	-49.434742
3462.808228	-49.569939
3464.154053	-49.755470
3465.499878	-50.190727
3466.845703	-50.081734
3468.191528	-49.137119
3469.537354	-48.810352
3470.883179	-49.729931
3472.229004	-49.153736
3473.574829	-48.820339
3474.920654	-49.275166
3476.266479	-48.839912
3477.612305	-49.002148
3478.958130	-48.563854
3480.303955	-48.108807
3481.649780	-48.022671
3482.995605	-48.453255
3484.341431	-46.980289
3485.687256	-46.715649
3487.033081	-47.388409
3488.378906	-47.583450
3489.724731	-46.762024
3491.070557	-46.630501
3492.416382	-47.275303
3493.762207	-47.650501
3495.108032	-47.667728
3496.453857	-46.684341
3497.799683	-46.329544
3499.145508	-46.061081
3500.491333	-46.888416
3501.837158	-45.687496
3503.182983	-46.299065
3504.528809	-45.211624
3505.874634	-44.644253
3507.220459	-45.039284
3508.566284	-45.542145
3509.912109	-44.351170
3511.257935	-45.186916
3512.603760	-44.619461
3513.949585	-43.521198
3515.295410	-42.771957
3516.641235	-43.103394
3517.987061	-43.570629
3519.332886	-42.192425
3520.678711	-42.645756
3522.024536	-43.795063
3523.370361	-42.109055
3524.716187	-42.356632
3526.062012	-41.640015
3527.407837	-42.435432
3528.753662	-41.523468
3530.099487	-42.488800
3531.445312	-42.912590
3532.791138	-41.630142
3534.136963	-40.575638
3535.482788	-40.616734
3536.828613	-41.081013
3538.174438	-41.685169
3539.520264	-40.037785
3540.866089	-40.013077
3542.211914	-40.273628
3543.557739	-39.247238
3544.903564	-40.031700
3546.249390	-40.540405
3547.595215	-40.516010
3548.941040	-40.925453
3550.286865	-40.016361
3551.632690	-39.844055
3552.978516	-38.791416
3554.324341	-39.398930
3555.670166	-40.370682
3557.015991	-40.222839
3558.361816	-40.996368
3559.707642	-41.305588
3561.053467	-41.536789
3562.399292	-40.903831
3563.745117	-41.327885
3565.090942	-40.737003
3566.436768	-41.095032
3567.782593	-41.722233
3569.128418	-41.203354
3570.474243	-42.060795
3571.820068	-41.234131
3573.165894	-42.895226
3574.511719	-41.050800
3575.857544	-43.405720
3577.203369	-43.799160
3578.549194	-42.835346
3579.895020	-42.474567
3581.240845	-42.582867
3582.586670	-42.937840
3583.932495	-43.998890
3585.278320	-44.891289
3586.624146	-44.190884
3587.969971	-43.860619
3589.315796	-44.514549
3590.661621	-45.148281
3592.007446	-43.725754
3593.353271	-45.395515
3594.699097	-43.763615
3596.044922	-44.894051
3597.390747	-45.597809
3598.736572	-45.896671
3600.082397	-46.499699
3601.428223	-45.288773
3602.774048	-45.963905
3604.119873	-46.362419
3605.465698	-45.719650
3606.811523	-46.429256
3608.157349	-46.717339
3609.503174	-46.655556
3610.848999	-47.198433
3612.194824	-46.724735
3613.540649	-46.884228
3614.886475	-48.083660
3616.232300	-47.498062
3617.578125	-47.562229
3618.923950	-47.751724
3620.269775	-48.798733
3621.615601	-47.940060
3622.961426	-48.103512
3624.307251	-47.395275
3625.653076	-46.888042
3626.998901	-47.978931
3628.344727	-48.590969
3629.690552	-48.482708
3631.036377	-49.544983
3632.382202	-49.514687
3633.728027	-50.157490
3635.073853	-49.958847
3636.419678	-50.313244
3637.765503	-49.159782
3639.111328	-50.014839
3640.457153	-49.889008
3641.802979	-50.095947
3643.148804	-48.933556
3644.494629	-49.821228
3645.840454	-48.987930
3647.186279	-50.007828
3648.532104	-49.604889
3649.877930	-50.149601
3651.223755	-50.159046
3652.569580	-50.140793
3653.915405	-50.778217
3655.261230	-49.618027
3656.607056	-51.568314
3657.952881	-51.455841
3659.298706	-50.741386
3660.644531	-50.299625
3661.990356	-50.747215
3663.336182	-50.501148
3664.682007	-51.653976
3666.027832	-51.675453
3667.373657	-51.512890
3668.719482	-51.330257
3670.065308	-50.972534
3671.411133	-53.057968
3672.756958	-51.586136
3674.102783	-51.204224
3675.448608	-52.254818
3676.794434	-50.954636
3678.140259	-51.712212
3679.486084	-52.498219
3680.831909	-52.015373
3682.177734	-51.244778
3683.523560	-51.290161
3684.869385	-52.967018
3686.215210	-52.312546
3687.561035	-52.364574
3688.906860	-53.387314
3690.252686	-53.201828
3691.598511	-52.328865
3692.944336	-52.849480
3694.290161	-52.419991
3695.635986	-53.127869
3696.981812	-53.198559
3698.327637	-52.869610
3699.673462	-53.123665
3701.019287	-53.695923
3702.365112	-53.958065
3703.710938	-52.986416
3705.056763	-53.427082
3706.402588	-53.521141
3707.748413	-53.702900
3709.094238	-54.007519
3710.440063	-52.860661
3711.785889	-53.387081
3713.131714	-54.079815
3714.477539	-53.716331
3715.823364	-53.735184
3717.169189	-53.260349
3718.515015	-53.326126
3719.860840	-53.591133
3721.206665	-53.814415
3722.552490	-53.309761
3723.898315	-54.243916
3725.244141	-53.502930
3726.589966	-53.549625
3727.935791	-54.244354
3729.281616	-53.414185
3730.627441	-54.414509
3731.973267	-54.076271
3733.319092	-53.137432
3734.664917	-54.035233
3736.010742	-53.432377
3737.356567	-54.668991
3738.702393	-54.761826
3740.048218	-54.928837
3741.394043	-54.476223
3742.739868	-53.954731
3744.085693	-54.094681
3745.431519	-53.968422
3746.777344	-54.320713
3748.123169	-55.588696
3749.468994	-54.035580
3750.814819	-54.250557
3752.160645	-53.654358
3753.506470	-55.290798
3754.852295	-53.891987
3756.198120	-54.608158
3757.543945	-53.793732
3758.889771	-53.619370
3760.235596	-54.888153
3761.581421	-55.254898
3762.927246	-54.198544
3764.273071	-55.633804
3765.618896	-55.807243
3766.964722	-55.799732
3768.310547	-54.882622
3769.656372	-55.716480
3771.002197	-55.720402
3772.348022	-54.376396
3773.693848	-54.351791
3775.039673	-54.404137
3776.385498	-55.634159
3777.731323	-56.049454
3779.077148	-56.854862
3780.422974	-55.567047
3781.768799	-54.815094
3783.114624	-53.897209
3784.460449	-54.572357
3785.806274	-55.748455
3787.152100	-55.411434
3788.497925	-55.600075
3789.843750	-55.341133
3791.189575	-55.746407
3792.535400	-55.370823
3793.881226	-54.662144
3795.227051	-55.717911
3796.572876	-54.501560
3797.918701	-56.160496
3799.264526	-55.358242
3800.610352	-55.427624
3801.956177	-54.184673
3803.302002	-55.108261
3804.647827	-55.367306
3805.993652	-55.279213
3807.339478	-54.715355
3808.685303	-54.980045
3810.031128	-55.331635
3811.376953	-54.937912
3812.722778	-56.032722
3814.068604	-54.606903
3815.414429	-55.560925
3816.760254	-55.349957
3818.106079	-55.183552
3819.451904	-55.027958
3820.797729	-55.869797
3822.143555	-54.833260
3823.489380	-54.932842
3824.835205	-55.509129
3826.181030	-56.017372
3827.526855	-55.592232
3828.872681	-55.928970
3830.218506	-56.089359
3831.564331	-55.078350
3832.910156	-55.852104
3834.255981	-55.980194
3835.601807	-56.464161
3836.947632	-56.298992
3838.293457	-56.088047
3839.639282	-55.025658
3840.985107	-55.883736
3842.330933	-55.872921
3843.676758	-56.165630
3845.022583	-55.789200
3846.368408	-55.176620
3847.714233	-55.471584
3849.060059	-55.560207
3850.405884	-55.926239
3851.751709	-55.244030
3853.097534	-55.503319
3854.443359	-57.289619
3855.789185	-55.745037
3857.135010	-55.980080
3858.480835	-56.552563
3859.826660	-56.505104
3861.172485	-55.747643
3862.518311	-55.325153
3863.864136	-56.755764
3865.209961	-56.220573
3866.555786	-55.490482
3867.901611	-55.505116
3869.247437	-55.270275
3870.593262	-55.805759
3871.939087	-56.010082
3873.284912	-56.816990
3874.630737	-55.807838
3875.976562	-55.925335
3877.322388	-55.386600
3878.668213	-55.324631
3880.014038	-54.983616
3881.359863	-54.890701
3882.705688	-55.137810
3884.051514	-55.257515
3885.397339	-55.363377
3886.743164	-54.734989
3888.088989	-55.750225
3889.434814	-55.335766
3890.780640	-53.888287
3892.126465	-54.579090
3893.472290	-55.659019
3894.818115	-54.490303
3896.163940	-55.603203
3897.509766	-55.406647
3898.855591	-55.585766
3900.201416	-55.658447
3901.547241	-54.732384
3902.893066	-54.743572
3904.238892	-55.031609
3905.584717	-55.455822
3906.930542	-55.515766
3908.276367	-54.759899
3909.622192	-55.054321
3910.968018	-56.269291
3912.313843	-54.989506
3913.659668	-55.481174
3915.005493	-55.295525
3916.351318	-54.462746
3917.697144	-54.461819
3919.042969	-54.504704
3920.388794	-54.933113
3921.734619	-54.419357
3923.080444	-55.599640
3924.426270	-55.159088
3925.772095	-54.727383
3927.117920	-54.624756
3928.463745	-53.952961
3929.809570	-55.320972
3931.155396	-54.873878
3932.501221	-54.835609
3933.847046	-55.412369
3935.192871	-54.314533
3936.538696	-53.727524
3937.884521	-55.606888
3939.230347	-54.987862
3940.576172	-55.000134
3941.921997	-54.738041
3943.267822	-55.213024
3944.613647	-55.469059
3945.959473	-54.083786
3947.305298	-53.673550
3948.651123	-53.954601
3949.996948	-54.654022
3951.342773	-54.423527
3952.688599	-53.443909
3954.034424	-53.651611
3955.380249	-54.718491
3956.726074	-53.910351
3958.071899	-54.219055
3959.417725	-53.910267
3960.763550	-54.000603
3962.109375	-54.621456
3963.455200	-54.589706
3964.801025	-53.873909
3966.146851	-53.334187
3967.492676	-53.959560
3968.838501	-54.788109
3970.184326	-53.512508
3971.530151	-53.347790
3972.875977	-53.458965
3974.221802	-53.540562
3975.567627	-53.634960
3976.913452	-53.974335
3978.259277	-53.994587
3979.605103	-53.256340
3980.950928	-53.428410
3982.296753	-53.569828
3983.642578	-53.699020
3984.988403	-54.021610
3986.334229	-53.782059
3987.680054	-53.131695
3989.025879	-52.697067
3990.371704	-54.753437
3991.717529	-53.589561
3993.063354	-53.258656
3994.409180	-52.693893
3995.755005	-52.166126
3997.100830	-52.070103
3998.446655	-52.750507
3999.792480	-52.748489
4001.138306	-52.747192
4002.484131	-53.616653
4003.829956	-52.882217
4005.175781	-53.100296
4006.521606	-52.072464
4007.867432	-51.955414
4009.213257	-53.054054
4010.559082	-53.337067
4011.904907	-52.685902
4013.250732	-52.364014
4014.596558	-52.739544
4015.942383	-52.705517
4017.288208	-52.985870
4018.634033	-53.149872
4019.979858	-51.989685
4021.325684	-52.353851
4022.671509	-52.161922
4024.017334	-51.752136
4025.363159	-51.701920
4026.708984	-51.639164
4028.054810	-53.053116
4029.400635	-52.187374
4030.746460	-51.062347
4032.092285	-51.040901
4033.438110	-51.448078
4034.783936	-51.602379
4036.129761	-52.603970
4037.475586	-51.957748
4038.821411	-51.048389
4040.167236	-53.135357
4041.513062	-51.583298
4042.858887	-51.541088
4044.204712	-50.829632
4045.550537	-51.190247
4046.896362	-50.829365
4048.242188	-50.054504
4049.588013	-51.011463
4050.933838	-49.797031
4052.279663	-50.799789
4053.625488	-49.772949
4054.971313	-50.220528
4056.317139	-49.109795
4057.662964	-49.603798
4059.008789	-49.788483
4060.354614	-49.588985
4061.700439	-50.459278
4063.046265	-50.655277
4064.392090	-49.745438
4065.737915	-49.641174
4067.083740	-48.575859
4068.429565	-49.789989
4069.775391	-49.262623
4071.121216	-48.583675
4072.467041	-49.297554
4073.812866	-48.398407
4075.158691	-49.687840
4076.504517	-50.034603
4077.850342	-48.391098
4079.196167	-48.925793
4080.541992	-48.396843
4081.887817	-48.294346
4083.233643	-48.919437
4084.579468	-48.043133
4085.925293	-47.701317
4087.271118	-48.468613
4088.616943	-47.848595
4089.962769	-48.224953
4091.308594	-47.901421
4092.654419	-48.383614
4094.000244	-48.963280
4095.346069	-46.922176
4096.691895	-47.493324
4098.037720	-47.702908
4099.383545	-47.803246
4100.729370	-46.905235
4102.075195	-47.127243
4103.421021	-47.376274
4104.766846	-47.623466
4106.112671	-46.975754
4107.458496	-47.104103
4108.804321	-46.000053
4110.150146	-46.274895
4111.495972	-45.746738
4112.841797	-46.209393
4114.187622	-46.213856
4115.533447	-46.891750
4116.879272	-45.375351
4118.225098	-45.460983
4119.570923	-46.073704
4120.916748	-46.103897
4122.262573	-45.912289
4123.608398	-44.563568
4124.954224	-44.780136
4126.300049	-45.723328
4127.645874	-44.853729
4128.991699	-45.260292
4130.337524	-44.975174
4131.683350	-45.411274
4133.029175	-45.182194
4134.375000	-44.570042
4135.720825	-44.318943
4137.066650	-44.491581
4138.412476	-45.308060
4139.758301	-44.410744
4141.104126	-44.285969
4142.449951	-43.927376
4143.795776	-43.246819
4145.141602	-43.950699
4146.487427	-44.002476
4147.833252	-44.084877
4149.179077	-43.406933
4150.524902	-44.001923
4151.870728	-44.604519
4153.216553	-43.549324
4154.562378	-44.393597
4155.908203	-44.410873
4157.254028	-44.711803
4158.599854	-44.136501
4159.945679	-43.720928
4161.291504	-44.515099
4162.637329	-45.168617
4163.983154	-45.289776
4165.328979	-45.991497
4166.674805	-45.112320
4168.020630	-44.833076
4169.366455	-46.455593
4170.712280	-45.388752
4172.058105	-45.355766
4173.403931	-44.936501
4174.749756	-45.824760
4176.095581	-45.509590
4177.441406	-46.528450
4178.787231	-46.341988
4180.133057	-46.869572
4181.478882	-46.342503
4182.824707	-45.765102
4184.170532	-46.879372
4185.516357	-46.396729
4186.862183	-46.296700
4188.208008	-47.643215
4189.553833	-46.848766
4190.899658	-46.175838
4192.245483	-46.745125
4193.591309	-46.533623
4194.937134	-47.836704
4196.282959	-48.567787
4197.628784	-48.360054
4198.974609	-47.905869
4200.320435	-48.542889
4201.666260	-48.651421
4203.012085	-47.257011
4204.357910	-48.570591
4205.703735	-48.854206
4207.049561	-49.414276
4208.395386	-49.647091
4209.741211	-48.697510
4211.087036	-50.784405
4212.432861	-48.698807
4213.778687	-48.593086
4215.124512	-49.620590
4216.470337	-50.370476
4217.816162	-50.076633
4219.161987	-49.265591
4220.507812	-49.691090
4221.853638	-50.296585
4223.199463	-50.429569
4224.545288	-50.053123
4225.891113	-50.764771
4227.236938	-50.344017
4228.582764	-51.355400
4229.928589	-51.900738
4231.274414	-52.109314
4232.620239	-51.323830
4233.966064	-50.588093
4235.311890	-51.045918
4236.657715	-50.910561
4238.003540	-51.938427
4239.349365	-51.029942
4240.695190	-51.595627
4242.041016	-51.915703
4243.386841	-52.426796
4244.732666	-51.409069
4246.078491	-52.670399
4247.424316	-52.495823
4248.770142	-51.611267
4250.115967	-52.853851
4251.461792	-52.207439
4252.807617	-53.067711
4254.153442	-53.439472
4255.499268	-54.136894
4256.845093	-53.785839
4258.190918	-52.944649
4259.536743	-53.190376
4260.882568	-52.403713
4262.228394	-53.629570
4263.574219	-54.032032
4264.920044	-53.106148
4266.265869	-54.510857
4267.611694	-54.082672
4268.957520	-54.061047
4270.303345	-52.915607
4271.649170	-53.707359
4272.994995	-54.210918
4274.340820	-53.995716
4275.686646	-53.717434
4277.032471	-53.966793
4278.378296	-54.565937
4279.724121	-53.947960
4281.069946	-54.068283
4282.415771	-54.943291
4283.761597	-54.981243
4285.107422	-54.958523
4286.453247	-54.709274
4287.799072	-55.194115
4289.144897	-55.219418
4290.490723	-55.184422
4291.836548	-54.427170
4293.182373	-54.912617
4294.528198	-54.740559
4295.874023	-56.317680
4297.219849	-54.524864
4298.565674	-55.155754
4299.911499	-56.071465
4301.257324	-55.939880
4302.603149	-55.391605
4303.948975	-56.324493
4305.294800	-56.189301
4306.640625	-55.931133
4307.986450	-54.827595
4309.332275	-56.206940
4310.678101	-57.597977
4312.023926	-56.847954
4313.369751	-55.651791
4314.715576	-55.350342
4316.061401	-56.189121
4317.407227	-55.968712
4318.753052	-55.976398
4320.098877	-56.742725
4321.444702	-56.514549
4322.790527	-56.349346
4324.136353	-56.391407
4325.482178	-57.731159
4326.828003	-56.534557
4328.173828	-56.946167
4329.519653	-58.224766
4330.865479	-55.938690
4332.211304	-57.374897
4333.557129	-56.673130
4334.902954	-56.787964
4336.248779	-57.196346
4337.594604	-56.428692
4338.940430	-56.246155
4340.286255	-56.976624
4341.632080	-57.343502
4342.977905	-57.428688
4344.323730	-57.134975
4345.669556	-57.794758
4347.015381	-56.938534
4348.361206	-57.582619
4349.707031	-57.044071
4351.052856	-56.790241
4352.398682	-57.395660
4353.744507	-57.128464
4355.090332	-58.523384
4356.436157	-58.700665
4357.781982	-57.030670
4359.127808	-58.433365
4360.473633	-59.536552
4361.819458	-58.753124
4363.165283	-57.999428
4364.511108	-58.096172
4365.856934	-59.471249
4367.202759	-58.291355
4368.548584	-57.096802
4369.894409	-57.406384
4371.240234	-57.554478
4372.586060	-58.519032
4373.931885	-58.714729
4375.277710	-58.778660
4376.623535	-57.950985
4377.969360	-58.548233
4379.315186	-58.420914
4380.661011	-58.838753
4382.006836	-58.039883
4383.352661	-58.578094
4384.698486	-59.007484
4386.044312	-57.958092
4387.390137	-58.388054
4388.735962	-57.731823
4390.081787	-59.331791
4391.427612	-58.586807
4392.773438	-58.148491
4394.119263	-58.837082
4395.465088	-58.549454
4396.810913	-58.191799
4398.156738	-58.885319
4399.502563	-60.238670
4400.848389	-59.775261
4402.194214	-60.447784
4403.540039	-59.228794
4404.885864	-59.742466
4406.231689	-59.269833
4407.577515	-60.575977
4408.923340	-59.306801
4410.269165	-60.173874
4411.614990	-58.654888
4412.960815	-59.347000
4414.306641	-60.327904
4415.652466	-59.800823
4416.998291	-59.814732
4418.344116	-58.742504
4419.689941	-60.138512
4421.035767	-59.191036
4422.381592	-59.217041
4423.727417	-59.517864
4425.073242	-59.420021
4426.419067	-59.635071
4427.764893	-60.449646
4429.110718	-59.310650
4430.456543	-60.586563
4431.802368	-59.625271
4433.148193	-60.083931
4434.494019	-60.234455
4435.839844	-59.161160
4437.185669	-61.010647
4438.531494	-59.848206
4439.877319	-60.157539
4441.223145	-59.819195
4442.568970	-59.905483
4443.914795	-60.936295
4445.260620	-61.025269
4446.606445	-60.625683
4447.952271	-60.931042
4449.298096	-60.818932
4450.643921	-60.146320
4451.989746	-59.868397
4453.335571	-59.626041
4454.681396	-60.956615
4456.027222	-59.072693
4457.373047	-60.765976
4458.718872	-59.757442
4460.064697	-60.641563
4461.410522	-59.938255
4462.756348	-60.485481
4464.102173	-60.474743
4465.447998	-60.149841
4466.793823	-59.864941
4468.139648	-58.950672
4469.485474	-59.169193
4470.831299	-61.048729
4472.177124	-60.417809
4473.522949	-60.818836
4474.868774	-60.389549
4476.214600	-59.925236
4477.560425	-60.535309
4478.906250	-60.235580
4480.252075	-59.372101
4481.597900	-59.461002
4482.943726	-59.875648
4484.289551	-60.512913
4485.635376	-60.005596
4486.981201	-59.959705
4488.327026	-60.072552
4489.672852	-60.500664
4491.018677	-61.589100
4492.364502	-59.942360
4493.710327	-60.686581
4495.056152	-60.750893
4496.401978	-61.048241
4497.747803	-61.478127
4499.093628	-59.199627
4500.439453	-59.983364
4501.785278	-59.273529
4503.131104	-60.206978
4504.476929	-59.978638
4505.822754	-60.226322
4507.168579	-60.783718
4508.514404	-59.581787
4509.860229	-59.333424
4511.206055	-60.941784
4512.551880	-61.506214
4513.897705	-59.731659
4515.243530	-60.222202
4516.589355	-59.265537
4517.935181	-60.982227
4519.281006	-59.470299
4520.626831	-58.805878
4521.972656	-59.276814
4523.318481	-60.210808
4524.664307	-60.957825
4526.010132	-60.176407
4527.355957	-59.514503
4528.701782	-60.139408
4530.047607	-60.874016
4531.393433	-60.148956
4532.739258	-60.457653
4534.085083	-59.830475
4535.430908	-60.035835
4536.776733	-60.569725
4538.122559	-59.205750
4539.468384	-59.918365
4540.814209	-60.281998
4542.160034	-60.363659
4543.505859	-59.919857
4544.851685	-60.040764
4546.197510	-59.978115
4547.543335	-60.028549
4548.889160	-60.372158
4550.234985	-59.238861
4551.580811	-60.025997
4552.926636	-60.025204
4554.272461	-60.180599
4555.618286	-60.311810
4556.964111	-60.722630
4558.309937	-61.397736
4559.655762	-60.201488
4561.001587	-58.777969
4562.347412	-59.713448
4563.693237	-59.406910
4565.039062	-58.926201
4566.384888	-59.744007
4567.730713	-60.139565
4569.076538	-59.024902
4570.422363	-59.059464
4571.768188	-59.245697
4573.114014	-58.417789
4574.459839	-60.648010
4575.805664	-59.020672
4577.151489	-59.160580
4578.497314	-59.910446
4579.843140	-58.842960
4581.188965	-59.132576
4582.534790	-59.240574
4583.880615	-59.058647
4585.226440	-59.344013
4586.572266	-58.658455
4587.918091	-59.848427
4589.263916	-59.493462
4590.609741	-58.225056
4591.955566	-59.662529
4593.301392	-59.128078
4594.647217	-60.462936
4595.993042	-59.411236
4597.338867	-58.126682
4598.684692	-59.033146
4600.030518	-58.805882
4601.376343	-57.963444
4602.722168	-58.448364
4604.067993	-58.067055
4605.413818	-58.248920
4606.759644	-59.416721
4608.105469	-58.314793
4609.451294	-57.974411
4610.797119	-58.409851
4612.142944	-58.878067
4613.488770	-57.468441
4614.834595	-58.156395
4616.180420	-58.677105
4617.526245	-57.480244
4618.872070	-58.200294
4620.217896	-57.323959
4621.563721	-56.967590
4622.909546	-57.935505
4624.255371	-57.165188
4625.601196	-57.882324
4626.947021	-57.620590
4628.292847	-57.760567
4629.638672	-58.164658
4630.984497	-57.384525
4632.330322	-58.086868
4633.676147	-58.015919
4635.021973	-57.784729
4636.367798	-55.711006
4637.713623	-56.445202
4639.059448	-58.132706
4640.405273	-57.254818
4641.751099	-55.910145
4643.096924	-56.116806
4644.442749	-56.100994
4645.788574	-57.248985
4647.134399	-56.572090
4648.480225	-55.980919
4649.826050	-56.691536
4651.171875	-56.740631
4652.517700	-55.972496
4653.863525	-55.220238
4655.209351	-55.949589
4656.555176	-55.874939
4657.901001	-55.626186
4659.246826	-56.407009
4660.592651	-54.232845
4661.938477	-56.301170
4663.284302	-55.493565
4664.630127	-54.770542
4665.975952	-54.213676
4667.321777	-54.987446
4668.667603	-55.325905
4670.013428	-55.269764
4671.359253	-55.806259
4672.705078	-54.582539
4674.050903	-55.803486
4675.396729	-54.038265
4676.742554	-55.448910
4678.088379	-55.856831
4679.434204	-55.248917
4680.780029	-53.609844
4682.125854	-54.170391
4683.471680	-54.150494
4684.817505	-54.264526
4686.163330	-53.557724
4687.509155	-52.558594
4688.854980	-53.189842
4690.200806	-53.156593
4691.546631	-53.442280
4692.892456	-52.723656
4694.238281	-53.926945
4695.584106	-51.658421
4696.929932	-52.069283
4698.275757	-52.697411
4699.621582	-50.681511
4700.967407	-50.884838
4702.313232	-51.448566
4703.659058	-52.392609
4705.004883	-51.708275
4706.350708	-51.019089
4707.696533	-51.118240
4709.042358	-51.085743
4710.388184	-50.939297
4711.734009	-50.296036
4713.079834	-50.294350
4714.425659	-50.273830
4715.771484	-50.260994
4717.117310	-50.257236
4718.463135	-50.907207
4719.808960	-50.169292
4721.154785	-50.551899
4722.500610	-50.332466
4723.846436	-49.052559
4725.192261	-50.279152
4726.538086	-50.036621
4727.883911	-49.418056
4729.229736	-48.571766
4730.575562	-48.864632
4731.921387	-48.491699
4733.267212	-48.303719
4734.613037	-48.414196
4735.958862	-49.513554
4737.304688	-47.987930
4738.650513	-47.364204
4739.996338	-48.523518
4741.342163	-48.928902
4742.687988	-47.974964
4744.033813	-47.995960
4745.379639	-48.787350
4746.725464	-48.831078
4748.071289	-49.675964
4749.417114	-49.236359
4750.762939	-49.152271
4752.108765	-48.538204
4753.454590	-48.786255
4754.800415	-48.605881
4756.146240	-48.504639
4757.492065	-49.035397
4758.837891	-50.378525
4760.183716	-50.898144
4761.529541	-50.668739
4762.875366	-49.188019
4764.221191	-49.812149
4765.567017	-50.033150
4766.912842	-49.215874
4768.258667	-49.994694
4769.604492	-50.389164
4770.950317	-49.196507
4772.296143	-51.549225
4773.641968	-51.103786
4774.987793	-50.709267
4776.333618	-51.310478
4777.679443	-51.994854
4779.025269	-51.134293
4780.371094	-50.784748
4781.716919	-51.442696
4783.062744	-52.365253
4784.408569	-52.504761
4785.754395	-52.332962
4787.100220	-51.885799
4788.446045	-52.046494
4789.791870	-53.299660
4791.137695	-53.616070
4792.483521	-52.910198
4793.829346	-53.121944
4795.175171	-52.349220
4796.520996	-52.694412
4797.866821	-54.484135
4799.212646	-54.155643
4800.558472	-54.807770
4801.904297	-54.436394
4803.250122	-54.068287
4804.595947	-55.964142
4805.941772	-54.585388
4807.287598	-54.779064
4808.633423	-54.586636
4809.979248	-56.410583
4811.325073	-55.326191
4812.670898	-54.988461
4814.016724	-56.067528
4815.362549	-55.283173
4816.708374	-56.097473
4818.054199	-56.273922
4819.400024	-55.440727
4820.745850	-57.054867
4822.091675	-56.031776
4823.437500	-55.945766
4824.783325	-55.941658
4826.129150	-56.519436
4827.474976	-56.584106
4828.820801	-57.089684
4830.166626	-57.297783
4831.512451	-58.434998
4832.858276	-57.047527
4834.204102	-57.601456
4835.549927	-57.142536
4836.895752	-57.188339
4838.241577	-57.517174
4839.587402	-59.072437
4840.933228	-58.182056
4842.279053	-58.259449
4843.624878	-57.951096
4844.970703	-57.724487
4846.316528	-59.035988
4847.662354	-57.842747
4849.008179	-58.254005
4850.354004	-59.342434
4851.699829	-59.447834
4853.045654	-58.619263
4854.391479	-58.896946
4855.737305	-58.737816
4857.083130	-59.478291
4858.428955	-59.493584
4859.774780	-59.335705
4861.120605	-59.922760
4862.466431	-60.061096
4863.812256	-59.585453
4865.158081	-60.284988
4866.503906	-59.526714
4867.849731	-60.812424
4869.195557	-59.317459
4870.541382	-59.556164
4871.887207	-60.484463
4873.233032	-59.972542
4874.578857	-59.935856
4875.924683	-60.574444
4877.270508	-60.762436
4878.616333	-61.272499
4879.962158	-60.976852
4881.307983	-61.388245
4882.653809	-61.763813
4883.999634	-60.653107
4885.345459	-60.085930
4886.691284	-60.647079
4888.037109	-61.908298
4889.382935	-61.217396
4890.728760	-61.032291
4892.074585	-61.209099
4893.420410	-61.989262
4894.766235	-61.048683
4896.112061	-61.680660
4897.457886	-62.259476
4898.803711	-62.614449
4900.149536	-61.165958
4901.495361	-61.587833
4902.841187	-63.120613
4904.187012	-62.321480
4905.532837	-62.060532
4906.878662	-61.919609
4908.224487	-61.885353
4909.570312	-61.703724
4910.916138	-61.617313
4912.261963	-63.156216
4913.607788	-62.829781
4914.953613	-61.882389
4916.299438	-62.122173
4917.645264	-62.841503
4918.991089	-62.330994
4920.336914	-63.344681
4921.682739	-61.678848
4923.028564	-62.398731
4924.374390	-63.157032
4925.720215	-62.248070
4927.066040	-63.148148
4928.411865	-63.302532
4929.757690	-62.518803
4931.103516	-62.842476
4932.449341	-63.234604
4933.795166	-62.887409
4935.140991	-63.577667
4936.486816	-62.137531
4937.832642	-63.117649
4939.178467	-64.014694
4940.524292	-64.265854
4941.870117	-64.277939
4943.215942	-63.660061
4944.561768	-63.133385
4945.907593	-63.785545
4947.253418	-63.628113
4948.599243	-63.566589
4949.945068	-63.876183
4951.290894	-63.069736
4952.636719	-64.109390
4953.982544	-63.345627
4955.328369	-63.845070
4956.674194	-64.227509
4958.020020	-63.338757
4959.365845	-63.143478
4960.711670	-64.310143
4962.057495	-64.061783
4963.403320	-63.628429
4964.749146	-62.394619
4966.094971	-64.192070
4967.440796	-64.956711
4968.786621	-64.405022
4970.132446	-64.853470
4971.478271	-64.280006
4972.824097	-63.410954
4974.169922	-63.880970
4975.515747	-63.941216
4976.861572	-64.015953
4978.207397	-63.340240
4979.553223	-64.136551
4980.899048	-64.937721
4982.244873	-64.441544
4983.590698	-64.626541
4984.936523	-64.958366
4986.282349	-65.699623
4987.628174	-65.384445
4988.973999	-64.323936
4990.319824	-64.427757
4991.665649	-63.672485
4993.011475	-64.475235
4994.357300	-65.150856
4995.703125	-63.625679
4997.048950	-64.684372
4998.394775	-63.883900
4999.740601	-65.522232
5001.086426	-64.902916
5002.432251	-65.888611
5003.778076	-65.012321
5005.123901	-65.556152
5006.469727	-66.084702
5007.815552	-64.726685
5009.161377	-64.277763
5010.507202	-66.176201
5011.853027	-64.837082
5013.198853	-65.170403
5014.544678	-64.004234
5015.890503	-64.835190
5017.236328	-65.312019
5018.582153	-64.598175
5019.927979	-64.964088
5021.273804	-64.809204
5022.619629	-64.701225
5023.965454	-64.373306
5025.311279	-66.107437
5026.657104	-65.214615
5028.002930	-65.985329
5029.348755	-65.420609
5030.694580	-65.898613
5032.040405	-65.957016
5033.386230	-66.026581
5034.732056	-64.794037
5036.077881	-64.597473
5037.423706	-65.315086
5038.769531	-65.290428
5040.115356	-64.631584
5041.461182	-65.222733
5042.807007	-66.206848
5044.152832	-65.471725
5045.498657	-65.420761
5046.844482	-65.254654
5048.190308	-66.248787
5049.536133	-65.617462
5050.881958	-65.375496
5052.227783	-65.454102
5053.573608	-64.469231
5054.919434	-66.427437
5056.265259	-65.656319
5057.611084	-65.682777
5058.956909	-65.767303
5060.302734	-65.216217
5061.648560	-66.956367
5062.994385	-65.591370
5064.340210	-65.213478
5065.686035	-64.873085
5067.031860	-65.394295
5068.377686	-65.927376
5069.723511	-65.082497
5071.069336	-65.720940
5072.415161	-65.856857
5073.760986	-65.254791
5075.106812	-65.708611
5076.452637	-65.706841
5077.798462	-66.088806
5079.144287	-65.262848
5080.490112	-66.131355
5081.835938	-64.962341
5083.181763	-65.803062
5084.527588	-65.146866
5085.873413	-64.360565
5087.219238	-64.906815
5088.565063	-65.236649
5089.910889	-64.380997
5091.256714	-65.019173
5092.602539	-65.565018
5093.948364	-65.188942
5095.294189	-65.422646
5096.640015	-64.780327
5097.985840	-65.045006
5099.331665	-64.815018
5100.677490	-65.195801
5102.023315	-66.137230
5103.369141	-64.748947
5104.714966	-64.809135
5106.060791	-64.275558
5107.406616	-64.798553
5108.752441	-65.639694
5110.098267	-65.738831
5111.444092	-66.146835
5112.789917	-64.182259
5114.135742	-65.603828
5115.481567	-65.348282
5116.827393	-65.624100
5118.173218	-66.574577
5119.519043	-65.419411
5120.864868	-65.972603
5122.210693	-64.950096
5123.556519	-65.470070
5124.902344	-65.351120
5126.248169	-64.787468
5127.593994	-64.306313
5128.939819	-64.952011
5130.285645	-64.859406
5131.631470	-65.976944
5132.977295	-64.675987
5134.323120	-64.759323
5135.668945	-64.404472
5137.014771	-64.831139
5138.360596	-64.491249
5139.706421	-64.655685
5141.052246	-64.591248
5142.398071	-65.674278
5143.743896	-64.279671
5145.089722	-63.619164
5146.435547	-64.882744
5147.781372	-64.563210
5149.127197	-64.560951
5150.473022	-64.776543
5151.818848	-64.839005
5153.164673	-64.615097
5154.510498	-65.488739
5155.856323	-65.346550
5157.202148	-65.895454
5158.547974	-65.111290
5159.893799	-65.274445
5161.239624	-64.540169
5162.585449	-63.845959
5163.931274	-64.266106
5165.277100	-64.883141
5166.622925	-64.946922
5167.968750	-64.549652
5169.314575	-65.175606
5170.660400	-63.938328
5172.006226	-63.938248
5173.352051	-64.080849
5174.697876	-64.376457
5176.043701	-64.410019
5177.389526	-64.991402
5178.735352	-65.037132
5180.081177	-64.510651
5181.427002	-64.214134
5182.772827	-64.051300
5184.118652	-63.709255
5185.464478	-64.078438
5186.810303	-63.017746
5188.156128	-63.685719
5189.501953	-64.453903
5190.847778	-63.778419
5192.193604	-63.451847
5193.539429	-63.064449
5194.885254	-63.958107
5196.231079	-63.770756
5197.576904	-63.079384
5198.922729	-61.825878
5200.268555	-62.519230
5201.614380	-63.898926
5202.960205	-63.806805
5204.306030	-64.829445
5205.651855	-63.420506
5206.997681	-62.212494
5208.343506	-61.243629
5209.689331	-62.814541
5211.035156	-62.181694
5212.380981	-62.717552
5213.726807	-62.213390
5215.072632	-62.033123
5216.418457	-62.427769
5217.764282	-61.496044
5219.110107	-61.806156
5220.455933	-62.933567
5221.801758	-62.417465
5223.147583	-61.838875
5224.493408	-61.889317
5225.839233	-61.741783
5227.185059	-61.824444
5228.530884	-62.291389
5229.876709	-61.859905
5231.222534	-61.431183
5232.568359	-61.415237
5233.914185	-61.701214
5235.260010	-60.363190
5236.605835	-61.887035
5237.951660	-60.584076
5239.297485	-61.227924
5240.643311	-60.869431
5241.989136	-60.235401
5243.334961	-59.970264
5244.680786	-61.440449
5246.026611	-59.782803
5247.372437	-61.165379
5248.718262	-60.931614
5250.064087	-60.455944
5251.409912	-60.643562
5252.755737	-60.158699
5254.101562	-59.842937
5255.447388	-59.115898
5256.793213	-59.136082
5258.139038	-60.133327
5259.484863	-59.455368
5260.830688	-58.671841
5262.176514	-58.954166
5263.522339	-58.560856
5264.868164	-58.425457
5266.213989	-58.901569
5267.559814	-58.809948
5268.905640	-58.852249
5270.251465	-57.512108
5271.597290	-57.895515
5272.943115	-57.892532
5274.288940	-57.998440
5275.634766	-58.294312
5276.980591	-57.202019
5278.326416	-57.875149
5279.672241	-56.868515
5281.018066	-57.318146
5282.363892	-58.074081
5283.709717	-57.035610
5285.055542	-55.660511
5286.401367	-56.567783
5287.747192	-57.327976
5289.093018	-56.231491
5290.438843	-56.292393
5291.784668	-55.181965
5293.130493	-55.825562
5294.476318	-55.550556
5295.822144	-56.314270
5297.167969	-55.723988
5298.513794	-55.995911
5299.859619	-54.213749
5301.205444	-55.520760
5302.551270	-54.703938
5303.897095	-53.667095
5305.242920	-54.138905
5306.588745	-53.635864
5307.934570	-54.107681
5309.280396	-53.371712
5310.626221	-53.311062
5311.972046	-53.137993
5313.317871	-54.146564
5314.663696	-54.139469
5316.009521	-53.056046
5317.355347	-54.802074
5318.701172	-53.909622
5320.046997	-52.983192
5321.392822	-53.270542
5322.738647	-52.876244
5324.084473	-52.939106
5325.430298	-53.498550
5326.776123	-54.021378
5328.121948	-52.765636
5329.467773	-53.054970
5330.813599	-52.461708
5332.159424	-54.157887
5333.505249	-53.769016
5334.851074	-53.269417
5336.196899	-52.425079
5337.542725	-53.089668
5338.888550	-53.029640
5340.234375	-53.370255
5341.580200	-53.915264
5342.926025	-55.407871
5344.271851	-53.101391
5345.617676	-53.068115
5346.963501	-53.863144
5348.309326	-54.456303
5349.655151	-54.680771
5351.000977	-53.672520
5352.346802	-54.081867
5353.692627	-55.123177
5355.038452	-54.853962
5356.384277	-55.457607
5357.730103	-55.342297
5359.075928	-54.913822
5360.421753	-56.723980
5361.767578	-54.462540
5363.113403	-55.985031
5364.459229	-56.106152
5365.805054	-55.851883
5367.150879	-55.507904
5368.496704	-56.879440
5369.842529	-55.854351
5371.188354	-57.208771
5372.534180	-58.058044
5373.880005	-57.678226
5375.225830	-57.696972
5376.571655	-57.433792
5377.917480	-57.904991
5379.263306	-58.007401
5380.609131	-58.685398
5381.954956	-59.410999
5383.300781	-59.919163
5384.646606	-59.040627
5385.992432	-58.274403
5387.338257	-58.277622
5388.684082	-59.910248
5390.029907	-58.384846
5391.375732	-58.921974
5392.721558	-58.679329
5394.067383	-59.138969
5395.413208	-59.537155
5396.759033	-59.096500
5398.104858	-59.676479
5399.450684	-60.014729
5400.796509	-59.858299
5402.142334	-60.702290
5403.488159	-60.446167
5404.833984	-60.449200
5406.179810	-61.137093
5407.525635	-60.768333
5408.871460	-60.609352
5410.217285	-61.242374
5411.563110	-60.812084
5412.908936	-60.461266
5414.254761	-61.431488
5415.600586	-61.635490
5416.946411	-61.922222
5418.292236	-60.185616
5419.638062	-61.422314
5420.983887	-61.590450
5422.329712	-61.756832
5423.675537	-62.339607
5425.021362	-62.013054
5426.367188	-61.341625
5427.713013	-61.639294
5429.058838	-62.898060
5430.404663	-61.911381
5431.750488	-63.137001
5433.096313	-62.097446
5434.442139	-63.010059
5435.787964	-62.198532
5437.133789	-62.511086
5438.479614	-65.036194
5439.825439	-65.013817
5441.171265	-64.098701
5442.517090	-62.581581
5443.862915	-63.035713
5445.208740	-63.156647
5446.554565	-63.681065
5447.900391	-63.789707
5449.246216	-64.107742
5450.592041	-64.380661
5451.937866	-63.834351
5453.283691	-64.710342
5454.629517	-63.453426
5455.975342	-64.340530
5457.321167	-64.363510
5458.666992	-65.866783
5460.012817	-64.550888
5461.358643	-64.737984
5462.704468	-65.390587
5464.050293	-65.067299
5465.396118	-64.852921
5466.741943	-65.350998
5468.087769	-65.573349
5469.433594	-65.412445
5470.779419	-65.874977
5472.125244	-65.015732
5473.471069	-65.736824
5474.816895	-65.373055
5476.162720	-65.387566
5477.508545	-65.723106
5478.854370	-65.773003
5480.200195	-66.136925
5481.546021	-65.937065
5482.891846	-65.964073
5484.237671	-66.851654
5485.583496	-65.500984
5486.929321	-65.228615
5488.275146	-66.270996
5489.620972	-66.172882
5490.966797	-66.947113
5492.312622	-66.808250
5493.658447	-66.328773
5495.004272	-65.909401
5496.350098	-66.337440
5497.695923	-65.652023
5499.041748	-66.419182
5500.387573	-65.951027
5501.733398	-66.925941
5503.079224	-67.464798
5504.425049	-66.355164
5505.770874	-66.419182
5507.116699	-66.554070
5508.462524	-67.256470
5509.808350	-66.365601
5511.154175	-67.152336
5512.500000	-68.251038
5513.845825	-67.303894
5515.191650	-67.142189
5516.537476	-66.813766
5517.883301	-67.160477
5519.229126	-67.808952
5520.574951	-66.580635
5521.920776	-67.003204
5523.266602	-66.775208
5524.612427	-66.987862
5525.958252	-66.575500
5527.304077	-66.673096
5528.649902	-68.804169
5529.995728	-67.887375
5531.341553	-66.815201
5532.687378	-67.872543
5534.033203	-67.589706
5535.379028	-67.601051
5536.724854	-67.775558
5538.070679	-68.434158
5539.416504	-67.961861
5540.762329	-67.904549
5542.108154	-68.045052
5543.453979	-67.616638
5544.799805	-67.776283
5546.145630	-67.450760
5547.491455	-67.948387
5548.837280	-67.830681
5550.183105	-67.543724
5551.528931	-68.959267
5552.874756	-68.532860
5554.220581	-67.109947
5555.566406	-66.946121
5556.912231	-68.143814
5558.258057	-68.683388
5559.603882	-69.099205
5560.949707	-67.851372
5562.295532	-67.928169
5563.641357	-68.338432
5564.987183	-67.790268
5566.333008	-68.050774
5567.678833	-68.067711
5569.024658	-68.494850
5570.370483	-68.025375
5571.716309	-68.478279
5573.062134	-68.400360
5574.407959	-68.982124
5575.753784	-68.462456
5577.099609	-68.023048
5578.445435	-68.616333
5579.791260	-67.572487
5581.137085	-68.624962
5582.482910	-69.250633
5583.828735	-68.761986
5585.174561	-68.216057
5586.520386	-68.668686
5587.866211	-69.243340
5589.212036	-69.569130
5590.557861	-68.610023
5591.903687	-68.663948
5593.249512	-68.663322
5594.595337	-68.383469
5595.941162	-68.734192
5597.286987	-69.658386
5598.632812	-68.548195
5599.978638	-68.773140
5601.324463	-68.265877
5602.670288	-68.200371
5604.016113	-68.391518
5605.361938	-69.158226
5606.707764	-68.416534
5608.053589	-67.903290
5609.399414	-69.124573
5610.745239	-68.193146
5612.091064	-68.231819
5613.436890	-68.598709
5614.782715	-68.345047
5616.128540	-69.080032
5617.474365	-68.558304
5618.820190	-68.419960
5620.166016	-69.466591
5621.511841	-67.908737
5622.857666	-68.604568
5624.203491	-68.897484
5625.549316	-70.056320
5626.895142	-69.419899
5628.240967	-68.192543
5629.586792	-68.785400
5630.932617	-69.352486
5632.278442	-68.872360
5633.624268	-69.796921
5634.970093	-68.822830
5636.315918	-68.363258
5637.661743	-69.910065
5639.007568	-68.891380
5640.353394	-70.160538
5641.699219	-69.054100
5643.045044	-69.106239
5644.390869	-69.125610
5645.736694	-69.567413
5647.082520	-68.375153
5648.428345	-68.385765
5649.774170	-69.019600
5651.119995	-68.925171
5652.465820	-70.053780
5653.811646	-69.581329
5655.157471	-68.727768
5656.503296	-69.593536
5657.849121	-68.230751
5659.194946	-69.118744
5660.540771	-68.401756
5661.886597	-68.899017
5663.232422	-69.014763
5664.578247	-68.719795
5665.924072	-68.940842
5667.269897	-68.196098
5668.615723	-69.611115
5669.961548	-68.820641
5671.307373	-69.656128
5672.653198	-69.385437
5673.999023	-69.904655
5675.344849	-68.096062
5676.690674	-69.335571
5678.036499	-67.990463
5679.382324	-69.440216
5680.728149	-68.707504
5682.073975	-68.332100
5683.419800	-69.199608
5684.765625	-68.901405
5686.111450	-69.247162
5687.457275	-69.476685
5688.803101	-69.492653
5690.148926	-69.640541
5691.494751	-68.689857
5692.840576	-69.479935
5694.186401	-68.963921
5695.532227	-68.944443
5696.878052	-68.289665
5698.223877	-68.741180
5699.569702	-68.915520
5700.915527	-68.963692
5702.261353	-68.560837
5703.607178	-69.670959
5704.953003	-68.382675
5706.298828	-68.536232
5707.644653	-67.933266
5708.990479	-68.218201
5710.336304	-69.394135
5711.682129	-68.570793
5713.027954	-67.400658
5714.373779	-68.030830
5715.719604	-68.344299
5717.065430	-68.702156
5718.411255	-68.887932
5719.757080	-68.250214
5721.102905	-68.033417
5722.448730	-67.848557
5723.794556	-68.402756
5725.140381	-68.085876
5726.486206	-68.112793
5727.832031	-67.246536
5729.177856	-67.589485
5730.523682	-68.584419
5731.869507	-67.129295
5733.215332	-68.061874
5734.561157	-68.156921
5735.906982	-67.852013
5737.252808	-67.374969
5738.598633	-68.411858
5739.944458	-68.089195
5741.290283	-67.521080
5742.636108	-66.345764
5743.981934	-67.714310
5745.327759	-67.486488
5746.673584	-68.897881
5748.019409	-68.075363
5749.365234	-67.852737
5750.711060	-67.032860
5752.056885	-68.554565
5753.402710	-67.718315
5754.748535	-66.217140
5756.094360	-67.203384
5757.440186	-67.708344
5758.786011	-67.596748
5760.131836	-67.458931
5761.477661	-67.924805
5762.823486	-66.838280
5764.169312	-66.911224
5765.515137	-66.658348
5766.860962	-67.038689
5768.206787	-67.107216
5769.552612	-67.045807
5770.898438	-66.731758
5772.244263	-66.086517
5773.590088	-67.613358
5774.935913	-67.767349
5776.281738	-65.827431
5777.627563	-64.857452
5778.973389	-65.396515
5780.319214	-65.887955
5781.665039	-65.831551
5783.010864	-66.824280
5784.356689	-66.058037
5785.702515	-66.232826
5787.048340	-65.752182
5788.394165	-65.819984
5789.739990	-66.435150
5791.085815	-66.130302
5792.431641	-65.112167
5793.777466	-65.645065
5795.123291	-64.920517
5796.469116	-65.623848
5797.814941	-65.669426
5799.160767	-64.689247
5800.506592	-65.384491
5801.852417	-64.752495
5803.198242	-66.219337
5804.544067	-65.191986
5805.889893	-64.387466
5807.235718	-65.834244
5808.581543	-65.736519
5809.927368	-64.620239
5811.273193	-64.820114
5812.619019	-64.683502
5813.964844	-64.603165
5815.310669	-65.111061
5816.656494	-65.406425
5818.002319	-64.289185
5819.348145	-64.670395
5820.693970	-64.097160
5822.039795	-63.690144
5823.385620	-63.869896
5824.731445	-63.556377
5826.077271	-63.665668
5827.423096	-63.546803
5828.768921	-64.114639
5830.114746	-64.177979
5831.460571	-63.544380
5832.806396	-63.349693
5834.152222	-62.332703
5835.498047	-61.812260
5836.843872	-63.157005
5838.189697	-63.306286
5839.535522	-62.568546
5840.881348	-62.824558
5842.227173	-62.734482
5843.572998	-61.691505
5844.918823	-62.782253
5846.264648	-62.236225
5847.610474	-61.964039
5848.956299	-61.531498
5850.302124	-61.089069
5851.647949	-61.737137
5852.993774	-62.548756
5854.339600	-62.140240
5855.685425	-61.627567
5857.031250	-60.990459
5858.377075	-60.521839
5859.722900	-60.770138
5861.068726	-60.845291
5862.414551	-60.707840
5863.760376	-60.294285
5865.106201	-60.885910
5866.452026	-60.478607
5867.797852	-60.575481
5869.143677	-59.421413
5870.489502	-60.031963
5871.835327	-59.460129
5873.181152	-59.393497
5874.526978	-59.418472
5875.872803	-60.039799
5877.218628	-59.198704
5878.564453	-59.352322
5879.910278	-59.010723
5881.256104	-60.137634
5882.601929	-59.514217
5883.947754	-58.275013
5885.293579	-58.683037
5886.639404	-58.162285
5887.985229	-58.547207
5889.331055	-59.076542
5890.676880	-58.782116
5892.022705	-58.865311
5893.368530	-58.143799
5894.714355	-58.199848
5896.060181	-58.310478
5897.406006	-57.347225
5898.751831	-58.226921
5900.097656	-57.457458
5901.443481	-58.188744
5902.789307	-56.993706
5904.135132	-56.974968
5905.480957	-57.480621
5906.826782	-57.502934
5908.172607	-57.221111
5909.518433	-56.526237
5910.864258	-56.273796
5912.210083	-57.130054
5913.555908	-58.015732
5914.901733	-56.718048
5916.247559	-57.108028
5917.593384	-56.270660
5918.939209	-55.309666
5920.285034	-57.236839
5921.630859	-56.881107
5922.976685	-56.336647
5924.322510	-57.405891
5925.668335	-57.545296
5927.014160	-56.820713
5928.359985	-55.441463
5929.705811	-56.930042
5931.051636	-57.687740
5932.397461	-57.119511
5933.743286	-59.024475
5935.089111	-57.935299
5936.434937	-57.788994
5937.780762	-58.451473
5939.126587	-58.318344
5940.472412	-58.325489
5941.818237	-58.562191
5943.164062	-58.770245
5944.509888	-59.470703
5945.855713	-58.420635
5947.201538	-58.479229
5948.547363	-59.292965
5949.893188	-57.796303
5951.239014	-58.552002
5952.584839	-59.588558
5953.930664	-59.871914
5955.276489	-60.052166
5956.622314	-61.250549
5957.968140	-59.737637
5959.313965	-61.181515
5960.659790	-60.691261
5962.005615	-59.909969
5963.351440	-59.447670
5964.697266	-60.833935
5966.043091	-60.382912
5967.388916	-60.811550
5968.734741	-61.644135
5970.080566	-60.179352
5971.426392	-61.015358
5972.772217	-61.535324
5974.118042	-62.686840
5975.463867	-61.317543
5976.809692	-61.284458
5978.155518	-61.875515
5979.501343	-62.234577
5980.847168	-62.687325
5982.192993	-62.519714
5983.538818	-62.699665
5984.884644	-62.913406
5986.230469	-62.606106
5987.576294	-63.086155
5988.922119	-64.805748
5990.267944	-64.539299
5991.613770	-63.060642
5992.959595	-61.722076
5994.305420	-62.917042
5995.651245	-63.674263
5996.997070	-64.107269
5998.342896	-63.691284
5999.688721	-64.096527
6001.034546	-64.022469
6002.380371	-64.023865
6003.726196	-64.936195
6005.072021	-65.635330
6006.417847	-64.804291
6007.763672	-64.233978
6009.109497	-64.002441
6010.455322	-65.358192
6011.801147	-65.155716
6013.146973	-64.886429
6014.492798	-64.409401
6015.838623	-63.955608
6017.184448	-65.254807
6018.530273	-65.611526
6019.876099	-66.170120
6021.221924	-65.614510
6022.567749	-65.372818
6023.913574	-65.621201
6025.259399	-66.603569
6026.605225	-66.158661
6027.951050	-65.900032
6029.296875	-64.725983
6030.642700	-65.473892
6031.988525	-66.283279
6033.334351	-65.998070
6034.680176	-66.970703
6036.026001	-67.385040
6037.371826	-67.014282
6038.717651	-66.431038
6040.063477	-66.264465
6041.409302	-66.658928
6042.755127	-67.134674
6044.100952	-68.284096
6045.446777	-66.819313
6046.792603	-65.274559
6048.138428	-66.504692
6049.484253	-66.565094
6050.830078	-67.749825
6052.175903	-66.964996
6053.521729	-68.272835
6054.867554	-66.866249
6056.213379	-66.542549
6057.559204	-67.301010
6058.905029	-67.981522
6060.250854	-66.733551
6061.596680	-68.168991
6062.942505	-67.311447
6064.288330	-68.411392
6065.634155	-68.890961
6066.979980	-68.536674
6068.325806	-68.585457
6069.671631	-68.836212
6071.017456	-68.878067
6072.363281	-67.296867
6073.709106	-69.259483
6075.054932	-68.118240
6076.400757	-66.904549
6077.746582	-68.275055
6079.092407	-68.813240
6080.438232	-69.459541
6081.784058	-68.657173
6083.129883	-69.865051
6084.475708	-69.424393
6085.821533	-67.467369
6087.167358	-69.029716
6088.513184	-68.346687
6089.859009	-68.097214
6091.204834	-68.081406
6092.550659	-69.623856
6093.896484	-68.652634
6095.242310	-69.765022
6096.588135	-69.122009
6097.933960	-68.309555
6099.279785	-69.475426
6100.625610	-70.111206
6101.971436	-68.663071
6103.317261	-69.653343
6104.663086	-69.181664
6106.008911	-69.435280
6107.354736	-69.651207
6108.700562	-70.575302
6110.046387	-70.460236
6111.392212	-68.445549
6112.738037	-68.939316
6114.083862	-69.646965
6115.429688	-70.137459
6116.775513	-69.933411
6118.121338	-70.748405
6119.467163	-70.327461
6120.812988	-70.457390
6122.158813	-69.841278
6123.504639	-71.219337
6124.850464	-70.377472
6126.196289	-68.730812
6127.542114	-69.195038
6128.887939	-69.659477
6130.233765	-71.629807
6131.579590	-70.134483
6132.925415	-70.383049
6134.271240	-69.542023
6135.617065	-71.117462
6136.962891	-68.959816
6138.308716	-70.279770
6139.654541	-69.956284
6141.000366	-70.243401
6142.346191	-71.128548
6143.692017	-70.807449
6145.037842	-69.360725
6146.383667	-70.313797
6147.729492	-70.745064
6149.075317	-70.443413
6150.421143	-70.614296
6151.766968	-70.585678
6153.112793	-69.883438
6154.458618	-70.277153
6155.804443	-69.765671
6157.150269	-70.199776
6158.496094	-69.517082
6159.841919	-70.603996
6161.187744	-71.451889
6162.533569	-70.762703
6163.879395	-70.808273
6165.225220	-70.937653
6166.571045	-72.149277
6167.916870	-71.124214
6169.262695	-70.075775
6170.608521	-71.771835
6171.954346	-70.569153
6173.300171	-70.964981
6174.645996	-71.274681
6175.991821	-71.179619
6177.337646	-70.304451
6178.683472	-71.355507
6180.029297	-71.554367
6181.375122	-70.732956
6182.720947	-70.701836
6184.066772	-73.315193
6185.412598	-71.185707
6186.758423	-70.696335
6188.104248	-71.640854
6189.450073	-70.289352
6190.795898	-72.563332
6192.141724	-70.931305
6193.487549	-72.717323
6194.833374	-71.256683
6196.179199	-72.296204
6197.525024	-70.095291
6198.870850	-71.352989
6200.216675	-70.765541
6201.562500	-71.125175
6202.908325	-71.499573
6204.254150	-71.985352
6205.599976	-70.419235
6206.945801	-70.926453
6208.291626	-71.506752
6209.637451	-71.916656
6210.983276	-71.276672
6212.329102	-70.865417
6213.674927	-72.046349
6215.020752	-70.937698
6216.366577	-69.770172
6217.712402	-70.182213
6219.058228	-72.009697
6220.404053	-70.813164
6221.749878	-71.456345
6223.095703	-71.885445
6224.441528	-71.787117
6225.787354	-72.587051
6227.133179	-72.404495
6228.479004	-71.633537
6229.824829	-72.301506
6231.170654	-71.905830
6232.516479	-71.650505
6233.862305	-71.735657
6235.208130	-71.648911
6236.553955	-71.874680
6237.899780	-71.247696
6239.245605	-71.681709
6240.591431	-71.355118
6241.937256	-70.267235
6243.283081	-70.874542
6244.628906	-70.994560
6245.974731	-71.670731
6247.320557	-71.295250
6248.666382	-70.965935
6250.012207	-70.656723
6251.358032	-70.818192
6252.703857	-72.268143
6254.049683	-71.942253
6255.395508	-70.378899
6256.741333	-70.239662
6258.087158	-71.666771
6259.432983	-71.486221
6260.778809	-70.881332
6262.124634	-70.679657
6263.470459	-71.851631
6264.816284	-71.381348
6266.162109	-70.586914
6267.507935	-70.725151
6268.853760	-71.038719
6270.199585	-71.185646
6271.545410	-71.337402
6272.891235	-72.224251
6274.237061	-70.587349
6275.582886	-70.941902
6276.928711	-70.681755
6278.274536	-70.256889
6279.620361	-70.639938
6280.966187	-71.555534
6282.312012	-70.192421
6283.657837	-71.296356
6285.003662	-71.234024
6286.349487	-70.771248
6287.695312	-70.804436
6289.041138	-71.052757
6290.386963	-70.752106
6291.732788	-70.929146
6293.078613	-70.567169
6294.424438	-69.538216
6295.770264	-71.300171
6297.116089	-71.338928
6298.461914	-69.631027
6299.807739	-70.750542
6301.153564	-70.516983
6302.499390	-70.944183
6303.845215	-70.923271
6305.191040	-70.878601
6306.536865	-70.038605
6307.882690	-71.071381
6309.228516	-72.197510
6310.574341	-70.853874
6311.920166	-70.333527
6313.265991	-70.718605
6314.611816	-71.604401
6315.957642	-70.192009
6317.303467	-69.972298
6318.649292	-70.758194
6319.995117	-69.180405
6321.340942	-70.578568
6322.686768	-70.103638
6324.032593	-70.498817
6325.378418	-70.198608
6326.724243	-71.130127
6328.070068	-69.335281
6329.415894	-69.302864
6330.761719	-70.847900
6332.107544	-69.622719
6333.453369	-68.693268
6334.799194	-68.923798
6336.145020	-70.195518
6337.490845	-69.479408
6338.836670	-70.132339
6340.182495	-69.688972
6341.528320	-68.950432
6342.874146	-69.769104
6344.219971	-69.918610
6345.565796	-69.532570
6346.911621	-69.645317
6348.257446	-68.911903
6349.603271	-69.873779
6350.949097	-69.105278
6352.294922	-68.187111
6353.640747	-69.518394
6354.986572	-69.428169
6356.332397	-68.436737
6357.678223	-69.461823
6359.024048	-68.635628
6360.369873	-68.652077
6361.715698	-68.907219
6363.061523	-69.065407
6364.407349	-68.994568
6365.753174	-69.161537
6367.098999	-67.557083
6368.444824	-67.682808
6369.790649	-68.176392
6371.136475	-67.875244
6372.482300	-68.094315
6373.828125	-68.700394
6375.173950	-69.014496
6376.519775	-67.912323
6377.865601	-68.737976
6379.211426	-67.611542
6380.557251	-67.638863
6381.903076	-68.579178
6383.248901	-68.239601
6384.594727	-67.989967
6385.940552	-68.400658
6387.286377	-67.987061
6388.632202	-67.835152
6389.978027	-67.784065
6391.323853	-67.518593
6392.669678	-67.643257
6394.015503	-66.804436
6395.361328	-66.817520
6396.707153	-68.187202
6398.052979	-67.092209
6399.398804	-66.309448
6400.744629	-66.411499
6402.090454	-66.125488
6403.436279	-66.265007
6404.782104	-67.250412
6406.127930	-66.019279
6407.473755	-65.833183
6408.819580	-66.357521
6410.165405	-65.925270
6411.511230	-65.481583
6412.857056	-65.691704
6414.202881	-65.359123
6415.548706	-66.779541
6416.894531	-66.346474
6418.240356	-65.253136
6419.586182	-65.365730
6420.932007	-65.187263
6422.277832	-66.687080
6423.623657	-65.957809
6424.969482	-66.107773
6426.315308	-66.104477
6427.661133	-65.279266
6429.006958	-65.130211
6430.352783	-64.942825
6431.698608	-64.735298
6433.044434	-64.835686
6434.390259	-65.724121
6435.736084	-65.510902
6437.081909	-64.538689
6438.427734	-64.920105
6439.773560	-65.389862
6441.119385	-63.617706
6442.465210	-63.613697
6443.811035	-63.348145
6445.156860	-63.503300
6446.502686	-63.746273
6447.848511	-63.983906
6449.194336	-63.083820
6450.540161	-63.916649
6451.885986	-63.909733
6453.231812	-63.337734
6454.577637	-64.244934
6455.923462	-63.290226
6457.269287	-62.565983
6458.615112	-62.094810
6459.960938	-63.155701
6461.306763	-61.591843
6462.652588	-62.474060
6463.998413	-62.391441
6465.344238	-61.580196
6466.690063	-62.620319
6468.035889	-61.265728
6469.381714	-62.347855
6470.727539	-61.767544
6472.073364	-63.110176
6473.419189	-61.350769
6474.765015	-60.397648
6476.110840	-60.696037
6477.456665	-61.657841
6478.802490	-62.112900
6480.148315	-61.637379
6481.494141	-62.078999
6482.839966	-59.914875
6484.185791	-60.766575
6485.531616	-60.711456
6486.877441	-59.456444
6488.223267	-60.631577
6489.569092	-61.167614
6490.914917	-59.530666
6492.260742	-61.307987
6493.606567	-61.108170
6494.952393	-61.006706
6496.298218	-60.523357
6497.644043	-59.706070
6498.989868	-59.330711
6500.335693	-58.650082
6501.681519	-59.570969
6503.027344	-60.544662
6504.373169	-61.354904
6505.718994	-60.907993
6507.064819	-60.124760
6508.410645	-61.799320
6509.756470	-60.458691
6511.102295	-60.888508
6512.448120	-60.108665
6513.793945	-60.704926
6515.139771	-60.200756
6516.485596	-60.384178
6517.831421	-60.468147
6519.177246	-61.414333
6520.523071	-60.202847
6521.868896	-60.516674
6523.214722	-60.952484
6524.560547	-59.984837
6525.906372	-61.311222
6527.252197	-61.169487
6528.598022	-60.470078
6529.943848	-60.343861
6531.289673	-60.369865
6532.635498	-62.203506
6533.981323	-60.866421
6535.327148	-61.355968
6536.672974	-62.316628
6538.018799	-62.349739
6539.364624	-62.910042
6540.710449	-61.970135
6542.056274	-62.208733
6543.402100	-61.602253
6544.747925	-61.775204
6546.093750	-61.769714
6547.439575	-62.975353
6548.785400	-62.198574
6550.131226	-62.123943
6551.477051	-62.779495
6552.822876	-63.985435
6554.168701	-64.332344
6555.514526	-62.974277
6556.860352	-64.003532
6558.206177	-64.047371
6559.552002	-64.030327
6560.897827	-64.153595
6562.243652	-64.547058
6563.589478	-64.254280
6564.935303	-64.648857
6566.281128	-64.483833
6567.626953	-64.215965
6568.972778	-63.797817
6570.318604	-64.093941
6571.664429	-65.069000
6573.010254	-64.167633
6574.356079	-64.923866
6575.701904	-65.337502
6577.047729	-65.178040
6578.393555	-65.423286
6579.739380	-65.310127
6581.085205	-65.516487
6582.431030	-64.691658
6583.776855	-64.712456
6585.122681	-65.301003
6586.468506	-64.683823
6587.814331	-65.585876
6589.160156	-66.218384
6590.505981	-65.911308
6591.851807	-66.427452
6593.197632	-66.814224
6594.543457	-66.675461
6595.889282	-67.007896
6597.235107	-66.044426
6598.580933	-67.303360
6599.926758	-66.176201
6601.272583	-67.391762
6602.618408	-68.014137
6603.964233	-67.699341
6605.310059	-68.340065
6606.655884	-66.957031
6608.001709	-66.908081
6609.347534	-67.234741
6610.693359	-67.057327
6612.039185	-67.126816
6613.385010	-66.394844
6614.730835	-67.491447
6616.076660	-67.419708
6617.422485	-67.259338
6618.768311	-67.212082
6620.114136	-68.564392
6621.459961	-67.964249
6622.805786	-68.660629
6624.151611	-68.193283
6625.497437	-66.823997
6626.843262	-67.800781
6628.189087	-68.367058
6629.534912	-68.958740
6630.880737	-68.585464
6632.226562	-68.750740
6633.572388	-68.422501
6634.918213	-69.011345
6636.264038	-68.591583
6637.609863	-69.818016
6638.955688	-69.631531
6640.301514	-70.104980
6641.647339	-68.782829
6642.993164	-69.308983
6644.338989	-69.280800
6645.684814	-68.743996
6647.030640	-68.966553
6648.376465	-69.812904
6649.722290	-69.851440
6651.068115	-68.777336
6652.413940	-69.131294
6653.759766	-70.396667
6655.105591	-69.325943
6656.451416	-69.327934
6657.797241	-69.198868
6659.143066	-69.316147
6660.488892	-69.519882
6661.834717	-70.187073
6663.180542	-70.198471
6664.526367	-69.656059
6665.872192	-68.748589
6667.218018	-69.849655
6668.563843	-69.559464
6669.909668	-70.224823
6671.255493	-70.517120
6672.601318	-69.693237
6673.947144	-70.490448
6675.292969	-70.504906
6676.638794	-70.555061
6677.984619	-70.447205
6679.330444	-71.377014
6680.676270	-70.176003
6682.022095	-69.936615
6683.367920	-70.033607
6684.713745	-70.019768
6686.059570	-70.612045
6687.405396	-69.649422
6688.751221	-70.061096
6690.097046	-70.051086
6691.442871	-70.651993
6692.788696	-70.301682
6694.134521	-71.308899
6695.480347	-70.649345
6696.826172	-69.259315
6698.171997	-70.233376
6699.517822	-70.453484
6700.863647	-71.898720
6702.209473	-71.133591
6703.555298	-71.375992
6704.901123	-70.061310
6706.246948	-72.214928
6707.592773	-72.128777
6708.938599	-71.195679
6710.284424	-70.694038
6711.630249	-71.764297
6712.976074	-70.145073
6714.321899	-71.455856
6715.667725	-71.183350
6717.013550	-71.181297
6718.359375	-71.492279
6719.705200	-71.985657
6721.051025	-70.793869
6722.396851	-70.628395
6723.742676	-70.603958
6725.088501	-71.206520
6726.434326	-71.528122
6727.780151	-71.571274
6729.125977	-71.478188
6730.471802	-71.653870
6731.817627	-71.729614
6733.163452	-72.335793
6734.509277	-71.771912
6735.855103	-71.932037
6737.200928	-71.944618
6738.546753	-71.770912
6739.892578	-71.500313
6741.238403	-72.093887
6742.584229	-70.913284
6743.930054	-71.947090
6745.275879	-72.437439
6746.621704	-72.225540
6747.967529	-72.284035
6749.313354	-71.660858
6750.659180	-71.086090
6752.005005	-71.479492
6753.350830	-72.262566
6754.696655	-72.560410
6756.042480	-70.822540
6757.388306	-70.856651
6758.734131	-72.102089
6760.079956	-72.543274
6761.425781	-71.741295
6762.771606	-71.874352
6764.117432	-72.023453
6765.463257	-72.136673
6766.809082	-72.412071
6768.154907	-71.746658
6769.500732	-71.482742
6770.846558	-71.598694
6772.192383	-72.106575
6773.538208	-71.638443
6774.884033	-72.198425
6776.229858	-71.976616
6777.575684	-72.568832
6778.921509	-72.149910
6780.267334	-71.534241
6781.613159	-72.879967
6782.958984	-72.738136
6784.304810	-72.387024
6785.650635	-72.116425
6786.996460	-72.042137
6788.342285	-72.439873
6789.688110	-73.279640
6791.033936	-71.603035
6792.379761	-72.757706
6793.725586	-72.063721
6795.071411	-72.517876
6796.417236	-72.206131
6797.763062	-72.121330
6799.108887	-71.288887
6800.454712	-71.769943
6801.800537	-71.618858
6803.146362	-73.005264
6804.492188	-73.018341
6805.838013	-72.932671
6807.183838	-71.990341
6808.529663	-71.993576
6809.875488	-72.180099
6811.221313	-71.431862
6812.567139	-71.956955
6813.912964	-71.681900
6815.258789	-72.147461
6816.604614	-71.983131
6817.950439	-72.472649
6819.296265	-71.691505
6820.642090	-72.354538
6821.987915	-71.877525
6823.333740	-71.498055
6824.679565	-72.247208
6826.025391	-71.264244
6827.371216	-72.655273
6828.717041	-71.710320
6830.062866	-71.513885
6831.408691	-71.253929
6832.754517	-71.777634
6834.100342	-71.981956
6835.446167	-72.261215
6836.791992	-71.719620
6838.137817	-72.949860
6839.483643	-71.601952
6840.829468	-72.011047
6842.175293	-71.432121
6843.521118	-72.353172
6844.866943	-71.443741
6846.212769	-71.312675
6847.558594	-72.027901
6848.904419	-71.749313
6850.250244	-71.450943
6851.596069	-72.798393
6852.941895	-70.730148
6854.287720	-71.614914
6855.633545	-72.540367
6856.979370	-71.753189
6858.325195	-72.624741
6859.671021	-71.978859
6861.016846	-72.427078
6862.362671	-71.897163
6863.708496	-72.252625
6865.054321	-72.467140
6866.400146	-71.460846
6867.745972	-72.293709
6869.091797	-71.762886
6870.437622	-71.410789
6871.783447	-71.377785
6873.129272	-71.627701
6874.475098	-70.564278
6875.820923	-70.653236
6877.166748	-71.333130
6878.512573	-70.650909
6879.858398	-71.218216
6881.204224	-72.114815
6882.550049	-72.673378
6883.895874	-72.080559
6885.241699	-71.211823
6886.587524	-71.769112
6887.933350	-70.095985
6889.279175	-71.597328
6890.625000	-71.279160
6891.970825	-70.840790
6893.316650	-70.059593
6894.662476	-70.503357
6896.008301	-71.791229
6897.354126	-71.493484
6898.699951	-71.747765
6900.045776	-70.230347
6901.391602	-70.951210
6902.737427	-71.304062
6904.083252	-71.483826
6905.429077	-70.452507
6906.774902	-71.092384
6908.120728	-71.699661
6909.466553	-71.018898
6910.812378	-70.815239
6912.158203	-70.638916
6913.504028	-70.287392
6914.849854	-71.356552
6916.195679	-70.552872
6917.541504	-70.567223
6918.887329	-70.337280
6920.233154	-70.562653
6921.578979	-71.159927
6922.924805	-70.390915
6924.270630	-69.697166
6925.616455	-70.415283
6926.962280	-72.066391
6928.308105	-71.078903
6929.653931	-70.270363
6930.999756	-70.689751
6932.345581	-70.214905
6933.691406	-69.976997
6935.037231	-69.624542
6936.383057	-68.836212
6937.728882	-68.782990
6939.074707	-69.303131
6940.420532	-69.881378
6941.766357	-69.611206
6943.112183	-70.629883
6944.458008	-69.252678
6945.803833	-70.447578
6947.149658	-69.304039
6948.495483	-68.949196
6949.841309	-69.031738
6951.187134	-69.536888
6952.532959	-68.610580
6953.878784	-69.008385
6955.224609	-69.012924
6956.570435	-69.365402
6957.916260	-69.669350
6959.262085	-69.653389
6960.607910	-68.982086
6961.953735	-68.533638
6963.299561	-69.689919
6964.645386	-68.339058
6965.991211	-69.538628
6967.337036	-69.090454
6968.682861	-68.095734
6970.028687	-68.787476
6971.374512	-67.822952
6972.720337	-69.527390
6974.066162	-68.118973
6975.411987	-68.314583
6976.757812	-69.032562
6978.103638	-68.414864
6979.449463	-68.769814
6980.795288	-67.701027
6982.141113	-67.617195
6983.486938	-68.023109
6984.832764	-68.391518
6986.178589	-68.617981
6987.524414	-67.493881
6988.870239	-67.551201
6990.216064	-67.536713
6991.561890	-67.539871
6992.907715	-66.555115
6994.253540	-67.503998
6995.599365	-66.919319
6996.945190	-67.884666
6998.291016	-66.835999
6999.636841	-67.395058
7000.982666	-65.842018
7002.328491	-67.543755
7003.674316	-67.404236
7005.020142	-67.958168
7006.365967	-66.800110
7007.711792	-65.951950
7009.057617	-66.072357
7010.403442	-65.451561
7011.749268	-66.407944
7013.095093	-66.139076
7014.440918	-66.501953
7015.786743	-65.833832
7017.132568	-65.653732
7018.478394	-66.043053
7019.824219	-65.553375
7021.170044	-65.675484
7022.515869	-66.200722
7023.861694	-66.331619
7025.207520	-66.169098
7026.553345	-65.348412
7027.899170	-64.757790
7029.244995	-66.180176
7030.590820	-65.162743
7031.936646	-64.809715
7033.282471	-64.259003
7034.628296	-64.466003
7035.974121	-65.034622
7037.319946	-64.995926
7038.665771	-65.581451
7040.011597	-64.503792
7041.357422	-63.516979
7042.703247	-63.924236
7044.049072	-63.564259
7045.394897	-63.561394
7046.740723	-64.323311
7048.086548	-64.639832
7049.432373	-63.996780
7050.778198	-64.854485
7052.124023	-63.540951
7053.469849	-62.386147
7054.815674	-64.746918
7056.161499	-63.624207
7057.507324	-63.400040
7058.853149	-63.932056
7060.198975	-63.663765
7061.544800	-63.786495
7062.890625	-62.570049
7064.236450	-63.063572
7065.582275	-64.471436
7066.928101	-62.343678
7068.273926	-62.472260
7069.619751	-63.715675
7070.965576	-62.589699
7072.311401	-62.059170
7073.657227	-62.856075
7075.003052	-61.732876
7076.348877	-62.336750
7077.694702	-62.563427
7079.040527	-62.020531
7080.386353	-61.951443
7081.732178	-61.460419
7083.078003	-62.757637
7084.423828	-61.145779
7085.769653	-61.857758
7087.115479	-62.534706
7088.461304	-62.898861
7089.807129	-62.095245
7091.152954	-61.710705
7092.498779	-62.548843
7093.844604	-61.592739
7095.190430	-61.432251
7096.536255	-62.777988
7097.882080	-62.438461
7099.227905	-61.471123
7100.573730	-63.030441
7101.919556	-62.136059
7103.265381	-61.696003
7104.611206	-62.298195
7105.957031	-61.451309
7107.302856	-62.750671
7108.648682	-63.004864
7109.994507	-62.188583
7111.340332	-62.167442
7112.686157	-62.886955
7114.031982	-62.634567
7115.377808	-61.389633
7116.723633	-61.439392
7118.069458	-61.852119
7119.415283	-62.978142
7120.761108	-61.613094
7122.106934	-61.956783
7123.452759	-62.535923
7124.798584	-63.075596
7126.144409	-63.144375
7127.490234	-62.440094
7128.836060	-62.958366
7130.181885	-64.135277
7131.527710	-63.360355
7132.873535	-63.636333
7134.219360	-64.327499
7135.565186	-63.696743
7136.911011	-62.434875
7138.256836	-64.397964
7139.602661	-63.584652
7140.948486	-63.426731
7142.294312	-64.808220
7143.640137	-64.781662
7144.985962	-63.871185
7146.331787	-63.705166
7147.677612	-64.118645
7149.023438	-63.480892
7150.369263	-65.309296
7151.715088	-63.404499
7153.060913	-65.556587
7154.406738	-63.844677
7155.752563	-63.631809
7157.098389	-65.369354
7158.444214	-65.330437
7159.790039	-65.299568
7161.135864	-64.735901
7162.481689	-65.287010
7163.827515	-65.269669
7165.173340	-64.014374
7166.519165	-64.403748
7167.864990	-65.219215
7169.210815	-65.612587
7170.556641	-65.926643
7171.902466	-66.175972
7173.248291	-65.847977
7174.594116	-65.446472
7175.939941	-65.675903
7177.285767	-66.222733
7178.631592	-64.936798
7179.977417	-66.039383
7181.323242	-65.818863
7182.669067	-66.380203
7184.014893	-66.980270
7185.360718	-66.389465
7186.706543	-66.155479
7188.052368	-66.124527
7189.398193	-67.265625
7190.744019	-67.209511
7192.089844	-66.443390
7193.435669	-66.903358
7194.781494	-67.081085
7196.127319	-66.196190
7197.473145	-66.351112
7198.818970	-67.814072
7200.164795	-66.411194
7201.510620	-67.133369
7202.856445	-67.607407
7204.202271	-66.514641
7205.548096	-67.279976
7206.893921	-68.092773
7208.239746	-67.762543
7209.585571	-67.818802
7210.931396	-67.892998
7212.277222	-67.635963
7213.623047	-68.229958
7214.968872	-67.096001
7216.314697	-66.052429
7217.660522	-67.154739
7219.006348	-68.718651
7220.352173	-68.415718
7221.697998	-67.712708
7223.043823	-68.462990
7224.389648	-68.220772
7225.735474	-68.916130
7227.081299	-69.395554
7228.427124	-68.093613
7229.772949	-68.677696
7231.118774	-68.414871
7232.464600	-69.002090
7233.810425	-69.915527
7235.156250	-68.726624
7236.502075	-69.004166
7237.847900	-69.578201
7239.193726	-68.697395
7240.539551	-69.846863
7241.885376	-69.832024
7243.231201	-68.534515
7244.577026	-68.560249
7245.922852	-68.652870
7247.268677	-68.972206
7248.614502	-69.091629
7249.960327	-69.452621
7251.306152	-69.776512
7252.651978	-69.802620
7253.997803	-69.382790
7255.343628	-70.747795
7256.689453	-70.551682
7258.035278	-68.639923
7259.381104	-68.366745
7260.726929	-70.094620
7262.072754	-69.893410
7263.418579	-68.653984
7264.764404	-69.420448
7266.110229	-69.871490
7267.456055	-70.609482
7268.801880	-70.429405
7270.147705	-69.125046
7271.493530	-69.982925
7272.839355	-70.465248
7274.185181	-70.778511
7275.531006	-70.484047
7276.876831	-70.640633
7278.222656	-69.671967
7279.568481	-69.959328
7280.914307	-70.778694
7282.260132	-70.259605
7283.605957	-69.986412
7284.951782	-70.005730
7286.297607	-70.942108
7287.643433	-69.945427
7288.989258	-70.697815
7290.335083	-70.034615
7291.680908	-70.468872
7293.026733	-70.482750
7294.372559	-70.099449
7295.718384	-70.586769
7297.064209	-70.417831
7298.410034	-70.319168
7299.755859	-70.316917
7301.101685	-70.441582
7302.447510	-71.222847
7303.793335	-69.703651
7305.139160	-70.186714
7306.484985	-71.034935
7307.830811	-69.901932
7309.176636	-71.610718
7310.522461	-71.467667
7311.868286	-70.932945
7313.214111	-70.695633
7314.559937	-70.581741
7315.905762	-71.859154
7317.251587	-70.054161
7318.597412	-70.602745
7319.943237	-71.141975
7321.289062	-71.813744
7322.634888	-71.609917
7323.980713	-71.546913
7325.326538	-71.800499
7326.672363	-71.214691
7328.018188	-70.459846
7329.364014	-71.224716
7330.709839	-71.946503
7332.055664	-70.547081
7333.401489	-70.448441
7334.747314	-71.332657
7336.093140	-71.550499
7337.438965	-71.326256
7338.784790	-70.398651
7340.130615	-70.195976
7341.476440	-71.323677
7342.822266	-71.157188
7344.168091	-70.011040
7345.513916	-71.093750
7346.859741	-72.884094
7348.205566	-71.174400
7349.551392	-71.956093
7350.897217	-72.463783
7352.243042	-71.099144
7353.588867	-71.471359
7354.934692	-70.493874
7356.280518	-71.665901
7357.626343	-71.647949
7358.972168	-72.123421
7360.317993	-71.004425
7361.663818	-71.624397
7363.009644	-71.341682
7364.355469	-71.018082
7365.701294	-71.578682
7367.047119	-72.153549
7368.392944	-71.941574
7369.738770	-71.622269
7371.084595	-71.588531
7372.430420	-71.154236
7373.776245	-70.614067
7375.122070	-71.496452
7376.467896	-71.167137
7377.813721	-70.417183
7379.159546	-70.959427
7380.505371	-71.495041
7381.851196	-71.586456
7383.197021	-71.166191
7384.542847	-71.271820
7385.888672	-72.080551
7387.234497	-71.243004
7388.580322	-71.106392
7389.926147	-72.080009
7391.271973	-71.928864
7392.617798	-71.676147
7393.963623	-70.962280
7395.309448	-71.368362
7396.655273	-71.115067
7398.001099	-71.618698
7399.346924	-71.186501
7400.692749	-71.007187
7402.038574	-70.638672
7403.384399	-71.703445
7404.730225	-71.650505
7406.076050	-72.239662
7407.421875	-71.742867
7408.767700	-70.722565
7410.113525	-71.348770
7411.459351	-71.471077
7412.805176	-71.370613
7414.151001	-71.682243
7415.496826	-70.303993
7416.842651	-70.756218
7418.188477	-70.660896
7419.534302	-71.094955
7420.880127	-70.832329
7422.225952	-71.904823
7423.571777	-71.613823
7424.917603	-71.920860
7426.263428	-71.553566
7427.609253	-71.618591
7428.955078	-71.972374
7430.300903	-71.031700
7431.646729	-71.353500
7432.992554	-72.289558
7434.338379	-71.739265
7435.684204	-70.830635
7437.030029	-70.726898
7438.375854	-71.106026
7439.721680	-71.729538
7441.067505	-70.911240
7442.413330	-71.121941
7443.759155	-72.240707
7445.104980	-70.667442
7446.450806	-71.658333
7447.796631	-71.680908
7449.142456	-71.012390
7450.488281	-70.399544
7451.834106	-70.568932
7453.179932	-70.906136
7454.525757	-71.454277
7455.871582	-70.552101
7457.217407	-70.874138
7458.563232	-69.726822
7459.909058	-70.466385
7461.254883	-70.616119
7462.600708	-70.372032
7463.946533	-70.432709
7465.292358	-70.353897
7466.638184	-70.039703
7467.984009	-70.646004
7469.329834	-70.430183
7470.675659	-70.575363
7472.021484	-70.782875
7473.367310	-69.684006
7474.713135	-70.647919
7476.058960	-69.895538
7477.404785	-69.834236
7478.750610	-70.398285
7480.096436	-70.162193
7481.442261	-70.462547
7482.788086	-70.814011
7484.133911	-70.913788
7485.479736	-69.974403
7486.825562	-70.011070
7488.171387	-71.296196
7489.517212	-69.921730
7490.863037	-69.682678
7492.208862	-70.133644
7493.554688	-69.612923
7494.900513	-70.601463
7496.246338	-70.031105
7497.592163	-68.102577
7498.937988	-70.028603
7500.283813	-69.204605
7501.629639	-70.947472
7502.975464	-69.299751
7504.321289	-69.143333
7505.667114	-70.063530
7507.012939	-69.344193
7508.358765	-69.813087
7509.704590	-69.472427
7511.050415	-68.835991
7512.396240	-68.944206
7513.742065	-69.824097
7515.087891	-68.947433
7516.433716	-70.329697
7517.779541	-69.822449
7519.125366	-70.580391
7520.471191	-68.398926
7521.817017	-67.886673
7523.162842	-69.149017
7524.508667	-68.386024
7525.854492	-69.152000
7527.200317	-68.921196
7528.546143	-67.876289
7529.891968	-69.242317
7531.237793	-69.725578
7532.583618	-68.732841
7533.929443	-67.784904
7535.275269	-68.739235
7536.621094	-68.577637
7537.966919	-68.585312
7539.312744	-67.817078
7540.658569	-68.918251
7542.004395	-67.987534
7543.350220	-67.814133
7544.696045	-68.572983
7546.041870	-68.629814
7547.387695	-67.942245
7548.733521	-67.622559
7550.079346	-66.994911
7551.425171	-67.267517
7552.770996	-67.523422
7554.116821	-66.872566
7555.462646	-67.812012
7556.808472	-68.455841
7558.154297	-67.299217
7559.500122	-67.285522
7560.845947	-67.108650
7562.191772	-67.293449
7563.537598	-67.040581
7564.883423	-67.833786
7566.229248	-67.484589
7567.575073	-67.127304
7568.920898	-67.096863
7570.266724	-66.120117
7571.612549	-66.653839
7572.958374	-67.048050
7574.304199	-67.333084
7575.650024	-66.600548
7576.995850	-66.080238
7578.341675	-65.608673
7579.687500	-66.097763
7581.033325	-66.723564
7582.379150	-66.174644
7583.724976	-67.387352
7585.070801	-66.122650
7586.416626	-67.246216
7587.762451	-65.952530
7589.108276	-66.272781
7590.454102	-66.594246
7591.799927	-66.450523
7593.145752	-65.627823
7594.491577	-66.029060
7595.837402	-64.839272
7597.183228	-65.648888
7598.529053	-66.019485
7599.874878	-65.475586
7601.220703	-65.110565
7602.566528	-64.179054
7603.912354	-65.433716
7605.258179	-64.417313
7606.604004	-64.844376
7607.949829	-65.763870
7609.295654	-65.204765
7610.641479	-65.349030
7611.987305	-63.310440
7613.333130	-63.378773
7614.678955	-64.357697
7616.024780	-63.329235
7617.370605	-64.221886
7618.716431	-64.439934
7620.062256	-64.362274
7621.408081	-63.969227
7622.753906	-64.234428
7624.099731	-64.079239
7625.445557	-63.805573
7626.791382	-63.039764
7628.137207	-63.430164
7629.483032	-64.448677
7630.828857	-64.314827
7632.174683	-62.740223
7633.520508	-63.189938
7634.866333	-62.607006
7636.212158	-62.872749
7637.557983	-62.975098
7638.903809	-63.336506
7640.249634	-62.600204
7641.595459	-62.880211
7642.941284	-63.200523
7644.287109	-63.777412
7645.632935	-62.607464
7646.978760	-61.570263
7648.324585	-61.893311
7649.670410	-61.987167
7651.016235	-61.556007
7652.362061	-62.633717
7653.707886	-62.784218
7655.053711	-61.788612
7656.399536	-62.125381
7657.745361	-61.746326
7659.091187	-61.221458
7660.437012	-61.100346
7661.782837	-63.335602
7663.128662	-61.619476
7664.474487	-61.547531
7665.820312	-62.721252
7667.166138	-63.128937
7668.511963	-61.298496
7669.857788	-60.173328
7671.203613	-61.583858
7672.549438	-60.678066
7673.895264	-61.544548
7675.241089	-60.959408
7676.586914	-62.778416
7677.932739	-62.084835
7679.278564	-61.385799
7680.624390	-61.041908
7681.970215	-60.659424
7683.316040	-60.345955
7684.661865	-61.815777
7686.007690	-61.744072
7687.353516	-61.712990
7688.699341	-61.289120
7690.045166	-61.411682
7691.390991	-60.931774
7692.736816	-61.601002
7694.082642	-61.032597
7695.428467	-60.773544
7696.774292	-61.064980
7698.120117	-61.799030
7699.465942	-61.088280
7700.811768	-60.829948
7702.157593	-61.880611
7703.503418	-61.925171
7704.849243	-60.551201
7706.195068	-61.388638
7707.540894	-61.759155
7708.886719	-61.962860
7710.232544	-60.864601
7711.578369	-62.478741
7712.924194	-62.075584
7714.270020	-61.356430
7715.615845	-62.124847
7716.961670	-61.691761
7718.307495	-61.592979
7719.653320	-61.913383
7720.999146	-62.974937
7722.344971	-63.806717
7723.690796	-62.805984
7725.036621	-61.943939
7726.382446	-62.078426
7727.728271	-62.338253
7729.074097	-61.798203
7730.419922	-62.314205
7731.765747	-62.969810
7733.111572	-62.570965
7734.457397	-63.508141
7735.803223	-62.843124
7737.149048	-62.050014
7738.494873	-61.610119
7739.840698	-62.963970
7741.186523	-63.700008
7742.532349	-63.563156
7743.878174	-63.434837
7745.223999	-63.404015
7746.569824	-63.481842
7747.915649	-63.373383
7749.261475	-63.601196
7750.607300	-62.582863
7751.953125	-64.461708
7753.298950	-63.393044
7754.644775	-63.479126
7755.990601	-63.557976
7757.336426	-63.570751
7758.682251	-63.797153
7760.028076	-64.346657
7761.373901	-63.818466
7762.719727	-64.852493
7764.065552	-65.132431
7765.411377	-64.204620
7766.757202	-64.694138
7768.103027	-64.967567
7769.448853	-65.110428
7770.794678	-65.826675
7772.140503	-63.925220
7773.486328	-64.594620
7774.832153	-64.340530
7776.177979	-64.486710
7777.523804	-64.926849
7778.869629	-64.353813
7780.215454	-65.032913
7781.561279	-65.716438
7782.907104	-65.718948
7784.252930	-65.097664
7785.598755	-64.950653
7786.944580	-65.384956
7788.290405	-66.008972
7789.636230	-65.420441
7790.982056	-64.621429
7792.327881	-65.429489
7793.673706	-65.779793
7795.019531	-66.088638
7796.365356	-65.162964
7797.711182	-65.094902
7799.057007	-65.660378
7800.402832	-65.815178
7801.748657	-65.665970
7803.094482	-66.981674
7804.440308	-66.665298
7805.786133	-66.553047
7807.131958	-66.415909
7808.477783	-66.399231
7809.823608	-66.433533
7811.169434	-66.601601
7812.515259	-66.647408
7813.861084	-66.194260
7815.206909	-66.449326
7816.552734	-68.013031
7817.898560	-67.358543
7819.244385	-66.409859
7820.590210	-66.596809
7821.936035	-66.928154
7823.281860	-66.973938
7824.627686	-67.618118
7825.973511	-65.428871
7827.319336	-67.218285
7828.665161	-68.692986
7830.010986	-66.976898
7831.356812	-66.400307
7832.702637	-66.873817
7834.048462	-67.381554
7835.394287	-66.484154
7836.740112	-66.903740
7838.085938	-67.656464
7839.431763	-68.454773
7840.777588	-67.205109
7842.123413	-67.218582
7843.469238	-67.232803
7844.815063	-67.611076
7846.160889	-68.231987
7847.506714	-67.165222
7848.852539	-67.626770
7850.198364	-67.435272
7851.544189	-67.346718
7852.890015	-67.736275
7854.235840	-67.164299
7855.581665	-66.760338
7856.927490	-67.442490
7858.273315	-67.758049
7859.619141	-67.270805
7860.964966	-67.848389
7862.310791	-68.207764
7863.656616	-68.709808
7865.002441	-68.200333
7866.348267	-67.258728
7867.694092	-67.996941
7869.039917	-68.224251
7870.385742	-67.859093
7871.731567	-68.415787
7873.077393	-67.344429
7874.423218	-67.914520
7875.769043	-66.958069
7877.114868	-67.905327
7878.460693	-67.614525
7879.806519	-68.397003
7881.152344	-67.797974
7882.498169	-68.392471
7883.843994	-70.134697
7885.189819	-67.805176
7886.535645	-68.129738
7887.881470	-67.955811
7889.227295	-68.166710
7890.573120	-66.646019
7891.918945	-68.565521
7893.264771	-69.142639
7894.610596	-69.133263
7895.956421	-68.246498
7897.302246	-68.382530
7898.648071	-68.356613
7899.993896	-67.572906
7901.339722	-67.990662
7902.685547	-69.160225
7904.031372	-68.435799
7905.377197	-67.846924
7906.723022	-68.245506
7908.068848	-69.604813
7909.414673	-68.560715
7910.760498	-67.103104
7912.106323	-68.039589
7913.452148	-69.053917
7914.797974	-67.550476
7916.143799	-66.892136
7917.489624	-70.023964
7918.835449	-67.549713
7920.181274	-68.697479
7921.527100	-67.542305
7922.872925	-68.606705
7924.218750	-67.833206
7925.564575	-68.128197
7926.910400	-68.665512
7928.256226	-68.869995
7929.602051	-68.977524
7930.947876	-67.612495
7932.293701	-68.164444
7933.639526	-68.652504
7934.985352	-68.436043
7936.331177	-69.032249
7937.677002	-68.917130
7939.022827	-69.022385
7940.368652	-68.220131
7941.714478	-69.108871
7943.060303	-67.774117
7944.406128	-68.665382
7945.751953	-69.173973
7947.097778	-69.662041
7948.443604	-69.265961
7949.789429	-67.957527
7951.135254	-68.584778
7952.481079	-68.358932
7953.826904	-69.863747
7955.172729	-68.525574
7956.518555	-69.429726
7957.864380	-68.198654
7959.210205	-69.047852
7960.556030	-68.213249
7961.901855	-68.369270
7963.247681	-68.608696
7964.593506	-67.987579
7965.939331	-69.164612
7967.285156	-69.073784
7968.630981	-68.750023
7969.976807	-68.312202
7971.322632	-67.018852
7972.668457	-67.639717
7974.014282	-68.026009
7975.360107	-68.270409
7976.705933	-68.528778
7978.051758	-67.921989
7979.397583	-68.825409
7980.743408	-68.970306
7982.089233	-68.212799
7983.435059	-68.024620
7984.780884	-69.155701
7986.126709	-68.637032
7987.472534	-68.662964
7988.818359	-68.104210
7990.164185	-67.555687
7991.510010	-69.015694
7992.855835	-68.575348
7994.201660	-67.475311
7995.547485	-68.347771
7996.893311	-68.168045
7998.239136	-67.924377
7999.584961	-68.638802
8000.930786	-68.922997
8002.276611	-67.519356
8003.622437	-68.351662
8004.968262	-67.503220
8006.314087	-68.199478
8007.659912	-68.934464
8009.005737	-68.645332
8010.351562	-68.155602
8011.697388	-68.299553
8013.043213	-68.125404
8014.389038	-67.437897
8015.734863	-69.008606
8017.080688	-67.759407
8018.426514	-67.530289
8019.772339	-69.041710
8021.118164	-68.063530
8022.463989	-69.604477
8023.809814	-69.360664
8025.155640	-68.725883
8026.501465	-67.499870
8027.847290	-68.840073
8029.193115	-67.493683
8030.538940	-67.569733
8031.884766	-67.856789
8033.230591	-68.234413
8034.576416	-67.676460
8035.922241	-67.094994
8037.268066	-68.200348
8038.613892	-67.059898
8039.959717	-68.216316
8041.305542	-68.591270
8042.651367	-68.795647
8043.997192	-69.126846
8045.343018	-67.330475
8046.688843	-67.278893
8048.034668	-67.544586
8049.380493	-68.189102
8050.726318	-67.657509
8052.072144	-68.388893
8053.417969	-67.052010
8054.763794	-66.772774
8056.109619	-68.798119
8057.455444	-67.671700
8058.801270	-67.324707
8060.147095	-67.064659
8061.492920	-66.840614
8062.838745	-67.480873
8064.184570	-67.688782
8065.530396	-67.911194
8066.876221	-67.452721
8068.222046	-65.684792
8069.567871	-67.187134
8070.913696	-67.662758
8072.259521	-68.769737
8073.605347	-67.223251
8074.951172	-67.702820
8076.296997	-66.906029
8077.642822	-67.543793
8078.988647	-67.821388
8080.334473	-66.467590
8081.680298	-67.004601
8083.026123	-66.146057
8084.371948	-66.947136
8085.717773	-67.320297
8087.063599	-66.038689
8088.409424	-66.283203
8089.755249	-65.753868
8091.101074	-68.015587
8092.446899	-66.325455
8093.792725	-66.968651
8095.138550	-67.186424
8096.484375	-67.047905
8097.830200	-66.638115
8099.176025	-66.919853
8100.521851	-65.998810
8101.867676	-65.799263
8103.213501	-65.778214
8104.559326	-65.710258
8105.905151	-66.840065
8107.250977	-66.668976
8108.596802	-65.182152
8109.942627	-65.937721
8111.288452	-66.070236
8112.634277	-65.410568
8113.980103	-66.103523
8115.325928	-65.787605
8116.671753	-65.023598
8118.017578	-66.021767
8119.363403	-65.711243
8120.709229	-65.257973
8122.055054	-65.194466
8123.400879	-65.217072
8124.746704	-64.824242
8126.092529	-64.726700
8127.438354	-66.338089
8128.784180	-66.136086
8130.130005	-64.104446
8131.475830	-65.497330
8132.821655	-64.820824
8134.167480	-65.489128
8135.513306	-63.987591
8136.859131	-63.954281
8138.204956	-64.629974
8139.550781	-64.307396
8140.896606	-64.254555
8142.242432	-64.566193
8143.588257	-64.897034
8144.934082	-63.596588
8146.279907	-63.791542
8147.625732	-63.540646
8148.971558	-64.095619
8150.317383	-63.528091
8151.663208	-64.875114
8153.009033	-63.245537
8154.354858	-63.125614
8155.700684	-62.832775
8157.046509	-63.310177
8158.392334	-62.714447
8159.738159	-62.744308
8161.083984	-62.969124
8162.429810	-63.296322
8163.775635	-63.671272
8165.121460	-63.564178
8166.467285	-63.042210
8167.813110	-63.826221
8169.158936	-63.475086
8170.504761	-62.702271
8171.850586	-63.115181
8173.196411	-63.648186
8174.542236	-62.841640
8175.888062	-62.059914
8177.233887	-62.835121
8178.579712	-62.671429
8179.925537	-62.612068
8181.271362	-61.930458
8182.617188	-61.756920
8183.963013	-62.173542
8185.308838	-62.059845
8186.654663	-59.906605
8188.000488	-61.827229
8189.346313	-61.446697
8190.692139	-60.784512
8192.037964	-61.155796
8193.383789	-61.396271
8194.729614	-60.961384
8196.075439	-60.732708
8197.421265	-60.461208
8198.767090	-60.317764
8200.112915	-60.257385
8201.458740	-61.266418
8202.804565	-60.704376
8204.150391	-61.460461
8205.496216	-60.206276
8206.842041	-59.709087
8208.187866	-59.551174
8209.533691	-60.330185
8210.879517	-61.035248
8212.225342	-60.990913
8213.571167	-59.457878
8214.916992	-59.821915
8216.262817	-60.157074
8217.608643	-59.710716
8218.954468	-60.676414
8220.300293	-60.311604
8221.646118	-60.020157
8222.991943	-58.688251
8224.337769	-59.318672
8225.683594	-60.489712
8227.029419	-59.055145
8228.375244	-59.481991
8229.721069	-59.340199
8231.066895	-57.364498
8232.412720	-59.348087
8233.758545	-58.784431
8235.104370	-59.569023
8236.450195	-59.647930
8237.796021	-58.674263
8239.141846	-58.821758
8240.487671	-59.582684
8241.833496	-60.185421
8243.179321	-58.676052
8244.525146	-58.433659
8245.870972	-58.676365
8247.216797	-58.746361
8248.562622	-58.148029
8249.908447	-58.092567
8251.254272	-58.142731
8252.600098	-58.070831
8253.945923	-59.049568
8255.291748	-58.800289
8256.637573	-59.184635
8257.983398	-58.273190
8259.329224	-58.893894
8260.675049	-58.839874
8262.020874	-59.191216
8263.366699	-58.637569
8264.712524	-58.581955
8266.058350	-58.886402
8267.404175	-60.622383
8268.750000	-59.951759
8270.095825	-58.775013
8271.441650	-58.802849
8272.787476	-58.174259
8274.133301	-58.668785
8275.479126	-59.230770
8276.824951	-59.564030
8278.170776	-57.527470
8279.516602	-58.657417
8280.862427	-58.152122
8282.208252	-58.350868
8283.554077	-59.726002
8284.899902	-59.508720
8286.245728	-58.287746
8287.591553	-59.364532
8288.937378	-59.884705
8290.283203	-57.981747
8291.629028	-58.851173
8292.974854	-58.800209
8294.320679	-59.525772
8295.666504	-59.283566
8297.012329	-58.964054
8298.358154	-58.909904
8299.703979	-59.313213
8301.049805	-59.163918
8302.395630	-60.142818
8303.741455	-60.827770
8305.087280	-59.887825
8306.433105	-60.077541
8307.778931	-60.722950
8309.124756	-59.638721
8310.470581	-60.443249
8311.816406	-60.701969
8313.162231	-59.874962
8314.508057	-60.390476
8315.853882	-60.220741
8317.199707	-60.440239
8318.545532	-60.827408
8319.891357	-60.586533
8321.237183	-61.066727
8322.583008	-61.208881
8323.928833	-60.091831
8325.274658	-60.540249
8326.620483	-59.207146
8327.966309	-60.411400
8329.312134	-60.574364
8330.657959	-60.345284
8332.003784	-60.570663
8333.349609	-60.969254
8334.695435	-61.544708
8336.041260	-60.048351
8337.387085	-60.899212
8338.732910	-60.755455
8340.078735	-61.404217
8341.424561	-61.261589
8342.770386	-60.874374
8344.116211	-61.817867
8345.462036	-61.605694
8346.807861	-62.354385
8348.153687	-62.084606
8349.499512	-61.538746
8350.845337	-61.948910
8352.191162	-61.860653
8353.536987	-61.420715
8354.882812	-61.652348
8356.228638	-62.544662
8357.574463	-61.010632
8358.920288	-60.946491
8360.266113	-62.118835
8361.611938	-61.952808
8362.957764	-61.934032
8364.303589	-61.466045
8365.649414	-61.068172
8366.995239	-61.883766
8368.341064	-63.079601
8369.686890	-63.622524
8371.032715	-62.198696
8372.378540	-62.970581
8373.724365	-63.505974
8375.070190	-62.949554
8376.416016	-62.647903
8377.761841	-62.516678
8379.107666	-63.307293
8380.453491	-63.131771
8381.799316	-62.280537
8383.145142	-62.404850
8384.490967	-62.595776
8385.836792	-62.379921
8387.182617	-63.943481
8388.528442	-63.434727
8389.874268	-63.328167
8391.220093	-62.499054
8392.565918	-62.786766
8393.911743	-64.169518
8395.257568	-63.496597
8396.603394	-63.449917
8397.949219	-63.308949
8399.295044	-63.964329
8400.640869	-63.635944
8401.986694	-62.621601
8403.332520	-63.111153
8404.678345	-63.712456
8406.024170	-65.526268
8407.369995	-64.424026
8408.715820	-64.606804
8410.061646	-64.146400
8411.407471	-63.900261
8412.753296	-62.688595
8414.099121	-64.281082
8415.444946	-64.566055
8416.790771	-63.283787
8418.136597	-63.650967
8419.482422	-64.396362
8420.828247	-64.079338
8422.174072	-63.740585
8423.519897	-63.666088
8424.865723	-63.652573
8426.211548	-65.200813
8427.557373	-64.029366
8428.903198	-64.065681
8430.249023	-63.647388
8431.594849	-63.420258
8432.940674	-64.035477
8434.286499	-64.254997
8435.632324	-65.092949
8436.978149	-63.673237
8438.323975	-63.231506
8439.669800	-64.525780
8441.015625	-65.215271
8442.361450	-64.975754
8443.707275	-64.666801
8445.053101	-65.007278
8446.398926	-64.789749
8447.744751	-63.854923
8449.090576	-63.988892
8450.436401	-64.523338
8451.782227	-65.046509
8453.128052	-65.118767
8454.473877	-64.938637
8455.819702	-65.182419
8457.165527	-65.794586
8458.511353	-65.377403
8459.857178	-65.453896
8461.203003	-65.475906
8462.548828	-65.380409
8463.894653	-65.840149
8465.240479	-65.533302
8466.586304	-65.000275
8467.932129	-65.040764
8469.277954	-65.118820
8470.623779	-64.844635
8471.969604	-65.055733
8473.315430	-64.662415
8474.661255	-64.915787
8476.007080	-65.273529
8477.352905	-64.287598
8478.698730	-65.782822
8480.044556	-65.582611
8481.390381	-66.093445
8482.736206	-65.183517
8484.082031	-65.514259
8485.427856	-66.463493
8486.773682	-65.689003
8488.119507	-66.533577
8489.465332	-65.416267
8490.811157	-65.246498
8492.156982	-64.400040
8493.502808	-65.299088
8494.848633	-65.322868
8496.194458	-66.048935
8497.540283	-65.854942
8498.886108	-65.043198
8500.231934	-64.726158
8501.577759	-64.663536
8502.923584	-65.465332
8504.269409	-66.609108
8505.615234	-65.415283
8506.961060	-65.976379
8508.306885	-65.206200
8509.652710	-64.468910
8510.998535	-65.496986
8512.344360	-64.853004
8513.690186	-64.628960
8515.036011	-65.032959
8516.381836	-65.100456
8517.727661	-65.082619
8519.073486	-65.731926
8520.419312	-65.177353
8521.765137	-66.117401
8523.110962	-65.904785
8524.456787	-65.083267
8525.802612	-65.688820
8527.148438	-64.411194
8528.494263	-65.646683
8529.840088	-65.249100
8531.185913	-66.240982
8532.531738	-64.374870
8533.877563	-66.295471
8535.223389	-64.026649
8536.569214	-65.255264
8537.915039	-64.798538
8539.260864	-64.576256
8540.606689	-66.241676
8541.952515	-65.282951
8543.298340	-65.099930
8544.644165	-64.333092
8545.989990	-65.624908
8547.335815	-64.974350
8548.681641	-65.228523
8550.027466	-65.236473
8551.373291	-65.220871
8552.719116	-65.025322
8554.064941	-65.506569
8555.410767	-64.436935
8556.756592	-65.340508
8558.102417	-65.760689
8559.448242	-65.305199
8560.794067	-65.286949
8562.139893	-64.785065
8563.485718	-65.153633
8564.831543	-64.823402
8566.177368	-64.942574
8567.523193	-65.763359
8568.869019	-66.273354
8570.214844	-65.989616
8571.560669	-65.336823
8572.906494	-65.273605
8574.252319	-64.439133
8575.598145	-65.049385
8576.943970	-66.445839
8578.289795	-65.865456
8579.635620	-64.377098
8580.981445	-64.888702
8582.327271	-65.520149
8583.673096	-64.308571
8585.018921	-64.502876
8586.364746	-64.675362
8587.710571	-64.353828
8589.056396	-65.378082
8590.402222	-64.138420
8591.748047	-64.763588
8593.093872	-64.279793
8594.439697	-64.725044
8595.785522	-64.372818
8597.131348	-64.294785
8598.477173	-64.186028
8599.822998	-63.951912
8601.168823	-63.551228
8602.514648	-64.145203
8603.860474	-64.710861
8605.206299	-63.590500
8606.552124	-64.629387
8607.897949	-63.155384
8609.243774	-64.952751
8610.589600	-64.421570
8611.935425	-64.111801
8613.281250	-63.405746
8614.627075	-63.455578
8615.972900	-64.829109
8617.318726	-64.668671
8618.664551	-63.391308
8620.010376	-63.834213
8621.356201	-64.180008
8622.702026	-63.909065
8624.047852	-64.423965
8625.393677	-63.571011
8626.739502	-62.717735
8628.085327	-62.855564
8629.431152	-63.498268
8630.776978	-63.968212
8632.122803	-63.551407
8633.468628	-63.423595
8634.814453	-64.440811
8636.160278	-63.660305
8637.506104	-62.351452
8638.851929	-63.497818
8640.197754	-64.055359
8641.543579	-62.633617
8642.889404	-62.609638
8644.235229	-63.224407
8645.581055	-62.660984
8646.926880	-63.159321
8648.272705	-62.789326
8649.618530	-61.833260
8650.964355	-63.510361
8652.310181	-63.184956
8653.656006	-63.130783
8655.001831	-62.943233
8656.347656	-63.420731
8657.693481	-64.100586
8659.039307	-62.192181
8660.385132	-62.420830
8661.730957	-63.530571
8663.076782	-63.398205
8664.422607	-61.907433
8665.768433	-61.959408
8667.114258	-62.426956
8668.460083	-61.675728
8669.805908	-62.954369
8671.151733	-61.700790
8672.497559	-61.814045
8673.843384	-61.678421
8675.189209	-62.723507
8676.535034	-61.989334
8677.880859	-60.773483
8679.226685	-60.918087
8680.572510	-61.782017
8681.918335	-61.479118
8683.264160	-61.397274
8684.609985	-61.200672
8685.955811	-62.274261
8687.301636	-60.967808
8688.647461	-61.103638
8689.993286	-60.695618
8691.339111	-61.114819
8692.684937	-60.002045
8694.030762	-61.610123
8695.376587	-61.681648
8696.722412	-61.403263
8698.068237	-60.745449
8699.414062	-60.475872
8700.759888	-61.738762
8702.105713	-62.169785
8703.451538	-61.800793
8704.797363	-60.822372
8706.143188	-60.467609
8707.489014	-60.835102
8708.834839	-62.357613
8710.180664	-60.957279
8711.526489	-61.265308
8712.872314	-61.662315
8714.218140	-59.913296
8715.563965	-60.451233
8716.909790	-60.031651
8718.255615	-62.007713
8719.601440	-61.148678
8720.947266	-61.022575
8722.293091	-59.676182
8723.638916	-59.768032
8724.984741	-59.422623
8726.330566	-59.790829
8727.676392	-58.957802
8729.022217	-59.678005
8730.368042	-59.945248
8731.713867	-59.439514
8733.059692	-58.941055
8734.405518	-59.386841
8735.751343	-59.157291
8737.097168	-58.535263
8738.442993	-59.226574
8739.788818	-58.808792
8741.134644	-59.478497
8742.480469	-60.640781
8743.826294	-59.697018
8745.172119	-58.637379
8746.517944	-58.060635
8747.863770	-59.178410
8749.209595	-57.531487
8750.555420	-58.708317
8751.901245	-58.201542
8753.247070	-59.633266
8754.592896	-59.281166
8755.938721	-58.686890
8757.284546	-58.633064
8758.630371	-58.391769
8759.976196	-58.860542
8761.322021	-58.044529
8762.667847	-57.833614
8764.013672	-58.376472
8765.359497	-57.661461
8766.705322	-58.983730
8768.051147	-58.332596
8769.396973	-56.961212
8770.742798	-58.072823
8772.088623	-58.311855
8773.434448	-58.984898
8774.780273	-58.321602
8776.126099	-58.554325
8777.471924	-59.147617
8778.817749	-58.903053
8780.163574	-58.270641
8781.509399	-57.769562
8782.855225	-57.938377
8784.201050	-58.462044
8785.546875	-58.032455
8786.892700	-57.389370
8788.238525	-58.170452
8789.584351	-57.604816
8790.930176	-57.462315
8792.276001	-58.104309
8793.621826	-58.391197
8794.967651	-58.180981
8796.313477	-58.576572
8797.659302	-58.580021
8799.005127	-57.920673
8800.350952	-58.052532
8801.696777	-58.740578
8803.042603	-58.349083
8804.388428	-57.949512
8805.734253	-59.485813
8807.080078	-59.938240
8808.425903	-58.384121
8809.771729	-59.412052
8811.117554	-58.534851
8812.463379	-58.296272
8813.809204	-59.896633
8815.155029	-57.448318
8816.500854	-59.310192
8817.846680	-58.483803
8819.192505	-58.682018
8820.538330	-58.799976
8821.884155	-58.599407
8823.229980	-58.699139
8824.575806	-58.911972
8825.921631	-59.822590
8827.267456	-59.551155
8828.613281	-58.868725
8829.959106	-59.358273
8831.304932	-59.758617
8832.650757	-60.360680
8833.996582	-60.368332
8835.342407	-59.759190
8836.688232	-59.982471
8838.034058	-58.868435
8839.379883	-59.545982
8840.725708	-59.036869
8842.071533	-59.019154
8843.417358	-60.666523
8844.763184	-59.881927
8846.109009	-59.949650
8847.454834	-60.081032
8848.800659	-60.177074
8850.146484	-60.232014
8851.492310	-60.622498
8852.838135	-59.808098
8854.183960	-60.441864
8855.529785	-60.507324
8856.875610	-60.381607
8858.221436	-60.495796
8859.567261	-60.451805
8860.913086	-61.464001
8862.258911	-60.772953
8863.604736	-61.450066
8864.950562	-60.107471
8866.296387	-61.369823
8867.642212	-60.850533
8868.988037	-60.989338
8870.333862	-60.087116
8871.679688	-60.281834
8873.025513	-60.580963
8874.371338	-59.696297
8875.717163	-61.277435
8877.062988	-61.208145
8878.408813	-61.803917
8879.754639	-60.572136
8881.100464	-60.682178
8882.446289	-62.030502
8883.792114	-61.415134
8885.137939	-60.944901
8886.483765	-62.156605
8887.829590	-62.749382
8889.175415	-61.783844
8890.521240	-61.040054
8891.867065	-62.774494
8893.212891	-62.889423
8894.558716	-62.519123
8895.904541	-62.158821
8897.250366	-62.313786
8898.596191	-63.173050
8899.942017	-63.017139
8901.287842	-60.471134
8902.633667	-62.995468
8903.979492	-61.899746
8905.325317	-62.744606
8906.671143	-62.676998
8908.016968	-62.612518
8909.362793	-62.037632
8910.708618	-61.388466
8912.054443	-61.641319
8913.400269	-62.360176
8914.746094	-62.831284
8916.091919	-61.895096
8917.437744	-61.694023
8918.783569	-61.839973
8920.129395	-61.921780
8921.475220	-63.187607
8922.821045	-63.562428
8924.166870	-63.364010
8925.512695	-62.429207
8926.858521	-63.465553
8928.204346	-62.927643
8929.550171	-62.507263
8930.895996	-62.960171
8932.241821	-62.802334
8933.587646	-62.478489
8934.933472	-63.204185
8936.279297	-63.111607
8937.625122	-63.647449
8938.970947	-63.440674
8940.316772	-63.473934
8941.662598	-62.492470
8943.008423	-63.042755
8944.354248	-62.719418
8945.700073	-63.684017
8947.045898	-62.453197
8948.391724	-63.219151
8949.737549	-63.527367
8951.083374	-63.863064
8952.429199	-64.716164
8953.775024	-62.503506
8955.120850	-63.382309
8956.466675	-62.527584
8957.812500	-63.815502
8959.158325	-62.758762
8960.504150	-65.395348
8961.849976	-63.479626
8963.195801	-63.314594
8964.541626	-63.453171
8965.887451	-64.056389
8967.233276	-63.327892
8968.579102	-64.274055
8969.924927	-64.110733
8971.270752	-63.226055
8972.616577	-63.873768
8973.962402	-63.697571
8975.308228	-63.595570
8976.654053	-64.917877
8977.999878	-63.573570
8979.345703	-64.099152
8980.691528	-64.851135
8982.037354	-63.902573
8983.383179	-64.514259
8984.729004	-65.180611
8986.074829	-64.524750
8987.420654	-63.771149
8988.766479	-63.892914
8990.112305	-63.396980
8991.458130	-63.683228
8992.803955	-63.767590
8994.149780	-65.004951
8995.495605	-63.435917
8996.841431	-63.892124
8998.187256	-63.573227
8999.533081	-65.116348
9000.878906	-63.326431
9002.224731	-64.566193
9003.570557	-65.380821
9004.916382	-63.470577
9006.262207	-64.449280
9007.608032	-65.711311
9008.953857	-65.577614
9010.299683	-63.378468
9011.645508	-64.333450
9012.991333	-64.411934
9014.337158	-64.235344
9015.682983	-63.950672
9017.028809	-64.620125
9018.374634	-65.904259
9019.720459	-65.522224
9021.066284	-64.646011
9022.412109	-64.372437
9023.757935	-64.273727
9025.103760	-63.592590
9026.449585	-64.443665
9027.795410	-64.790184
9029.141235	-64.926338
9030.487061	-64.418808
9031.832886	-64.492073
9033.178711	-64.175163
9034.524536	-64.553490
9035.870361	-65.146896
9037.216187	-65.171158
9038.562012	-64.405869
9039.907837	-64.788399
9041.253662	-65.298645
9042.599487	-63.473782
9043.945312	-64.349777
9045.291138	-65.079285
9046.636963	-64.769814
9047.982788	-64.612526
9049.328613	-63.939217
9050.674438	-64.666679
9052.020264	-63.449860
9053.366089	-65.146378
9054.711914	-65.998550
9056.057739	-64.399445
9057.403564	-63.673130
9058.749390	-64.565773
9060.095215	-64.080551
9061.441040	-65.090958
9062.786865	-65.044617
9064.132690	-64.100533
9065.478516	-64.858673
9066.824341	-63.416283
9068.170166	-63.592369
9069.515991	-65.455055
9070.861816	-65.174728
9072.207642	-64.994797
9073.553467	-64.078003
9074.899292	-63.916149
9076.245117	-63.488956
9077.590942	-64.653244
9078.936768	-64.345764
9080.282593	-64.708458
9081.628418	-64.080605
9082.974243	-63.799965
9084.320068	-64.471016
9085.665894	-64.006790
9087.011719	-63.049316
9088.357544	-63.690182
9089.703369	-63.865822
9091.049194	-63.695412
9092.395020	-64.634979
9093.740845	-63.798988
9095.086670	-63.408852
9096.432495	-65.453728
9097.778320	-64.832253
9099.124146	-65.162994
9100.469971	-64.528389
9101.815796	-64.186340
9103.161621	-63.799393
9104.507446	-63.408695
9105.853271	-64.097542
9107.199097	-64.205299
9108.544922	-63.775291
9109.890747	-63.888725
9111.236572	-62.805832
9112.582397	-64.117447
9113.928223	-62.761654
9115.274048	-63.573471
9116.619873	-63.840153
9117.965698	-62.994457
9119.311523	-64.439476
9120.657349	-64.219421
9122.003174	-64.204247
9123.348999	-63.588081
9124.694824	-62.975792
9126.040649	-63.985676
9127.386475	-63.528717
9128.732300	-64.412552
9130.078125	-63.213673
9131.423950	-63.127625
9132.769775	-63.848682
9134.115601	-63.821037
9135.461426	-63.112572
9136.807251	-63.782505
9138.153076	-63.260075
9139.498901	-63.846764
9140.844727	-63.163029
9142.190552	-63.387909
9143.536377	-62.530361
9144.882202	-63.085907
9146.228027	-63.643246
9147.573853	-63.613647
9148.919678	-62.701233
9150.265503	-64.357178
9151.611328	-62.997734
9152.957153	-63.300446
9154.302979	-62.739086
9155.648804	-63.490334
9156.994629	-62.092709
9158.340454	-62.629593
9159.686279	-61.832268
9161.032104	-62.592525
9162.377930	-62.317726
9163.723755	-62.314625
9165.069580	-62.555779
9166.415405	-62.653900
9167.761230	-62.593719
9169.107056	-62.757607
9170.452881	-62.218437
9171.798706	-63.258312
9173.144531	-62.641182
9174.490356	-62.419212
9175.836182	-62.710728
9177.182007	-62.166138
9178.527832	-64.095085
9179.873657	-62.583336
9181.219482	-63.236099
9182.565308	-63.558422
9183.911133	-63.025894
9185.256958	-63.724239
9186.602783	-63.640182
9187.948608	-63.654125
9189.294434	-63.801098
9190.640259	-63.189644
9191.986084	-62.469788
9193.331909	-62.882538
9194.677734	-63.479744
9196.023560	-63.506638
9197.369385	-63.750488
9198.715210	-64.202400
9200.061035	-62.861389
9201.406860	-61.956245
9202.752686	-63.149044
9204.098511	-62.504620
9205.444336	-62.716400
9206.790161	-62.778790
9208.135986	-63.005882
9209.481812	-62.089355
9210.827637	-62.846058
9212.173462	-63.773979
9213.519287	-62.986240
9214.865112	-63.131805
9216.210938	-63.297493
9217.556763	-62.555584
9218.902588	-62.550030
9220.248413	-63.871788
9221.594238	-64.548531
9222.940063	-63.588596
9224.285889	-62.426746
9225.631714	-63.353455
9226.977539	-63.522224
9228.323364	-62.538696
9229.669189	-62.901928
9231.015015	-64.448074
9232.360840	-63.465118
9233.706665	-63.865997
9235.052490	-62.936737
9236.398315	-63.734196
9237.744141	-63.668480
9239.089966	-63.378422
9240.435791	-63.072327
9241.781616	-63.113232
9243.127441	-64.343811
9244.473267	-63.502281
9245.819092	-63.715088
9247.164917	-63.119461
9248.510742	-64.786079
9249.856567	-63.947929
9251.202393	-63.330372
9252.548218	-64.863274
9253.894043	-64.452217
9255.239868	-64.502121
9256.585693	-64.005966
9257.931519	-64.048820
9259.277344	-64.304688
9260.623169	-65.299133
9261.968994	-65.030701
9263.314819	-64.870499
9264.660645	-65.518585
9266.006470	-64.812531
9267.352295	-64.683960
9268.698120	-64.718224
9270.043945	-66.319588
9271.389771	-63.175095
9272.735596	-65.131966
9274.081421	-64.872665
9275.427246	-65.226898
9276.773071	-66.394821
9278.118896	-64.564926
9279.464722	-64.837044
9280.810547	-65.589622
9282.156372	-64.710091
9283.502197	-65.058914
9284.848022	-64.443115
9286.193848	-65.294418
9287.539673	-65.712234
9288.885498	-67.306732
9290.231323	-65.691368
9291.577148	-65.383011
9292.922974	-64.886093
9294.268799	-65.329193
9295.614624	-66.173050
9296.960449	-65.533127
9298.306274	-65.208183
9299.652100	-67.439865
9300.997925	-65.715492
9302.343750	-65.544533
9303.689575	-65.801834
9305.035400	-67.082458
9306.381226	-65.966255
9307.727051	-66.210548
9309.072876	-66.341553
9310.418701	-65.169533
9311.764526	-65.948921
9313.110352	-67.583603
9314.456177	-66.404648
9315.802002	-66.849739
9317.147827	-67.188805
9318.493652	-67.057526
9319.839478	-67.228363
9321.185303	-67.288849
9322.531128	-67.121185
9323.876953	-66.591980
9325.222778	-66.325058
9326.568604	-66.263588
9327.914429	-66.583740
9329.260254	-67.118217
9330.606079	-67.203644
9331.951904	-66.530151
9333.297729	-67.938972
9334.643555	-67.712250
9335.989380	-67.786186
9337.335205	-67.671669
9338.681030	-68.716194
9340.026855	-66.783150
9341.372681	-67.111282
9342.718506	-68.029228
9344.064331	-68.670448
9345.410156	-68.421715
9346.755981	-68.247093
9348.101807	-68.486542
9349.447632	-68.141014
9350.793457	-67.915047
9352.139282	-68.541641
9353.485107	-68.870209
9354.830933	-67.947067
9356.176758	-68.277107
9357.522583	-67.682472
9358.868408	-68.216011
9360.214233	-67.949669
9361.560059	-68.814224
9362.905884	-68.919151
9364.251709	-69.132370
9365.597534	-67.441795
9366.943359	-67.994057
9368.289185	-67.703842
9369.635010	-68.559433
9370.980835	-68.535446
9372.326660	-68.191162
9373.672485	-69.550713
9375.018311	-68.327126
9376.364136	-68.020279
9377.709961	-69.727226
9379.055786	-69.206322
9380.401611	-68.433670
9381.747437	-70.177544
9383.093262	-69.452522
9384.439087	-68.328362
9385.784912	-68.656380
9387.130737	-69.217644
9388.476562	-69.388603
9389.822388	-68.935814
9391.168213	-69.514809
9392.514038	-69.976166
9393.859863	-69.428566
9395.205688	-68.851761
9396.551514	-69.523842
9397.897339	-68.749207
9399.243164	-69.289993
9400.588989	-69.670387
9401.934814	-69.048203
9403.280640	-69.843353
9404.626465	-70.196877
9405.972290	-69.087196
9407.318115	-69.016998
9408.663940	-69.024963
9410.009766	-70.344673
9411.355591	-70.115501
9412.701416	-69.376572
9414.047241	-69.760231
9415.393066	-69.318825
9416.738892	-70.184563
9418.084717	-70.073906
9419.430542	-69.923576
9420.776367	-69.455414
9422.122192	-69.180984
9423.468018	-70.213989
9424.813843	-71.081200
9426.159668	-69.881149
9427.505493	-70.702858
9428.851318	-70.369576
9430.197144	-70.634575
9431.542969	-70.093956
9432.888794	-71.078232
9434.234619	-71.340752
9435.580444	-70.265594
9436.926270	-70.696678
9438.272095	-69.639297
9439.617920	-70.571503
9440.963745	-70.332588
9442.309570	-69.851860
9443.655396	-70.895294
9445.001221	-70.955620
9446.347046	-71.137535
9447.692871	-70.192955
9449.038696	-70.052246
9450.384521	-69.682274
9451.730347	-70.611984
9453.076172	-70.830948
9454.421997	-70.761017
9455.767822	-69.561836
9457.113647	-71.156273
9458.459473	-71.256874
9459.805298	-70.025131
9461.151123	-70.578400
9462.496948	-69.623352
9463.842773	-70.232292
9465.188599	-71.148010
9466.534424	-71.147224
9467.880249	-71.165833
9469.226074	-71.622025
9470.571899	-71.179848
9471.917725	-71.302147
9473.263550	-70.013237
9474.609375	-71.126160
9475.955200	-71.645058
9477.301025	-71.772179
9478.646851	-71.145042
9479.992676	-69.778717
9481.338501	-70.179947
9482.684326	-70.914299
9484.030151	-69.489952
9485.375977	-70.369019
9486.721802	-70.498856
9488.067627	-71.048721
9489.413452	-70.946907
9490.759277	-72.126129
9492.105103	-71.299797
9493.450928	-70.888062
9494.796753	-70.371086
9496.142578	-71.633354
9497.488403	-71.061066
9498.834229	-70.828674
9500.180054	-71.282646
9501.525879	-71.179657
9502.871704	-71.428940
9504.217529	-72.368507
9505.563354	-70.904747
9506.909180	-70.312538
9508.255005	-70.593140
9509.600830	-70.639595
9510.946655	-70.078857
9512.292480	-70.371727
9513.638306	-71.200729
9514.984131	-69.516418
9516.329956	-70.068970
9517.675781	-71.262657
9519.021606	-71.241447
9520.367432	-69.380157
9521.713257	-70.475937
9523.059082	-71.072067
9524.404907	-71.095497
9525.750732	-70.721184
9527.096558	-70.897865
9528.442383	-70.933632
9529.788208	-70.571098
9531.134033	-70.574081
9532.479858	-70.914566
9533.825684	-70.821022
9535.171509	-71.060577
9536.517334	-70.725166
9537.863159	-70.891777
9539.208984	-70.546875
9540.554810	-69.849495
9541.900635	-71.068100
9543.246460	-69.945137
9544.592285	-69.946884
9545.938110	-71.186050
9547.283936	-69.583847
9548.629761	-70.296082
9549.975586	-72.015694
9551.321411	-70.812790
9552.667236	-69.892326
9554.013062	-70.582489
9555.358887	-70.724510
9556.704712	-71.278580
9558.050537	-71.425499
9559.396362	-71.850594
9560.742188	-71.220078
9562.088013	-69.704170
9563.433838	-70.756279
9564.779663	-69.777481
9566.125488	-71.193710
9567.471313	-70.607750
9568.817139	-68.624069
9570.162964	-70.515671
9571.508789	-72.273849
9572.854614	-71.474022
9574.200439	-71.942215
9575.546265	-70.334366
9576.892090	-71.233162
9578.237915	-70.939423
9579.583740	-70.542519
9580.929565	-71.209145
9582.275391	-71.393623
9583.621216	-71.011459
9584.967041	-70.426720
9586.312866	-70.447243
9587.658691	-70.049721
9589.004517	-70.492859
9590.350342	-70.438766
9591.696167	-71.260643
9593.041992	-69.964882
9594.387817	-70.515274
9595.733643	-70.413338
9597.079468	-70.782394
9598.425293	-70.812408
9599.771118	-70.965347
9601.116943	-69.814384
9602.462769	-69.827904
9603.808594	-70.021904
9605.154419	-70.509674
9606.500244	-70.882126
9607.846069	-70.543999
9609.191895	-69.818993
9610.537720	-70.390038
9611.883545	-69.918945
9613.229370	-71.060516
9614.575195	-70.373665
9615.921021	-69.871269
9617.266846	-70.747719
9618.612671	-69.619545
9619.958496	-69.637993
9621.304321	-70.784874
9622.650146	-69.821754
9623.995972	-71.063789
9625.341797	-69.625610
9626.687622	-70.031685
9628.033447	-70.189667
9629.379272	-69.503975
9630.725098	-69.921951
9632.070923	-70.621277
9633.416748	-69.892525
9634.762573	-69.766045
9636.108398	-69.901672
9637.454224	-70.589958
9638.800049	-70.485344
9640.145874	-68.991348
9641.491699	-70.402451
9642.837524	-69.808266
9644.183350	-69.690063
9645.529175	-69.992607
9646.875000	-70.244110
9648.220825	-70.110931
9649.566650	-70.217033
9650.912476	-69.612984
9652.258301	-69.569672
9653.604126	-70.038528
9654.949951	-69.623329
9656.295776	-69.600800
9657.641602	-70.844063
9658.987427	-71.044014
9660.333252	-70.812592
9661.679077	-70.009712
9663.024902	-69.840279
9664.370728	-70.955704
9665.716553	-70.480156
9667.062378	-69.070305
9668.408203	-69.837105
9669.754028	-70.643532
9671.099854	-70.871422
9672.445679	-71.031090
9673.791504	-70.547760
9675.137329	-70.409279
9676.483154	-71.172874
9677.828979	-70.363922
9679.174805	-70.650352
9680.520630	-70.373070
9681.866455	-70.832687
9683.212280	-70.290779
9684.558105	-70.230255
9685.903931	-70.215485
9687.249756	-71.248756
9688.595581	-70.587921
9689.941406	-71.785591
9691.287231	-70.862450
9692.633057	-71.075592
9693.978882	-71.307732
9695.324707	-70.919090
9696.670532	-72.677505
9698.016357	-71.051674
9699.362183	-71.212418
9700.708008	-70.168083
9702.053833	-71.552856
9703.399658	-72.147537
9704.745483	-71.442513
9706.091309	-71.946991
9707.437134	-72.055336
9708.782959	-73.204239
9710.128784	-70.315956
9711.474609	-71.934265
9712.820435	-72.660202
9714.166260	-72.099823
9715.512085	-72.434883
9716.857910	-72.033951
9718.203735	-73.141724
9719.549561	-72.270569
9720.895386	-71.459755
9722.241211	-72.885933
9723.587036	-72.184784
9724.932861	-72.012062
9726.278687	-72.901237
9727.624512	-73.053551
9728.970337	-72.618683
9730.316162	-71.658508
9731.661987	-72.858673
9733.007812	-72.926918
9734.353638	-73.085579
9735.699463	-73.467789
9737.045288	-73.802254
9738.391113	-73.001259
9739.736938	-73.799500
9741.082764	-73.932411
9742.428589	-74.196579
9743.774414	-72.801697
9745.120239	-74.632362
9746.466064	-73.411308
9747.811890	-73.665024
9749.157715	-73.845650
9750.503540	-75.613960
9751.849365	-74.240616
9753.195190	-74.392662
9754.541016	-75.021950
9755.886841	-75.258392
9757.232666	-74.645500
9758.578491	-75.526672
9759.924316	-75.483917
9761.270142	-74.967529
9762.615967	-74.998283
9763.961792	-75.438828
9765.307617	-74.258560
9766.653442	-75.336754
9767.999268	-75.517197
9769.345093	-75.266464
9770.690918	-75.849190
9772.036743	-75.894669
9773.382568	-74.641953
9774.728394	-74.878685
9776.074219	-75.705009
9777.420044	-75.889473
9778.765869	-76.340691
9780.111694	-75.774117
9781.457520	-76.324791
9782.803345	-76.475937
9784.149170	-75.201530
9785.494995	-76.247421
9786.840820	-75.817276
9788.186646	-76.332260
9789.532471	-77.457115
9790.878296	-76.778351
9792.224121	-76.492180
9793.569946	-76.798424
9794.915771	-77.610512
9796.261597	-77.838486
9797.607422	-77.280716
9798.953247	-77.520889
9800.299072	-76.988571
9801.644897	-76.380447
9802.990723	-77.558578
9804.336548	-77.342850
9805.682373	-77.971596
9807.028198	-78.458809
9808.374023	-78.418297
9809.719849	-77.046555
9811.065674	-77.740547
9812.411499	-78.155975
9813.757324	-78.100464
9815.103149	-78.397461
9816.448975	-78.196281
9817.794800	-78.150429
9819.140625	-77.712029
9820.486450	-78.922791
9821.832275	-78.694923
9823.178101	-78.471718
9824.523926	-78.995163
9825.869751	-79.466301
9827.215576	-77.859993
9828.561401	-78.498764
9829.907227	-78.919678
9831.253052	-79.615608
9832.598877	-79.572495
9833.944702	-79.149254
9835.290527	-77.900314
9836.636353	-79.277573
9837.982178	-79.436539
9839.328003	-80.307274
9840.673828	-79.858521
9842.019653	-80.029152
9843.365479	-80.935791
9844.711304	-79.917717
9846.057129	-79.145454
9847.402954	-79.096695
9848.748779	-79.488472
9850.094604	-79.298782
9851.440430	-79.767105
9852.786255	-80.600960
9854.132080	-79.619713
9855.477905	-80.233566
9856.823730	-79.876190
9858.169556	-80.546051
9859.515381	-80.235466
9860.861206	-80.367744
9862.207031	-81.321877
9863.552856	-80.678192
9864.898682	-80.720688
9866.244507	-80.590111
9867.590332	-80.777000
9868.936157	-80.910545
9870.281982	-80.967102
9871.627808	-80.709076
9872.973633	-80.386902
9874.319458	-80.627975
9875.665283	-80.630066
9877.011108	-81.114136
9878.356934	-80.463516
9879.702759	-80.918190
9881.048584	-82.332428
9882.394409	-81.610153
9883.740234	-81.165993
9885.086060	-81.776382
9886.431885	-81.197235
9887.777710	-82.128426
9889.123535	-81.123497
9890.469360	-81.177658
9891.815186	-82.982498
9893.161011	-81.425949
9894.506836	-81.653442
9895.852661	-81.806633
9897.198486	-82.253044
9898.544312	-81.930794
9899.890137	-81.083824
9901.235962	-82.249405
9902.581787	-82.180504
9903.927612	-82.621277
9905.273438	-82.876350
9906.619263	-82.178429
9907.965088	-82.540657
9909.310913	-81.933556
9910.656738	-82.093414
9912.002563	-82.381729
9913.348389	-81.796509
9914.694214	-81.939247
9916.040039	-82.354713
9917.385864	-81.976212
9918.731689	-82.491577
9920.077515	-81.980904
9921.423340	-82.260033
9922.769165	-83.470085
9924.114990	-82.213478
9925.460815	-82.959625
9926.806641	-83.178818
9928.152466	-82.973267
9929.498291	-82.225266
9930.844116	-83.578842
9932.189941	-83.242393
9933.535767	-83.356743
9934.881592	-83.340248
9936.227417	-83.519875
9937.573242	-83.698143
9938.919067	-84.049202
9940.264893	-82.634422
9941.610718	-83.647026
9942.956543	-83.258247
9944.302368	-83.263443
9945.648193	-83.178909
9946.994019	-84.184441
9948.339844	-82.808113
9949.685669	-83.910217
9951.031494	-83.947029
9952.377319	-83.586380
9953.723145	-83.604019
9955.068970	-83.946716
9956.414795	-83.770172
9957.760620	-84.323280
9959.106445	-85.750328
9960.452271	-83.866653
9961.798096	-84.964302
9963.143921	-83.822334
9964.489746	-84.325638
9965.835571	-85.587227
9967.181396	-85.005646
9968.527222	-83.710648
9969.873047	-84.384056
9971.218872	-84.563354
9972.564697	-83.966522
9973.910522	-84.121620
9975.256348	-83.689064
9976.602173	-84.577690
9977.947998	-84.590759
9979.293823	-84.882401
9980.639648	-84.637749
9981.985474	-84.616081
9983.331299	-85.196236
9984.677124	-85.005783
9986.022949	-84.446136
9987.368774	-84.085617
9988.714600	-84.540825
9990.060425	-84.146469
9991.406250	-84.739891
9992.752075	-83.762383
9994.097900	-84.174263
9995.443726	-85.484505
9996.789551	-83.848587
9998.135376	-84.600677
9999.481201	-85.229973
10000.827026	-84.619652
10002.172852	-84.351410
10003.518677	-84.707016
10004.864502	-84.337791
10006.210327	-85.310799
10007.556152	-86.038300
10008.901978	-85.106560
10010.247803	-83.950241
10011.593628	-84.247849
10012.939453	-85.230408
10014.285278	-84.319305
10015.631104	-85.790985
10016.976929	-84.472687
10018.322754	-84.953705
10019.668579	-85.879097
10021.014404	-85.198036
10022.360229	-85.029778
10023.706055	-85.636040
10025.051880	-86.401070
10026.397705	-85.517593
10027.743530	-85.423111
10029.089355	-84.887688
10030.435181	-85.336784
10031.781006	-85.591705
10033.126831	-85.657616
10034.472656	-84.227180
10035.818481	-85.315598
10037.164307	-85.589478
10038.510132	-86.793098
10039.855957	-86.162285
10041.201782	-85.792191
10042.547607	-85.313675
10043.893433	-86.315208
10045.239258	-85.609940
10046.585083	-85.590347
10047.930908	-85.466309
10049.276733	-85.379089
10050.622559	-85.683205
10051.968384	-86.244034
10053.314209	-85.625717
10054.660034	-86.079414
10056.005859	-85.619850
10057.351685	-84.991653
10058.697510	-84.868919
10060.043335	-85.986504
10061.389160	-85.503586
10062.734985	-84.537971
10064.080811	-85.507698
10065.426636	-85.022018
10066.772461	-84.772018
10068.118286	-85.971329
10069.464111	-85.872520
10070.809937	-85.228638
10072.155762	-85.872276
10073.501587	-86.026726
10074.847412	-86.224487
10076.193237	-86.214912
10077.539062	-84.734612
10078.884888	-85.530220
10080.230713	-85.516174
10081.576538	-84.729874
10082.922363	-84.941643
10084.268188	-85.957825
10085.614014	-85.318459
10086.959839	-85.669159
10088.305664	-85.957848
10089.651489	-85.300301
10090.997314	-84.995369
10092.343140	-85.744705
10093.688965	-85.905800
10095.034790	-85.452721
10096.380615	-84.903046
10097.726440	-85.156609
10099.072266	-85.308662
10100.418091	-86.129013
10101.763916	-85.289368
10103.109741	-85.870087
10104.455566	-85.498749
10105.801392	-85.711098
10107.147217	-85.925476
10108.493042	-84.760117
10109.838867	-85.059280
10111.184692	-84.897942
10112.530518	-84.414253
10113.876343	-83.769325
10115.222168	-84.387413
10116.567993	-86.158806
10117.913818	-85.275612
10119.259644	-85.751259
10120.605469	-86.401627
10121.951294	-85.331055
10123.297119	-85.564774
10124.642944	-85.910149
10125.988770	-86.456558
10127.334595	-85.650299
10128.680420	-85.274757
10130.026245	-86.272331
10131.372070	-85.197441
10132.717896	-84.898392
10134.063721	-84.637985
10135.409546	-86.066803
10136.755371	-84.318771
10138.101196	-85.599129
10139.447021	-84.065460
10140.792847	-85.075623
10142.138672	-85.661873
10143.484497	-85.020393
10144.830322	-85.853699
10146.176147	-85.209152
10147.521973	-85.321022
10148.867798	-85.552780
10150.213623	-85.297157
10151.559448	-84.581223
10152.905273	-84.973351
10154.251099	-84.894997
10155.596924	-84.718872
10156.942749	-84.001106
10158.288574	-85.257080
10159.634399	-84.639870
10160.980225	-84.075745
10162.326050	-85.269012
10163.671875	-85.681030
10165.017700	-84.209686
10166.363525	-84.544479
10167.709351	-85.176308
10169.055176	-85.881424
10170.401001	-84.839005
10171.746826	-84.517761
10173.092651	-84.824738
10174.438477	-85.577133
10175.784302	-84.692825
10177.130127	-85.368179
10178.475952	-84.884834
10179.821777	-85.762001
10181.167603	-86.026680
10182.513428	-86.332474
10183.859253	-85.164223
10185.205078	-85.022125
10186.550903	-85.107178
10187.896729	-84.848183
10189.242554	-84.728058
10190.588379	-85.061310
10191.934204	-85.020248
10193.280029	-84.544250
10194.625854	-84.544571
10195.971680	-83.989014
10197.317505	-84.382614
10198.663330	-84.634941
10200.009155	-84.650635
10201.354980	-85.219795
10202.700806	-85.111023
10204.046631	-85.287308
10205.392456	-85.458466
10206.738281	-85.449753
10208.084106	-84.113464
10209.429932	-84.317917
10210.775757	-87.004593
10212.121582	-84.937378
10213.467407	-84.189751
10214.813232	-86.238266
10216.159058	-85.932144
10217.504883	-85.337479
10218.850708	-85.644646
10220.196533	-85.042419
10221.542358	-84.524780
10222.888184	-84.381958
10224.234009	-85.333595
10225.579834	-85.935646
10226.925659	-86.642288
10228.271484	-85.576042
10229.617310	-85.808228
10230.963135	-86.400673
10232.308960	-86.335991
10233.654785	-86.346817
10235.000610	-86.528084
10236.346436	-86.269142
10237.692261	-87.579178
10239.038086	-86.731422
10240.383911	-86.802765
10241.729736	-87.023598
10243.075562	-86.126190
10244.421387	-87.335754
10245.767212	-87.067451
10247.113037	-86.291588
10248.458862	-87.552574
10249.804688	-87.890274
10251.150513	-86.926445
10252.496338	-87.136757
10253.842163	-87.725601
10255.187988	-88.085732
10256.533813	-87.652084
10257.879639	-87.053543
10259.225464	-88.438812
10260.571289	-87.867653
10261.917114	-88.152122
10263.262939	-88.036201
10264.608765	-88.432877
10265.954590	-87.889809
10267.300415	-89.035103
10268.646240	-88.775681
10269.992065	-89.298660
10271.337891	-89.316216
10272.683716	-89.547279
10274.029541	-89.670357
10275.375366	-88.798866
10276.721191	-89.911690
10278.067017	-89.593208
10279.412842	-89.973236
10280.758667	-89.726959
10282.104492	-90.612244
10283.450317	-89.581741
10284.796143	-89.962067
10286.141968	-90.566010
10287.487793	-90.247894
10288.833618	-90.195969
10290.179443	-90.963257
10291.525269	-91.584900
10292.871094	-90.832466
10294.216919	-91.622795
10295.562744	-91.120720
10296.908569	-92.374649
10298.254395	-91.425789
10299.600220	-90.496201
10300.946045	-91.338699
10302.291870	-91.244339
10303.637695	-92.453636
10304.983521	-91.305161
10306.329346	-91.765312
10307.675171	-91.775627
10309.020996	-92.084953
10310.366821	-92.014175
10311.712646	-92.697876
10313.058472	-92.091827
10314.404297	-92.610825
10315.750122	-92.643196
10317.095947	-92.504654
10318.441772	-92.095894
10319.787598	-91.844833
10321.133423	-92.330330
10322.479248	-92.820847
10323.825073	-92.534912
10325.170898	-92.780334
10326.516724	-93.183212
10327.862549	-92.980812
10329.208374	-93.943039
10330.554199	-93.488480
10331.900024	-94.146187
10333.245850	-93.861671
10334.591675	-93.288010
10335.937500	-92.989845
10337.283325	-93.538315
10338.629150	-94.645309
10339.974976	-94.358742
10341.320801	-94.104210
10342.666626	-93.957954
10344.012451	-93.450989
10345.358276	-94.463089
10346.704102	-94.200424
10348.049927	-94.512909
10349.395752	-94.462929
10350.741577	-94.434479
10352.087402	-94.628639
10353.433228	-93.651611
10354.779053	-94.547974
10356.124878	-95.540001
10357.470703	-93.922737
10358.816528	-94.491432
10360.162354	-95.163040
10361.508179	-95.417091
10362.854004	-94.677734
10364.199829	-94.192429
10365.545654	-95.247009
10366.891479	-94.785797
10368.237305	-94.340538
10369.583130	-94.839088
10370.928955	-94.610397
10372.274780	-94.660202
10373.620605	-95.414597
10374.966431	-94.681793
10376.312256	-95.136597
10377.658081	-95.379761
10379.003906	-94.969727
10380.349731	-95.902931
10381.695557	-94.860313
10383.041382	-95.834534
10384.387207	-95.002357
10385.733032	-95.522163
10387.078857	-95.735161
10388.424683	-95.491714
10389.770508	-95.506294
10391.116333	-95.678482
10392.462158	-95.681175
10393.807983	-95.503021
10395.153809	-96.702400
10396.499634	-95.561897
10397.845459	-96.329361
10399.191284	-95.605042
10400.537109	-95.673218
10401.882935	-96.152702
10403.228760	-96.283264
10404.574585	-96.271637
10405.920410	-96.408752
10407.266235	-95.695320
10408.612061	-95.625443
10409.957886	-95.568176
10411.303711	-96.135651
10412.649536	-95.952171
10413.995361	-96.460533
10415.341187	-96.386475
10416.687012	-96.191528
10418.032837	-95.650620
10419.378662	-96.152443
10420.724487	-96.054474
10422.070312	-95.874367
10423.416138	-95.915466
10424.761963	-96.414917
10426.107788	-96.387550
10427.453613	-96.098007
10428.799438	-95.845482
10430.145264	-96.389656
10431.491089	-95.743706
10432.836914	-96.273560
10434.182739	-96.432320
10435.528564	-96.436005
10436.874390	-96.246239
10438.220215	-96.482254
10439.566040	-96.496178
10440.911865	-96.499382
10442.257690	-96.372116
10443.603516	-95.491417
10444.949341	-95.945518
10446.295166	-95.992561
10447.640991	-96.259140
10448.986816	-96.048035
10450.332642	-96.498360
10451.678467	-96.481743
10453.024292	-96.566711
10454.370117	-96.224625
10455.715942	-96.556793
10457.061768	-96.500916
10458.407593	-96.503899
10459.753418	-96.697678
10461.099243	-96.834091
10462.445068	-96.500633
10463.790894	-96.279099
10465.136719	-96.602959
10466.482544	-96.375481
10467.828369	-96.086914
10469.174194	-96.497963
10470.520020	-96.688515
10471.865845	-96.729156
10473.211670	-96.800697
10474.557495	-96.534355
10475.903320	-96.376175
10477.249146	-96.755295
10478.594971	-96.455307
10479.940796	-96.763550
10481.286621	-96.902870
10482.632446	-96.738487
10483.978271	-96.484734
10485.324097	-96.693367
10486.669922	-96.680534
10488.015747	-96.811646
10489.361572	-97.096146
10490.707397	-96.341476
10492.053223	-96.732384
10493.399048	-96.620369
10494.744873	-97.194687
10496.090698	-96.747841
10497.436523	-96.615120
10498.782349	-96.778679
10500.128174	-96.786156
10501.473999	-96.705528
10502.819824	-96.765907
10504.165649	-96.783417
10505.511475	-96.760353
10506.857300	-96.814301
10508.203125	-96.611145
10509.548950	-96.384941
10510.894775	-97.076088
10512.240601	-96.888870
10513.586426	-96.671501
10514.932251	-97.041138
10516.278076	-96.705284
10517.623901	-97.036591
10518.969727	-97.136246
10520.315552	-96.971191
10521.661377	-96.789688
10523.007202	-96.801025
10524.353027	-96.860687
10525.698853	-96.994446
10527.044678	-96.996864
10528.390503	-96.712555
10529.736328	-96.898727
10531.082153	-96.831230
10532.427979	-96.840744
10533.773804	-96.751389
10535.119629	-97.059341
10536.465454	-96.742821
10537.811279	-96.606659
10539.157104	-96.846321
10540.502930	-97.086906
10541.848755	-96.954857
10543.194580	-97.192802
10544.540405	-96.661369
10545.886230	-96.850609
10547.232056	-96.973190
10548.577881	-97.045990
10549.923706	-96.936760
10551.269531	-96.932724
10552.615356	-96.811935
10553.961182	-96.899948
10555.307007	-96.839943
10556.652832	-96.906326
10557.998657	-96.833809
10559.344482	-96.756195
10560.690308	-96.788940
10562.036133	-96.770752
10563.381958	-96.978523
10564.727783	-96.972412
10566.073608	-96.961807
10567.419434	-96.992714
10568.765259	-97.047821
10570.111084	-97.061752
10571.456909	-97.003716
10572.802734	-96.864716
10574.148560	-96.813011
10575.494385	-96.917564
10576.840210	-97.224159
10578.186035	-97.126274
10579.531860	-96.901604
10580.877686	-96.907310
10582.223511	-96.977592
10583.569336	-96.960732
10584.915161	-96.875320
10586.260986	-96.862518
10587.606812	-97.070442
10588.952637	-97.091255
10590.298462	-96.985748
10591.644287	-97.173798
10592.990112	-96.935020
10594.335938	-96.976318
10595.681763	-96.877655
10597.027588	-96.909409
10598.373413	-97.022240
10599.719238	-96.968201
10601.065063	-97.055283
10602.410889	-97.154076
10603.756714	-97.089928
10605.102539	-97.055687
10606.448364	-97.014069
10607.794189	-96.920692
10609.140015	-97.097427
10610.485840	-97.002739
10611.831665	-97.036026
10613.177490	-97.089851
10614.523315	-97.072807
10615.869141	-97.138107
10617.214966	-97.171158
10618.560791	-96.952568
10619.906616	-97.048157
10621.252441	-97.042183
10622.598267	-97.089058
10623.944092	-97.055130
10625.289917	-97.164169
10626.635742	-97.092857
10627.981567	-97.069931
10629.327393	-97.109482
10630.673218	-97.050514
10632.019043	-97.058556
10633.364868	-96.995613
10634.710693	-97.125252
10636.056519	-97.085411
10637.402344	-97.078072
10638.748169	-97.082115
10640.093994	-97.103508
10641.439819	-97.058060
10642.785645	-97.129021
10644.131470	-97.074722
10645.477295	-97.161316
10646.823120	-97.055344
10648.168945	-97.029396
10649.514771	-97.143791
10650.860596	-97.003418
10652.206421	-97.104965
10653.552246	-97.048439
10654.898071	-97.095467
10656.243896	-97.147736
10657.589722	-97.176437
10658.935547	-97.110794
10660.281372	-97.142082
10661.627197	-97.084175
10662.973022	-97.098663
10664.318848	-97.074959
10665.664673	-97.137756
10667.010498	-97.148209
10668.356323	-97.117119
10669.702148	-97.137787
10671.047974	-97.151970
10672.393799	-97.055824
10673.739624	-97.123421
10675.085449	-97.122543
10676.431274	-97.137688
10677.777100	-97.137863
10679.122925	-97.124664
10680.468750	-97.121315
10681.814575	-97.161209
10683.160400	-97.098145
10684.506226	-97.130005
10685.852051	-97.146233
10687.197876	-97.135757
10688.543701	-97.147156
10689.889526	-97.152863
10691.235352	-97.153244
10692.581177	-97.151749
10693.927002	-97.171127
10695.272827	-97.107445
10696.618652	-97.131721
10697.964478	-97.155228
10699.310303	-97.175781
10700.656128	-97.164589
10702.001953	-97.099083
10703.347778	-97.156128
10704.693604	-97.162537
10706.039429	-97.141586
10707.385254	-97.139290
10708.731079	-97.148216
10710.076904	-97.137833
10711.422729	-97.167130
10712.768555	-97.154015
10714.114380	-97.134369
10715.460205	-97.163345
10716.806030	-97.158974
10718.151855	-97.168251
10719.497681	-97.162880
10720.843506	-97.176193
10722.189331	-97.149460
10723.535156	-97.202103
10724.880981	-97.115105
10726.226807	-97.196381
10727.572632	-97.166054
10728.918457	-97.177727
10730.264282	-97.155167
10731.610107	-97.162376
10732.955933	-97.168953
10734.301758	-97.177429
10735.647583	-97.151527
10736.993408	-97.165100
10738.339233	-97.162834
10739.685059	-97.166534
10741.030884	-97.164757
10742.376709	-97.199219
10743.722534	-97.191650
10745.068359	-97.174759
10746.414185	-97.168945
10747.760010	-97.187920
10749.105835	-97.183327
10750.451660	-97.182045
10751.797485	-97.185593
10753.143311	-97.186516
10754.489136	-97.183670
10755.834961	-97.194633
10757.180786	-97.163742
10758.526611	-97.193451
10759.872437	-97.181526
10761.218262	-97.184174
10762.564087	-97.178940
10763.909912	-97.185501
10765.255737	-97.179901
10766.601562	-97.182297
10767.947388	-97.192429
10769.293213	-97.188332
10770.639038	-97.180367
10771.984863	-97.200623
10773.330688	-97.183441
10774.676514	-97.196373
10776.022339	-97.190659
10777.368164	-97.193352
10778.713989	-97.184715
10780.059814	-97.193703
10781.405640	-97.199326
10782.751465	-97.190773
10784.097290	-97.189079
10785.443115	-97.193436
10786.788940	-97.195496
10788.134766	-97.193375
10789.480591	-97.197769
10790.826416	-97.196442
10792.172241	-97.201576
10793.518066	-97.194557
10794.863892	-97.194923
10796.209717	-97.204262
10797.555542	-97.199486
10798.901367	-97.199165
10800.247192	-97.204376
10801.593018	-97.201996
10802.938843	-97.199181
10804.284668	-97.197540
10805.630493	-97.202698
10806.976318	-97.202133
10808.322144	-97.205284
10809.667969	-97.201759
10811.013794	-97.206047
10812.359619	-97.204338
10813.705444	-97.204170
10815.051270	-97.207230
10816.397095	-97.204620
10817.742920	-97.204895
10819.088745	-97.207115
10820.434570	-97.205009
10821.780396	-97.207275
10823.126221	-97.208359
10824.472046	-97.208290
10825.817871	-97.207787
10827.163696	-97.210403
10828.509521	-97.209473
10829.855347	-97.208344
10831.201172	-97.211342
10832.546997	-97.210152
10833.892822	-97.210350
10835.238647	-97.211578
10836.584473	-97.211914
10837.930298	-97.211563
10839.276123	-97.213341
10840.621948	-97.212128
10841.967773	-97.213982
10843.313599	-97.213913
10844.659424	-97.213821
10846.005249	-97.214684
10847.351074	-97.214378
10848.696899	-97.216255
10850.042725	-97.216240
10851.388550	-97.215332
10852.734375	-97.216103
10854.080200	-97.216949
10855.426025	-97.217232
10856.771851	-97.217087
10858.117676	-97.217918
10859.463501	-97.218201
10860.809326	-97.218796
10862.155151	-97.218689
10863.500977	-97.219589
10864.846802	-97.219742
10866.192627	-97.219971
10867.538452	-97.220345
10868.884277	-97.220230
10870.230103	-97.221031
10871.575928	-97.221237
10872.921753	-97.221703
10874.267578	-97.221695
10875.613403	-97.222115
10876.959229	-97.222427
10878.305054	-97.222710
10879.650879	-97.223000
10880.996704	-97.223450
10882.342529	-97.223793
10883.688354	-97.224014
10885.034180	-97.224396
10886.380005	-97.224602
10887.725830	-97.224693
10889.071655	-97.225189
10890.417480	-97.225449
10891.763306	-97.225677
10893.109131	-97.225914
10894.454956	-97.226273
10895.800781	-97.226486
10897.146606	-97.226814
10898.492432	-97.227058
10899.838257	-97.227310
10901.184082	-97.227516
10902.529907	-97.227783
10903.875732	-97.228073
10905.221558	-97.228348
10906.567383	-97.228523
10907.913208	-97.228798
10909.259033	-97.229034
10910.604858	-97.229256
10911.950684	-97.229561
10913.296509	-97.229744
10914.642334	-97.229973
10915.988159	-97.230194
10917.333984	-97.230423
10918.679810	-97.230652
10920.025635	-97.230896
10921.371460	-97.231094
10922.717285	-97.231323
10924.063110	-97.231544
10925.408936	-97.231735
10926.754761	-97.231911
10928.100586	-97.232117
10929.446411	-97.232338
10930.792236	-97.232498
10932.138062	-97.232704
10933.483887	-97.232910
10934.829712	-97.233086
10936.175537	-97.233292
10937.521362	-97.233467
10938.867188	-97.233650
10940.213013	-97.233818
10941.558838	-97.233994
10942.904663	-97.234161
10944.250488	-97.234337
10945.596313	-97.234497
10946.942139	-97.234657
10948.287964	-97.234802
10949.633789	-97.234970
10950.979614	-97.235123
10952.325439	-97.235283
10953.671265	-97.235428
10955.017090	-97.235596
10956.362915	-97.235710
10957.708740	-97.235855
10959.054565	-97.235992
10960.400391	-97.236130
10961.746216	-97.236244
10963.092041	-97.236404
10964.437866	-97.236519
10965.783691	-97.236633
10967.129517	-97.236755
10968.475342	-97.236893
10969.821167	-97.236984
10971.166992	-97.237129
10972.512817	-97.237198
10973.858643	-97.237305
10975.204468	-97.237411
10976.550293	-97.237511
10977.896118	-97.237633
10979.241943	-97.237709
10980.587769	-97.237816
10981.933594	-97.237907
10983.279419	-97.237984
10984.625244	-97.238091
10985.971069	-97.238182
10987.316895	-97.238258
10988.662720	-97.238289
10990.008545	-97.238373
10991.354370	-97.238480
10992.700195	-97.238510
10994.046021	-97.238594
10995.391846	-97.238640
10996.737671	-97.238708
10998.083496	-97.238754
10999.429321	-97.238815
11000.775146	-97.238861
11002.120972	-97.238922
11003.466797	-97.238960
11004.812622	-97.239014
11006.158447	-97.239059
11007.504272	-97.239098
11008.850098	-97.239136
11010.195923	-97.239159
11011.541748	-97.239182
11012.887573	-97.239220
11014.233398	-97.239243
11015.579224	-97.239235
11016.925049	-97.239258
11018.270874	-97.239296
11019.616699	-97.239304
11020.962524	-97.239311
11022.308350	-97.239304
11023.654175	-97.239326
