Frequency (Hz)	Level (dB)
1.345825	-89.737282
2.691650	-89.545036
4.037476	-88.762306
5.383301	-89.094704
6.729126	-88.349777
8.074951	-88.371414
9.420776	-86.943420
10.766602	-84.286880
12.112427	-83.007774
13.458252	-83.312912
14.804077	-82.521935
16.149902	-80.671059
17.495728	-79.564240
18.841553	-77.662888
20.187378	-79.643631
21.533203	-77.486084
22.879028	-74.639099
24.224854	-76.548897
25.570679	-75.771584
26.916504	-75.139038
28.262329	-73.812668
29.608154	-72.472786
30.953979	-74.404518
32.299805	-74.633545
33.645630	-73.412834
34.991455	-74.573700
36.337280	-73.731377
37.683105	-73.314384
39.028931	-73.816360
40.374756	-71.958054
41.720581	-70.591934
43.066406	-72.976730
44.412231	-70.864746
45.758057	-71.212364
47.103882	-71.501541
48.449707	-70.183243
49.795532	-67.939980
51.141357	-67.497162
52.487183	-67.943924
53.833008	-66.632980
55.178833	-67.284828
56.524658	-65.268616
57.870483	-65.095215
59.216309	-63.923988
60.562134	-64.366203
61.907959	-64.712852
63.253784	-65.062813
64.599609	-68.164253
65.945435	-68.554291
67.291260	-69.493324
68.637085	-68.223892
69.982910	-69.061211
71.328735	-67.927010
72.674561	-66.970337
74.020386	-65.103157
75.366211	-64.376442
76.712036	-65.246529
78.057861	-67.015984
79.403687	-67.334587
80.749512	-67.554756
82.095337	-66.459991
83.441162	-65.692535
84.786987	-64.840820
86.132812	-65.394867
87.478638	-65.156258
88.824463	-65.275551
90.170288	-64.514946
91.516113	-64.717529
92.861938	-60.196274
94.207764	-61.462143
95.553589	-66.458046
96.899414	-67.864273
98.245239	-68.621284
99.591064	-68.178856
100.936890	-68.604172
102.282715	-68.592804
103.628540	-67.305573
104.974365	-66.136215
106.320190	-66.981667
107.666016	-67.766670
109.011841	-68.657654
110.357666	-69.441315
111.703491	-67.469040
113.049316	-67.138367
114.395142	-62.751514
115.740967	-68.911461
117.086792	-71.064713
118.432617	-67.385178
119.778442	-67.948914
121.124268	-70.594452
122.470093	-70.377319
123.815918	-71.628899
125.161743	-71.749863
126.507568	-70.659500
127.853394	-72.427010
129.199219	-71.479904
130.545044	-71.383537
131.890869	-70.936432
133.236694	-72.303696
134.582520	-72.972420
135.928345	-72.836800
137.274170	-72.834961
138.619995	-73.867477
139.965820	-73.126030
141.311646	-72.522133
142.657471	-72.653625
144.003296	-72.915237
145.349121	-71.346764
146.694946	-70.471931
148.040771	-72.099258
149.386597	-71.428635
150.732422	-71.087494
152.078247	-70.128922
153.424072	-71.903809
154.769897	-71.556168
156.115723	-70.750908
157.461548	-70.193329
158.807373	-70.900513
160.153198	-71.924675
161.499023	-72.379532
162.844849	-72.941711
164.190674	-71.314026
165.536499	-72.401833
166.882324	-72.438522
168.228149	-73.887436
169.573975	-71.519157
170.919800	-72.877548
172.265625	-74.159477
173.611450	-74.340874
174.957275	-73.799561
176.303101	-72.558418
177.648926	-72.222649
178.994751	-72.774231
180.340576	-73.771004
181.686401	-73.498962
183.032227	-74.487633
184.378052	-74.149353
185.723877	-74.330162
187.069702	-73.576019
188.415527	-75.295105
189.761353	-74.032661
191.107178	-74.634766
192.453003	-74.462654
193.798828	-75.515686
195.144653	-75.474152
196.490479	-75.200180
197.836304	-75.803009
199.182129	-74.446976
200.527954	-75.193314
201.873779	-75.470451
203.219604	-74.985733
204.565430	-74.821312
205.911255	-75.316376
207.257080	-75.360313
208.602905	-74.698296
209.948730	-75.407211
211.294556	-76.257217
212.640381	-75.179863
213.986206	-75.521599
215.332031	-75.585197
216.677856	-76.501335
218.023682	-76.299629
219.369507	-76.814133
220.715332	-75.530060
222.061157	-77.521751
223.406982	-75.634789
224.752808	-76.655502
226.098633	-76.212250
227.444458	-75.821480
228.790283	-75.700134
230.136108	-75.126266
231.481934	-75.938858
232.827759	-76.691772
234.173584	-75.341255
235.519409	-75.270912
236.865234	-74.777512
238.211060	-74.688759
239.556885	-75.002449
240.902710	-76.647575
242.248535	-76.478790
243.594360	-75.850029
244.940186	-75.975929
246.286011	-75.138100
247.631836	-75.684929
248.977661	-76.600166
250.323486	-76.696304
251.669312	-75.988289
253.015137	-75.579170
254.360962	-76.373932
255.706787	-76.445335
257.052612	-76.097610
258.398438	-76.710709
259.744263	-76.405563
261.090088	-76.077423
262.435913	-77.019844
263.781738	-76.823181
265.127563	-75.564110
266.473389	-76.771637
267.819214	-75.189949
269.165039	-75.907890
270.510864	-77.365944
271.856689	-76.761139
273.202515	-75.984116
274.548340	-76.654121
275.894165	-76.177612
277.239990	-76.397301
278.585815	-75.060791
279.931641	-76.825272
281.277466	-75.537163
282.623291	-72.379723
283.969116	-75.233681
285.314941	-76.729134
286.660767	-76.451218
288.006592	-76.491547
289.352417	-75.953423
290.698242	-76.418892
292.044067	-76.331039
293.389893	-75.432487
294.735718	-75.059135
296.081543	-76.030922
297.427368	-76.618095
298.773193	-75.192390
300.119019	-76.216362
301.464844	-77.031677
302.810669	-76.007477
304.156494	-76.475319
305.502319	-76.490791
306.848145	-76.437134
308.193970	-74.944847
309.539795	-76.184814
310.885620	-76.396370
312.231445	-76.984276
313.577271	-76.285347
314.923096	-76.980743
316.268921	-76.693710
317.614746	-76.536476
318.960571	-76.066170
320.306396	-75.555595
321.652222	-75.679337
322.998047	-75.383926
324.343872	-75.978539
325.689697	-76.979591
327.035522	-76.445747
328.381348	-77.796150
329.727173	-77.151009
331.072998	-76.072571
332.418823	-76.050430
333.764648	-75.572426
335.110474	-75.804688
336.456299	-75.373138
337.802124	-75.308121
339.147949	-75.813789
340.493774	-76.250587
341.839600	-76.654167
343.185425	-75.533150
344.531250	-75.306923
345.877075	-75.915726
347.222900	-75.053253
348.568726	-74.824226
349.914551	-74.868088
351.260376	-74.939133
352.606201	-74.131218
353.952026	-76.319000
355.297852	-74.291847
356.643677	-73.863876
357.989502	-74.540184
359.335327	-75.374405
360.681152	-75.312294
362.026978	-74.689857
363.372803	-75.596275
364.718628	-75.841797
366.064453	-75.075829
367.410278	-75.581879
368.756104	-74.902184
370.101929	-74.873047
371.447754	-75.430489
372.793579	-74.850159
374.139404	-74.821236
375.485229	-74.562630
376.831055	-75.816101
378.176880	-74.882431
379.522705	-74.110954
380.868530	-74.039658
382.214355	-74.153801
383.560181	-74.577011
384.906006	-75.209045
386.251831	-75.669334
387.597656	-75.205368
388.943481	-74.616173
390.289307	-75.139366
391.635132	-75.376442
392.980957	-74.563850
394.326782	-74.768562
395.672607	-75.468842
397.018433	-73.926743
398.364258	-74.325089
399.710083	-74.205475
401.055908	-73.504601
402.401733	-73.553421
403.747559	-73.876350
405.093384	-73.496048
406.439209	-74.550377
407.785034	-74.246788
409.130859	-73.649590
410.476685	-75.150642
411.822510	-74.363602
413.168335	-74.294029
414.514160	-75.383110
415.859985	-74.588196
417.205811	-73.472916
418.551636	-73.805771
419.897461	-74.647354
421.243286	-73.511635
422.589111	-72.812103
423.934937	-73.373779
425.280762	-74.149590
426.626587	-72.991661
427.972412	-73.547478
429.318237	-73.827484
430.664062	-72.799660
432.009888	-72.387993
433.355713	-72.446434
434.701538	-72.758308
436.047363	-72.116531
437.393188	-72.886642
438.739014	-72.407852
440.084839	-72.930504
441.430664	-72.505180
442.776489	-73.207573
444.122314	-72.908401
445.468140	-72.740501
446.813965	-72.317398
448.159790	-73.226089
449.505615	-72.704018
450.851440	-72.443794
452.197266	-72.267212
453.543091	-70.394714
454.888916	-71.317642
456.234741	-71.439949
457.580566	-72.355995
458.926392	-72.150200
460.272217	-71.170311
461.618042	-71.503647
462.963867	-72.007492
464.309692	-71.777145
465.655518	-71.708267
467.001343	-71.859947
468.347168	-72.185638
469.692993	-71.538902
471.038818	-72.173698
472.384644	-71.457932
473.730469	-70.246910
475.076294	-70.860054
476.422119	-70.818321
477.767944	-71.086090
479.113770	-70.768547
480.459595	-70.644798
481.805420	-71.479683
483.151245	-71.676117
484.497070	-69.597649
485.842896	-70.104454
487.188721	-70.210754
488.534546	-69.293388
489.880371	-69.919090
491.226196	-69.696449
492.572021	-70.193108
493.917847	-71.695534
495.263672	-69.644127
496.609497	-69.234093
497.955322	-70.890640
499.301147	-70.318733
500.646973	-69.445374
501.992798	-69.128517
503.338623	-69.944633
504.684448	-69.841713
506.030273	-68.440765
507.376099	-69.443024
508.721924	-68.371933
510.067749	-68.880806
511.413574	-68.588196
512.759399	-68.321037
514.105225	-67.330605
515.451050	-67.861855
516.796875	-67.554100
518.142700	-68.086357
519.488525	-68.182022
520.834351	-68.012375
522.180176	-67.650703
523.526001	-67.935623
524.871826	-66.840973
526.217651	-66.359100
527.563477	-66.120445
528.909302	-66.921936
530.255127	-66.257622
531.600952	-67.823448
532.946777	-66.469498
534.292603	-66.973305
535.638428	-66.549965
536.984253	-65.381752
538.330078	-65.206657
539.675903	-66.592117
541.021729	-66.691826
542.367554	-65.061523
543.713379	-66.050163
545.059204	-65.667908
546.405029	-64.397255
547.750854	-66.003258
549.096680	-65.897583
550.442505	-64.727295
551.788330	-64.493912
553.134155	-64.443954
554.479980	-64.101364
555.825806	-63.358551
557.171631	-63.156261
558.517456	-65.086441
559.863281	-64.413483
561.209106	-63.792618
562.554932	-63.885654
563.900757	-63.337414
565.246582	-63.837666
566.592407	-62.876949
567.938232	-62.249866
569.284058	-61.508644
570.629883	-62.853043
571.975708	-62.559086
573.321533	-60.699467
574.667358	-61.448166
576.013184	-61.639797
577.359009	-61.056217
578.704834	-62.503639
580.050659	-60.541080
581.396484	-60.395329
582.742310	-60.595253
584.088135	-61.262684
585.433960	-59.461025
586.779785	-59.481953
588.125610	-59.961880
589.471436	-61.174137
590.817261	-60.717136
592.163086	-59.396206
593.508911	-59.175003
594.854736	-58.025635
596.200562	-58.816761
597.546387	-59.898148
598.892212	-59.469612
600.238037	-58.605995
601.583862	-59.050476
602.929688	-57.302418
604.275513	-58.270893
605.621338	-58.389858
606.967163	-59.467625
608.312988	-58.443264
609.658813	-57.969810
611.004639	-58.250534
612.350464	-58.186760
613.696289	-58.740349
615.042114	-59.193993
616.387939	-58.789799
617.733765	-59.279354
619.079590	-57.979805
620.425415	-59.480206
621.771240	-59.032833
623.117065	-59.268993
624.462891	-60.372768
625.808716	-59.776146
627.154541	-58.875965
628.500366	-59.706581
629.846191	-59.615036
631.192017	-59.603683
632.537842	-59.762356
633.883667	-59.507118
635.229492	-59.346321
636.575317	-59.977932
637.921143	-59.851006
639.266968	-60.537567
640.612793	-61.052681
641.958618	-61.116821
643.304443	-60.324883
644.650269	-60.573994
645.996094	-60.643456
647.341919	-60.243858
648.687744	-60.972927
650.033569	-62.137131
651.379395	-60.896549
652.725220	-62.062153
654.071045	-62.178516
655.416870	-62.372932
656.762695	-62.038277
658.108521	-61.635948
659.454346	-62.376904
660.800171	-62.874264
662.145996	-61.884098
663.491821	-62.139755
664.837646	-63.923759
666.183472	-62.481590
667.529297	-62.992924
668.875122	-62.411819
670.220947	-63.621994
671.566772	-63.094490
672.912598	-64.083023
674.258423	-62.690006
675.604248	-62.514118
676.950073	-63.598850
678.295898	-63.282509
679.641724	-62.555176
680.987549	-63.638237
682.333374	-63.275715
683.679199	-63.442581
685.025024	-64.778564
686.370850	-64.399384
687.716675	-65.444649
689.062500	-65.685692
690.408325	-63.990669
691.754150	-63.870884
693.099976	-65.535591
694.445801	-65.284637
695.791626	-65.712906
697.137451	-65.264557
698.483276	-64.638596
699.829102	-64.639877
701.174927	-65.377846
702.520752	-65.612885
703.866577	-64.728409
705.212402	-66.142097
706.558228	-65.994537
707.904053	-66.094864
709.249878	-65.885986
710.595703	-65.336548
711.941528	-66.534477
713.287354	-67.220993
714.633179	-66.519371
715.979004	-67.170959
717.324829	-66.423973
718.670654	-67.218590
720.016479	-66.547928
721.362305	-66.848907
722.708130	-67.268639
724.053955	-67.520523
725.399780	-67.743019
726.745605	-67.363869
728.091431	-66.842010
729.437256	-66.782715
730.783081	-67.774918
732.128906	-66.958817
733.474731	-66.639229
734.820557	-67.029190
736.166382	-67.195175
737.512207	-67.277481
738.858032	-67.235573
740.203857	-67.783310
741.549683	-68.307678
742.895508	-67.649788
744.241333	-67.415878
745.587158	-67.861679
746.932983	-67.860901
748.278809	-67.029610
749.624634	-67.609581
750.970459	-67.626640
752.316284	-67.860336
753.662109	-68.798393
755.007935	-67.568436
756.353760	-68.140137
757.699585	-68.635612
759.045410	-67.883018
760.391235	-68.702026
761.737061	-67.894722
763.082886	-68.326500
764.428711	-67.376801
765.774536	-67.877487
767.120361	-67.323517
768.466187	-67.988319
769.812012	-68.048439
771.157837	-68.403397
772.503662	-69.065292
773.849487	-68.859848
775.195312	-69.255615
776.541138	-68.308830
777.886963	-67.926682
779.232788	-68.797615
780.578613	-69.314598
781.924438	-69.075493
783.270264	-68.275986
784.616089	-68.845100
785.961914	-68.677437
787.307739	-69.396019
788.653564	-69.011833
789.999390	-68.487640
791.345215	-69.793549
792.691040	-68.966255
794.036865	-68.934464
795.382690	-68.372307
796.728516	-69.165527
798.074341	-69.253868
799.420166	-68.823853
800.765991	-68.633141
802.111816	-68.595451
803.457642	-68.491943
804.803467	-69.446259
806.149292	-69.602127
807.495117	-69.357979
808.840942	-69.392693
810.186768	-68.617149
811.532593	-68.870132
812.878418	-68.778931
814.224243	-69.062286
815.570068	-68.759750
816.915894	-69.053169
818.261719	-69.873055
819.607544	-69.953575
820.953369	-69.532753
822.299194	-68.336708
823.645020	-69.204887
824.990845	-69.364532
826.336670	-68.861130
827.682495	-69.254791
829.028320	-69.430717
830.374146	-68.875076
831.719971	-69.973656
833.065796	-70.132965
834.411621	-69.338799
835.757446	-69.357239
837.103271	-68.988548
838.449097	-70.865021
839.794922	-69.520157
841.140747	-68.570938
842.486572	-70.092369
843.832397	-69.547417
845.178223	-69.727715
846.524048	-69.102051
847.869873	-69.470917
849.215698	-69.749329
850.561523	-69.455315
851.907349	-69.763771
853.253174	-69.743263
854.598999	-68.831017
855.944824	-69.209976
857.290649	-69.302849
858.636475	-70.016998
859.982300	-70.113724
861.328125	-69.427299
862.673950	-68.956421
864.019775	-69.800041
865.365601	-69.915604
866.711426	-69.810165
868.057251	-70.118866
869.403076	-69.961037
870.748901	-70.291351
872.094727	-69.120239
873.440552	-68.427017
874.786377	-70.507141
876.132202	-68.989548
877.478027	-69.053169
878.823853	-69.043701
880.169678	-68.492729
881.515503	-68.768837
882.861328	-69.455246
884.207153	-70.029427
885.552979	-69.089684
886.898804	-69.294876
888.244629	-68.922142
889.590454	-69.072578
890.936279	-69.133965
892.282104	-69.533096
893.627930	-68.507851
894.973755	-69.061531
896.319580	-69.460457
897.665405	-68.964798
899.011230	-68.120758
900.357056	-68.634079
901.702881	-68.065384
903.048706	-68.007759
904.394531	-69.171593
905.740356	-69.879677
907.086182	-69.426132
908.432007	-68.796143
909.777832	-68.579643
911.123657	-69.640068
912.469482	-68.436813
913.815308	-68.522034
915.161133	-69.146179
916.506958	-68.081276
917.852783	-68.796783
919.198608	-69.976936
920.544434	-69.849319
921.890259	-68.601654
923.236084	-70.070107
924.581909	-68.916634
925.927734	-68.025948
927.273560	-68.145004
928.619385	-68.900734
929.965210	-68.576416
931.311035	-69.304359
932.656860	-68.287102
934.002686	-68.729416
935.348511	-68.805428
936.694336	-68.647820
938.040161	-67.846809
939.385986	-67.367813
940.731812	-67.520844
942.077637	-66.719490
943.423462	-68.086700
944.769287	-68.056541
946.115112	-68.268051
947.460938	-68.857208
948.806763	-67.631645
950.152588	-67.552330
951.498413	-68.700768
952.844238	-68.766029
954.190063	-67.943077
955.535889	-67.739464
956.881714	-68.180847
958.227539	-68.774544
959.573364	-68.978752
960.919189	-67.432091
962.265015	-67.325951
963.610840	-68.713982
964.956665	-68.183456
966.302490	-67.434006
967.648315	-68.070351
968.994141	-66.574951
970.339966	-66.910454
971.685791	-67.229874
973.031616	-67.139984
974.377441	-67.622238
975.723267	-67.331078
977.069092	-67.087341
978.414917	-66.853630
979.760742	-66.914276
981.106567	-66.934547
982.452393	-66.876717
983.798218	-66.008095
985.144043	-67.376381
986.489868	-66.355042
987.835693	-66.821060
989.181519	-66.205696
990.527344	-67.149025
991.873169	-66.592529
993.218994	-67.002594
994.564819	-66.111458
995.910645	-66.219093
997.256470	-66.518730
998.602295	-65.945259
999.948120	-66.046196
1001.293945	-65.353790
1002.639771	-66.785576
1003.985596	-65.978279
1005.331421	-66.588310
1006.677246	-65.981888
1008.023071	-65.160469
1009.368896	-65.564018
1010.714722	-67.045738
1012.060547	-64.547478
1013.406372	-65.275917
1014.752197	-65.150742
1016.098022	-66.068771
1017.443848	-65.296341
1018.789673	-64.526909
1020.135498	-65.304581
1021.481323	-65.567764
1022.827148	-64.286148
1024.172974	-64.636353
1025.518799	-65.279564
1026.864624	-64.195908
1028.210449	-64.512657
1029.556274	-65.433357
1030.902100	-64.812744
1032.247925	-65.043503
1033.593750	-64.829773
1034.939575	-64.043457
1036.285400	-63.984089
1037.631226	-64.762367
1038.977051	-64.650917
1040.322876	-63.857220
1041.668701	-64.016426
1043.014526	-64.528221
1044.360352	-64.484276
1045.706177	-63.904411
1047.052002	-63.480244
1048.397827	-63.358997
1049.743652	-63.245216
1051.089478	-63.474583
1052.435303	-63.075882
1053.781128	-62.589844
1055.126953	-63.628246
1056.472778	-63.778858
1057.818604	-62.939220
1059.164429	-62.011883
1060.510254	-62.794926
1061.856079	-62.846367
1063.201904	-62.609108
1064.547729	-62.989887
1065.893555	-63.125416
1067.239380	-62.643520
1068.585205	-61.495422
1069.931030	-61.800716
1071.276855	-62.327839
1072.622681	-62.547253
1073.968506	-62.163044
1075.314331	-62.397087
1076.660156	-62.825317
1078.005981	-62.989517
1079.351807	-60.983765
1080.697632	-60.615398
1082.043457	-61.231133
1083.389282	-60.428467
1084.735107	-60.463207
1086.080933	-59.873466
1087.426758	-61.001411
1088.772583	-60.954765
1090.118408	-61.097389
1091.464233	-59.440910
1092.810059	-59.037788
1094.155884	-59.959171
1095.501709	-59.880264
1096.847534	-59.924900
1098.193359	-59.359409
1099.539185	-58.960709
1100.885010	-58.365211
1102.230835	-58.240368
1103.576660	-59.162079
1104.922485	-58.655003
1106.268311	-57.991325
1107.614136	-58.474113
1108.959961	-59.004929
1110.305786	-58.644932
1111.651611	-58.036366
1112.997437	-57.357109
1114.343262	-57.268345
1115.689087	-56.526665
1117.034912	-57.016346
1118.380737	-57.934776
1119.726562	-57.280521
1121.072388	-56.279194
1122.418213	-56.796059
1123.764038	-55.991814
1125.109863	-55.718964
1126.455688	-56.596096
1127.801514	-55.057251
1129.147339	-54.993504
1130.493164	-54.970737
1131.838989	-55.058655
1133.184814	-54.114899
1134.530640	-54.041714
1135.876465	-53.601032
1137.222290	-54.353363
1138.568115	-54.335407
1139.913940	-52.460827
1141.259766	-54.445961
1142.605591	-53.878174
1143.951416	-52.995811
1145.297241	-52.820354
1146.643066	-52.905170
1147.988892	-52.593678
1149.334717	-52.734718
1150.680542	-52.130684
1152.026367	-52.288868
1153.372192	-51.863922
1154.718018	-52.677391
1156.063843	-51.443829
1157.409668	-50.827606
1158.755493	-51.285347
1160.101318	-50.965530
1161.447144	-50.683151
1162.792969	-50.672722
1164.138794	-49.794689
1165.484619	-51.420795
1166.830444	-50.735058
1168.176270	-50.202183
1169.522095	-49.909016
1170.867920	-50.283897
1172.213745	-50.384621
1173.559570	-50.741211
1174.905396	-50.569191
1176.251221	-50.109470
1177.597046	-50.885406
1178.942871	-50.619877
1180.288696	-50.052967
1181.634521	-49.739445
1182.980347	-50.801594
1184.326172	-50.718876
1185.671997	-50.297230
1187.017822	-52.378666
1188.363647	-50.402428
1189.709473	-51.647526
1191.055298	-50.982853
1192.401123	-51.402794
1193.746948	-50.977566
1195.092773	-51.771248
1196.438599	-52.100498
1197.784424	-51.462856
1199.130249	-51.271782
1200.476074	-52.050308
1201.821899	-51.064919
1203.167725	-52.418552
1204.513550	-52.358589
1205.859375	-53.631973
1207.205200	-52.826664
1208.551025	-53.183678
1209.896851	-53.798401
1211.242676	-53.837509
1212.588501	-53.714962
1213.934326	-53.268616
1215.280151	-52.277447
1216.625977	-53.873455
1217.971802	-53.918571
1219.317627	-53.917110
1220.663452	-53.697151
1222.009277	-54.286732
1223.355103	-54.291901
1224.700928	-55.064339
1226.046753	-54.023907
1227.392578	-55.449982
1228.738403	-55.239044
1230.084229	-55.900116
1231.430054	-55.986156
1232.775879	-56.170788
1234.121704	-56.193554
1235.467529	-56.106739
1236.813354	-55.796455
1238.159180	-55.990349
1239.505005	-56.570599
1240.850830	-55.298153
1242.196655	-55.824070
1243.542480	-55.933632
1244.888306	-56.747272
1246.234131	-56.757740
1247.579956	-56.452892
1248.925781	-56.162018
1250.271606	-56.803070
1251.617432	-57.841873
1252.963257	-57.037853
1254.309082	-56.736042
1255.654907	-57.575481
1257.000732	-56.196480
1258.346558	-57.363880
1259.692383	-57.348122
1261.038208	-58.184387
1262.384033	-58.642788
1263.729858	-56.823204
1265.075684	-57.491161
1266.421509	-58.918629
1267.767334	-58.545113
1269.113159	-58.084808
1270.458984	-58.449734
1271.804810	-58.664356
1273.150635	-58.225033
1274.496460	-58.420700
1275.842285	-58.662895
1277.188110	-58.101051
1278.533936	-59.988907
1279.879761	-59.262695
1281.225586	-58.411346
1282.571411	-58.874226
1283.917236	-59.045628
1285.263062	-58.482674
1286.608887	-60.161602
1287.954712	-59.999481
1289.300537	-58.845402
1290.646362	-59.111210
1291.992188	-60.289532
1293.338013	-59.859207
1294.683838	-59.776276
1296.029663	-59.608746
1297.375488	-59.331161
1298.721313	-59.583015
1300.067139	-60.146297
1301.412964	-60.399986
1302.758789	-59.741802
1304.104614	-60.665318
1305.450439	-60.257290
1306.796265	-60.377541
1308.142090	-59.062656
1309.487915	-59.798550
1310.833740	-60.977127
1312.179565	-60.610943
1313.525391	-59.845535
1314.871216	-60.538246
1316.217041	-60.165016
1317.562866	-60.708725
1318.908691	-59.926014
1320.254517	-61.132172
1321.600342	-60.251644
1322.946167	-61.570011
1324.291992	-61.268974
1325.637817	-61.932964
1326.983643	-60.694664
1328.329468	-60.393097
1329.675293	-61.236439
1331.021118	-61.798393
1332.366943	-61.109875
1333.712769	-61.639603
1335.058594	-61.251469
1336.404419	-61.517426
1337.750244	-61.038471
1339.096069	-60.592678
1340.441895	-60.803215
1341.787720	-60.590454
1343.133545	-61.384468
1344.479370	-61.771358
1345.825195	-61.909401
1347.171021	-61.234943
1348.516846	-61.577717
1349.862671	-61.271477
1351.208496	-61.399799
1352.554321	-61.859184
1353.900146	-62.788067
1355.245972	-61.878960
1356.591797	-62.108570
1357.937622	-62.103298
1359.283447	-61.615406
1360.629272	-60.898151
1361.975098	-61.910007
1363.320923	-64.046127
1364.666748	-62.832886
1366.012573	-62.401482
1367.358398	-61.112740
1368.704224	-61.238529
1370.050049	-62.507046
1371.395874	-62.614285
1372.741699	-62.802696
1374.087524	-63.304691
1375.433350	-62.632137
1376.779175	-62.703861
1378.125000	-62.664394
1379.470825	-61.079155
1380.816650	-61.517944
1382.162476	-61.440331
1383.508301	-62.320786
1384.854126	-62.345139
1386.199951	-61.444469
1387.545776	-61.784561
1388.891602	-62.607063
1390.237427	-62.819824
1391.583252	-62.082932
1392.929077	-62.502575
1394.274902	-62.167938
1395.620728	-63.250252
1396.966553	-62.918362
1398.312378	-61.878002
1399.658203	-62.090557
1401.004028	-62.036549
1402.349854	-61.866314
1403.695679	-62.100170
1405.041504	-62.120823
1406.387329	-62.754906
1407.733154	-62.384659
1409.078979	-62.921249
1410.424805	-62.788338
1411.770630	-62.825626
1413.116455	-61.926018
1414.462280	-62.492020
1415.808105	-61.704815
1417.153931	-63.122009
1418.499756	-62.493000
1419.845581	-63.373287
1421.191406	-62.948917
1422.537231	-62.804256
1423.883057	-63.109116
1425.228882	-63.102654
1426.574707	-63.092022
1427.920532	-61.267792
1429.266357	-62.516552
1430.612183	-63.912552
1431.958008	-62.789299
1433.303833	-63.364826
1434.649658	-62.636112
1435.995483	-62.142532
1437.341309	-62.533367
1438.687134	-62.516327
1440.032959	-61.723145
1441.378784	-61.154747
1442.724609	-61.965855
1444.070435	-62.343349
1445.416260	-62.474503
1446.762085	-62.406563
1448.107910	-62.184879
1449.453735	-61.956268
1450.799561	-62.605938
1452.145386	-63.134777
1453.491211	-62.123951
1454.837036	-62.406979
1456.182861	-62.221092
1457.528687	-62.887245
1458.874512	-63.001457
1460.220337	-62.033669
1461.566162	-61.876053
1462.911987	-61.805470
1464.257812	-62.880062
1465.603638	-63.118629
1466.949463	-62.996655
1468.295288	-62.578964
1469.641113	-62.391029
1470.986938	-62.456074
1472.332764	-62.484173
1473.678589	-60.749905
1475.024414	-62.122982
1476.370239	-63.125351
1477.716064	-61.539238
1479.061890	-61.264034
1480.407715	-61.430130
1481.753540	-61.456642
1483.099365	-62.284103
1484.445190	-62.344463
1485.791016	-62.593002
1487.136841	-62.375050
1488.482666	-62.314693
1489.828491	-62.232883
1491.174316	-62.078320
1492.520142	-61.987411
1493.865967	-62.380844
1495.211792	-62.023079
1496.557617	-62.384155
1497.903442	-62.191395
1499.249268	-60.980835
1500.595093	-62.194004
1501.940918	-63.408844
1503.286743	-61.571964
1504.632568	-62.238468
1505.978394	-60.800873
1507.324219	-61.534088
1508.670044	-62.337814
1510.015869	-60.954178
1511.361694	-60.834843
1512.707520	-62.475323
1514.053345	-61.590233
1515.399170	-60.374702
1516.744995	-60.978302
1518.090820	-60.695137
1519.436646	-59.896004
1520.782471	-60.175194
1522.128296	-61.056957
1523.474121	-61.592525
1524.819946	-60.184738
1526.165771	-61.145412
1527.511597	-61.158566
1528.857422	-61.866653
1530.203247	-61.159679
1531.549072	-61.259113
1532.894897	-61.481087
1534.240723	-61.161945
1535.586548	-60.812420
1536.932373	-60.304092
1538.278198	-61.335560
1539.624023	-60.638618
1540.969849	-60.839420
1542.315674	-60.679966
1543.661499	-60.173191
1545.007324	-59.737045
1546.353149	-59.956535
1547.698975	-59.244568
1549.044800	-59.303719
1550.390625	-60.040588
1551.736450	-59.471226
1553.082275	-61.074306
1554.428101	-59.796074
1555.773926	-60.105652
1557.119751	-60.643196
1558.465576	-59.100510
1559.811401	-59.935596
1561.157227	-59.070515
1562.503052	-59.922302
1563.848877	-60.479839
1565.194702	-61.064415
1566.540527	-58.916946
1567.886353	-60.053947
1569.232178	-58.708126
1570.578003	-59.589432
1571.923828	-59.395866
1573.269653	-58.447247
1574.615479	-60.332047
1575.961304	-58.824696
1577.307129	-59.254807
1578.652954	-59.252960
1579.998779	-59.897976
1581.344604	-59.336990
1582.690430	-58.089230
1584.036255	-59.296459
1585.382080	-59.050484
1586.727905	-59.119240
1588.073730	-58.745003
1589.419556	-57.635376
1590.765381	-59.465797
1592.111206	-59.173454
1593.457031	-58.566895
1594.802856	-58.762192
1596.148682	-58.357246
1597.494507	-57.146267
1598.840332	-58.524006
1600.186157	-59.147644
1601.531982	-58.069473
1602.877808	-58.473557
1604.223633	-58.002693
1605.569458	-58.595219
1606.915283	-57.731339
1608.261108	-57.601452
1609.606934	-57.634972
1610.952759	-56.185795
1612.298584	-56.921452
1613.644409	-57.436401
1614.990234	-56.638226
1616.336060	-57.099300
1617.681885	-57.887905
1619.027710	-56.457005
1620.373535	-57.087162
1621.719360	-57.098991
1623.065186	-57.012524
1624.411011	-57.246849
1625.756836	-56.501450
1627.102661	-56.695992
1628.448486	-56.252590
1629.794312	-55.846043
1631.140137	-56.444798
1632.485962	-57.833595
1633.831787	-55.492393
1635.177612	-55.166660
1636.523438	-56.386536
1637.869263	-55.802528
1639.215088	-55.434654
1640.560913	-55.671246
1641.906738	-54.824524
1643.252563	-55.027073
1644.598389	-54.329426
1645.944214	-54.750416
1647.290039	-55.780266
1648.635864	-55.317867
1649.981689	-55.582642
1651.327515	-55.623260
1652.673340	-55.764629
1654.019165	-55.619667
1655.364990	-54.237843
1656.710815	-54.161324
1658.056641	-53.800594
1659.402466	-55.405598
1660.748291	-54.020561
1662.094116	-53.641357
1663.439941	-54.726009
1664.785767	-53.741531
1666.131592	-53.794399
1667.477417	-52.896534
1668.823242	-54.235977
1670.169067	-54.167583
1671.514893	-53.503689
1672.860718	-53.190754
1674.206543	-53.700573
1675.552368	-52.981491
1676.898193	-53.012947
1678.244019	-51.755558
1679.589844	-52.639008
1680.935669	-52.515411
1682.281494	-52.827446
1683.627319	-52.277573
1684.973145	-52.434475
1686.318970	-51.932976
1687.664795	-52.460289
1689.010620	-51.538006
1690.356445	-52.791019
1691.702271	-51.532890
1693.048096	-51.401524
1694.393921	-51.406208
1695.739746	-50.689548
1697.085571	-51.113106
1698.431396	-50.904911
1699.777222	-51.248119
1701.123047	-51.525730
1702.468872	-50.099094
1703.814697	-49.642635
1705.160522	-49.271152
1706.506348	-50.513958
1707.852173	-48.687393
1709.197998	-48.752258
1710.543823	-48.573978
1711.889648	-48.403286
1713.235474	-48.827377
1714.581299	-48.322918
1715.927124	-47.835430
1717.272949	-47.410034
1718.618774	-47.213459
1719.964600	-47.254520
1721.310425	-46.695114
1722.656250	-47.380142
1724.002075	-46.559692
1725.347900	-46.450756
1726.693726	-46.442245
1728.039551	-46.140770
1729.385376	-46.136543
1730.731201	-46.431396
1732.077026	-46.275570
1733.422852	-45.783741
1734.768677	-46.056355
1736.114502	-45.739407
1737.460327	-45.889694
1738.806152	-45.786411
1740.151978	-44.696049
1741.497803	-44.861889
1742.843628	-44.409939
1744.189453	-44.721943
1745.535278	-46.231483
1746.881104	-44.754368
1748.226929	-44.038525
1749.572754	-44.489323
1750.918579	-44.502445
1752.264404	-43.952148
1753.610229	-44.269012
1754.956055	-43.934982
1756.301880	-43.867947
1757.647705	-44.286884
1758.993530	-44.409874
1760.339355	-43.527168
1761.685181	-45.095863
1763.031006	-44.890751
1764.376831	-44.641163
1765.722656	-44.486061
1767.068481	-45.274376
1768.414307	-46.130459
1769.760132	-44.928413
1771.105957	-44.731804
1772.451782	-45.159111
1773.797607	-45.900681
1775.143433	-45.917801
1776.489258	-45.301460
1777.835083	-44.722836
1779.180908	-45.568741
1780.526733	-46.309994
1781.872559	-46.294010
1783.218384	-48.000320
1784.564209	-46.019794
1785.910034	-46.636974
1787.255859	-46.566105
1788.601685	-47.964531
1789.947510	-47.077423
1791.293335	-47.038094
1792.639160	-47.436466
1793.984985	-48.811497
1795.330811	-48.609016
1796.676636	-48.117752
1798.022461	-49.294239
1799.368286	-48.835587
1800.714111	-48.382462
1802.059937	-49.163170
1803.405762	-49.142998
1804.751587	-49.146446
1806.097412	-49.131550
1807.443237	-48.824337
1808.789062	-49.082500
1810.134888	-49.673946
1811.480713	-48.969097
1812.826538	-50.067539
1814.172363	-49.906948
1815.518188	-50.006207
1816.864014	-50.272083
1818.209839	-50.080616
1819.555664	-51.546631
1820.901489	-50.216393
1822.247314	-50.728611
1823.593140	-51.273277
1824.938965	-51.530327
1826.284790	-51.376785
1827.630615	-52.893806
1828.976440	-51.983486
1830.322266	-52.762218
1831.668091	-51.859909
1833.013916	-50.859135
1834.359741	-51.094147
1835.705566	-51.061840
1837.051392	-52.485058
1838.397217	-52.836952
1839.743042	-52.239704
1841.088867	-51.778034
1842.434692	-51.993389
1843.780518	-51.298889
1845.126343	-52.404762
1846.472168	-54.433342
1847.817993	-53.304935
1849.163818	-52.554226
1850.509644	-53.101223
1851.855469	-53.639355
1853.201294	-53.710072
1854.547119	-53.746803
1855.892944	-52.879818
1857.238770	-51.731129
1858.584595	-52.973507
1859.930420	-52.680332
1861.276245	-53.982727
1862.622070	-53.080765
1863.967896	-54.251427
1865.313721	-53.098110
1866.659546	-53.659565
1868.005371	-54.846405
1869.351196	-53.768856
1870.697021	-53.942322
1872.042847	-53.757641
1873.388672	-53.355991
1874.734497	-53.895000
1876.080322	-53.969631
1877.426147	-54.588409
1878.771973	-54.908913
1880.117798	-53.334686
1881.463623	-54.494812
1882.809448	-54.325703
1884.155273	-55.803940
1885.501099	-53.941666
1886.846924	-54.730595
1888.192749	-55.665882
1889.538574	-54.581902
1890.884399	-55.021618
1892.230225	-56.791889
1893.576050	-54.206936
1894.921875	-55.391895
1896.267700	-55.416412
1897.613525	-54.523838
1898.959351	-55.730907
1900.305176	-55.639771
1901.651001	-55.757923
1902.996826	-55.779358
1904.342651	-55.088993
1905.688477	-55.757217
1907.034302	-55.682991
1908.380127	-55.767250
1909.725952	-56.167709
1911.071777	-55.479439
1912.417603	-55.981659
1913.763428	-55.504845
1915.109253	-55.836796
1916.455078	-55.381985
1917.800903	-55.492123
1919.146729	-55.577202
1920.492554	-56.219975
1921.838379	-55.740131
1923.184204	-55.668819
1924.530029	-56.233360
1925.875854	-54.904156
1927.221680	-55.758167
1928.567505	-56.834126
1929.913330	-56.652786
1931.259155	-56.310459
1932.604980	-55.594658
1933.950806	-55.273109
1935.296631	-56.124355
1936.642456	-56.691299
1937.988281	-56.835712
1939.334106	-56.318642
1940.679932	-55.095776
1942.025757	-56.454212
1943.371582	-56.588947
1944.717407	-56.357754
1946.063232	-57.328873
1947.409058	-57.011982
1948.754883	-56.382717
1950.100708	-56.466274
1951.446533	-55.834110
1952.792358	-56.226574
1954.138184	-56.328243
1955.484009	-55.450546
1956.829834	-56.943710
1958.175659	-56.373253
1959.521484	-56.286919
1960.867310	-58.563206
1962.213135	-56.779194
1963.558960	-55.855148
1964.904785	-56.946053
1966.250610	-55.550884
1967.596436	-56.896469
1968.942261	-57.443680
1970.288086	-56.806446
1971.633911	-56.087574
1972.979736	-57.738842
1974.325562	-57.482571
1975.671387	-56.531319
1977.017212	-57.565022
1978.363037	-57.440914
1979.708862	-58.175827
1981.054688	-57.269077
1982.400513	-56.493240
1983.746338	-56.632355
1985.092163	-56.625462
1986.437988	-56.809021
1987.783813	-56.853695
1989.129639	-57.131001
1990.475464	-56.437847
1991.821289	-58.081627
1993.167114	-57.578709
1994.512939	-57.760685
1995.858765	-56.773647
1997.204590	-57.179081
1998.550415	-57.012615
1999.896240	-58.268028
2001.242065	-57.150955
2002.587891	-57.500298
2003.933716	-57.550976
2005.279541	-57.291496
2006.625366	-57.583282
2007.971191	-56.741467
2009.317017	-57.602528
2010.662842	-57.814465
2012.008667	-57.436203
2013.354492	-57.434490
2014.700317	-58.056046
2016.046143	-57.188557
2017.391968	-57.703869
2018.737793	-57.726582
2020.083618	-56.936588
2021.429443	-55.924038
2022.775269	-56.979046
2024.121094	-56.544651
2025.466919	-57.103977
2026.812744	-56.517429
2028.158569	-57.399330
2029.504395	-57.127068
2030.850220	-58.077221
2032.196045	-57.412212
2033.541870	-57.590328
2034.887695	-56.938908
2036.233521	-57.421005
2037.579346	-56.529545
2038.925171	-57.044472
2040.270996	-57.560211
2041.616821	-57.945995
2042.962646	-57.080593
2044.308472	-56.901981
2045.654297	-57.385136
2047.000122	-56.899960
2048.345947	-57.195580
2049.691772	-57.298985
2051.037598	-57.112343
2052.383423	-57.875679
2053.729248	-57.486023
2055.075073	-57.890694
2056.420898	-56.682945
2057.766724	-56.824375
2059.112549	-56.930603
2060.458374	-56.932171
2061.804199	-57.402195
2063.150024	-58.195206
2064.495850	-57.027378
2065.841675	-57.629227
2067.187500	-57.623837
2068.533325	-56.678459
2069.879150	-57.367077
2071.224976	-56.457642
2072.570801	-57.926510
2073.916626	-57.204811
2075.262451	-57.714565
2076.608276	-57.413208
2077.954102	-57.906322
2079.299927	-57.161213
2080.645752	-57.892487
2081.991577	-56.979046
2083.337402	-56.437195
2084.683228	-56.693501
2086.029053	-55.961967
2087.374878	-56.047375
2088.720703	-57.180851
2090.066528	-57.414097
2091.412354	-56.354233
2092.758179	-57.895748
2094.104004	-56.527515
2095.449829	-56.649136
2096.795654	-56.894550
2098.141479	-56.834332
2099.487305	-56.444206
2100.833130	-57.303444
2102.178955	-56.939774
2103.524780	-56.987511
2104.870605	-56.954315
2106.216431	-55.558411
2107.562256	-55.896984
2108.908081	-56.728142
2110.253906	-55.810192
2111.599731	-56.853493
2112.945557	-56.306114
2114.291382	-56.832619
2115.637207	-56.298172
2116.983032	-57.513672
2118.328857	-55.767792
2119.674683	-56.229210
2121.020508	-57.058964
2122.366333	-58.190735
2123.712158	-57.040924
2125.057983	-55.905926
2126.403809	-55.914234
2127.749634	-56.862675
2129.095459	-55.557278
2130.441284	-56.072006
2131.787109	-55.622852
2133.132935	-56.314247
2134.478760	-56.370449
2135.824585	-55.967216
2137.170410	-56.497314
2138.516235	-55.479549
2139.862061	-55.627151
2141.207886	-55.598812
2142.553711	-56.670170
2143.899536	-55.600304
2145.245361	-56.894543
2146.591187	-55.491371
2147.937012	-54.382771
2149.282837	-56.375671
2150.628662	-56.232662
2151.974487	-55.087479
2153.320312	-55.406822
2154.666138	-55.986385
2156.011963	-54.307621
2157.357788	-55.410473
2158.703613	-54.232632
2160.049438	-55.247051
2161.395264	-56.642460
2162.741089	-55.993385
2164.086914	-55.189178
2165.432739	-56.014126
2166.778564	-55.506866
2168.124390	-55.874435
2169.470215	-55.123848
2170.816040	-56.370907
2172.161865	-54.322086
2173.507690	-54.396835
2174.853516	-54.736801
2176.199341	-54.648285
2177.545166	-54.828926
2178.890991	-53.763378
2180.236816	-54.444641
2181.582642	-55.478096
2182.928467	-54.695866
2184.274292	-55.228157
2185.620117	-54.102337
2186.965942	-53.671364
2188.311768	-53.285435
2189.657593	-53.729649
2191.003418	-54.757969
2192.349243	-54.025139
2193.695068	-54.007202
2195.040894	-54.266445
2196.386719	-53.830101
2197.732544	-54.404312
2199.078369	-53.415855
2200.424194	-54.137737
2201.770020	-53.153790
2203.115845	-53.866489
2204.461670	-54.029499
2205.807495	-54.379459
2207.153320	-53.625996
2208.499146	-53.640793
2209.844971	-53.474171
2211.190796	-52.275627
2212.536621	-53.002235
2213.882446	-52.966934
2215.228271	-53.333172
2216.574097	-54.022820
2217.919922	-53.318047
2219.265747	-52.831650
2220.611572	-52.708061
2221.957397	-52.854939
2223.303223	-53.229458
2224.649048	-52.651512
2225.994873	-52.049965
2227.340698	-53.200813
2228.686523	-52.977394
2230.032349	-51.594391
2231.378174	-51.642502
2232.723999	-51.508961
2234.069824	-51.787094
2235.415649	-52.708733
2236.761475	-51.690556
2238.107300	-51.619549
2239.453125	-52.145679
2240.798950	-50.905575
2242.144775	-51.880432
2243.490601	-51.842243
2244.836426	-51.427261
2246.182251	-50.872135
2247.528076	-51.937206
2248.873901	-50.933464
2250.219727	-51.128841
2251.565552	-50.574402
2252.911377	-50.600960
2254.257202	-51.764008
2255.603027	-50.091835
2256.948853	-50.791241
2258.294678	-50.522743
2259.640503	-50.019943
2260.986328	-50.033619
2262.332153	-50.273556
2263.677979	-49.456196
2265.023804	-49.143528
2266.369629	-48.487461
2267.715454	-49.442970
2269.061279	-49.973446
2270.407104	-49.605148
2271.752930	-49.065739
2273.098755	-48.554180
2274.444580	-48.726585
2275.790405	-49.229237
2277.136230	-48.186401
2278.482056	-47.722939
2279.827881	-48.032379
2281.173706	-47.604347
2282.519531	-47.485214
2283.865356	-47.158051
2285.211182	-47.336868
2286.557007	-47.401211
2287.902832	-47.577030
2289.248657	-47.861897
2290.594482	-46.087868
2291.940308	-46.506508
2293.286133	-46.679729
2294.631958	-47.064430
2295.977783	-46.891922
2297.323608	-46.425514
2298.669434	-46.102131
2300.015259	-45.664562
2301.361084	-45.134937
2302.706909	-45.748337
2304.052734	-45.598331
2305.398560	-45.680138
2306.744385	-46.094978
2308.090210	-44.537300
2309.436035	-45.589714
2310.781860	-45.191322
2312.127686	-44.375340
2313.473511	-43.817684
2314.819336	-45.006588
2316.165161	-43.586014
2317.510986	-44.043625
2318.856812	-43.982113
2320.202637	-43.156803
2321.548462	-43.693695
2322.894287	-43.508175
2324.240112	-44.237045
2325.585938	-43.716991
2326.931763	-43.324177
2328.277588	-42.885166
2329.623413	-43.541435
2330.969238	-42.184849
2332.315063	-42.208057
2333.660889	-42.487343
2335.006714	-42.167706
2336.352539	-41.969158
2337.698364	-43.216827
2339.044189	-41.550247
2340.390015	-41.460804
2341.735840	-40.637939
2343.081665	-42.808670
2344.427490	-42.132416
2345.773315	-42.779888
2347.119141	-42.387146
2348.464966	-42.597466
2349.810791	-41.580467
2351.156616	-41.572029
2352.502441	-42.067062
2353.848267	-41.500828
2355.194092	-42.909149
2356.539917	-42.772984
2357.885742	-42.732399
2359.231567	-42.681030
2360.577393	-43.818306
2361.923218	-43.902271
2363.269043	-43.703602
2364.614868	-42.667801
2365.960693	-44.297226
2367.306519	-44.014198
2368.652344	-44.672100
2369.998169	-44.075062
2371.343994	-44.268566
2372.689819	-45.226116
2374.035645	-45.527420
2375.381470	-45.045181
2376.727295	-45.372604
2378.073120	-44.607471
2379.418945	-45.943653
2380.764771	-45.228367
2382.110596	-46.192097
2383.456421	-45.792591
2384.802246	-46.114841
2386.148071	-46.236317
2387.493896	-46.289776
2388.839722	-46.931942
2390.185547	-46.486046
2391.531372	-47.054798
2392.877197	-46.418941
2394.223022	-46.106972
2395.568848	-47.645283
2396.914673	-48.745571
2398.260498	-47.170517
2399.606323	-47.914169
2400.952148	-48.195068
2402.297974	-47.727463
2403.643799	-48.182320
2404.989624	-48.501919
2406.335449	-48.742039
2407.681274	-48.822659
2409.027100	-48.934132
2410.372925	-49.483868
2411.718750	-48.314190
2413.064575	-48.374222
2414.410400	-48.431484
2415.756226	-47.949539
2417.102051	-49.442894
2418.447876	-49.290924
2419.793701	-49.622437
2421.139526	-50.163128
2422.485352	-49.454948
2423.831177	-49.829460
2425.177002	-49.860229
2426.522827	-50.506191
2427.868652	-50.549839
2429.214478	-50.642437
2430.560303	-51.621944
2431.906128	-50.366940
2433.251953	-50.209923
2434.597778	-51.193634
2435.943604	-50.893284
2437.289429	-50.739208
2438.635254	-51.209499
2439.981079	-51.301224
2441.326904	-52.086674
2442.672729	-52.550819
2444.018555	-50.812023
2445.364380	-52.513012
2446.710205	-52.412270
2448.056030	-52.940525
2449.401855	-53.107677
2450.747681	-52.081402
2452.093506	-51.720016
2453.439331	-52.778286
2454.785156	-52.804283
2456.130981	-52.657684
2457.476807	-51.826828
2458.822632	-52.201809
2460.168457	-52.718513
2461.514282	-53.147644
2462.860107	-52.320759
2464.205933	-52.825291
2465.551758	-52.704708
2466.897583	-53.388702
2468.243408	-52.300953
2469.589233	-54.237488
2470.935059	-52.810715
2472.280884	-53.121620
2473.626709	-53.534641
2474.972534	-52.731148
2476.318359	-53.151447
2477.664185	-54.403774
2479.010010	-53.063473
2480.355835	-53.793678
2481.701660	-52.944740
2483.047485	-53.919361
2484.393311	-53.790401
2485.739136	-54.316853
2487.084961	-54.335232
2488.430786	-54.708492
2489.776611	-54.302193
2491.122437	-53.756062
2492.468262	-53.902111
2493.814087	-54.793266
2495.159912	-55.189884
2496.505737	-54.922840
2497.851562	-54.703739
2499.197388	-54.417583
2500.543213	-53.800488
2501.889038	-54.370270
2503.234863	-54.766975
2504.580688	-54.590790
2505.926514	-55.607754
2507.272339	-55.030926
2508.618164	-54.890068
2509.963989	-55.641499
2511.309814	-54.014591
2512.655640	-56.178711
2514.001465	-54.843742
2515.347290	-54.704021
2516.693115	-54.599697
2518.038940	-55.065308
2519.384766	-54.291073
2520.730591	-55.193745
2522.076416	-55.179623
2523.422241	-55.134804
2524.768066	-54.819748
2526.113892	-55.456886
2527.459717	-55.761219
2528.805542	-54.517448
2530.151367	-55.397064
2531.497192	-55.466591
2532.843018	-56.389820
2534.188843	-56.098866
2535.534668	-56.008629
2536.880493	-56.843437
2538.226318	-54.847950
2539.572144	-55.905598
2540.917969	-55.139843
2542.263794	-55.199535
2543.609619	-55.705311
2544.955444	-55.514904
2546.301270	-55.376614
2547.647095	-56.242970
2548.992920	-57.378948
2550.338745	-56.625668
2551.684570	-56.231289
2553.030396	-56.498516
2554.376221	-56.796093
2555.722046	-55.708694
2557.067871	-56.338734
2558.413696	-56.699505
2559.759521	-56.374805
2561.105347	-54.836800
2562.451172	-55.898987
2563.796997	-57.352886
2565.142822	-56.587585
2566.488647	-56.277679
2567.834473	-56.225044
2569.180298	-56.989883
2570.526123	-56.233650
2571.871948	-56.027214
2573.217773	-57.018154
2574.563599	-57.472527
2575.909424	-58.167412
2577.255249	-57.281555
2578.601074	-57.064949
2579.946899	-56.902534
2581.292725	-56.994274
2582.638550	-56.307453
2583.984375	-57.028316
2585.330200	-57.220890
2586.676025	-57.411747
2588.021851	-57.155685
2589.367676	-57.159595
2590.713501	-57.619766
2592.059326	-57.069122
2593.405151	-56.872097
2594.750977	-57.233959
2596.096802	-57.914104
2597.442627	-57.763050
2598.788452	-57.241032
2600.134277	-56.837208
2601.480103	-56.806557
2602.825928	-56.264923
2604.171753	-56.608849
2605.517578	-56.275097
2606.863403	-56.159199
2608.209229	-57.160072
2609.555054	-56.354786
2610.900879	-57.289459
2612.246704	-57.417236
2613.592529	-57.585415
2614.938354	-56.131836
2616.284180	-56.546745
2617.630005	-56.408833
2618.975830	-57.722824
2620.321655	-58.603413
2621.667480	-57.048233
2623.013306	-58.043694
2624.359131	-56.924244
2625.704956	-56.990070
2627.050781	-56.362858
2628.396606	-57.311413
2629.742432	-56.329269
2631.088257	-56.317490
2632.434082	-56.783905
2633.779907	-56.612251
2635.125732	-56.217609
2636.471558	-56.213760
2637.817383	-56.581165
2639.163208	-56.717377
2640.509033	-57.148399
2641.854858	-56.624146
2643.200684	-56.938881
2644.546509	-58.121574
2645.892334	-57.347828
2647.238159	-56.944115
2648.583984	-57.075321
2649.929810	-57.925571
2651.275635	-56.718403
2652.621460	-57.429901
2653.967285	-57.988529
2655.313110	-57.259521
2656.658936	-56.830116
2658.004761	-56.736572
2659.350586	-57.612671
2660.696411	-58.504509
2662.042236	-56.734005
2663.388062	-58.002884
2664.733887	-57.592167
2666.079712	-56.481754
2667.425537	-57.635738
2668.771362	-57.408073
2670.117188	-58.159657
2671.463013	-56.991886
2672.808838	-56.638283
2674.154663	-56.607281
2675.500488	-56.727211
2676.846313	-57.488697
2678.192139	-58.562828
2679.537964	-56.727787
2680.883789	-57.999439
2682.229614	-56.906994
2683.575439	-57.327625
2684.921265	-57.311615
2686.267090	-56.969234
2687.612915	-57.299664
2688.958740	-58.103931
2690.304565	-57.935123
2691.650391	-57.035374
2692.996216	-55.971352
2694.342041	-57.629063
2695.687866	-56.349407
2697.033691	-56.695610
2698.379517	-57.738689
2699.725342	-55.855324
2701.071167	-57.439415
2702.416992	-56.742176
2703.762817	-57.363384
2705.108643	-57.654877
2706.454468	-56.783573
2707.800293	-56.168354
2709.146118	-56.172676
2710.491943	-56.153458
2711.837769	-56.297531
2713.183594	-55.890858
2714.529419	-56.014755
2715.875244	-56.862350
2717.221069	-56.769501
2718.566895	-56.651203
2719.912720	-55.713829
2721.258545	-56.339619
2722.604370	-56.132130
2723.950195	-56.379147
2725.296021	-55.250813
2726.641846	-55.488056
2727.987671	-56.096161
2729.333496	-56.787922
2730.679321	-55.436142
2732.025146	-56.113892
2733.370972	-56.953281
2734.716797	-56.167629
2736.062622	-56.675678
2737.408447	-55.824192
2738.754272	-55.741306
2740.100098	-56.067924
2741.445923	-55.803818
2742.791748	-54.997913
2744.137573	-55.674057
2745.483398	-55.694012
2746.829224	-56.847805
2748.175049	-56.192398
2749.520874	-54.057953
2750.866699	-54.750744
2752.212524	-55.881348
2753.558350	-54.658909
2754.904175	-55.956638
2756.250000	-56.199905
2757.595825	-55.495625
2758.941650	-55.422703
2760.287476	-54.548584
2761.633301	-55.043663
2762.979126	-55.332886
2764.324951	-55.036476
2765.670776	-55.393497
2767.016602	-55.672855
2768.362427	-55.502216
2769.708252	-55.339493
2771.054077	-54.577236
2772.399902	-55.366100
2773.745728	-53.859535
2775.091553	-55.197334
2776.437378	-54.842632
2777.783203	-55.405933
2779.129028	-54.819000
2780.474854	-54.718369
2781.820679	-54.423313
2783.166504	-54.172340
2784.512329	-53.534805
2785.858154	-53.434814
2787.203979	-53.968330
2788.549805	-53.739540
2789.895630	-53.485298
2791.241455	-52.994759
2792.587280	-53.636147
2793.933105	-54.046471
2795.278931	-53.877872
2796.624756	-53.201706
2797.970581	-53.897503
2799.316406	-53.256958
2800.662231	-53.194225
2802.008057	-52.971176
2803.353882	-53.135609
2804.699707	-53.330166
2806.045532	-52.835438
2807.391357	-52.662262
2808.737183	-52.960606
2810.083008	-53.565414
2811.428833	-52.775269
2812.774658	-51.438793
2814.120483	-52.915539
2815.466309	-52.289543
2816.812134	-52.373772
2818.157959	-51.823475
2819.503784	-51.539421
2820.849609	-52.169483
2822.195435	-52.382545
2823.541260	-52.239712
2824.887085	-53.391151
2826.232910	-51.036251
2827.578735	-51.538334
2828.924561	-50.483154
2830.270386	-51.133026
2831.616211	-51.884041
2832.962036	-51.543060
2834.307861	-49.715218
2835.653687	-50.299568
2836.999512	-50.653484
2838.345337	-50.939178
2839.691162	-50.188046
2841.036987	-49.805817
2842.382812	-49.234612
2843.728638	-50.924530
2845.074463	-50.384518
2846.420288	-49.850277
2847.766113	-50.780170
2849.111938	-49.595947
2850.457764	-49.033405
2851.803589	-48.243748
2853.149414	-47.687710
2854.495239	-48.959423
2855.841064	-49.251148
2857.186890	-48.128719
2858.532715	-49.282509
2859.878540	-48.674942
2861.224365	-47.637192
2862.570190	-49.144012
2863.916016	-47.410446
2865.261841	-48.506195
2866.607666	-47.341137
2867.953491	-48.305569
2869.299316	-46.652599
2870.645142	-46.801212
2871.990967	-46.508175
2873.336792	-46.772083
2874.682617	-46.953426
2876.028442	-46.240040
2877.374268	-45.185314
2878.720093	-45.530968
2880.065918	-45.511459
2881.411743	-45.236523
2882.757568	-44.562004
2884.103394	-44.442039
2885.449219	-45.142609
2886.795044	-45.661186
2888.140869	-44.695492
2889.486694	-43.824196
2890.832520	-43.393387
2892.178345	-42.741852
2893.524170	-43.216984
2894.869995	-43.495388
2896.215820	-42.828831
2897.561646	-42.391224
2898.907471	-42.510464
2900.253296	-42.258041
2901.599121	-41.177876
2902.944946	-42.141869
2904.290771	-41.764046
2905.636597	-41.656563
2906.982422	-40.721050
2908.328247	-41.079021
2909.674072	-41.235153
2911.019897	-40.602364
2912.365723	-40.280533
2913.711548	-41.178699
2915.057373	-40.467102
2916.403198	-39.866997
2917.749023	-41.510921
2919.094849	-39.722012
2920.440674	-39.108543
2921.786499	-40.437744
2923.132324	-40.195507
2924.478149	-40.050873
2925.823975	-39.782288
2927.169800	-39.302761
2928.515625	-40.502495
2929.861450	-40.261696
2931.207275	-41.017303
2932.553101	-41.579021
2933.898926	-40.592819
2935.244751	-41.745918
2936.590576	-42.394165
2937.936401	-41.954498
2939.282227	-41.766159
2940.628052	-43.791779
2941.973877	-43.540283
2943.319702	-41.184406
2944.665527	-42.721100
2946.011353	-43.062862
2947.357178	-43.350540
2948.703003	-44.348877
2950.048828	-43.981232
2951.394653	-45.469959
2952.740479	-44.397495
2954.086304	-45.111515
2955.432129	-45.646992
2956.777954	-45.225216
2958.123779	-44.731873
2959.469604	-45.437572
2960.815430	-45.257923
2962.161255	-46.765804
2963.507080	-45.752354
2964.852905	-46.477585
2966.198730	-47.050373
2967.544556	-46.535767
2968.890381	-47.987579
2970.236206	-46.321636
2971.582031	-47.038193
2972.927856	-46.569065
2974.273682	-47.311077
2975.619507	-48.193382
2976.965332	-48.362289
2978.311157	-49.091343
2979.656982	-47.740402
2981.002808	-48.056435
2982.348633	-48.243946
2983.694458	-48.233395
2985.040283	-49.367546
2986.386108	-48.419674
2987.731934	-48.660675
2989.077759	-48.874237
2990.423584	-48.556046
2991.769409	-49.571198
2993.115234	-47.946331
2994.461060	-50.025932
2995.806885	-48.826138
2997.152710	-49.146912
2998.498535	-51.113960
2999.844360	-51.185204
3001.190186	-50.071598
3002.536011	-51.331264
3003.881836	-50.909073
3005.227661	-52.091686
3006.573486	-51.004147
3007.919312	-51.213779
3009.265137	-50.250767
3010.610962	-50.767105
3011.956787	-51.566723
3013.302612	-52.009586
3014.648438	-52.319393
3015.994263	-51.025837
3017.340088	-51.108376
3018.685913	-52.838287
3020.031738	-53.021866
3021.377563	-52.764271
3022.723389	-52.095200
3024.069214	-52.766300
3025.415039	-53.232803
3026.760864	-52.643303
3028.106689	-51.982430
3029.452515	-51.495441
3030.798340	-51.583889
3032.144165	-52.912144
3033.489990	-52.138420
3034.835815	-52.401371
3036.181641	-53.251625
3037.527466	-52.704163
3038.873291	-52.332382
3040.219116	-53.302723
3041.564941	-54.100239
3042.910767	-53.989410
3044.256592	-52.950302
3045.602417	-52.943810
3046.948242	-53.343239
3048.294067	-53.820236
3049.639893	-53.413532
3050.985718	-53.214645
3052.331543	-54.100567
3053.677368	-53.087978
3055.023193	-53.771622
3056.369019	-53.219902
3057.714844	-52.358902
3059.060669	-53.051918
3060.406494	-53.911907
3061.752319	-54.399818
3063.098145	-52.404060
3064.443970	-53.289444
3065.789795	-55.237652
3067.135620	-54.389771
3068.481445	-53.176094
3069.827271	-54.126999
3071.173096	-53.560677
3072.518921	-54.269566
3073.864746	-53.964077
3075.210571	-54.557674
3076.556396	-54.586887
3077.902222	-54.173012
3079.248047	-54.724155
3080.593872	-55.213734
3081.939697	-55.605663
3083.285522	-54.922554
3084.631348	-54.966846
3085.977173	-55.051510
3087.322998	-55.386921
3088.668823	-55.127728
3090.014648	-55.552834
3091.360474	-55.088482
3092.706299	-55.719692
3094.052124	-55.228931
3095.397949	-56.372665
3096.743774	-54.993370
3098.089600	-56.063324
3099.435425	-56.120872
3100.781250	-55.024918
3102.127075	-54.635712
3103.472900	-55.262287
3104.818726	-56.085979
3106.164551	-55.188419
3107.510376	-56.922092
3108.856201	-55.167297
3110.202026	-55.562298
3111.547852	-56.786312
3112.893677	-55.934475
3114.239502	-56.181087
3115.585327	-56.608681
3116.931152	-55.880596
3118.276978	-57.017708
3119.622803	-56.138390
3120.968628	-55.374374
3122.314453	-55.410877
3123.660278	-56.059338
3125.006104	-55.569805
3126.351929	-55.915356
3127.697754	-55.680630
3129.043579	-55.927902
3130.389404	-55.876335
3131.735229	-55.081825
3133.081055	-56.265530
3134.426880	-55.731995
3135.772705	-56.361557
3137.118530	-56.320393
3138.464355	-56.968426
3139.810181	-56.131172
3141.156006	-56.062592
3142.501831	-56.682266
3143.847656	-57.236271
3145.193481	-56.551144
3146.539307	-55.762169
3147.885132	-56.594383
3149.230957	-57.092037
3150.576782	-56.180984
3151.922607	-56.048435
3153.268433	-56.055603
3154.614258	-55.578285
3155.960083	-56.930210
3157.305908	-56.232254
3158.651733	-56.040836
3159.997559	-56.265995
3161.343384	-56.607265
3162.689209	-57.550949
3164.035034	-56.857449
3165.380859	-57.200085
3166.726685	-55.832767
3168.072510	-57.191696
3169.418335	-56.273857
3170.764160	-56.748573
3172.109985	-56.769024
3173.455811	-56.202736
3174.801636	-56.290546
3176.147461	-55.999401
3177.493286	-57.168205
3178.839111	-56.917992
3180.184937	-57.098629
3181.530762	-56.119747
3182.876587	-56.771461
3184.222412	-55.881134
3185.568237	-56.744507
3186.914062	-56.570198
3188.259888	-56.939075
3189.605713	-56.522694
3190.951538	-56.815979
3192.297363	-57.114223
3193.643188	-58.059757
3194.989014	-57.823792
3196.334839	-57.197086
3197.680664	-57.317528
3199.026489	-56.595627
3200.372314	-56.304176
3201.718140	-56.665310
3203.063965	-56.720608
3204.409790	-56.932644
3205.755615	-57.491268
3207.101440	-56.579315
3208.447266	-56.358273
3209.793091	-57.749035
3211.138916	-55.899971
3212.484741	-55.630016
3213.830566	-56.065968
3215.176392	-57.387230
3216.522217	-57.328411
3217.868042	-57.287006
3219.213867	-56.753033
3220.559692	-57.364666
3221.905518	-56.950050
3223.251343	-56.081383
3224.597168	-56.354923
3225.942993	-56.881458
3227.288818	-57.380783
3228.634644	-57.265732
3229.980469	-57.040569
3231.326294	-56.501637
3232.672119	-56.080902
3234.017944	-55.395336
3235.363770	-56.532146
3236.709595	-57.532482
3238.055420	-57.563557
3239.401245	-57.802864
3240.747070	-57.132812
3242.092896	-56.158989
3243.438721	-57.869892
3244.784546	-56.314919
3246.130371	-56.955280
3247.476196	-56.832024
3248.822021	-56.253693
3250.167847	-56.773014
3251.513672	-56.406078
3252.859497	-57.198116
3254.205322	-56.833004
3255.551147	-56.268307
3256.896973	-56.773472
3258.242798	-56.541153
3259.588623	-55.944363
3260.934448	-56.084431
3262.280273	-56.524513
3263.626099	-55.659443
3264.971924	-56.066704
3266.317749	-56.356133
3267.663574	-55.304512
3269.009399	-56.994034
3270.355225	-55.911541
3271.701050	-56.101330
3273.046875	-56.339447
3274.392700	-55.879837
3275.738525	-56.690784
3277.084351	-56.769630
3278.430176	-55.788025
3279.776001	-57.423222
3281.121826	-55.801853
3282.467651	-56.682316
3283.813477	-55.672199
3285.159302	-56.151638
3286.505127	-55.743389
3287.850952	-56.379292
3289.196777	-55.885750
3290.542603	-55.591785
3291.888428	-56.927242
3293.234253	-55.546257
3294.580078	-56.437931
3295.925903	-55.480728
3297.271729	-54.761681
3298.617554	-54.480812
3299.963379	-55.492516
3301.309204	-56.192856
3302.655029	-55.711456
3304.000854	-54.440697
3305.346680	-55.245258
3306.692505	-56.164238
3308.038330	-55.395206
3309.384155	-54.710228
3310.729980	-55.028900
3312.075806	-55.208771
3313.421631	-53.848000
3314.767456	-55.193352
3316.113281	-55.446648
3317.459106	-53.974419
3318.804932	-55.980068
3320.150757	-56.051151
3321.496582	-54.967247
3322.842407	-54.266640
3324.188232	-53.999344
3325.534058	-55.726158
3326.879883	-53.227142
3328.225708	-53.575199
3329.571533	-53.678936
3330.917358	-54.476093
3332.263184	-54.050987
3333.609009	-53.586205
3334.954834	-53.716240
3336.300659	-53.030857
3337.646484	-54.191658
3338.992310	-54.350685
3340.338135	-54.493393
3341.683960	-54.223526
3343.029785	-53.475014
3344.375610	-55.086193
3345.721436	-53.246635
3347.067261	-53.850891
3348.413086	-53.398335
3349.758911	-52.759182
3351.104736	-52.758507
3352.450562	-53.499771
3353.796387	-53.670105
3355.142212	-53.302017
3356.488037	-54.038639
3357.833862	-53.372097
3359.179688	-53.529182
3360.525513	-52.865067
3361.871338	-53.400352
3363.217163	-54.814613
3364.562988	-52.604374
3365.908813	-53.013142
3367.254639	-53.977703
3368.600464	-52.783352
3369.946289	-52.500439
3371.292114	-52.886150
3372.637939	-52.605728
3373.983765	-52.827461
3375.329590	-52.731758
3376.675415	-51.168076
3378.021240	-50.837521
3379.367065	-51.067654
3380.712891	-51.156189
3382.058716	-51.660351
3383.404541	-50.552067
3384.750366	-51.675434
3386.096191	-51.496235
3387.442017	-50.729378
3388.787842	-51.556423
3390.133667	-51.389912
3391.479492	-50.814804
3392.825317	-49.908085
3394.171143	-50.040619
3395.516968	-50.503708
3396.862793	-49.572395
3398.208618	-51.171276
3399.554443	-50.338600
3400.900269	-50.403549
3402.246094	-50.624161
3403.591919	-50.977276
3404.937744	-50.485096
3406.283569	-50.230206
3407.629395	-49.963745
3408.975220	-48.281887
3410.321045	-50.331738
3411.666870	-49.177742
3413.012695	-48.915840
3414.358521	-50.028297
3415.704346	-49.513695
3417.050171	-49.490513
3418.395996	-48.602795
3419.741821	-48.673786
3421.087646	-48.385197
3422.433472	-48.161758
3423.779297	-48.338684
3425.125122	-48.372158
3426.470947	-48.267490
3427.816772	-47.868095
3429.162598	-47.568310
3430.508423	-47.187599
3431.854248	-46.466148
3433.200073	-46.377010
3434.545898	-47.112965
3435.891724	-46.492661
3437.237549	-45.785839
3438.583374	-46.032551
3439.929199	-46.956657
3441.275024	-45.492756
3442.620850	-46.156624
3443.966675	-45.036373
3445.312500	-45.722237
3446.658325	-44.737045
3448.004150	-45.289440
3449.349976	-44.337040
3450.695801	-45.094177
3452.041626	-44.637436
3453.387451	-44.639023
3454.733276	-44.854763
3456.079102	-43.618050
3457.424927	-45.195911
3458.770752	-43.826557
3460.116577	-43.890896
3461.462402	-42.827507
3462.808228	-42.771950
3464.154053	-43.133732
3465.499878	-43.227211
3466.845703	-43.100338
3468.191528	-41.767010
3469.537354	-41.899643
3470.883179	-42.487617
3472.229004	-42.003544
3473.574829	-41.474148
3474.920654	-41.855274
3476.266479	-41.516903
3477.612305	-41.440281
3478.958130	-40.865891
3480.303955	-40.549568
3481.649780	-40.570595
3482.995605	-40.948986
3484.341431	-39.406586
3485.687256	-39.090332
3487.033081	-40.281597
3488.378906	-40.720798
3489.724731	-39.489975
3491.070557	-39.503773
3492.416382	-40.415871
3493.762207	-40.879089
3495.108032	-40.648315
3496.453857	-40.222054
3497.799683	-40.150326
3499.145508	-40.240086
3500.491333	-41.629623
3501.837158	-40.347652
3503.182983	-41.473072
3504.528809	-40.167618
3505.874634	-40.557919
3507.220459	-40.991825
3508.566284	-41.559616
3509.912109	-41.113018
3511.257935	-41.714493
3512.603760	-41.811356
3513.949585	-41.241936
3515.295410	-41.134785
3516.641235	-41.791752
3517.987061	-42.750225
3519.332886	-41.688625
3520.678711	-42.568710
3522.024536	-44.043411
3523.370361	-42.558937
3524.716187	-42.949833
3526.062012	-42.949295
3527.407837	-44.046345
3528.753662	-43.951229
3530.099487	-44.681313
3531.445312	-45.294315
3532.791138	-44.461849
3534.136963	-43.718254
3535.482788	-44.391914
3536.828613	-45.027775
3538.174438	-45.335831
3539.520264	-44.809143
3540.866089	-44.971870
3542.211914	-45.956264
3543.557739	-45.074642
3544.903564	-45.493801
3546.249390	-46.514431
3547.595215	-46.749012
3548.941040	-47.499699
3550.286865	-46.170048
3551.632690	-46.482216
3552.978516	-45.382374
3554.324341	-46.298332
3555.670166	-46.786945
3557.015991	-46.898460
3558.361816	-47.852955
3559.707642	-48.092834
3561.053467	-48.142063
3562.399292	-47.309921
3563.745117	-48.217354
3565.090942	-47.890675
3566.436768	-48.082294
3567.782593	-48.795536
3569.128418	-48.398899
3570.474243	-48.632595
3571.820068	-47.527725
3573.165894	-49.445015
3574.511719	-47.590870
3575.857544	-49.669003
3577.203369	-49.726578
3578.549194	-49.136250
3579.895020	-48.678661
3581.240845	-48.677769
3582.586670	-48.924728
3583.932495	-49.661320
3585.278320	-50.997108
3586.624146	-50.082672
3587.969971	-49.154240
3589.315796	-50.092972
3590.661621	-50.373924
3592.007446	-49.035694
3593.353271	-50.880356
3594.699097	-48.901707
3596.044922	-50.207085
3597.390747	-50.669064
3598.736572	-50.856232
3600.082397	-51.105183
3601.428223	-50.738289
3602.774048	-50.511936
3604.119873	-51.038868
3605.465698	-50.473072
3606.811523	-51.137619
3608.157349	-51.152973
3609.503174	-51.036339
3610.848999	-51.793507
3612.194824	-50.589367
3613.540649	-51.535019
3614.886475	-51.973194
3616.232300	-51.292763
3617.578125	-51.830994
3618.923950	-51.931004
3620.269775	-52.901997
3621.615601	-51.734150
3622.961426	-52.009262
3624.307251	-51.252335
3625.653076	-50.565441
3626.998901	-51.278561
3628.344727	-51.927792
3629.690552	-51.965122
3631.036377	-53.851009
3632.382202	-52.614697
3633.728027	-53.230362
3635.073853	-52.971889
3636.419678	-53.643414
3637.765503	-52.786755
3639.111328	-53.165745
3640.457153	-52.831135
3641.802979	-53.314819
3643.148804	-52.531342
3644.494629	-52.382851
3645.840454	-52.026192
3647.186279	-53.218025
3648.532104	-52.104168
3649.877930	-53.271271
3651.223755	-52.799183
3652.569580	-52.959122
3653.915405	-53.536503
3655.261230	-51.899021
3656.607056	-53.920460
3657.952881	-53.942238
3659.298706	-53.500332
3660.644531	-52.844543
3661.990356	-53.259453
3663.336182	-52.851154
3664.682007	-54.139446
3666.027832	-53.946365
3667.373657	-53.750168
3668.719482	-53.902981
3670.065308	-53.357021
3671.411133	-55.520679
3672.756958	-53.785618
3674.102783	-53.001591
3675.448608	-53.796188
3676.794434	-52.832012
3678.140259	-53.833530
3679.486084	-54.301720
3680.831909	-54.237148
3682.177734	-53.375942
3683.523560	-53.426952
3684.869385	-55.174980
3686.215210	-54.201702
3687.561035	-54.220894
3688.906860	-55.278900
3690.252686	-54.525555
3691.598511	-53.797844
3692.944336	-54.473534
3694.290161	-53.676254
3695.635986	-54.596230
3696.981812	-55.196339
3698.327637	-54.350330
3699.673462	-54.840416
3701.019287	-56.074562
3702.365112	-55.279064
3703.710938	-54.227074
3705.056763	-54.864204
3706.402588	-54.493782
3707.748413	-54.897419
3709.094238	-55.312748
3710.440063	-54.136978
3711.785889	-54.939922
3713.131714	-55.339642
3714.477539	-55.230335
3715.823364	-54.862633
3717.169189	-54.170650
3718.515015	-54.217808
3719.860840	-54.822582
3721.206665	-55.216965
3722.552490	-54.270271
3723.898315	-55.021397
3725.244141	-54.372505
3726.589966	-54.604179
3727.935791	-54.949738
3729.281616	-54.337990
3730.627441	-55.506729
3731.973267	-55.051823
3733.319092	-54.128380
3734.664917	-54.885429
3736.010742	-54.493587
3737.356567	-55.704514
3738.702393	-55.556747
3740.048218	-55.770645
3741.394043	-55.281292
3742.739868	-54.734013
3744.085693	-54.293640
3745.431519	-54.942528
3746.777344	-54.940590
3748.123169	-56.128933
3749.468994	-54.632370
3750.814819	-54.711750
3752.160645	-54.490391
3753.506470	-55.560726
3754.852295	-54.667580
3756.198120	-55.111954
3757.543945	-54.336700
3758.889771	-54.493671
3760.235596	-55.304893
3761.581421	-56.118790
3762.927246	-54.717426
3764.273071	-56.045422
3765.618896	-56.133053
3766.964722	-56.185558
3768.310547	-55.546341
3769.656372	-55.791058
3771.002197	-55.958359
3772.348022	-54.442585
3773.693848	-55.026096
3775.039673	-54.743999
3776.385498	-55.736115
3777.731323	-56.229740
3779.077148	-56.415920
3780.422974	-55.448879
3781.768799	-55.017937
3783.114624	-53.888100
3784.460449	-54.927460
3785.806274	-56.068420
3787.152100	-55.131538
3788.497925	-55.130157
3789.843750	-55.715672
3791.189575	-55.773178
3792.535400	-55.234474
3793.881226	-54.601067
3795.227051	-55.661381
3796.572876	-54.573708
3797.918701	-56.075687
3799.264526	-54.910736
3800.610352	-55.038837
3801.956177	-54.049198
3803.302002	-55.259651
3804.647827	-55.390728
3805.993652	-55.149765
3807.339478	-54.608994
3808.685303	-54.972549
3810.031128	-55.028805
3811.376953	-54.714394
3812.722778	-55.605049
3814.068604	-54.226242
3815.414429	-55.166004
3816.760254	-54.739098
3818.106079	-54.635532
3819.451904	-54.496723
3820.797729	-55.785751
3822.143555	-55.193165
3823.489380	-54.826195
3824.835205	-55.057487
3826.181030	-55.174995
3827.526855	-55.212807
3828.872681	-55.186512
3830.218506	-55.572044
3831.564331	-54.678848
3832.910156	-55.567039
3834.255981	-55.096619
3835.601807	-56.331497
3836.947632	-55.918877
3838.293457	-55.612858
3839.639282	-54.501179
3840.985107	-54.537434
3842.330933	-55.237507
3843.676758	-55.717903
3845.022583	-55.013039
3846.368408	-54.372852
3847.714233	-55.131886
3849.060059	-54.785900
3850.405884	-54.927662
3851.751709	-54.262722
3853.097534	-54.692608
3854.443359	-56.072929
3855.789185	-54.525166
3857.135010	-55.096912
3858.480835	-55.496044
3859.826660	-55.326870
3861.172485	-54.583221
3862.518311	-54.647804
3863.864136	-55.955860
3865.209961	-55.204460
3866.555786	-54.594727
3867.901611	-53.810051
3869.247437	-54.028290
3870.593262	-54.818268
3871.939087	-54.882137
3873.284912	-55.615028
3874.630737	-54.764927
3875.976562	-54.651478
3877.322388	-54.041473
3878.668213	-53.903221
3880.014038	-54.080975
3881.359863	-53.470295
3882.705688	-53.724819
3884.051514	-54.272869
3885.397339	-53.775780
3886.743164	-53.230038
3888.088989	-54.390331
3889.434814	-54.072697
3890.780640	-52.394672
3892.126465	-53.172832
3893.472290	-54.037132
3894.818115	-52.916798
3896.163940	-54.491070
3897.509766	-54.043068
3898.855591	-53.752087
3900.201416	-54.265076
3901.547241	-53.004646
3902.893066	-53.207470
3904.238892	-53.106262
3905.584717	-53.659462
3906.930542	-53.957558
3908.276367	-53.018986
3909.622192	-53.860825
3910.968018	-54.752625
3912.313843	-53.631386
3913.659668	-53.507366
3915.005493	-53.842392
3916.351318	-52.619038
3917.697144	-52.764709
3919.042969	-52.369511
3920.388794	-53.052132
3921.734619	-52.414745
3923.080444	-52.757534
3924.426270	-53.205231
3925.772095	-52.528530
3927.117920	-52.560070
3928.463745	-51.663700
3929.809570	-53.107738
3931.155396	-52.490875
3932.501221	-52.587009
3933.847046	-53.339714
3935.192871	-51.787605
3936.538696	-51.581551
3937.884521	-53.286739
3939.230347	-52.988598
3940.576172	-52.648205
3941.921997	-52.135109
3943.267822	-52.597122
3944.613647	-52.939987
3945.959473	-51.779114
3947.305298	-51.153992
3948.651123	-51.622417
3949.996948	-51.744087
3951.342773	-51.701054
3952.688599	-50.834305
3954.034424	-51.388187
3955.380249	-51.799179
3956.726074	-50.650463
3958.071899	-51.760967
3959.417725	-50.915836
3960.763550	-50.999348
3962.109375	-51.606716
3963.455200	-51.907356
3964.801025	-50.828442
3966.146851	-50.381168
3967.492676	-51.039040
3968.838501	-51.476837
3970.184326	-50.432800
3971.530151	-50.269741
3972.875977	-50.020382
3974.221802	-50.393188
3975.567627	-50.789986
3976.913452	-50.635689
3978.259277	-50.514870
3979.605103	-50.040897
3980.950928	-50.054646
3982.296753	-50.399296
3983.642578	-50.189445
3984.988403	-50.661110
3986.334229	-50.293514
3987.680054	-49.502506
3989.025879	-49.002155
3990.371704	-50.711418
3991.717529	-49.781281
3993.063354	-49.485622
3994.409180	-49.125023
3995.755005	-48.453686
3997.100830	-47.994492
3998.446655	-48.904045
3999.792480	-48.843876
4001.138306	-49.023930
4002.484131	-49.559368
4003.829956	-48.800449
4005.175781	-48.859718
4006.521606	-48.108627
4007.867432	-47.513672
4009.213257	-48.391613
4010.559082	-48.769367
4011.904907	-48.238319
4013.250732	-47.726521
4014.596558	-48.276936
4015.942383	-48.561573
4017.288208	-48.374966
4018.634033	-48.513855
4019.979858	-47.316715
4021.325684	-47.635017
4022.671509	-47.713402
4024.017334	-46.719433
4025.363159	-46.797146
4026.708984	-46.545513
4028.054810	-48.002449
4029.400635	-47.286400
4030.746460	-46.015369
4032.092285	-46.057568
4033.438110	-45.916306
4034.783936	-46.931374
4036.129761	-47.200432
4037.475586	-46.622448
4038.821411	-45.993633
4040.167236	-47.267998
4041.513062	-46.013538
4042.858887	-45.970634
4044.204712	-45.119148
4045.550537	-45.594536
4046.896362	-45.383953
4048.242188	-44.625755
4049.588013	-45.267231
4050.933838	-44.035686
4052.279663	-44.983021
4053.625488	-43.781395
4054.971313	-44.159481
4056.317139	-43.513557
4057.662964	-44.190681
4059.008789	-44.200928
4060.354614	-43.803207
4061.700439	-44.328735
4063.046265	-44.280983
4064.392090	-44.137733
4065.737915	-44.096565
4067.083740	-42.732769
4068.429565	-44.150818
4069.775391	-43.664867
4071.121216	-42.825878
4072.467041	-43.726871
4073.812866	-42.723534
4075.158691	-44.011742
4076.504517	-44.621151
4077.850342	-43.077168
4079.196167	-43.634075
4080.541992	-43.256336
4081.887817	-43.435074
4083.233643	-44.119572
4084.579468	-43.639320
4085.925293	-42.987858
4087.271118	-43.771717
4088.616943	-43.538456
4089.962769	-43.990139
4091.308594	-43.810173
4092.654419	-44.629700
4094.000244	-45.250343
4095.346069	-43.547447
4096.691895	-44.109184
4098.037720	-44.579426
4099.383545	-44.860703
4100.729370	-44.065712
4102.075195	-44.855553
4103.421021	-45.102879
4104.766846	-45.420742
4106.112671	-45.005367
4107.458496	-45.849854
4108.804321	-45.062813
4110.150146	-45.228912
4111.495972	-45.257099
4112.841797	-45.690395
4114.187622	-45.870041
4115.533447	-47.011738
4116.879272	-45.470268
4118.225098	-45.974384
4119.570923	-46.311481
4120.916748	-47.395153
4122.262573	-47.430462
4123.608398	-46.023060
4124.954224	-46.650837
4126.300049	-47.430809
4127.645874	-47.271000
4128.991699	-47.712345
4130.337524	-47.582771
4131.683350	-48.201382
4133.029175	-48.484726
4134.375000	-47.496632
4135.720825	-47.421909
4137.066650	-48.046555
4138.412476	-49.267017
4139.758301	-48.063698
4141.104126	-48.944141
4142.449951	-48.501575
4143.795776	-47.308231
4145.141602	-48.787331
4146.487427	-48.612156
4147.833252	-48.775101
4149.179077	-48.592491
4150.524902	-49.069527
4151.870728	-49.871765
4153.216553	-49.167908
4154.562378	-49.910355
4155.908203	-50.433525
4157.254028	-50.321392
4158.599854	-49.893951
4159.945679	-49.770260
4161.291504	-50.322231
4162.637329	-50.859005
4163.983154	-51.145294
4165.328979	-51.375431
4166.674805	-50.773232
4168.020630	-50.260124
4169.366455	-52.070530
4170.712280	-51.581558
4172.058105	-51.435207
4173.403931	-50.785961
4174.749756	-51.570705
4176.095581	-51.544209
4177.441406	-52.398766
4178.787231	-52.042988
4180.133057	-52.896290
4181.478882	-52.199276
4182.824707	-51.206978
4184.170532	-52.489880
4185.516357	-52.102692
4186.862183	-51.880440
4188.208008	-52.692051
4189.553833	-52.112274
4190.899658	-52.076435
4192.245483	-52.283710
4193.591309	-52.199005
4194.937134	-53.021187
4196.282959	-53.783955
4197.628784	-53.757523
4198.974609	-52.810974
4200.320435	-53.137897
4201.666260	-53.341423
4203.012085	-52.487949
4204.357910	-53.668049
4205.703735	-53.540558
4207.049561	-54.338127
4208.395386	-54.312763
4209.741211	-53.685654
4211.087036	-55.078022
4212.432861	-53.628544
4213.778687	-53.207729
4215.124512	-54.070927
4216.470337	-54.582840
4217.816162	-54.505001
4219.161987	-53.909431
4220.507812	-53.573700
4221.853638	-54.742210
4223.199463	-54.353725
4224.545288	-54.465786
4225.891113	-55.004967
4227.236938	-54.497520
4228.582764	-55.447739
4229.928589	-55.589867
4231.274414	-55.792110
4232.620239	-55.248775
4233.966064	-54.309914
4235.311890	-55.195019
4236.657715	-55.087372
4238.003540	-55.573551
4239.349365	-54.740093
4240.695190	-55.163414
4242.041016	-55.561432
4243.386841	-55.551682
4244.732666	-54.727055
4246.078491	-56.051720
4247.424316	-56.032581
4248.770142	-54.894669
4250.115967	-56.459564
4251.461792	-56.030445
4252.807617	-56.310596
4254.153442	-56.788929
4255.499268	-56.655025
4256.845093	-56.661560
4258.190918	-56.180214
4259.536743	-56.252708
4260.882568	-55.430019
4262.228394	-56.490891
4263.574219	-57.498333
4264.920044	-56.789474
4266.265869	-57.244621
4267.611694	-57.289043
4268.957520	-56.579391
4270.303345	-55.508671
4271.649170	-56.508675
4272.994995	-56.731529
4274.340820	-56.585968
4275.686646	-56.195671
4277.032471	-56.245388
4278.378296	-57.061798
4279.724121	-56.614788
4281.069946	-56.541237
4282.415771	-57.463810
4283.761597	-57.348137
4285.107422	-57.301819
4286.453247	-57.043289
4287.799072	-57.194305
4289.144897	-57.539600
4290.490723	-57.312275
4291.836548	-56.637249
4293.182373	-57.096981
4294.528198	-56.941349
4295.874023	-58.635944
4297.219849	-56.901299
4298.565674	-57.165257
4299.911499	-58.407772
4301.257324	-58.153122
4302.603149	-57.353207
4303.948975	-58.420315
4305.294800	-58.129517
4306.640625	-57.985088
4307.986450	-56.480373
4309.332275	-57.717781
4310.678101	-59.223118
4312.023926	-58.637180
4313.369751	-57.112232
4314.715576	-57.499413
4316.061401	-57.631023
4317.407227	-57.917343
4318.753052	-58.283772
4320.098877	-58.583298
4321.444702	-58.016014
4322.790527	-58.138817
4324.136353	-58.101425
4325.482178	-58.648647
4326.828003	-57.942867
4328.173828	-58.463459
4329.519653	-59.496979
4330.865479	-57.212940
4332.211304	-59.028812
4333.557129	-57.816948
4334.902954	-58.095116
4336.248779	-58.582150
4337.594604	-57.644718
4338.940430	-57.591324
4340.286255	-58.355820
4341.632080	-58.713669
4342.977905	-58.471581
4344.323730	-58.475349
4345.669556	-58.684990
4347.015381	-58.140728
4348.361206	-58.708946
4349.707031	-58.380661
4351.052856	-57.842308
4352.398682	-58.149929
4353.744507	-58.319115
4355.090332	-59.442295
4356.436157	-59.637486
4357.781982	-57.954334
4359.127808	-59.605396
4360.473633	-60.481155
4361.819458	-59.798649
4363.165283	-58.889996
4364.511108	-59.300098
4365.856934	-60.190903
4367.202759	-59.150288
4368.548584	-57.940754
4369.894409	-58.019333
4371.240234	-58.355469
4372.586060	-59.368912
4373.931885	-59.206284
4375.277710	-59.833420
4376.623535	-58.589096
4377.969360	-59.039330
4379.315186	-58.970493
4380.661011	-59.267323
4382.006836	-58.380947
4383.352661	-59.147587
4384.698486	-59.331394
4386.044312	-58.291256
4387.390137	-58.810513
4388.735962	-58.008125
4390.081787	-60.002453
4391.427612	-59.046013
4392.773438	-57.973827
4394.119263	-59.131111
4395.465088	-59.054581
4396.810913	-58.472389
4398.156738	-59.220352
4399.502563	-60.369278
4400.848389	-59.886711
4402.194214	-60.414356
4403.540039	-59.702484
4404.885864	-59.903370
4406.231689	-59.002560
4407.577515	-60.700699
4408.923340	-59.459297
4410.269165	-60.050228
4411.614990	-58.902573
4412.960815	-59.017719
4414.306641	-60.143009
4415.652466	-59.792793
4416.998291	-59.540432
4418.344116	-58.917042
4419.689941	-59.642925
4421.035767	-59.141235
4422.381592	-59.176323
4423.727417	-59.426708
4425.073242	-59.021210
4426.419067	-59.215694
4427.764893	-60.293396
4429.110718	-58.898079
4430.456543	-59.947826
4431.802368	-59.619987
4433.148193	-59.755730
4434.494019	-59.525566
4435.839844	-58.787075
4437.185669	-60.447201
4438.531494	-59.346199
4439.877319	-59.810368
4441.223145	-59.247013
4442.568970	-59.390083
4443.914795	-60.784554
4445.260620	-60.528061
4446.606445	-60.034370
4447.952271	-60.164452
4449.298096	-59.451344
4450.643921	-59.094898
4451.989746	-59.494366
4453.335571	-59.037586
4454.681396	-60.135002
4456.027222	-58.425522
4457.373047	-59.462631
4458.718872	-58.574566
4460.064697	-59.849831
4461.410522	-59.048382
4462.756348	-59.954689
4464.102173	-60.153877
4465.447998	-59.305538
4466.793823	-59.125134
4468.139648	-57.907257
4469.485474	-58.122276
4470.831299	-59.710457
4472.177124	-59.345531
4473.522949	-59.542240
4474.868774	-59.017792
4476.214600	-58.773098
4477.560425	-58.952984
4478.906250	-58.695644
4480.252075	-58.080105
4481.597900	-58.241962
4482.943726	-58.664371
4484.289551	-59.339859
4485.635376	-58.619335
4486.981201	-58.623016
4488.327026	-58.627075
4489.672852	-58.968559
4491.018677	-60.208553
4492.364502	-58.691833
4493.710327	-58.781605
4495.056152	-59.010799
4496.401978	-59.514244
4497.747803	-59.600143
4499.093628	-57.599388
4500.439453	-58.238930
4501.785278	-57.524700
4503.131104	-58.932472
4504.476929	-58.058941
4505.822754	-58.662308
4507.168579	-58.840069
4508.514404	-57.373394
4509.860229	-57.698486
4511.206055	-59.253712
4512.551880	-59.669811
4513.897705	-57.552624
4515.243530	-58.119286
4516.589355	-57.521233
4517.935181	-58.495628
4519.281006	-57.438019
4520.626831	-56.487930
4521.972656	-56.951557
4523.318481	-57.899513
4524.664307	-58.908756
4526.010132	-58.148376
4527.355957	-57.212402
4528.701782	-57.918797
4530.047607	-58.348194
4531.393433	-57.453850
4532.739258	-58.161957
4534.085083	-57.409893
4535.430908	-57.610092
4536.776733	-58.407513
4538.122559	-56.429092
4539.468384	-57.573494
4540.814209	-57.358906
4542.160034	-57.320580
4543.505859	-57.360390
4544.851685	-56.961102
4546.197510	-57.052906
4547.543335	-57.196541
4548.889160	-57.222099
4550.234985	-56.303169
4551.580811	-56.673092
4552.926636	-56.959064
4554.272461	-57.301022
4555.618286	-56.855694
4556.964111	-57.738369
4558.309937	-58.068081
4559.655762	-57.335339
4561.001587	-55.526192
4562.347412	-56.251049
4563.693237	-56.218727
4565.039062	-55.196671
4566.384888	-56.366928
4567.730713	-56.529003
4569.076538	-55.350666
4570.422363	-55.779617
4571.768188	-55.794476
4573.114014	-54.781387
4574.459839	-56.503456
4575.805664	-55.444859
4577.151489	-55.132553
4578.497314	-55.636532
4579.843140	-54.702099
4581.188965	-54.888531
4582.534790	-55.180599
4583.880615	-55.307072
4585.226440	-54.987289
4586.572266	-53.941189
4587.918091	-55.673397
4589.263916	-55.206963
4590.609741	-53.623474
4591.955566	-54.975262
4593.301392	-55.181820
4594.647217	-55.559055
4595.993042	-55.043304
4597.338867	-53.704475
4598.684692	-53.745197
4600.030518	-54.039886
4601.376343	-53.202038
4602.722168	-53.157558
4604.067993	-53.354607
4605.413818	-53.243736
4606.759644	-54.376339
4608.105469	-52.710896
4609.451294	-52.400307
4610.797119	-52.829582
4612.142944	-53.081753
4613.488770	-51.784077
4614.834595	-52.743198
4616.180420	-53.176640
4617.526245	-51.835857
4618.872070	-52.465927
4620.217896	-51.402115
4621.563721	-50.774685
4622.909546	-51.728672
4624.255371	-51.145004
4625.601196	-51.572578
4626.947021	-51.664787
4628.292847	-51.037823
4629.638672	-51.616043
4630.984497	-50.918243
4632.330322	-50.910954
4633.676147	-51.130646
4635.021973	-50.680355
4636.367798	-49.329910
4637.713623	-49.597149
4639.059448	-50.803379
4640.405273	-50.157040
4641.751099	-48.680420
4643.096924	-49.030380
4644.442749	-48.626553
4645.788574	-49.880417
4647.134399	-49.201508
4648.480225	-48.598179
4649.826050	-49.230942
4651.171875	-49.313614
4652.517700	-48.228939
4653.863525	-47.853397
4655.209351	-48.372982
4656.555176	-48.377270
4657.901001	-48.031937
4659.246826	-48.873039
4660.592651	-46.988182
4661.938477	-48.616997
4663.284302	-48.222752
4664.630127	-47.398804
4665.975952	-47.098797
4667.321777	-48.118862
4668.667603	-48.414230
4670.013428	-48.742794
4671.359253	-49.095425
4672.705078	-48.530788
4674.050903	-49.592056
4675.396729	-47.739273
4676.742554	-49.718529
4678.088379	-49.931278
4679.434204	-49.743134
4680.780029	-48.190224
4682.125854	-49.103924
4683.471680	-49.202126
4684.817505	-49.223949
4686.163330	-49.254005
4687.509155	-48.560669
4688.854980	-49.649860
4690.200806	-49.681301
4691.546631	-50.120514
4692.892456	-49.649715
4694.238281	-50.840595
4695.584106	-49.437153
4696.929932	-50.089546
4698.275757	-50.909756
4699.621582	-49.152454
4700.967407	-49.451897
4702.313232	-50.625587
4703.659058	-51.754383
4705.004883	-51.054005
4706.350708	-50.955009
4707.696533	-51.459290
4709.042358	-51.929798
4710.388184	-52.011024
4711.734009	-51.413425
4713.079834	-51.526127
4714.425659	-52.399651
4715.771484	-52.592663
4717.117310	-52.820965
4718.463135	-53.436886
4719.808960	-53.142494
4721.154785	-53.720890
4722.500610	-53.780121
4723.846436	-52.829708
4725.192261	-55.065891
4726.538086	-54.879929
4727.883911	-54.347694
4729.229736	-53.555119
4730.575562	-54.021896
4731.921387	-54.002522
4733.267212	-54.191319
4734.613037	-54.475998
4735.958862	-55.644638
4737.304688	-54.875034
4738.650513	-54.260998
4739.996338	-55.010273
4741.342163	-56.042522
4742.687988	-54.702610
4744.033813	-54.796761
4745.379639	-56.132370
4746.725464	-56.040680
4748.071289	-56.670387
4749.417114	-56.604534
4750.762939	-57.244915
4752.108765	-56.328964
4753.454590	-56.477169
4754.800415	-56.257267
4756.146240	-56.282219
4757.492065	-56.884281
4758.837891	-58.464233
4760.183716	-58.344826
4761.529541	-58.793671
4762.875366	-57.055702
4764.221191	-56.932915
4765.567017	-57.512897
4766.912842	-57.164871
4768.258667	-57.572575
4769.604492	-57.720528
4770.950317	-56.941147
4772.296143	-58.964684
4773.641968	-58.355644
4774.987793	-57.952919
4776.333618	-58.312752
4777.679443	-58.943542
4779.025269	-58.104656
4780.371094	-57.709068
4781.716919	-58.129597
4783.062744	-58.994225
4784.408569	-59.088280
4785.754395	-59.444969
4787.100220	-58.379578
4788.446045	-58.524734
4789.791870	-59.610130
4791.137695	-59.898327
4792.483521	-58.849754
4793.829346	-59.251335
4795.175171	-58.451168
4796.520996	-58.893280
4797.866821	-60.408012
4799.212646	-59.883560
4800.558472	-60.863972
4801.904297	-59.785362
4803.250122	-59.415024
4804.595947	-60.795456
4805.941772	-60.029148
4807.287598	-60.239910
4808.633423	-59.727921
4809.979248	-61.977333
4811.325073	-60.245773
4812.670898	-59.939312
4814.016724	-60.954105
4815.362549	-60.598797
4816.708374	-61.137180
4818.054199	-61.163677
4819.400024	-60.622265
4820.745850	-61.810005
4822.091675	-60.390469
4823.437500	-60.587368
4824.783325	-60.440830
4826.129150	-60.975918
4827.474976	-61.006504
4828.820801	-60.980331
4830.166626	-61.457775
4831.512451	-62.934624
4832.858276	-61.791466
4834.204102	-61.142700
4835.549927	-60.943523
4836.895752	-61.166531
4838.241577	-61.379158
4839.587402	-62.855545
4840.933228	-61.941128
4842.279053	-62.310059
4843.624878	-61.491680
4844.970703	-61.685505
4846.316528	-62.582561
4847.662354	-61.372845
4849.008179	-61.896404
4850.354004	-62.466667
4851.699829	-62.950348
4853.045654	-62.317913
4854.391479	-62.148823
4855.737305	-62.431736
4857.083130	-62.716698
4858.428955	-62.853855
4859.774780	-62.052929
4861.120605	-62.694878
4862.466431	-62.997272
4863.812256	-62.706348
4865.158081	-63.096844
4866.503906	-62.310390
4867.849731	-64.026215
4869.195557	-62.160751
4870.541382	-62.502224
4871.887207	-62.879726
4873.233032	-62.616955
4874.578857	-62.791237
4875.924683	-62.952522
4877.270508	-63.546055
4878.616333	-64.571304
4879.962158	-63.448681
4881.307983	-64.212379
4882.653809	-63.987839
4883.999634	-62.940311
4885.345459	-62.106720
4886.691284	-62.883018
4888.037109	-64.535591
4889.382935	-63.366467
4890.728760	-63.297688
4892.074585	-64.028572
4893.420410	-63.824650
4894.766235	-63.240681
4896.112061	-64.127174
4897.457886	-63.811848
4898.803711	-64.318871
4900.149536	-63.213383
4901.495361	-64.068474
4902.841187	-64.622978
4904.187012	-64.853561
4905.532837	-63.795731
4906.878662	-63.861633
4908.224487	-64.169785
4909.570312	-63.121578
4910.916138	-63.264313
4912.261963	-65.145416
4913.607788	-64.480492
4914.953613	-63.610775
4916.299438	-63.262665
4917.645264	-64.424339
4918.991089	-64.091667
4920.336914	-64.158081
4921.682739	-63.347561
4923.028564	-63.619602
4924.374390	-64.466499
4925.720215	-63.669155
4927.066040	-64.418388
4928.411865	-64.675568
4929.757690	-63.890583
4931.103516	-63.930248
4932.449341	-64.577339
4933.795166	-63.942707
4935.140991	-64.231461
4936.486816	-63.242802
4937.832642	-64.474380
4939.178467	-65.251740
4940.524292	-65.352516
4941.870117	-65.600136
4943.215942	-64.340508
4944.561768	-64.095894
4945.907593	-64.961472
4947.253418	-64.476074
4948.599243	-64.605186
4949.945068	-64.606689
4951.290894	-63.645149
4952.636719	-65.034950
4953.982544	-63.937389
4955.328369	-64.745567
4956.674194	-64.918861
4958.020020	-64.154305
4959.365845	-63.883949
4960.711670	-65.166054
4962.057495	-64.393318
4963.403320	-64.458061
4964.749146	-63.035042
4966.094971	-64.477852
4967.440796	-64.713127
4968.786621	-65.099258
4970.132446	-65.062813
4971.478271	-64.081413
4972.824097	-63.560104
4974.169922	-64.885826
4975.515747	-64.266434
4976.861572	-64.111931
4978.207397	-63.925621
4979.553223	-64.435867
4980.899048	-65.305847
4982.244873	-64.840347
4983.590698	-65.028648
4984.936523	-64.802223
4986.282349	-65.839729
4987.628174	-65.256516
4988.973999	-63.954044
4990.319824	-64.346275
4991.665649	-64.014206
4993.011475	-64.395302
4994.357300	-65.204758
4995.703125	-63.720104
4997.048950	-64.520180
4998.394775	-64.040802
4999.740601	-65.284744
5001.086426	-64.806786
5002.432251	-65.654259
5003.778076	-64.890907
5005.123901	-65.237869
5006.469727	-65.862488
5007.815552	-64.558777
5009.161377	-63.680531
5010.507202	-66.060699
5011.853027	-64.394348
5013.198853	-64.848755
5014.544678	-63.696251
5015.890503	-64.285568
5017.236328	-64.506409
5018.582153	-63.844597
5019.927979	-64.357086
5021.273804	-64.441811
5022.619629	-64.276649
5023.965454	-64.015511
5025.311279	-65.169617
5026.657104	-64.378067
5028.002930	-65.220383
5029.348755	-64.518143
5030.694580	-65.208672
5032.040405	-65.117012
5033.386230	-65.196877
5034.732056	-64.253151
5036.077881	-64.078697
5037.423706	-64.078346
5038.769531	-63.776176
5040.115356	-63.486950
5041.461182	-64.473549
5042.807007	-65.263580
5044.152832	-64.408356
5045.498657	-64.073318
5046.844482	-64.042152
5048.190308	-65.527786
5049.536133	-64.117439
5050.881958	-63.887009
5052.227783	-64.063202
5053.573608	-63.033745
5054.919434	-65.181320
5056.265259	-63.978180
5057.611084	-64.116905
5058.956909	-64.247215
5060.302734	-63.882774
5061.648560	-65.960381
5062.994385	-64.284866
5064.340210	-63.941566
5065.686035	-63.414036
5067.031860	-63.570747
5068.377686	-64.304565
5069.723511	-63.565674
5071.069336	-64.006058
5072.415161	-64.020775
5073.760986	-63.385231
5075.106812	-63.869598
5076.452637	-63.581757
5077.798462	-64.230644
5079.144287	-63.174458
5080.490112	-64.142929
5081.835938	-63.048923
5083.181763	-64.100586
5084.527588	-62.974293
5085.873413	-62.203625
5087.219238	-62.870586
5088.565063	-63.116062
5089.910889	-62.513451
5091.256714	-62.542431
5092.602539	-63.498577
5093.948364	-63.149479
5095.294189	-63.016041
5096.640015	-62.304100
5097.985840	-62.582489
5099.331665	-62.675404
5100.677490	-62.308319
5102.023315	-63.382778
5103.369141	-62.204510
5104.714966	-62.109673
5106.060791	-61.853970
5107.406616	-62.232422
5108.752441	-63.101543
5110.098267	-63.335903
5111.444092	-63.547733
5112.789917	-61.531616
5114.135742	-62.670326
5115.481567	-62.340473
5116.827393	-62.455120
5118.173218	-63.340233
5119.519043	-62.713619
5120.864868	-63.143833
5122.210693	-61.690506
5123.556519	-61.826721
5124.902344	-61.649788
5126.248169	-61.481621
5127.593994	-60.930687
5128.939819	-61.877235
5130.285645	-61.125050
5131.631470	-62.114548
5132.977295	-61.026535
5134.323120	-61.293667
5135.668945	-60.709900
5137.014771	-61.243423
5138.360596	-60.773148
5139.706421	-60.791847
5141.052246	-61.176586
5142.398071	-61.583549
5143.743896	-60.696712
5145.089722	-60.287601
5146.435547	-60.767628
5147.781372	-60.205738
5149.127197	-60.718887
5150.473022	-60.797142
5151.818848	-60.597187
5153.164673	-60.321938
5154.510498	-60.957062
5155.856323	-60.821400
5157.202148	-61.335529
5158.547974	-60.392078
5159.893799	-60.606880
5161.239624	-59.710651
5162.585449	-59.433804
5163.931274	-59.641556
5165.277100	-59.888203
5166.622925	-59.493946
5167.968750	-59.649994
5169.314575	-60.342545
5170.660400	-58.770672
5172.006226	-58.792561
5173.352051	-59.053673
5174.697876	-58.989685
5176.043701	-58.763405
5177.389526	-59.252598
5178.735352	-59.536312
5180.081177	-58.754337
5181.427002	-58.362072
5182.772827	-58.536892
5184.118652	-58.089447
5185.464478	-58.005669
5186.810303	-57.202015
5188.156128	-57.594212
5189.501953	-58.554039
5190.847778	-57.223000
5192.193604	-56.729996
5193.539429	-56.805218
5194.885254	-56.870655
5196.231079	-56.904625
5197.576904	-56.665192
5198.922729	-55.059269
5200.268555	-55.729355
5201.614380	-56.765285
5202.960205	-56.832359
5204.306030	-57.074345
5205.651855	-56.088795
5206.997681	-55.031281
5208.343506	-53.734184
5209.689331	-55.691486
5211.035156	-54.885544
5212.380981	-54.987568
5213.726807	-54.152435
5215.072632	-54.451099
5216.418457	-54.380165
5217.764282	-53.426773
5219.110107	-54.001369
5220.455933	-54.804451
5221.801758	-54.874733
5223.147583	-53.580215
5224.493408	-53.274960
5225.839233	-53.417091
5227.185059	-53.538342
5228.530884	-54.174786
5229.876709	-53.577995
5231.222534	-53.303288
5232.568359	-52.946320
5233.914185	-53.514133
5235.260010	-52.056213
5236.605835	-53.333080
5237.951660	-52.167053
5239.297485	-52.790825
5240.643311	-52.290760
5241.989136	-52.029617
5243.334961	-52.176121
5244.680786	-53.523247
5246.026611	-51.639709
5247.372437	-53.313683
5248.718262	-53.570435
5250.064087	-53.005180
5251.409912	-53.222305
5252.755737	-53.430210
5254.101562	-53.180363
5255.447388	-52.504158
5256.793213	-52.554913
5258.139038	-53.302937
5259.484863	-53.132339
5260.830688	-52.921669
5262.176514	-53.585838
5263.522339	-53.192635
5264.868164	-52.933670
5266.213989	-54.177155
5267.559814	-54.959255
5268.905640	-54.452660
5270.251465	-54.019638
5271.597290	-54.206566
5272.943115	-54.630718
5274.288940	-54.736534
5275.634766	-55.584438
5276.980591	-54.923145
5278.326416	-55.290314
5279.672241	-55.018513
5281.018066	-55.422676
5282.363892	-56.678055
5283.709717	-56.284260
5285.055542	-55.390598
5286.401367	-56.359211
5287.747192	-56.841576
5289.093018	-56.588715
5290.438843	-57.140152
5291.784668	-56.367538
5293.130493	-57.315418
5294.476318	-57.291412
5295.822144	-58.385769
5297.167969	-57.464336
5298.513794	-58.033241
5299.859619	-56.814587
5301.205444	-59.254776
5302.551270	-58.431610
5303.897095	-57.261497
5305.242920	-58.284035
5306.588745	-57.933010
5307.934570	-58.917034
5309.280396	-58.108482
5310.626221	-58.424091
5311.972046	-58.458374
5313.317871	-59.763947
5314.663696	-59.737503
5316.009521	-59.075539
5317.355347	-60.826775
5318.701172	-60.666428
5320.046997	-60.165714
5321.392822	-60.389320
5322.738647	-59.871281
5324.084473	-60.308865
5325.430298	-61.259266
5326.776123	-61.575729
5328.121948	-60.701508
5329.467773	-60.824959
5330.813599	-60.205273
5332.159424	-62.063820
5333.505249	-61.785362
5334.851074	-61.533173
5336.196899	-60.825317
5337.542725	-60.914875
5338.888550	-61.251301
5340.234375	-62.058598
5341.580200	-62.001091
5342.926025	-63.548927
5344.271851	-61.902649
5345.617676	-61.671482
5346.963501	-62.358765
5348.309326	-63.106602
5349.655151	-62.395786
5351.000977	-61.856285
5352.346802	-62.308449
5353.692627	-63.116959
5355.038452	-62.933105
5356.384277	-63.408607
5357.730103	-62.942162
5359.075928	-62.660698
5360.421753	-64.585045
5361.767578	-62.022629
5363.113403	-63.517197
5364.459229	-63.202591
5365.805054	-63.464130
5367.150879	-63.339592
5368.496704	-63.940655
5369.842529	-63.185913
5371.188354	-64.555618
5372.534180	-65.150101
5373.880005	-64.771248
5375.225830	-64.293564
5376.571655	-63.806347
5377.917480	-64.497017
5379.263306	-64.385155
5380.609131	-65.111771
5381.954956	-65.895851
5383.300781	-66.057838
5384.646606	-64.767464
5385.992432	-64.325829
5387.338257	-64.281525
5388.684082	-66.018288
5390.029907	-64.129402
5391.375732	-64.563576
5392.721558	-64.794968
5394.067383	-64.650017
5395.413208	-64.970634
5396.759033	-64.831413
5398.104858	-65.284676
5399.450684	-65.075653
5400.796509	-65.215164
5402.142334	-66.048584
5403.488159	-65.566513
5404.833984	-65.391281
5406.179810	-66.086075
5407.525635	-65.997566
5408.871460	-65.655670
5410.217285	-65.846008
5411.563110	-65.771088
5412.908936	-65.040878
5414.254761	-65.621368
5415.600586	-65.802956
5416.946411	-66.153984
5418.292236	-64.412491
5419.638062	-66.083725
5420.983887	-66.018547
5422.329712	-65.960403
5423.675537	-66.607155
5425.021362	-65.640007
5426.367188	-64.948730
5427.713013	-65.770096
5429.058838	-67.069656
5430.404663	-66.112526
5431.750488	-66.746567
5433.096313	-66.290558
5434.442139	-66.739571
5435.787964	-65.579071
5437.133789	-65.775063
5438.479614	-68.559837
5439.825439	-68.237442
5441.171265	-67.592018
5442.517090	-66.165771
5443.862915	-66.347328
5445.208740	-66.605652
5446.554565	-67.236977
5447.900391	-67.118446
5449.246216	-67.021744
5450.592041	-67.938240
5451.937866	-66.907768
5453.283691	-67.460999
5454.629517	-66.729431
5455.975342	-67.400955
5457.321167	-67.431793
5458.666992	-68.419899
5460.012817	-67.295692
5461.358643	-67.320084
5462.704468	-67.617004
5464.050293	-68.001122
5465.396118	-67.339714
5466.741943	-67.827003
5468.087769	-67.996002
5469.433594	-67.871017
5470.779419	-68.519936
5472.125244	-67.597748
5473.471069	-68.412743
5474.816895	-68.042755
5476.162720	-67.589584
5477.508545	-67.567680
5478.854370	-68.062355
5480.200195	-68.204956
5481.546021	-68.171951
5482.891846	-67.940254
5484.237671	-68.566460
5485.583496	-67.431694
5486.929321	-67.053596
5488.275146	-67.650665
5489.620972	-68.272964
5490.966797	-69.155945
5492.312622	-69.152115
5493.658447	-68.123352
5495.004272	-67.908012
5496.350098	-67.757393
5497.695923	-67.703362
5499.041748	-67.793015
5500.387573	-67.558182
5501.733398	-69.055069
5503.079224	-68.627182
5504.425049	-67.883698
5505.770874	-67.385117
5507.116699	-67.746742
5508.462524	-68.811157
5509.808350	-67.668144
5511.154175	-68.731178
5512.500000	-69.341156
5513.845825	-68.524345
5515.191650	-67.969482
5516.537476	-67.901199
5517.883301	-68.791206
5519.229126	-68.388512
5520.574951	-67.612885
5521.920776	-68.561096
5523.266602	-67.892899
5524.612427	-68.014313
5525.958252	-68.013702
5527.304077	-67.710663
5528.649902	-69.751808
5529.995728	-68.492805
5531.341553	-67.517464
5532.687378	-68.381462
5534.033203	-68.612434
5535.379028	-68.315933
5536.724854	-68.530502
5538.070679	-69.783203
5539.416504	-68.755814
5540.762329	-68.656479
5542.108154	-68.539780
5543.453979	-68.100746
5544.799805	-68.077934
5546.145630	-67.840614
5547.491455	-68.339745
5548.837280	-68.711601
5550.183105	-68.379417
5551.528931	-68.998589
5552.874756	-69.194458
5554.220581	-67.715240
5555.566406	-66.814003
5556.912231	-68.713974
5558.258057	-68.607574
5559.603882	-69.341629
5560.949707	-68.363327
5562.295532	-67.941078
5563.641357	-68.490822
5564.987183	-67.965088
5566.333008	-68.412071
5567.678833	-68.082512
5569.024658	-68.322029
5570.370483	-67.807648
5571.716309	-68.356560
5573.062134	-68.496078
5574.407959	-68.660896
5575.753784	-68.349304
5577.099609	-67.625824
5578.445435	-68.790970
5579.791260	-67.615501
5581.137085	-68.570984
5582.482910	-68.644035
5583.828735	-68.582329
5585.174561	-68.144066
5586.520386	-68.058838
5587.866211	-68.254150
5589.212036	-69.148476
5590.557861	-68.394638
5591.903687	-68.500923
5593.249512	-68.343010
5594.595337	-67.728714
5595.941162	-67.923470
5597.286987	-68.836456
5598.632812	-68.099182
5599.978638	-68.259338
5601.324463	-68.024330
5602.670288	-67.712402
5604.016113	-67.512238
5605.361938	-68.025085
5606.707764	-67.331551
5608.053589	-67.274864
5609.399414	-68.006096
5610.745239	-67.447350
5612.091064	-67.401093
5613.436890	-67.545349
5614.782715	-67.641754
5616.128540	-68.051102
5617.474365	-67.318390
5618.820190	-67.047821
5620.166016	-68.064125
5621.511841	-66.878784
5622.857666	-67.731468
5624.203491	-67.886375
5625.549316	-68.521591
5626.895142	-67.707245
5628.240967	-66.635681
5629.586792	-67.767677
5630.932617	-67.405754
5632.278442	-67.275574
5633.624268	-68.416367
5634.970093	-67.390335
5636.315918	-67.158936
5637.661743	-68.483574
5639.007568	-67.910332
5640.353394	-68.116943
5641.699219	-67.289536
5643.045044	-67.494545
5644.390869	-67.666946
5645.736694	-68.066757
5647.082520	-66.289383
5648.428345	-66.703461
5649.774170	-66.880363
5651.119995	-67.382233
5652.465820	-68.038643
5653.811646	-66.911301
5655.157471	-66.736740
5656.503296	-67.172264
5657.849121	-65.752159
5659.194946	-67.031845
5660.540771	-66.380493
5661.886597	-66.481514
5663.232422	-66.725983
5664.578247	-66.424385
5665.924072	-66.470779
5667.269897	-66.200546
5668.615723	-67.078323
5669.961548	-66.097076
5671.307373	-67.222260
5672.653198	-66.703583
5673.999023	-67.091042
5675.344849	-65.446922
5676.690674	-66.839439
5678.036499	-65.520554
5679.382324	-67.014473
5680.728149	-65.646637
5682.073975	-65.927383
5683.419800	-66.264206
5684.765625	-65.644714
5686.111450	-66.453392
5687.457275	-66.939415
5688.803101	-66.304726
5690.148926	-66.406578
5691.494751	-65.799309
5692.840576	-66.068115
5694.186401	-65.755356
5695.532227	-65.520424
5696.878052	-65.184242
5698.223877	-65.252380
5699.569702	-65.084084
5700.915527	-65.448303
5702.261353	-65.089912
5703.607178	-66.420158
5704.953003	-65.025993
5706.298828	-64.974754
5707.644653	-64.030731
5708.990479	-64.372581
5710.336304	-65.497284
5711.682129	-64.555214
5713.027954	-64.009102
5714.373779	-64.311348
5715.719604	-64.147461
5717.065430	-64.801186
5718.411255	-64.928566
5719.757080	-64.070007
5721.102905	-63.325848
5722.448730	-63.564938
5723.794556	-64.377602
5725.140381	-63.529957
5726.486206	-63.822857
5727.832031	-63.199402
5729.177856	-63.368687
5730.523682	-64.154648
5731.869507	-62.756763
5733.215332	-63.091534
5734.561157	-63.249256
5735.906982	-63.153904
5737.252808	-62.668198
5738.598633	-63.208454
5739.944458	-62.914463
5741.290283	-62.302288
5742.636108	-60.841835
5743.981934	-62.027256
5745.327759	-62.307667
5746.673584	-63.421391
5748.019409	-63.082710
5749.365234	-62.634220
5750.711060	-61.406315
5752.056885	-63.015743
5753.402710	-62.318497
5754.748535	-60.486404
5756.094360	-61.116436
5757.440186	-62.063694
5758.786011	-61.699623
5760.131836	-61.277691
5761.477661	-62.077026
5762.823486	-60.478584
5764.169312	-60.123341
5765.515137	-60.162926
5766.860962	-60.728813
5768.206787	-60.749863
5769.552612	-60.604855
5770.898438	-60.124069
5772.244263	-59.139069
5773.590088	-61.027721
5774.935913	-61.044525
5776.281738	-58.493664
5777.627563	-57.477833
5778.973389	-58.582218
5780.319214	-59.075993
5781.665039	-58.228668
5783.010864	-59.041988
5784.356689	-58.819981
5785.702515	-58.666962
5787.048340	-58.045471
5788.394165	-57.906998
5789.739990	-58.761204
5791.085815	-58.327534
5792.431641	-56.963676
5793.777466	-57.607891
5795.123291	-57.017307
5796.469116	-57.146557
5797.814941	-57.521549
5799.160767	-56.514404
5800.506592	-57.311111
5801.852417	-56.623016
5803.198242	-57.945908
5804.544067	-57.083313
5805.889893	-56.437424
5807.235718	-57.573288
5808.581543	-57.550995
5809.927368	-56.050461
5811.273193	-56.063492
5812.619019	-56.392998
5813.964844	-55.978394
5815.310669	-56.902622
5816.656494	-57.581181
5818.002319	-56.047306
5819.348145	-56.339745
5820.693970	-55.829998
5822.039795	-56.345333
5823.385620	-56.337414
5824.731445	-56.249641
5826.077271	-56.133438
5827.423096	-55.801987
5828.768921	-56.886047
5830.114746	-57.069603
5831.460571	-56.453621
5832.806396	-56.468636
5834.152222	-55.938393
5835.498047	-55.627411
5836.843872	-56.928688
5838.189697	-57.359058
5839.535522	-56.676083
5840.881348	-57.147743
5842.227173	-57.595371
5843.572998	-56.922619
5844.918823	-57.719814
5846.264648	-57.623936
5847.610474	-57.616753
5848.956299	-57.500961
5850.302124	-57.259182
5851.647949	-58.259628
5852.993774	-59.125786
5854.339600	-58.858582
5855.685425	-58.856731
5857.031250	-58.475315
5858.377075	-57.964314
5859.722900	-58.747837
5861.068726	-59.243999
5862.414551	-58.952324
5863.760376	-59.114639
5865.106201	-60.330700
5866.452026	-60.075592
5867.797852	-60.499920
5869.143677	-59.317200
5870.489502	-59.820713
5871.835327	-59.942631
5873.181152	-59.865986
5874.526978	-60.086834
5875.872803	-61.341522
5877.218628	-61.130726
5878.564453	-61.280949
5879.910278	-61.095745
5881.256104	-62.184933
5882.601929	-62.078300
5883.947754	-61.136826
5885.293579	-62.100391
5886.639404	-61.780140
5887.985229	-61.814381
5889.331055	-62.681000
5890.676880	-62.877266
5892.022705	-63.248600
5893.368530	-62.494289
5894.714355	-62.674095
5896.060181	-62.892368
5897.406006	-62.376060
5898.751831	-63.457508
5900.097656	-62.842880
5901.443481	-64.561218
5902.789307	-63.463291
5904.135132	-62.964909
5905.480957	-64.062965
5906.826782	-64.718208
5908.172607	-63.572742
5909.518433	-63.471020
5910.864258	-63.493961
5912.210083	-64.110359
5913.555908	-64.750740
5914.901733	-64.109726
5916.247559	-64.788292
5917.593384	-63.805706
5918.939209	-63.161312
5920.285034	-64.909065
5921.630859	-64.401306
5922.976685	-63.902248
5924.322510	-65.585197
5925.668335	-65.700981
5927.014160	-64.799599
5928.359985	-63.438805
5929.705811	-64.678169
5931.051636	-65.473244
5932.397461	-65.472702
5933.743286	-66.635674
5935.089111	-66.017723
5936.434937	-65.811386
5937.780762	-65.999237
5939.126587	-66.061111
5940.472412	-66.399025
5941.818237	-66.466164
5943.164062	-66.283554
5944.509888	-66.694420
5945.855713	-66.043442
5947.201538	-66.016380
5948.547363	-66.409668
5949.893188	-65.358299
5951.239014	-66.072609
5952.584839	-66.851852
5953.930664	-66.583885
5955.276489	-66.736786
5956.622314	-67.981232
5957.968140	-66.321213
5959.313965	-67.536896
5960.659790	-67.450180
5962.005615	-66.553734
5963.351440	-65.995636
5964.697266	-67.242599
5966.043091	-66.896133
5967.388916	-67.287422
5968.734741	-67.720688
5970.080566	-66.592819
5971.426392	-67.311882
5972.772217	-67.217407
5974.118042	-68.554329
5975.463867	-67.648193
5976.809692	-67.187813
5978.155518	-67.799988
5979.501343	-67.896103
5980.847168	-67.641304
5982.192993	-68.070343
5983.538818	-68.154869
5984.884644	-68.335159
5986.230469	-68.149826
5987.576294	-68.164848
5988.922119	-69.882362
5990.267944	-69.562370
5991.613770	-68.317787
5992.959595	-66.589874
5994.305420	-67.553719
5995.651245	-68.493835
5996.997070	-68.811592
5998.342896	-68.660522
5999.688721	-68.657402
6001.034546	-68.796776
6002.380371	-68.475403
6003.726196	-69.606117
6005.072021	-70.166191
6006.417847	-69.286606
6007.763672	-68.255592
6009.109497	-68.042053
6010.455322	-69.478439
6011.801147	-68.973602
6013.146973	-69.019463
6014.492798	-68.853943
6015.838623	-68.218712
6017.184448	-68.856812
6018.530273	-69.395439
6019.876099	-69.940704
6021.221924	-69.355431
6022.567749	-69.189476
6023.913574	-69.211639
6025.259399	-69.969269
6026.605225	-69.582260
6027.951050	-69.330185
6029.296875	-68.287598
6030.642700	-68.562119
6031.988525	-69.453377
6033.334351	-69.277893
6034.680176	-70.058411
6036.026001	-70.242661
6037.371826	-69.998116
6038.717651	-69.538414
6040.063477	-69.061272
6041.409302	-69.429283
6042.755127	-70.226082
6044.100952	-71.186790
6045.446777	-69.275818
6046.792603	-67.902344
6048.138428	-69.412605
6049.484253	-69.330132
6050.830078	-69.854431
6052.175903	-69.462692
6053.521729	-71.219490
6054.867554	-69.394875
6056.213379	-69.168274
6057.559204	-69.718018
6058.905029	-70.844299
6060.250854	-69.172325
6061.596680	-70.065292
6062.942505	-69.505081
6064.288330	-70.174858
6065.634155	-70.852844
6066.979980	-70.736893
6068.325806	-70.318726
6069.671631	-70.592194
6071.017456	-71.340996
6072.363281	-69.095551
6073.709106	-71.414871
6075.054932	-70.363213
6076.400757	-68.862061
6077.746582	-70.141685
6079.092407	-70.635162
6080.438232	-71.180565
6081.784058	-70.345367
6083.129883	-71.806786
6084.475708	-70.857079
6085.821533	-69.100594
6087.167358	-70.534843
6088.513184	-69.937180
6089.859009	-69.571381
6091.204834	-69.456688
6092.550659	-71.083321
6093.896484	-69.550049
6095.242310	-70.724693
6096.588135	-70.350769
6097.933960	-69.468330
6099.279785	-70.925957
6100.625610	-71.382675
6101.971436	-69.805740
6103.317261	-70.537964
6104.663086	-70.008545
6106.008911	-70.445473
6107.354736	-70.472534
6108.700562	-71.566185
6110.046387	-70.982697
6111.392212	-69.139603
6112.738037	-69.913933
6114.083862	-70.606758
6115.429688	-70.343307
6116.775513	-70.908409
6118.121338	-71.603401
6119.467163	-71.153946
6120.812988	-70.482559
6122.158813	-70.466652
6123.504639	-71.924667
6124.850464	-70.635475
6126.196289	-69.357903
6127.542114	-69.449303
6128.887939	-70.013344
6130.233765	-71.548744
6131.579590	-70.379753
6132.925415	-70.402039
6134.271240	-70.162552
6135.617065	-71.325035
6136.962891	-69.485886
6138.308716	-70.605316
6139.654541	-70.210464
6141.000366	-70.473488
6142.346191	-70.763634
6143.692017	-71.523750
6145.037842	-69.245018
6146.383667	-70.485390
6147.729492	-70.822693
6149.075317	-70.465233
6150.421143	-70.155960
6151.766968	-70.382370
6153.112793	-69.846741
6154.458618	-69.948776
6155.804443	-70.112137
6157.150269	-70.247864
6158.496094	-69.287285
6159.841919	-69.958755
6161.187744	-71.408646
6162.533569	-70.525558
6163.879395	-70.086281
6165.225220	-70.235550
6166.571045	-71.377419
6167.916870	-70.639503
6169.262695	-69.329620
6170.608521	-71.404854
6171.954346	-69.764442
6173.300171	-70.608803
6174.645996	-70.465698
6175.991821	-70.236671
6177.337646	-69.314613
6178.683472	-70.794174
6180.029297	-70.708794
6181.375122	-69.861130
6182.720947	-70.454231
6184.066772	-72.024712
6185.412598	-70.288872
6186.758423	-69.421890
6188.104248	-70.754402
6189.450073	-69.444420
6190.795898	-71.271347
6192.141724	-69.941193
6193.487549	-71.233055
6194.833374	-69.789192
6196.179199	-70.959152
6197.525024	-68.977623
6198.870850	-69.656517
6200.216675	-69.499519
6201.562500	-69.656708
6202.908325	-70.114494
6204.254150	-70.538857
6205.599976	-69.346062
6206.945801	-69.333694
6208.291626	-69.496468
6209.637451	-70.608986
6210.983276	-69.950020
6212.329102	-69.526749
6213.674927	-70.321953
6215.020752	-69.263908
6216.366577	-68.019005
6217.712402	-68.708092
6219.058228	-70.156715
6220.404053	-68.947304
6221.749878	-69.911758
6223.095703	-69.659363
6224.441528	-69.486511
6225.787354	-70.325485
6227.133179	-70.294426
6228.479004	-69.240463
6229.824829	-70.448967
6231.170654	-69.884956
6232.516479	-69.444016
6233.862305	-69.444122
6235.208130	-69.355316
6236.553955	-69.610390
6237.899780	-68.947403
6239.245605	-69.367546
6240.591431	-69.220306
6241.937256	-67.540283
6243.283081	-68.480980
6244.628906	-68.847588
6245.974731	-68.977264
6247.320557	-68.738579
6248.666382	-68.145218
6250.012207	-68.174271
6251.358032	-68.163460
6252.703857	-69.165337
6254.049683	-68.942459
6255.395508	-67.977486
6256.741333	-67.506302
6258.087158	-68.641617
6259.432983	-68.660652
6260.778809	-67.747154
6262.124634	-67.854477
6263.470459	-68.678200
6264.816284	-67.915527
6266.162109	-67.313843
6267.507935	-67.367828
6268.853760	-67.862679
6270.199585	-67.712013
6271.545410	-68.153557
6272.891235	-68.451859
6274.237061	-67.055725
6275.582886	-67.426025
6276.928711	-67.215782
6278.274536	-66.719078
6279.620361	-66.740639
6280.966187	-67.887985
6282.312012	-66.502670
6283.657837	-67.591454
6285.003662	-67.073318
6286.349487	-67.005699
6287.695312	-66.865326
6289.041138	-66.882782
6290.386963	-66.992538
6291.732788	-66.956490
6293.078613	-66.686058
6294.424438	-65.516281
6295.770264	-67.003838
6297.116089	-66.933525
6298.461914	-65.045944
6299.807739	-66.113464
6301.153564	-66.288475
6302.499390	-65.970329
6303.845215	-66.420731
6305.191040	-66.258453
6306.536865	-65.566910
6307.882690	-67.251282
6309.228516	-67.357712
6310.574341	-66.234230
6311.920166	-65.073677
6313.265991	-65.384933
6314.611816	-66.424232
6315.957642	-65.387123
6317.303467	-65.172020
6318.649292	-65.393387
6319.995117	-63.953712
6321.340942	-65.069473
6322.686768	-64.779266
6324.032593	-64.871254
6325.378418	-64.807335
6326.724243	-65.856522
6328.070068	-63.857956
6329.415894	-63.819996
6330.761719	-65.069397
6332.107544	-63.514061
6333.453369	-62.951298
6334.799194	-63.079906
6336.145020	-63.644806
6337.490845	-63.699913
6338.836670	-64.218475
6340.182495	-63.851578
6341.528320	-62.489429
6342.874146	-63.563519
6344.219971	-63.175228
6345.565796	-63.115696
6346.911621	-63.298481
6348.257446	-62.369404
6349.603271	-62.848736
6350.949097	-62.050110
6352.294922	-61.585392
6353.640747	-62.276680
6354.986572	-62.587463
6356.332397	-61.495125
6357.678223	-62.016575
6359.024048	-61.667637
6360.369873	-61.771378
6361.715698	-61.929611
6363.061523	-61.704235
6364.407349	-61.536201
6365.753174	-61.710846
6367.098999	-60.232685
6368.444824	-60.667774
6369.790649	-60.955456
6371.136475	-59.992378
6372.482300	-60.355881
6373.828125	-60.901363
6375.173950	-61.195267
6376.519775	-60.010654
6377.865601	-60.807465
6379.211426	-59.863335
6380.557251	-59.983002
6381.903076	-61.122200
6383.248901	-60.402672
6384.594727	-60.473728
6385.940552	-60.357082
6387.286377	-60.264568
6388.632202	-60.468361
6389.978027	-59.903675
6391.323853	-59.791389
6392.669678	-59.925426
6394.015503	-59.178169
6395.361328	-59.353245
6396.707153	-60.607658
6398.052979	-59.341587
6399.398804	-58.716709
6400.744629	-59.035965
6402.090454	-58.740463
6403.436279	-59.021923
6404.782104	-60.231762
6406.127930	-59.109486
6407.473755	-59.020924
6408.819580	-59.585369
6410.165405	-59.290565
6411.511230	-59.247383
6412.857056	-59.457851
6414.202881	-59.242840
6415.548706	-60.438503
6416.894531	-60.323334
6418.240356	-59.543713
6419.586182	-59.817352
6420.932007	-60.195885
6422.277832	-61.454876
6423.623657	-61.252460
6424.969482	-61.377747
6426.315308	-61.656010
6427.661133	-60.864017
6429.006958	-61.102879
6430.352783	-61.157749
6431.698608	-60.501152
6433.044434	-61.229099
6434.390259	-62.321899
6435.736084	-62.501305
6437.081909	-62.027851
6438.427734	-61.841301
6439.773560	-63.079926
6441.119385	-61.168640
6442.465210	-61.975658
6443.811035	-61.926468
6445.156860	-61.486832
6446.502686	-62.482662
6447.848511	-62.832619
6449.194336	-62.062794
6450.540161	-63.095627
6451.885986	-63.285439
6453.231812	-63.206535
6454.577637	-64.361122
6455.923462	-63.967075
6457.269287	-62.871029
6458.615112	-63.054577
6459.960938	-64.348122
6461.306763	-63.034039
6462.652588	-63.840412
6463.998413	-64.078850
6465.344238	-63.782005
6466.690063	-64.371613
6468.035889	-63.611694
6469.381714	-64.943016
6470.727539	-64.607635
6472.073364	-65.673004
6473.419189	-64.228699
6474.765015	-63.994156
6476.110840	-64.127098
6477.456665	-65.266602
6478.802490	-66.211739
6480.148315	-65.813240
6481.494141	-66.243256
6482.839966	-64.639885
6484.185791	-65.631622
6485.531616	-65.434151
6486.877441	-64.562981
6488.223267	-66.183655
6489.569092	-66.983383
6490.914917	-65.028465
6492.260742	-66.324677
6493.606567	-66.596024
6494.952393	-66.684982
6496.298218	-66.502869
6497.644043	-66.100922
6498.989868	-65.551308
6500.335693	-65.198357
6501.681519	-66.316460
6503.027344	-67.374443
6504.373169	-68.734367
6505.718994	-68.227753
6507.064819	-67.064598
6508.410645	-68.719093
6509.756470	-67.581001
6511.102295	-68.154839
6512.448120	-66.839508
6513.793945	-67.808678
6515.139771	-67.197479
6516.485596	-67.447166
6517.831421	-67.751381
6519.177246	-68.665405
6520.523071	-67.273865
6521.868896	-67.279587
6523.214722	-68.304321
6524.560547	-67.360878
6525.906372	-68.742889
6527.252197	-68.203880
6528.598022	-67.878601
6529.943848	-67.444115
6531.289673	-67.847572
6532.635498	-69.151764
6533.981323	-67.405228
6535.327148	-68.390228
6536.672974	-68.830299
6538.018799	-69.111336
6539.364624	-69.475449
6540.710449	-68.237602
6542.056274	-69.017471
6543.402100	-68.180267
6544.747925	-68.399086
6546.093750	-68.395279
6547.439575	-69.232605
6548.785400	-68.277161
6550.131226	-68.436035
6551.477051	-68.830467
6552.822876	-69.791351
6554.168701	-70.534782
6555.514526	-68.827507
6556.860352	-69.967438
6558.206177	-69.800888
6559.552002	-69.949959
6560.897827	-69.786804
6562.243652	-70.097717
6563.589478	-69.658073
6564.935303	-70.189552
6566.281128	-70.058273
6567.626953	-69.515274
6568.972778	-69.113625
6570.318604	-69.664406
6571.664429	-70.114685
6573.010254	-69.357590
6574.356079	-70.508392
6575.701904	-70.230316
6577.047729	-70.016907
6578.393555	-70.579033
6579.739380	-70.021935
6581.085205	-70.381302
6582.431030	-69.352692
6583.776855	-69.295654
6585.122681	-69.466034
6586.468506	-69.268211
6587.814331	-70.282585
6589.160156	-70.480865
6590.505981	-70.635399
6591.851807	-70.653481
6593.197632	-70.625893
6594.543457	-70.884949
6595.889282	-70.824242
6597.235107	-70.424477
6598.580933	-71.111748
6599.926758	-70.042122
6601.272583	-71.495415
6602.618408	-71.841499
6603.964233	-71.476799
6605.310059	-71.604752
6606.655884	-70.580223
6608.001709	-70.821648
6609.347534	-70.764534
6610.693359	-70.191650
6612.039185	-70.620972
6613.385010	-70.135216
6614.730835	-70.554794
6616.076660	-70.289207
6617.422485	-70.677933
6618.768311	-70.630302
6620.114136	-71.947678
6621.459961	-71.275261
6622.805786	-71.383980
6624.151611	-70.926514
6625.497437	-69.509972
6626.843262	-70.802711
6628.189087	-71.437401
6629.534912	-71.897530
6630.880737	-71.584106
6632.226562	-71.126137
6633.572388	-70.753212
6634.918213	-71.628014
6636.264038	-71.024559
6637.609863	-72.413292
6638.955688	-71.754311
6640.301514	-72.400314
6641.647339	-71.207924
6642.993164	-71.818481
6644.338989	-71.513138
6645.684814	-70.989609
6647.030640	-71.140068
6648.376465	-71.347023
6649.722290	-71.773888
6651.068115	-71.005791
6652.413940	-71.162643
6653.759766	-72.258049
6655.105591	-71.057182
6656.451416	-71.204857
6657.797241	-71.480354
6659.143066	-71.093689
6660.488892	-71.056152
6661.834717	-72.429138
6663.180542	-71.697914
6664.526367	-71.452927
6665.872192	-70.583015
6667.218018	-71.401772
6668.563843	-71.005814
6669.909668	-71.775009
6671.255493	-72.039009
6672.601318	-71.152023
6673.947144	-71.806465
6675.292969	-71.883308
6676.638794	-72.087181
6677.984619	-71.951263
6679.330444	-72.648468
6680.676270	-71.317589
6682.022095	-70.929771
6683.367920	-70.942947
6684.713745	-71.227509
6686.059570	-71.737663
6687.405396	-70.769585
6688.751221	-71.139420
6690.097046	-70.920609
6691.442871	-71.643646
6692.788696	-70.901749
6694.134521	-71.931580
6695.480347	-71.263123
6696.826172	-69.749855
6698.171997	-71.194580
6699.517822	-71.002083
6700.863647	-72.751175
6702.209473	-71.953552
6703.555298	-71.728111
6704.901123	-70.799026
6706.246948	-72.732353
6707.592773	-72.394943
6708.938599	-71.392014
6710.284424	-70.902077
6711.630249	-71.781364
6712.976074	-70.408424
6714.321899	-72.041016
6715.667725	-71.270599
6717.013550	-71.243340
6718.359375	-71.587593
6719.705200	-72.312889
6721.051025	-71.005524
6722.396851	-70.442863
6723.742676	-70.442177
6725.088501	-71.165741
6726.434326	-71.537048
6727.780151	-71.509689
6729.125977	-71.412956
6730.471802	-71.618446
6731.817627	-71.516823
6733.163452	-71.967880
6734.509277	-71.331741
6735.855103	-71.524384
6737.200928	-71.766045
6738.546753	-70.950783
6739.892578	-71.281723
6741.238403	-71.967552
6742.584229	-70.557213
6743.930054	-71.394356
6745.275879	-71.676476
6746.621704	-71.744408
6747.967529	-71.333496
6749.313354	-71.213722
6750.659180	-70.721283
6752.005005	-70.797409
6753.350830	-71.383316
6754.696655	-71.421272
6756.042480	-70.416290
6757.388306	-70.329346
6758.734131	-70.910034
6760.079956	-71.336403
6761.425781	-70.823425
6762.771606	-70.879707
6764.117432	-70.905731
6765.463257	-71.188324
6766.809082	-70.971558
6768.154907	-70.378815
6769.500732	-70.341873
6770.846558	-70.622345
6772.192383	-70.536499
6773.538208	-70.374855
6774.884033	-70.889305
6776.229858	-71.075447
6777.575684	-71.041885
6778.921509	-70.552757
6780.267334	-70.114693
6781.613159	-71.465553
6782.958984	-70.877922
6784.304810	-70.798378
6785.650635	-70.690559
6786.996460	-70.608910
6788.342285	-70.986931
6789.688110	-71.658180
6791.033936	-70.054489
6792.379761	-70.670204
6793.725586	-70.185707
6795.071411	-70.463127
6796.417236	-69.972282
6797.763062	-70.070343
6799.108887	-69.646660
6800.454712	-69.751991
6801.800537	-69.515144
6803.146362	-70.890007
6804.492188	-70.466705
6805.838013	-70.286057
6807.183838	-69.584976
6808.529663	-69.819740
6809.875488	-69.844765
6811.221313	-68.801987
6812.567139	-69.507149
6813.912964	-69.531029
6815.258789	-69.764465
6816.604614	-69.553009
6817.950439	-69.300392
6819.296265	-69.440536
6820.642090	-70.030571
6821.987915	-69.515129
6823.333740	-69.135284
6824.679565	-69.416534
6826.025391	-68.528267
6827.371216	-69.152084
6828.717041	-68.620087
6830.062866	-68.857231
6831.408691	-68.313332
6832.754517	-68.524414
6834.100342	-69.182205
6835.446167	-69.156815
6836.791992	-68.481796
6838.137817	-69.834312
6839.483643	-68.235748
6840.829468	-68.651138
6842.175293	-68.391975
6843.521118	-69.250069
6844.866943	-68.100296
6846.212769	-67.856087
6847.558594	-68.757812
6848.904419	-68.484642
6850.250244	-67.861046
6851.596069	-69.252205
6852.941895	-67.221748
6854.287720	-67.699059
6855.633545	-68.914658
6856.979370	-67.819695
6858.325195	-68.829300
6859.671021	-68.521408
6861.016846	-68.601715
6862.362671	-68.186935
6863.708496	-68.168343
6865.054321	-68.200539
6866.400146	-67.319893
6867.745972	-68.307411
6869.091797	-67.450836
6870.437622	-67.077980
6871.783447	-67.012543
6873.129272	-67.493362
6874.475098	-66.392128
6875.820923	-66.125214
6877.166748	-66.689224
6878.512573	-66.314407
6879.858398	-66.774643
6881.204224	-67.181000
6882.550049	-67.988678
6883.895874	-67.337402
6885.241699	-66.452072
6886.587524	-66.960724
6887.933350	-65.303894
6889.279175	-66.528877
6890.625000	-66.097450
6891.970825	-65.952461
6893.316650	-65.077751
6894.662476	-65.276657
6896.008301	-66.370041
6897.354126	-66.380669
6898.699951	-66.726700
6900.045776	-64.677650
6901.391602	-65.475204
6902.737427	-66.003090
6904.083252	-66.398224
6905.429077	-64.900200
6906.774902	-65.072380
6908.120728	-65.850708
6909.466553	-64.875099
6910.812378	-65.428795
6912.158203	-64.994781
6913.504028	-64.298286
6914.849854	-65.410400
6916.195679	-64.148796
6917.541504	-64.660408
6918.887329	-64.251289
6920.233154	-64.004883
6921.578979	-64.945831
6922.924805	-64.659271
6924.270630	-63.407215
6925.616455	-64.378899
6926.962280	-64.985550
6928.308105	-64.844963
6929.653931	-63.468124
6930.999756	-64.528648
6932.345581	-63.622562
6933.691406	-63.230042
6935.037231	-63.328846
6936.383057	-62.172218
6937.728882	-62.476242
6939.074707	-62.098507
6940.420532	-62.757622
6941.766357	-62.751778
6943.112183	-63.577850
6944.458008	-62.327370
6945.803833	-63.407093
6947.149658	-62.320530
6948.495483	-62.795128
6949.841309	-61.971111
6951.187134	-62.701885
6952.532959	-61.706394
6953.878784	-62.002445
6955.224609	-61.805256
6956.570435	-62.071766
6957.916260	-62.274746
6959.262085	-62.320770
6960.607910	-61.647491
6961.953735	-61.297577
6963.299561	-62.531029
6964.645386	-61.423542
6965.991211	-62.304127
6967.337036	-62.254189
6968.682861	-61.125076
6970.028687	-61.922779
6971.374512	-60.867733
6972.720337	-62.556461
6974.066162	-61.282181
6975.411987	-61.168152
6976.757812	-62.481510
6978.103638	-61.759674
6979.449463	-61.963478
6980.795288	-61.023476
6982.141113	-60.794418
6983.486938	-61.470512
6984.832764	-61.830959
6986.178589	-62.284012
6987.524414	-61.030857
6988.870239	-61.144871
6990.216064	-61.415924
6991.561890	-61.478130
6992.907715	-60.892166
6994.253540	-62.035324
6995.599365	-61.599773
6996.945190	-62.260769
6998.291016	-62.055199
6999.636841	-62.482380
7000.982666	-60.854160
7002.328491	-62.744560
7003.674316	-62.331272
7005.020142	-63.361710
7006.365967	-62.279808
7007.711792	-61.710014
7009.057617	-61.548149
7010.403442	-61.567478
7011.749268	-62.471741
7013.095093	-62.474155
7014.440918	-63.109375
7015.786743	-62.301579
7017.132568	-62.648483
7018.478394	-63.042480
7019.824219	-62.341652
7021.170044	-62.764442
7022.515869	-63.766342
7023.861694	-63.936230
7025.207520	-64.094131
7026.553345	-63.882099
7027.899170	-63.169765
7029.244995	-64.476387
7030.590820	-63.392212
7031.936646	-63.338375
7033.282471	-63.278419
7034.628296	-63.596199
7035.974121	-64.442810
7037.319946	-64.594971
7038.665771	-65.020988
7040.011597	-64.364349
7041.357422	-63.786915
7042.703247	-63.957130
7044.049072	-63.572266
7045.394897	-63.970093
7046.740723	-65.007538
7048.086548	-65.104752
7049.432373	-64.883514
7050.778198	-65.874146
7052.124023	-64.921806
7053.469849	-64.403587
7054.815674	-66.542458
7056.161499	-65.866714
7057.507324	-65.646126
7058.853149	-66.110352
7060.198975	-66.186157
7061.544800	-66.357216
7062.890625	-65.479782
7064.236450	-65.727806
7065.582275	-66.757507
7066.928101	-65.575760
7068.273926	-65.960884
7069.619751	-66.685356
7070.965576	-65.832726
7072.311401	-65.565285
7073.657227	-66.600243
7075.003052	-65.902649
7076.348877	-67.148201
7077.694702	-66.490440
7079.040527	-65.887505
7080.386353	-66.613289
7081.732178	-66.142876
7083.078003	-67.410957
7084.423828	-65.905411
7085.769653	-66.337524
7087.115479	-67.782600
7088.461304	-68.111458
7089.807129	-67.373428
7091.152954	-67.195801
7092.498779	-67.934547
7093.844604	-67.155098
7095.190430	-66.579468
7096.536255	-68.183899
7097.882080	-67.771324
7099.227905	-66.929825
7100.573730	-68.884834
7101.919556	-68.250580
7103.265381	-67.402733
7104.611206	-67.993645
7105.957031	-67.507828
7107.302856	-68.341751
7108.648682	-68.455940
7109.994507	-68.562325
7111.340332	-68.094444
7112.686157	-68.448929
7114.031982	-68.232246
7115.377808	-67.284508
7116.723633	-67.357773
7118.069458	-67.937744
7119.415283	-68.937233
7120.761108	-67.643921
7122.106934	-68.175522
7123.452759	-68.295631
7124.798584	-68.785126
7126.144409	-68.904747
7127.490234	-68.402161
7128.836060	-69.178337
7130.181885	-70.060791
7131.527710	-68.757614
7132.873535	-69.068207
7134.219360	-70.096107
7135.565186	-69.550247
7136.911011	-67.864464
7138.256836	-69.532562
7139.602661	-69.025398
7140.948486	-68.633598
7142.294312	-70.399857
7143.640137	-69.959152
7144.985962	-68.996025
7146.331787	-69.209763
7147.677612	-69.391182
7149.023438	-69.059532
7150.369263	-69.929382
7151.715088	-68.700706
7153.060913	-70.630775
7154.406738	-68.860565
7155.752563	-68.339027
7157.098389	-70.368660
7158.444214	-69.904617
7159.790039	-69.887154
7161.135864	-69.432411
7162.481689	-69.898773
7163.827515	-69.792145
7165.173340	-68.367531
7166.519165	-69.191826
7167.864990	-70.179695
7169.210815	-70.063805
7170.556641	-69.964088
7171.902466	-70.679733
7173.248291	-70.136169
7174.594116	-69.752663
7175.939941	-69.779633
7177.285767	-70.518639
7178.631592	-69.171906
7179.977417	-70.081924
7181.323242	-70.009094
7182.669067	-70.043915
7184.014893	-70.634682
7185.360718	-70.421860
7186.706543	-69.784134
7188.052368	-70.226204
7189.398193	-70.959923
7190.744019	-71.206245
7192.089844	-69.921516
7193.435669	-70.515610
7194.781494	-70.707771
7196.127319	-69.254387
7197.473145	-69.738953
7198.818970	-70.599663
7200.164795	-69.555176
7201.510620	-70.040596
7202.856445	-70.740929
7204.202271	-69.464767
7205.548096	-70.190582
7206.893921	-71.632332
7208.239746	-70.736969
7209.585571	-70.832901
7210.931396	-71.145943
7212.277222	-70.632172
7213.623047	-70.943016
7214.968872	-69.742157
7216.314697	-69.150871
7217.660522	-69.486732
7219.006348	-71.294029
7220.352173	-70.996048
7221.697998	-70.135429
7223.043823	-71.054947
7224.389648	-70.345665
7225.735474	-71.440056
7227.081299	-71.841064
7228.427124	-70.125305
7229.772949	-70.835266
7231.118774	-70.773170
7232.464600	-70.903633
7233.810425	-72.331314
7235.156250	-70.826950
7236.502075	-71.701874
7237.847900	-71.492302
7239.193726	-70.689774
7240.539551	-71.476730
7241.885376	-71.516846
7243.231201	-70.232079
7244.577026	-70.090416
7245.922852	-70.588753
7247.268677	-70.472511
7248.614502	-70.927544
7249.960327	-71.150017
7251.306152	-71.294136
7252.651978	-71.152794
7253.997803	-70.663353
7255.343628	-71.899651
7256.689453	-71.483910
7258.035278	-70.075706
7259.381104	-69.442482
7260.726929	-71.614365
7262.072754	-71.257858
7263.418579	-70.105942
7264.764404	-70.559677
7266.110229	-70.953636
7267.456055	-71.425003
7268.801880	-71.566750
7270.147705	-70.250610
7271.493530	-70.668747
7272.839355	-71.601326
7274.185181	-71.512520
7275.531006	-71.466179
7276.876831	-71.628502
7278.222656	-70.827431
7279.568481	-70.691078
7280.914307	-71.718727
7282.260132	-71.011627
7283.605957	-70.573280
7284.951782	-70.386253
7286.297607	-71.402885
7287.643433	-70.271690
7288.989258	-70.745445
7290.335083	-70.309601
7291.680908	-70.624245
7293.026733	-70.533760
7294.372559	-70.239677
7295.718384	-70.861427
7297.064209	-71.109085
7298.410034	-70.416679
7299.755859	-70.220428
7301.101685	-70.573334
7302.447510	-71.366325
7303.793335	-69.805054
7305.139160	-70.276794
7306.484985	-70.646225
7307.830811	-69.926704
7309.176636	-71.099152
7310.522461	-71.240547
7311.868286	-70.973656
7313.214111	-70.280266
7314.559937	-70.489914
7315.905762	-71.542015
7317.251587	-69.678764
7318.597412	-69.914078
7319.943237	-70.367912
7321.289062	-70.940277
7322.634888	-71.523369
7323.980713	-71.338890
7325.326538	-70.765137
7326.672363	-70.474937
7328.018188	-69.979141
7329.364014	-70.407372
7330.709839	-70.866890
7332.055664	-69.964676
7333.401489	-69.209961
7334.747314	-70.498711
7336.093140	-70.519287
7337.438965	-70.055656
7338.784790	-69.545403
7340.130615	-69.002213
7341.476440	-70.532295
7342.822266	-69.700188
7344.168091	-68.795197
7345.513916	-69.964043
7346.859741	-71.569717
7348.205566	-69.910500
7349.551392	-70.616920
7350.897217	-71.130798
7352.243042	-69.511391
7353.588867	-70.183334
7354.934692	-69.148788
7356.280518	-70.133026
7357.626343	-70.138199
7358.972168	-70.083443
7360.317993	-69.272919
7361.663818	-70.131882
7363.009644	-69.182396
7364.355469	-69.365494
7365.701294	-69.745445
7367.047119	-70.155823
7368.392944	-70.191330
7369.738770	-69.724915
7371.084595	-69.923904
7372.430420	-69.289284
7373.776245	-68.745995
7375.122070	-69.272606
7376.467896	-68.827011
7377.813721	-68.218765
7379.159546	-68.867111
7380.505371	-69.208679
7381.851196	-69.470543
7383.197021	-68.470184
7384.542847	-68.872437
7385.888672	-69.524979
7387.234497	-68.879845
7388.580322	-68.672424
7389.926147	-69.118179
7391.271973	-69.049431
7392.617798	-68.565994
7393.963623	-68.134827
7395.309448	-68.778595
7396.655273	-68.592674
7398.001099	-69.081093
7399.346924	-68.628242
7400.692749	-67.882851
7402.038574	-67.481567
7403.384399	-68.858788
7404.730225	-69.184563
7406.076050	-68.832603
7407.421875	-68.986649
7408.767700	-67.843353
7410.113525	-67.975212
7411.459351	-68.378258
7412.805176	-67.920319
7414.151001	-68.085350
7415.496826	-67.016312
7416.842651	-67.074829
7418.188477	-67.686264
7419.534302	-67.684944
7420.880127	-67.335739
7422.225952	-68.372009
7423.571777	-67.904099
7424.917603	-68.315033
7426.263428	-67.836021
7427.609253	-68.014816
7428.955078	-67.845512
7430.300903	-66.970192
7431.646729	-67.742088
7432.992554	-68.271698
7434.338379	-67.835258
7435.684204	-66.904617
7437.030029	-66.670441
7438.375854	-66.975616
7439.721680	-67.824219
7441.067505	-67.038887
7442.413330	-66.834915
7443.759155	-67.680328
7445.104980	-66.212769
7446.450806	-67.508232
7447.796631	-66.484886
7449.142456	-66.630341
7450.488281	-65.576393
7451.834106	-66.040802
7453.179932	-66.557747
7454.525757	-66.300316
7455.871582	-65.865196
7457.217407	-66.176826
7458.563232	-65.154022
7459.909058	-65.667717
7461.254883	-65.782143
7462.600708	-64.883461
7463.946533	-65.136780
7465.292358	-65.386047
7466.638184	-65.082733
7467.984009	-65.740410
7469.329834	-65.121483
7470.675659	-65.021545
7472.021484	-65.409126
7473.367310	-64.252151
7474.713135	-65.342804
7476.058960	-64.564774
7477.404785	-64.631882
7478.750610	-65.009415
7480.096436	-64.180504
7481.442261	-64.715698
7482.788086	-64.937668
7484.133911	-64.698990
7485.479736	-64.545097
7486.825562	-63.731586
7488.171387	-65.006149
7489.517212	-64.184402
7490.863037	-63.551495
7492.208862	-64.244019
7493.554688	-63.244305
7494.900513	-64.183586
7496.246338	-63.766766
7497.592163	-61.595123
7498.937988	-63.731789
7500.283813	-62.754627
7501.629639	-63.868492
7502.975464	-62.873756
7504.321289	-62.954948
7505.667114	-63.706627
7507.012939	-62.671108
7508.358765	-63.219532
7509.704590	-62.838387
7511.050415	-62.267490
7512.396240	-62.173561
7513.742065	-63.037788
7515.087891	-62.343731
7516.433716	-63.444145
7517.779541	-63.090477
7519.125366	-63.376163
7520.471191	-61.503342
7521.817017	-60.680260
7523.162842	-61.855568
7524.508667	-61.800804
7525.854492	-62.240585
7527.200317	-61.771969
7528.546143	-60.729626
7529.891968	-61.974400
7531.237793	-63.074215
7532.583618	-61.602367
7533.929443	-60.521500
7535.275269	-61.660641
7536.621094	-61.229664
7537.966919	-61.586498
7539.312744	-60.987270
7540.658569	-61.815174
7542.004395	-61.120445
7543.350220	-60.051971
7544.696045	-61.489361
7546.041870	-61.879898
7547.387695	-60.613037
7548.733521	-60.814247
7550.079346	-59.982452
7551.425171	-60.444302
7552.770996	-60.422058
7554.116821	-60.244392
7555.462646	-60.455547
7556.808472	-61.263920
7558.154297	-60.176876
7559.500122	-60.462502
7560.845947	-60.555473
7562.191772	-60.503124
7563.537598	-60.781208
7564.883423	-61.413273
7566.229248	-61.196621
7567.575073	-60.617847
7568.920898	-61.056381
7570.266724	-60.531803
7571.612549	-60.569527
7572.958374	-61.185375
7574.304199	-61.534061
7575.650024	-61.166992
7576.995850	-60.234489
7578.341675	-59.929256
7579.687500	-60.956444
7581.033325	-61.287155
7582.379150	-61.002995
7583.724976	-62.082020
7585.070801	-61.928276
7586.416626	-62.718288
7587.762451	-61.490940
7589.108276	-61.380932
7590.454102	-62.198307
7591.799927	-61.828102
7593.145752	-61.375805
7594.491577	-62.123978
7595.837402	-61.100010
7597.183228	-61.855534
7598.529053	-62.418308
7599.874878	-62.357254
7601.220703	-61.413799
7602.566528	-61.057545
7603.912354	-62.743282
7605.258179	-61.950069
7606.604004	-62.043240
7607.949829	-63.275398
7609.295654	-62.939774
7610.641479	-62.988266
7611.987305	-61.242413
7613.333130	-61.345913
7614.678955	-62.624306
7616.024780	-61.885994
7617.370605	-62.774570
7618.716431	-63.470100
7620.062256	-63.107494
7621.408081	-63.256306
7622.753906	-63.621326
7624.099731	-63.715317
7625.445557	-63.583302
7626.791382	-62.732414
7628.137207	-63.408955
7629.483032	-63.761860
7630.828857	-64.565178
7632.174683	-62.942921
7633.520508	-63.386238
7634.866333	-63.323368
7636.212158	-64.186035
7637.557983	-64.016655
7638.903809	-64.271767
7640.249634	-64.140945
7641.595459	-64.646881
7642.941284	-64.709000
7644.287109	-65.102745
7645.632935	-64.336349
7646.978760	-63.708614
7648.324585	-64.025856
7649.670410	-64.012032
7651.016235	-64.383469
7652.362061	-65.141869
7653.707886	-64.768982
7655.053711	-64.700104
7656.399536	-64.668839
7657.745361	-64.811455
7659.091187	-64.510445
7660.437012	-64.528488
7661.782837	-67.053391
7663.128662	-65.110130
7664.474487	-65.165977
7665.820312	-65.900795
7667.166138	-67.074799
7668.511963	-65.542267
7669.857788	-64.646568
7671.203613	-65.884201
7672.549438	-64.944618
7673.895264	-65.780167
7675.241089	-65.513603
7676.586914	-67.353477
7677.932739	-66.520256
7679.278564	-66.119926
7680.624390	-65.506493
7681.970215	-65.744812
7683.316040	-65.292107
7684.661865	-67.048889
7686.007690	-66.696442
7687.353516	-66.587502
7688.699341	-66.371712
7690.045166	-66.212708
7691.390991	-66.313385
7692.736816	-66.344353
7694.082642	-66.049957
7695.428467	-65.823082
7696.774292	-66.261169
7698.120117	-66.716980
7699.465942	-66.432541
7700.811768	-66.475380
7702.157593	-67.019447
7703.503418	-67.458351
7704.849243	-66.013771
7706.195068	-67.011589
7707.540894	-66.904678
7708.886719	-67.043205
7710.232544	-65.996506
7711.578369	-67.676369
7712.924194	-67.391663
7714.270020	-66.822525
7715.615845	-66.995087
7716.961670	-66.491280
7718.307495	-66.510887
7719.653320	-66.850143
7720.999146	-68.141602
7722.344971	-68.866928
7723.690796	-67.956375
7725.036621	-66.750801
7726.382446	-67.113823
7727.728271	-67.496796
7729.074097	-66.504829
7730.419922	-67.127258
7731.765747	-67.404495
7733.111572	-67.421371
7734.457397	-67.731659
7735.803223	-67.297043
7737.149048	-66.534004
7738.494873	-65.976479
7739.840698	-67.548546
7741.186523	-68.071152
7742.532349	-68.239792
7743.878174	-67.933205
7745.223999	-68.019005
7746.569824	-67.697563
7747.915649	-67.881821
7749.261475	-67.667839
7750.607300	-66.735291
7751.953125	-68.814964
7753.298950	-67.503616
7754.644775	-67.224731
7755.990601	-67.830788
7757.336426	-67.509850
7758.682251	-67.513657
7760.028076	-68.006844
7761.373901	-67.383339
7762.719727	-68.389809
7764.065552	-68.772621
7765.411377	-67.505608
7766.757202	-68.087746
7768.103027	-68.244446
7769.448853	-68.466400
7770.794678	-69.155479
7772.140503	-67.306335
7773.486328	-67.940292
7774.832153	-67.242302
7776.177979	-67.722389
7777.523804	-68.386597
7778.869629	-67.311813
7780.215454	-68.110374
7781.561279	-68.436363
7782.907104	-68.347641
7784.252930	-68.091568
7785.598755	-67.760490
7786.944580	-68.472771
7788.290405	-68.644302
7789.636230	-68.148033
7790.982056	-67.389328
7792.327881	-68.113953
7793.673706	-68.218048
7795.019531	-68.324203
7796.365356	-67.656761
7797.711182	-67.603432
7799.057007	-67.766876
7800.402832	-67.889458
7801.748657	-67.498314
7803.094482	-69.331497
7804.440308	-68.480713
7805.786133	-68.743935
7807.131958	-68.780647
7808.477783	-67.703735
7809.823608	-68.345337
7811.169434	-68.368538
7812.515259	-68.450951
7813.861084	-68.379478
7815.206909	-67.829468
7816.552734	-69.465881
7817.898560	-69.053207
7819.244385	-67.942993
7820.590210	-68.221497
7821.936035	-68.433174
7823.281860	-68.056313
7824.627686	-69.309822
7825.973511	-67.052391
7827.319336	-68.435127
7828.665161	-69.763298
7830.010986	-68.101357
7831.356812	-67.443138
7832.702637	-67.811470
7834.048462	-68.971054
7835.394287	-67.437149
7836.740112	-67.805817
7838.085938	-68.364098
7839.431763	-69.262878
7840.777588	-68.255470
7842.123413	-68.024498
7843.469238	-67.908257
7844.815063	-68.415558
7846.160889	-68.716194
7847.506714	-67.683548
7848.852539	-68.409409
7850.198364	-67.735779
7851.544189	-68.032188
7852.890015	-68.655907
7854.235840	-67.529030
7855.581665	-66.604622
7856.927490	-67.851135
7858.273315	-68.099792
7859.619141	-67.616119
7860.964966	-67.804443
7862.310791	-68.623802
7863.656616	-69.647011
7865.002441	-68.031021
7866.348267	-67.225151
7867.694092	-67.898880
7869.039917	-67.884018
7870.385742	-67.641335
7871.731567	-68.212776
7873.077393	-66.918465
7874.423218	-67.795181
7875.769043	-66.881981
7877.114868	-67.490013
7878.460693	-67.138107
7879.806519	-68.213127
7881.152344	-67.462555
7882.498169	-67.937019
7883.843994	-69.359756
7885.189819	-67.170349
7886.535645	-67.447906
7887.881470	-67.540504
7889.227295	-66.991783
7890.573120	-65.956551
7891.918945	-67.759560
7893.264771	-68.476097
7894.610596	-67.944252
7895.956421	-67.012566
7897.302246	-67.784737
7898.648071	-67.099319
7899.993896	-66.725838
7901.339722	-66.857674
7902.685547	-68.614883
7904.031372	-67.211967
7905.377197	-66.615021
7906.723022	-67.209053
7908.068848	-67.938698
7909.414673	-66.872192
7910.760498	-65.685059
7912.106323	-66.499283
7913.452148	-67.585747
7914.797974	-66.293221
7916.143799	-65.577026
7917.489624	-68.101654
7918.835449	-66.134499
7920.181274	-67.341164
7921.527100	-65.770653
7922.872925	-66.731285
7924.218750	-66.301872
7925.564575	-66.218559
7926.910400	-66.495041
7928.256226	-66.678146
7929.602051	-66.805168
7930.947876	-65.515770
7932.293701	-65.841476
7933.639526	-66.740189
7934.985352	-66.527626
7936.331177	-66.603691
7937.677002	-66.515213
7939.022827	-66.790382
7940.368652	-65.802124
7941.714478	-66.688934
7943.060303	-66.034424
7944.406128	-66.399803
7945.751953	-66.507652
7947.097778	-67.209724
7948.443604	-66.406914
7949.789429	-65.263153
7951.135254	-65.960037
7952.481079	-65.577271
7953.826904	-67.511856
7955.172729	-65.816261
7956.518555	-66.566750
7957.864380	-65.401558
7959.210205	-66.075050
7960.556030	-65.176506
7961.901855	-65.486496
7963.247681	-65.745735
7964.593506	-64.950630
7965.939331	-66.279320
7967.285156	-66.100098
7968.630981	-65.423950
7969.976807	-65.118607
7971.322632	-63.985249
7972.668457	-64.579285
7974.014282	-64.859337
7975.360107	-65.426353
7976.705933	-64.874802
7978.051758	-64.249397
7979.397583	-65.286919
7980.743408	-65.258461
7982.089233	-64.637634
7983.435059	-64.260033
7984.780884	-65.859871
7986.126709	-64.987419
7987.472534	-64.577484
7988.818359	-64.048172
7990.164185	-63.938168
7991.510010	-65.188614
7992.855835	-64.297897
7994.201660	-63.444950
7995.547485	-64.562149
7996.893311	-64.038223
7998.239136	-63.400932
7999.584961	-64.486977
8000.930786	-64.085381
8002.276611	-63.284012
8003.622437	-64.171188
8004.968262	-63.098751
8006.314087	-63.635677
8007.659912	-64.510803
8009.005737	-63.992805
8010.351562	-63.499825
8011.697388	-63.667049
8013.043213	-63.169647
8014.389038	-63.038380
8015.734863	-63.958378
8017.080688	-62.971333
8018.426514	-62.772888
8019.772339	-63.787170
8021.118164	-63.270538
8022.463989	-64.748047
8023.809814	-64.176468
8025.155640	-63.705452
8026.501465	-62.305058
8027.847290	-63.896755
8029.193115	-62.335178
8030.538940	-62.375080
8031.884766	-62.780651
8033.230591	-63.160145
8034.576416	-62.379749
8035.922241	-61.665215
8037.268066	-62.445747
8038.613892	-61.519547
8039.959717	-62.250687
8041.305542	-63.004562
8042.651367	-63.286362
8043.997192	-63.034653
8045.343018	-61.533138
8046.688843	-61.382633
8048.034668	-61.366989
8049.380493	-62.317924
8050.726318	-61.603828
8052.072144	-62.065182
8053.417969	-61.053879
8054.763794	-60.556271
8056.109619	-62.226814
8057.455444	-61.013203
8058.801270	-61.267941
8060.147095	-60.518845
8061.492920	-60.577835
8062.838745	-61.251408
8064.184570	-61.550816
8065.530396	-60.853802
8066.876221	-60.830513
8068.222046	-59.122395
8069.567871	-60.486446
8070.913696	-60.869186
8072.259521	-61.330128
8073.605347	-60.074963
8074.951172	-60.972466
8076.296997	-60.065880
8077.642822	-60.458012
8078.988647	-61.326675
8080.334473	-59.504726
8081.680298	-59.815948
8083.026123	-59.128258
8084.371948	-59.560883
8085.717773	-60.140221
8087.063599	-59.068092
8088.409424	-59.227734
8089.755249	-58.505497
8091.101074	-60.670563
8092.446899	-59.187832
8093.792725	-59.494808
8095.138550	-59.784191
8096.484375	-59.679287
8097.830200	-59.140247
8099.176025	-59.694294
8100.521851	-58.900162
8101.867676	-58.604092
8103.213501	-58.466030
8104.559326	-58.185650
8105.905151	-59.441071
8107.250977	-58.964024
8108.596802	-58.065216
8109.942627	-58.604298
8111.288452	-58.645191
8112.634277	-58.293667
8113.980103	-58.674095
8115.325928	-58.606628
8116.671753	-57.514507
8118.017578	-58.591259
8119.363403	-58.089199
8120.709229	-58.275696
8122.055054	-57.947060
8123.400879	-57.865173
8124.746704	-58.077694
8126.092529	-57.598011
8127.438354	-59.056816
8128.784180	-58.920010
8130.130005	-57.140064
8131.475830	-58.769035
8132.821655	-58.392902
8134.167480	-59.132668
8135.513306	-57.551323
8136.859131	-57.569328
8138.204956	-58.190178
8139.550781	-57.947601
8140.896606	-57.936035
8142.242432	-58.665550
8143.588257	-58.784943
8144.934082	-57.645908
8146.279907	-58.294922
8147.625732	-57.591400
8148.971558	-58.358341
8150.317383	-57.976593
8151.663208	-59.395290
8153.009033	-58.256344
8154.354858	-58.139965
8155.700684	-57.555176
8157.046509	-58.782639
8158.392334	-57.952805
8159.738159	-57.910435
8161.083984	-58.614361
8162.429810	-58.487247
8163.775635	-59.240097
8165.121460	-59.670135
8166.467285	-59.239738
8167.813110	-59.829403
8169.158936	-59.982479
8170.504761	-59.057198
8171.850586	-59.581512
8173.196411	-60.497845
8174.542236	-60.095516
8175.888062	-58.991966
8177.233887	-59.729214
8178.579712	-60.344330
8179.925537	-59.812542
8181.271362	-59.744282
8182.617188	-59.091438
8183.963013	-60.175274
8185.308838	-60.215988
8186.654663	-58.000484
8188.000488	-59.863823
8189.346313	-59.718571
8190.692139	-59.855457
8192.037964	-59.383358
8193.383789	-60.348709
8194.729614	-59.841873
8196.075439	-59.913113
8197.421265	-60.242821
8198.767090	-59.593143
8200.112915	-59.811123
8201.458740	-60.761707
8202.804565	-60.600945
8204.150391	-61.568073
8205.496216	-60.507534
8206.842041	-59.950596
8208.187866	-59.411194
8209.533691	-60.966316
8210.879517	-61.759075
8212.225342	-62.279488
8213.571167	-60.318707
8214.916992	-60.813011
8216.262817	-61.195675
8217.608643	-60.529278
8218.954468	-61.866898
8220.300293	-62.016174
8221.646118	-61.803329
8222.991943	-60.493828
8224.337769	-61.308865
8225.683594	-62.513168
8227.029419	-61.399670
8228.375244	-61.521168
8229.721069	-61.828594
8231.066895	-60.144722
8232.412720	-61.990204
8233.758545	-61.616745
8235.104370	-62.677834
8236.450195	-62.771317
8237.796021	-61.963223
8239.141846	-61.844082
8240.487671	-62.850143
8241.833496	-63.906937
8243.179321	-62.476921
8244.525146	-62.007557
8245.870972	-62.284412
8247.216797	-62.871346
8248.562622	-61.876682
8249.908447	-61.967495
8251.254272	-62.096859
8252.600098	-61.972412
8253.945923	-63.247772
8255.291748	-62.851803
8256.637573	-63.584576
8257.983398	-62.731400
8259.329224	-63.228985
8260.675049	-63.189323
8262.020874	-63.608887
8263.366699	-63.165096
8264.712524	-63.280617
8266.058350	-63.146339
8267.404175	-65.326347
8268.750000	-63.977757
8270.095825	-63.471584
8271.441650	-63.336552
8272.787476	-62.489323
8274.133301	-63.763012
8275.479126	-64.185219
8276.824951	-64.450401
8278.170776	-62.350689
8279.516602	-63.337524
8280.862427	-62.537224
8282.208252	-63.041435
8283.554077	-64.461159
8284.899902	-64.334259
8286.245728	-62.972496
8287.591553	-64.020836
8288.937378	-64.631187
8290.283203	-62.708370
8291.629028	-63.344460
8292.974854	-63.420780
8294.320679	-64.248802
8295.666504	-63.144062
8297.012329	-63.588688
8298.358154	-63.165981
8299.703979	-64.134254
8301.049805	-64.025948
8302.395630	-64.406769
8303.741455	-65.051292
8305.087280	-63.834316
8306.433105	-64.472588
8307.778931	-64.661331
8309.124756	-64.210068
8310.470581	-64.303383
8311.816406	-64.532036
8313.162231	-63.908638
8314.508057	-64.388954
8315.853882	-64.036057
8317.199707	-63.704575
8318.545532	-64.723824
8319.891357	-64.575081
8321.237183	-65.000397
8322.583008	-64.847115
8323.928833	-63.735340
8325.274658	-64.189209
8326.620483	-62.776611
8327.966309	-63.483116
8329.312134	-63.950260
8330.657959	-64.222588
8332.003784	-63.795433
8333.349609	-64.256729
8334.695435	-65.529526
8336.041260	-63.619621
8337.387085	-64.345490
8338.732910	-64.042343
8340.078735	-64.128441
8341.424561	-64.410118
8342.770386	-64.185158
8344.116211	-64.228577
8345.462036	-64.449249
8346.807861	-64.957253
8348.153687	-64.910851
8349.499512	-63.891697
8350.845337	-64.503174
8352.191162	-64.662590
8353.536987	-63.807285
8354.882812	-64.544014
8356.228638	-65.196053
8357.574463	-63.860870
8358.920288	-63.454681
8360.266113	-64.192558
8361.611938	-64.135063
8362.957764	-64.170235
8364.303589	-63.655266
8365.649414	-62.950550
8366.995239	-64.019302
8368.341064	-65.416779
8369.686890	-64.953873
8371.032715	-64.060753
8372.378540	-65.015961
8373.724365	-64.897423
8375.070190	-65.012344
8376.416016	-64.658897
8377.761841	-63.653191
8379.107666	-64.916122
8380.453491	-64.656647
8381.799316	-64.089844
8383.145142	-63.973217
8384.490967	-63.936260
8385.836792	-63.823429
8387.182617	-64.794205
8388.528442	-64.253517
8389.874268	-64.273499
8391.220093	-63.652596
8392.565918	-63.869267
8393.911743	-65.148834
8395.257568	-64.667023
8396.603394	-64.657059
8397.949219	-64.259048
8399.295044	-64.656876
8400.640869	-64.131523
8401.986694	-63.164230
8403.332520	-63.721100
8404.678345	-64.880180
8406.024170	-66.166679
8407.369995	-65.081833
8408.715820	-65.199448
8410.061646	-64.717010
8411.407471	-64.329102
8412.753296	-62.953259
8414.099121	-64.829201
8415.444946	-64.614609
8416.790771	-63.526558
8418.136597	-63.915325
8419.482422	-64.380196
8420.828247	-64.242012
8422.174072	-63.321823
8423.519897	-63.387531
8424.865723	-63.901688
8426.211548	-65.006676
8427.557373	-63.798008
8428.903198	-64.075050
8430.249023	-63.180893
8431.594849	-62.969456
8432.940674	-63.712357
8434.286499	-63.712734
8435.632324	-64.968788
8436.978149	-63.362118
8438.323975	-62.925617
8439.669800	-63.924957
8441.015625	-64.618645
8442.361450	-64.277672
8443.707275	-63.895702
8445.053101	-64.009277
8446.398926	-63.775188
8447.744751	-63.083996
8449.090576	-62.813908
8450.436401	-63.615601
8451.782227	-64.048683
8453.128052	-63.747478
8454.473877	-63.595940
8455.819702	-63.959202
8457.165527	-64.519730
8458.511353	-63.726208
8459.857178	-64.011192
8461.203003	-64.017525
8462.548828	-63.748436
8463.894653	-64.376808
8465.240479	-63.866413
8466.586304	-63.584728
8467.932129	-63.706966
8469.277954	-63.387951
8470.623779	-63.258877
8471.969604	-63.447964
8473.315430	-62.770439
8474.661255	-63.017876
8476.007080	-63.370651
8477.352905	-62.422768
8478.698730	-63.770340
8480.044556	-63.546097
8481.390381	-64.281647
8482.736206	-62.860012
8484.082031	-63.205986
8485.427856	-64.121323
8486.773682	-63.596706
8488.119507	-63.854645
8489.465332	-63.053364
8490.811157	-63.259583
8492.156982	-62.070133
8493.502808	-62.437157
8494.848633	-62.536869
8496.194458	-63.595310
8497.540283	-63.008041
8498.886108	-62.299938
8500.231934	-61.841656
8501.577759	-61.771217
8502.923584	-63.077328
8504.269409	-63.597084
8505.615234	-62.560562
8506.961060	-62.628357
8508.306885	-61.926182
8509.652710	-61.629795
8510.998535	-62.438843
8512.344360	-61.451000
8513.690186	-61.641399
8515.036011	-61.802784
8516.381836	-62.036499
8517.727661	-62.056496
8519.073486	-62.274658
8520.419312	-61.589207
8521.765137	-62.515163
8523.110962	-62.366714
8524.456787	-61.220875
8525.802612	-61.762775
8527.148438	-60.540104
8528.494263	-62.347778
8529.840088	-61.350986
8531.185913	-61.862968
8532.531738	-60.509686
8533.877563	-62.432766
8535.223389	-60.149899
8536.569214	-61.064098
8537.915039	-60.735912
8539.260864	-60.512470
8540.606689	-61.642891
8541.952515	-61.137566
8543.298340	-60.667278
8544.644165	-60.064495
8545.989990	-60.905617
8547.335815	-60.448708
8548.681641	-60.843445
8550.027466	-60.239113
8551.373291	-60.979301
8552.719116	-60.583710
8554.064941	-60.552586
8555.410767	-59.948772
8556.756592	-60.486076
8558.102417	-61.052856
8559.448242	-60.395538
8560.794067	-60.094967
8562.139893	-59.652191
8563.485718	-60.503952
8564.831543	-59.975861
8566.177368	-59.800968
8567.523193	-60.225628
8568.869019	-60.983524
8570.214844	-60.485420
8571.560669	-59.915310
8572.906494	-59.772514
8574.252319	-58.840359
8575.598145	-59.855865
8576.943970	-61.283089
8578.289795	-60.220276
8579.635620	-58.945820
8580.981445	-59.351326
8582.327271	-60.077820
8583.673096	-58.591393
8585.018921	-58.504288
8586.364746	-58.653202
8587.710571	-58.176178
8589.056396	-59.346134
8590.402222	-58.047100
8591.748047	-58.927635
8593.093872	-58.225826
8594.439697	-58.236004
8595.785522	-58.466583
8597.131348	-58.029499
8598.477173	-57.943394
8599.822998	-57.709763
8601.168823	-57.117599
8602.514648	-57.984020
8603.860474	-58.690178
8605.206299	-57.707989
8606.552124	-58.503944
8607.897949	-57.008152
8609.243774	-58.543690
8610.589600	-58.152847
8611.935425	-57.540237
8613.281250	-57.259369
8614.627075	-56.801182
8615.972900	-58.171780
8617.318726	-58.019161
8618.664551	-56.683506
8620.010376	-57.234314
8621.356201	-57.703613
8622.702026	-57.426067
8624.047852	-58.204582
8625.393677	-57.441212
8626.739502	-56.460400
8628.085327	-56.512756
8629.431152	-57.327824
8630.776978	-57.684208
8632.122803	-57.064991
8633.468628	-57.115299
8634.814453	-58.101616
8636.160278	-57.174900
8637.506104	-55.918427
8638.851929	-57.404003
8640.197754	-57.406895
8641.543579	-56.450550
8642.889404	-56.177963
8644.235229	-57.051971
8645.581055	-56.647442
8646.926880	-56.810543
8648.272705	-56.905098
8649.618530	-55.877983
8650.964355	-57.356281
8652.310181	-57.137066
8653.656006	-57.306103
8655.001831	-57.215450
8656.347656	-57.685486
8657.693481	-58.392109
8659.039307	-56.559258
8660.385132	-56.568455
8661.730957	-58.060871
8663.076782	-57.933994
8664.422607	-56.585747
8665.768433	-57.015709
8667.114258	-57.213131
8668.460083	-56.878078
8669.805908	-58.106274
8671.151733	-56.762676
8672.497559	-57.084034
8673.843384	-57.124409
8675.189209	-58.207661
8676.535034	-57.886421
8677.880859	-56.426781
8679.226685	-56.434288
8680.572510	-57.536861
8681.918335	-57.473236
8683.264160	-57.569653
8684.609985	-56.900578
8685.955811	-59.019466
8687.301636	-57.272003
8688.647461	-57.609642
8689.993286	-57.502041
8691.339111	-57.876446
8692.684937	-56.963135
8694.030762	-58.830376
8695.376587	-58.606983
8696.722412	-58.471207
8698.068237	-58.373035
8699.414062	-57.652504
8700.759888	-59.061958
8702.105713	-59.833729
8703.451538	-59.878819
8704.797363	-58.593945
8706.143188	-58.273788
8707.489014	-59.082001
8708.834839	-60.635643
8710.180664	-59.296875
8711.526489	-59.682579
8712.872314	-60.218639
8714.218140	-58.569695
8715.563965	-59.326344
8716.909790	-59.174362
8718.255615	-61.336964
8719.601440	-60.298233
8720.947266	-60.519741
8722.293091	-59.036442
8723.638916	-59.206520
8724.984741	-59.412891
8726.330566	-59.564308
8727.676392	-58.818104
8729.022217	-59.587574
8730.368042	-59.837784
8731.713867	-60.036850
8733.059692	-59.548115
8734.405518	-59.887009
8735.751343	-59.491852
8737.097168	-59.177116
8738.442993	-59.814426
8739.788818	-59.561157
8741.134644	-60.571899
8742.480469	-61.453243
8743.826294	-60.742104
8745.172119	-59.806461
8746.517944	-59.572601
8747.863770	-60.960354
8749.209595	-59.307167
8750.555420	-60.676353
8751.901245	-60.097610
8753.247070	-61.189034
8754.592896	-61.568687
8755.938721	-60.712090
8757.284546	-60.712749
8758.630371	-60.907921
8759.976196	-61.236622
8761.322021	-60.565048
8762.667847	-60.305237
8764.013672	-61.374748
8765.359497	-60.697403
8766.705322	-61.930180
8768.051147	-61.346977
8769.396973	-60.230770
8770.742798	-61.031181
8772.088623	-60.991806
8773.434448	-62.323547
8774.780273	-61.781540
8776.126099	-61.299480
8777.471924	-61.729694
8778.817749	-62.444630
8780.163574	-61.573158
8781.509399	-61.161854
8782.855225	-61.411911
8784.201050	-61.975704
8785.546875	-61.737991
8786.892700	-60.735771
8788.238525	-61.478176
8789.584351	-61.355934
8790.930176	-60.930798
8792.276001	-62.230515
8793.621826	-61.868103
8794.967651	-61.806267
8796.313477	-62.588329
8797.659302	-62.164314
8799.005127	-61.966564
8800.350952	-61.595837
8801.696777	-62.522766
8803.042603	-62.174789
8804.388428	-61.552811
8805.734253	-63.320774
8807.080078	-63.665928
8808.425903	-61.935467
8809.771729	-62.937904
8811.117554	-62.489777
8812.463379	-61.995079
8813.809204	-63.694225
8815.155029	-60.996979
8816.500854	-62.781113
8817.846680	-62.205933
8819.192505	-62.322796
8820.538330	-62.458984
8821.884155	-62.125790
8823.229980	-62.203926
8824.575806	-62.704990
8825.921631	-63.373306
8827.267456	-62.743061
8828.613281	-62.419907
8829.959106	-63.028187
8831.304932	-62.736149
8832.650757	-63.625465
8833.996582	-63.773132
8835.342407	-63.306561
8836.688232	-63.297165
8838.034058	-61.958771
8839.379883	-62.601612
8840.725708	-62.032852
8842.071533	-62.023266
8843.417358	-63.641010
8844.763184	-62.667347
8846.109009	-62.555592
8847.454834	-62.813984
8848.800659	-62.494785
8850.146484	-62.964539
8851.492310	-63.161686
8852.838135	-63.004013
8854.183960	-62.738022
8855.529785	-62.726810
8856.875610	-63.160275
8858.221436	-62.762516
8859.567261	-62.608425
8860.913086	-63.443851
8862.258911	-63.172409
8863.604736	-63.074150
8864.950562	-62.476391
8866.296387	-63.523052
8867.642212	-62.596622
8868.988037	-62.848263
8870.333862	-62.420116
8871.679688	-62.182907
8873.025513	-62.487923
8874.371338	-61.991615
8875.717163	-62.855915
8877.062988	-63.045940
8878.408813	-63.477024
8879.754639	-61.873962
8881.100464	-62.332817
8882.446289	-63.208294
8883.792114	-62.594402
8885.137939	-62.445831
8886.483765	-63.382233
8887.829590	-63.969940
8889.175415	-63.002819
8890.521240	-62.241707
8891.867065	-63.941685
8893.212891	-63.908249
8894.558716	-63.125008
8895.904541	-63.339462
8897.250366	-63.409992
8898.596191	-63.604843
8899.942017	-63.717762
8901.287842	-61.138088
8902.633667	-63.699631
8903.979492	-62.426727
8905.325317	-63.468975
8906.671143	-63.065235
8908.016968	-63.307804
8909.362793	-62.964565
8910.708618	-61.738701
8912.054443	-61.792591
8913.400269	-62.125622
8914.746094	-62.993183
8916.091919	-61.864437
8917.437744	-61.527943
8918.783569	-61.790920
8920.129395	-62.017059
8921.475220	-63.230900
8922.821045	-63.032394
8924.166870	-63.313442
8925.512695	-62.218094
8926.858521	-63.094173
8928.204346	-63.005089
8929.550171	-61.774673
8930.895996	-62.380821
8932.241821	-62.218464
8933.587646	-62.034462
8934.933472	-62.964245
8936.279297	-62.253239
8937.625122	-63.473133
8938.970947	-62.471420
8940.316772	-62.636002
8941.662598	-62.083672
8943.008423	-61.786289
8944.354248	-61.701588
8945.700073	-63.075203
8947.045898	-61.802414
8948.391724	-61.787811
8949.737549	-61.900219
8951.083374	-62.277637
8952.429199	-63.120747
8953.775024	-61.372955
8955.120850	-62.105179
8956.466675	-60.985527
8957.812500	-62.446213
8959.158325	-61.193008
8960.504150	-63.672981
8961.849976	-61.876839
8963.195801	-61.631474
8964.541626	-62.008892
8965.887451	-62.619118
8967.233276	-61.595966
8968.579102	-62.483265
8969.924927	-62.353600
8971.270752	-61.466099
8972.616577	-62.046207
8973.962402	-61.624378
8975.308228	-61.858887
8976.654053	-62.450584
8977.999878	-61.358177
8979.345703	-61.886112
8980.691528	-62.682713
8982.037354	-61.986595
8983.383179	-62.289585
8984.729004	-63.128338
8986.074829	-62.223049
8987.420654	-61.410469
8988.766479	-61.486893
8990.112305	-60.615906
8991.458130	-60.849209
8992.803955	-61.368347
8994.149780	-62.398304
8995.495605	-60.760227
8996.841431	-61.230782
8998.187256	-60.812309
8999.533081	-62.468433
9000.878906	-60.605759
9002.224731	-61.999489
9003.570557	-62.332764
9004.916382	-60.439224
9006.262207	-61.783504
9007.608032	-62.783417
9008.953857	-62.594688
9010.299683	-60.607109
9011.645508	-61.482212
9012.991333	-61.108860
9014.337158	-61.210052
9015.682983	-61.209602
9017.028809	-61.668869
9018.374634	-62.829281
9019.720459	-62.352901
9021.066284	-61.587086
9022.412109	-61.149925
9023.757935	-61.286636
9025.103760	-60.666077
9026.449585	-61.017048
9027.795410	-61.752380
9029.141235	-61.549042
9030.487061	-60.932590
9031.832886	-61.571053
9033.178711	-60.718742
9034.524536	-61.136429
9035.870361	-62.198963
9037.216187	-61.752407
9038.562012	-61.339756
9039.907837	-61.708733
9041.253662	-61.910709
9042.599487	-60.281666
9043.945312	-60.891628
9045.291138	-61.642849
9046.636963	-61.247871
9047.982788	-61.812305
9049.328613	-60.608616
9050.674438	-61.165333
9052.020264	-60.635254
9053.366089	-61.652256
9054.711914	-62.628620
9056.057739	-60.923599
9057.403564	-60.694748
9058.749390	-61.421371
9060.095215	-60.511600
9061.441040	-62.084068
9062.786865	-61.691429
9064.132690	-60.827206
9065.478516	-62.076187
9066.824341	-60.630707
9068.170166	-60.735165
9069.515991	-62.267391
9070.861816	-62.282623
9072.207642	-62.097042
9073.553467	-61.007607
9074.899292	-60.810993
9076.245117	-60.809963
9077.590942	-61.851189
9078.936768	-61.914360
9080.282593	-61.968033
9081.628418	-61.210442
9082.974243	-61.291294
9084.320068	-62.001732
9085.665894	-61.636810
9087.011719	-60.670765
9088.357544	-61.297966
9089.703369	-61.014961
9091.049194	-61.474323
9092.395020	-62.249794
9093.740845	-61.622356
9095.086670	-61.436058
9096.432495	-62.814014
9097.778320	-62.402096
9099.124146	-63.370419
9100.469971	-62.188667
9101.815796	-62.419510
9103.161621	-61.761539
9104.507446	-61.618977
9105.853271	-62.103760
9107.199097	-62.240047
9108.544922	-62.137573
9109.890747	-62.054256
9111.236572	-61.787449
9112.582397	-63.225941
9113.928223	-61.517242
9115.274048	-62.249435
9116.619873	-62.397861
9117.965698	-62.062248
9119.311523	-63.472576
9120.657349	-63.407654
9122.003174	-63.519840
9123.348999	-62.791965
9124.694824	-61.766960
9126.040649	-63.327679
9127.386475	-63.011143
9128.732300	-62.965141
9130.078125	-63.030540
9131.423950	-62.629395
9132.769775	-63.577599
9134.115601	-63.639442
9135.461426	-62.832932
9136.807251	-63.488461
9138.153076	-63.298779
9139.498901	-63.887058
9140.844727	-62.601189
9142.190552	-63.797581
9143.536377	-62.866512
9144.882202	-63.258789
9146.228027	-63.809399
9147.573853	-63.546028
9148.919678	-63.329895
9150.265503	-64.690773
9151.611328	-63.765396
9152.957153	-64.269669
9154.302979	-63.675274
9155.648804	-64.299667
9156.994629	-63.001507
9158.340454	-63.824070
9159.686279	-62.981998
9161.032104	-63.463646
9162.377930	-63.696980
9163.723755	-63.572540
9165.069580	-63.309307
9166.415405	-64.462944
9167.761230	-63.877632
9169.107056	-64.285240
9170.452881	-64.079262
9171.798706	-64.716133
9173.144531	-64.827957
9174.490356	-64.309082
9175.836182	-63.928101
9177.182007	-63.804096
9178.527832	-66.070557
9179.873657	-64.573067
9181.219482	-65.058456
9182.565308	-66.151474
9183.911133	-65.067230
9185.256958	-65.507912
9186.602783	-65.825829
9187.948608	-65.650681
9189.294434	-66.130241
9190.640259	-65.757103
9191.986084	-65.095390
9193.331909	-65.452026
9194.677734	-65.734665
9196.023560	-65.956818
9197.369385	-65.843689
9198.715210	-66.814629
9200.061035	-65.686325
9201.406860	-64.509033
9202.752686	-65.727036
9204.098511	-64.881706
9205.444336	-65.404793
9206.790161	-65.491180
9208.135986	-66.150566
9209.481812	-64.856728
9210.827637	-65.408058
9212.173462	-66.706543
9213.519287	-65.974358
9214.865112	-66.086823
9216.210938	-65.797775
9217.556763	-65.510048
9218.902588	-65.644592
9220.248413	-66.962303
9221.594238	-67.089684
9222.940063	-66.309608
9224.285889	-65.540009
9225.631714	-66.093307
9226.977539	-66.629707
9228.323364	-65.976685
9229.669189	-65.674881
9231.015015	-67.330429
9232.360840	-66.500229
9233.706665	-66.869560
9235.052490	-66.099617
9236.398315	-66.448608
9237.744141	-66.646881
9239.089966	-65.998329
9240.435791	-65.920509
9241.781616	-66.048676
9243.127441	-67.292320
9244.473267	-66.762085
9245.819092	-66.977974
9247.164917	-66.114250
9248.510742	-67.490364
9249.856567	-66.983177
9251.202393	-66.254036
9252.548218	-67.893456
9253.894043	-66.928619
9255.239868	-67.070747
9256.585693	-66.728485
9257.931519	-67.311516
9259.277344	-67.720032
9260.623169	-67.301788
9261.968994	-67.887161
9263.314819	-67.561028
9264.660645	-67.955826
9266.006470	-67.317360
9267.352295	-67.434128
9268.698120	-67.464058
9270.043945	-68.956581
9271.389771	-65.812355
9272.735596	-67.281952
9274.081421	-67.508858
9275.427246	-67.764511
9276.773071	-68.328888
9278.118896	-66.924728
9279.464722	-67.516403
9280.810547	-68.003548
9282.156372	-66.960854
9283.502197	-67.671997
9284.848022	-66.991699
9286.193848	-67.614815
9287.539673	-67.940811
9288.885498	-69.451660
9290.231323	-67.316109
9291.577148	-67.658081
9292.922974	-66.687729
9294.268799	-67.113792
9295.614624	-68.255058
9296.960449	-67.457291
9298.306274	-67.416763
9299.652100	-68.931854
9300.997925	-67.696106
9302.343750	-67.303894
9303.689575	-67.199287
9305.035400	-68.955933
9306.381226	-67.713676
9307.727051	-67.686760
9309.072876	-67.949646
9310.418701	-66.828537
9311.764526	-67.334831
9313.110352	-68.616943
9314.456177	-67.615273
9315.802002	-67.943695
9317.147827	-68.411095
9318.493652	-68.366089
9319.839478	-68.098206
9321.185303	-67.814629
9322.531128	-68.176567
9323.876953	-67.715912
9325.222778	-67.272430
9326.568604	-67.025764
9327.914429	-67.665581
9329.260254	-68.053368
9330.606079	-67.922447
9331.951904	-67.197540
9333.297729	-68.351433
9334.643555	-68.397850
9335.989380	-67.934219
9337.335205	-68.221237
9338.681030	-69.038994
9340.026855	-67.413010
9341.372681	-67.907013
9342.718506	-68.423080
9344.064331	-69.006386
9345.410156	-68.896370
9346.755981	-68.105309
9348.101807	-68.501991
9349.447632	-68.506577
9350.793457	-67.460060
9352.139282	-68.266075
9353.485107	-69.100761
9354.830933	-67.874428
9356.176758	-68.247467
9357.522583	-67.238480
9358.868408	-68.185493
9360.214233	-67.703148
9361.560059	-68.457268
9362.905884	-68.577057
9364.251709	-68.205803
9365.597534	-66.942657
9366.943359	-67.262718
9368.289185	-67.294380
9369.635010	-68.058922
9370.980835	-67.914513
9372.326660	-67.382301
9373.672485	-68.370941
9375.018311	-67.402161
9376.364136	-67.101311
9377.709961	-68.346268
9379.055786	-68.163239
9380.401611	-67.789146
9381.747437	-69.369553
9383.093262	-68.820732
9384.439087	-67.232346
9385.784912	-67.975731
9387.130737	-67.963066
9388.476562	-67.783211
9389.822388	-67.424118
9391.168213	-68.202324
9392.514038	-68.884010
9393.859863	-67.814751
9395.205688	-67.509995
9396.551514	-67.834778
9397.897339	-66.842728
9399.243164	-67.425850
9400.588989	-67.786011
9401.934814	-67.359818
9403.280640	-67.985641
9404.626465	-68.043106
9405.972290	-66.966621
9407.318115	-67.076225
9408.663940	-66.993744
9410.009766	-68.461021
9411.355591	-68.231483
9412.701416	-67.238792
9414.047241	-67.071564
9415.393066	-66.945236
9416.738892	-68.110352
9418.084717	-67.477089
9419.430542	-67.599525
9420.776367	-66.888451
9422.122192	-66.925819
9423.468018	-67.822571
9424.813843	-68.254265
9426.159668	-67.068909
9427.505493	-67.622208
9428.851318	-67.317902
9430.197144	-67.271317
9431.542969	-67.497772
9432.888794	-68.472397
9434.234619	-68.047394
9435.580444	-67.499550
9436.926270	-67.676544
9438.272095	-67.076965
9439.617920	-67.433517
9440.963745	-66.875366
9442.309570	-66.906219
9443.655396	-67.718475
9445.001221	-67.732719
9446.347046	-67.451263
9447.692871	-66.614716
9449.038696	-66.465950
9450.384521	-66.379768
9451.730347	-66.987526
9453.076172	-67.354431
9454.421997	-67.178482
9455.767822	-65.680679
9457.113647	-67.852852
9458.459473	-67.794418
9459.805298	-66.203957
9461.151123	-66.858788
9462.496948	-66.066841
9463.842773	-66.710991
9465.188599	-66.869240
9466.534424	-67.087158
9467.880249	-67.509575
9469.226074	-67.661179
9470.571899	-67.058968
9471.917725	-67.717468
9473.263550	-66.070580
9474.609375	-66.563179
9475.955200	-67.985535
9477.301025	-67.614624
9478.646851	-66.771065
9479.992676	-66.054199
9481.338501	-66.170174
9482.684326	-66.887054
9484.030151	-65.575623
9485.375977	-66.631737
9486.721802	-66.262924
9488.067627	-66.924522
9489.413452	-67.341957
9490.759277	-67.950714
9492.105103	-66.989319
9493.450928	-66.755661
9494.796753	-66.347061
9496.142578	-67.527863
9497.488403	-67.400398
9498.834229	-66.541023
9500.180054	-66.868675
9501.525879	-67.368973
9502.871704	-67.327408
9504.217529	-67.779831
9505.563354	-67.152000
9506.909180	-66.032616
9508.255005	-66.584473
9509.600830	-66.595230
9510.946655	-66.109871
9512.292480	-66.736443
9513.638306	-67.497452
9514.984131	-65.588364
9516.329956	-65.960159
9517.675781	-67.480560
9519.021606	-67.614861
9520.367432	-65.831322
9521.713257	-66.685173
9523.059082	-67.304955
9524.404907	-67.074806
9525.750732	-67.302330
9527.096558	-67.561241
9528.442383	-67.229195
9529.788208	-67.092682
9531.134033	-67.245682
9532.479858	-67.852226
9533.825684	-67.602814
9535.171509	-67.668106
9536.517334	-66.916794
9537.863159	-67.489891
9539.208984	-67.445633
9540.554810	-66.912117
9541.900635	-68.412971
9543.246460	-67.191277
9544.592285	-67.327232
9545.938110	-68.431396
9547.283936	-67.193672
9548.629761	-67.423920
9549.975586	-69.470734
9551.321411	-68.603233
9552.667236	-67.389610
9554.013062	-68.364769
9555.358887	-68.658363
9556.704712	-69.157661
9558.050537	-68.725395
9559.396362	-69.534622
9560.742188	-69.234100
9562.088013	-67.886604
9563.433838	-68.813766
9564.779663	-67.929543
9566.125488	-69.559906
9567.471313	-69.144730
9568.817139	-67.508362
9570.162964	-69.123100
9571.508789	-70.841759
9572.854614	-70.043816
9574.200439	-70.614418
9575.546265	-69.588882
9576.892090	-70.577644
9578.237915	-69.578140
9579.583740	-69.537926
9580.929565	-70.734276
9582.275391	-70.804886
9583.621216	-70.967972
9584.967041	-70.013367
9586.312866	-70.072632
9587.658691	-69.774536
9589.004517	-70.501472
9590.350342	-70.147636
9591.696167	-70.961067
9593.041992	-70.171928
9594.387817	-70.750496
9595.733643	-70.680107
9597.079468	-71.107780
9598.425293	-71.243629
9599.771118	-71.286293
9601.116943	-70.548660
9602.462769	-71.063629
9603.808594	-70.798615
9605.154419	-71.971756
9606.500244	-72.007767
9607.846069	-71.902527
9609.191895	-70.951736
9610.537720	-71.810539
9611.883545	-71.751190
9613.229370	-72.525467
9614.575195	-72.248657
9615.921021	-71.608398
9617.266846	-72.283035
9618.612671	-71.254761
9619.958496	-71.572906
9621.304321	-72.783974
9622.650146	-71.805679
9623.995972	-73.166618
9625.341797	-71.904236
9626.687622	-72.502708
9628.033447	-72.563095
9629.379272	-72.270058
9630.725098	-72.308212
9632.070923	-72.775932
9633.416748	-72.419495
9634.762573	-72.976776
9636.108398	-72.829842
9637.454224	-73.365387
9638.800049	-73.140930
9640.145874	-72.208084
9641.491699	-73.936989
9642.837524	-73.178551
9644.183350	-73.147980
9645.529175	-73.196754
9646.875000	-73.650230
9648.220825	-73.681404
9649.566650	-73.442055
9650.912476	-73.254272
9652.258301	-73.039604
9653.604126	-73.588280
9654.949951	-73.780167
9656.295776	-73.636909
9657.641602	-74.696724
9658.987427	-74.781693
9660.333252	-74.982246
9661.679077	-73.937950
9663.024902	-74.331360
9664.370728	-74.967453
9665.716553	-74.851883
9667.062378	-73.253487
9668.408203	-74.098740
9669.754028	-74.863136
9671.099854	-74.914581
9672.445679	-75.566330
9673.791504	-75.405083
9675.137329	-74.756165
9676.483154	-75.205223
9677.828979	-75.267456
9679.174805	-75.031891
9680.520630	-75.247810
9681.866455	-75.208588
9683.212280	-74.740219
9684.558105	-74.803917
9685.903931	-74.586807
9687.249756	-75.287010
9688.595581	-75.305290
9689.941406	-76.307617
9691.287231	-75.646423
9692.633057	-75.595398
9693.978882	-75.714813
9695.324707	-75.599190
9696.670532	-77.611320
9698.016357	-75.776146
9699.362183	-75.947304
9700.708008	-74.911072
9702.053833	-76.258118
9703.399658	-76.724281
9704.745483	-76.075172
9706.091309	-76.167099
9707.437134	-76.109924
9708.782959	-77.312439
9710.128784	-74.860672
9711.474609	-75.923660
9712.820435	-77.011063
9714.166260	-77.005226
9715.512085	-76.712807
9716.857910	-76.603867
9718.203735	-77.152153
9719.549561	-76.785881
9720.895386	-75.639931
9722.241211	-77.019402
9723.587036	-76.655586
9724.932861	-76.389870
9726.278687	-77.417534
9727.624512	-77.137466
9728.970337	-76.950142
9730.316162	-75.908203
9731.661987	-76.613876
9733.007812	-76.770378
9734.353638	-77.545425
9735.699463	-77.488846
9737.045288	-77.903038
9738.391113	-77.346375
9739.736938	-77.550476
9741.082764	-77.683372
9742.428589	-78.195877
9743.774414	-76.733727
9745.120239	-78.367088
9746.466064	-77.263863
9747.811890	-77.127007
9749.157715	-77.591873
9750.503540	-79.039124
9751.849365	-77.705757
9753.195190	-77.972069
9754.541016	-78.215523
9755.886841	-78.367424
9757.232666	-78.378593
9758.578491	-78.922554
9759.924316	-78.316971
9761.270142	-78.742096
9762.615967	-78.418442
9763.961792	-78.506126
9765.307617	-77.456711
9766.653442	-78.473724
9767.999268	-78.726982
9769.345093	-78.062065
9770.690918	-78.433517
9772.036743	-78.754364
9773.382568	-77.610893
9774.728394	-77.389030
9776.074219	-78.389458
9777.420044	-78.511787
9778.765869	-78.944832
9780.111694	-78.839455
9781.457520	-78.540588
9782.803345	-79.127495
9784.149170	-77.802605
9785.494995	-78.439079
9786.840820	-78.792549
9788.186646	-78.407005
9789.532471	-79.842613
9790.878296	-78.575706
9792.224121	-78.783409
9793.569946	-78.979156
9794.915771	-79.431053
9796.261597	-79.709160
9797.607422	-79.250587
9798.953247	-79.619240
9800.299072	-78.771767
9801.644897	-78.268677
9802.990723	-79.912010
9804.336548	-79.357063
9805.682373	-79.479897
9807.028198	-79.806374
9808.374023	-80.179962
9809.719849	-78.433334
9811.065674	-79.092880
9812.411499	-80.269775
9813.757324	-79.058601
9815.103149	-80.047302
9816.448975	-79.701958
9817.794800	-79.497620
9819.140625	-78.843666
9820.486450	-80.353661
9821.832275	-79.743156
9823.178101	-79.145866
9824.523926	-80.326622
9825.869751	-80.704735
9827.215576	-78.558052
9828.561401	-79.621887
9829.907227	-79.998901
9831.253052	-80.304565
9832.598877	-80.044426
9833.944702	-79.798523
9835.290527	-79.061188
9836.636353	-79.899803
9837.982178	-80.557213
9839.328003	-80.813400
9840.673828	-80.234039
9842.019653	-80.236168
9843.365479	-80.936951
9844.711304	-79.923073
9846.057129	-79.339401
9847.402954	-79.614792
9848.748779	-79.856186
9850.094604	-79.581161
9851.440430	-80.293427
9852.786255	-80.568932
9854.132080	-79.748390
9855.477905	-80.029709
9856.823730	-79.722382
9858.169556	-80.376274
9859.515381	-79.697227
9860.861206	-80.304047
9862.207031	-80.910324
9863.552856	-80.450401
9864.898682	-80.090919
9866.244507	-80.384644
9867.590332	-80.656288
9868.936157	-80.675247
9870.281982	-80.400703
9871.627808	-79.996948
9872.973633	-79.781021
9874.319458	-80.028595
9875.665283	-79.924858
9877.011108	-80.143677
9878.356934	-79.917992
9879.702759	-79.987549
9881.048584	-81.265030
9882.394409	-80.352982
9883.740234	-80.575935
9885.086060	-80.560631
9886.431885	-80.583397
9887.777710	-80.729797
9889.123535	-80.117958
9890.469360	-80.433693
9891.815186	-81.475189
9893.161011	-80.324463
9894.506836	-80.259705
9895.852661	-80.543060
9897.198486	-80.070763
9898.544312	-80.080658
9899.890137	-79.447212
9901.235962	-80.493057
9902.581787	-80.223915
9903.927612	-80.605034
9905.273438	-80.628456
9906.619263	-79.833817
9907.965088	-80.625641
9909.310913	-79.892914
9910.656738	-79.780869
9912.002563	-79.999222
9913.348389	-79.685112
9914.694214	-79.651672
9916.040039	-80.445587
9917.385864	-80.051750
9918.731689	-80.096764
9920.077515	-79.995651
9921.423340	-79.413544
9922.769165	-80.498878
9924.114990	-79.946510
9925.460815	-80.008011
9926.806641	-80.694092
9928.152466	-79.977570
9929.498291	-79.864792
9930.844116	-80.697296
9932.189941	-80.494186
9933.535767	-80.190788
9934.881592	-80.664795
9936.227417	-80.287079
9937.573242	-80.629959
9938.919067	-80.965569
9940.264893	-79.593330
9941.610718	-80.709801
9942.956543	-80.080154
9944.302368	-79.926865
9945.648193	-79.840805
9946.994019	-80.672119
9948.339844	-79.166420
9949.685669	-80.302452
9951.031494	-80.472824
9952.377319	-79.952896
9953.723145	-79.791008
9955.068970	-80.813934
9956.414795	-80.443062
9957.760620	-80.484009
9959.106445	-81.538063
9960.452271	-79.967323
9961.798096	-80.996277
9963.143921	-79.902481
9964.489746	-80.096245
9965.835571	-80.990440
9967.181396	-81.191711
9968.527222	-79.636902
9969.873047	-79.402176
9971.218872	-80.039291
9972.564697	-79.641403
9973.910522	-79.866776
9975.256348	-79.081505
9976.602173	-79.549286
9977.947998	-79.955345
9979.293823	-79.849312
9980.639648	-79.731903
9981.985474	-79.466591
9983.331299	-79.378242
9984.677124	-79.739799
9986.022949	-79.522873
9987.368774	-79.383423
9988.714600	-79.777504
9990.060425	-79.128700
9991.406250	-79.159241
9992.752075	-78.880196
9994.097900	-79.308304
9995.443726	-79.749237
9996.789551	-79.200310
9998.135376	-79.765541
9999.481201	-80.124863
10000.827026	-79.457169
10002.172852	-78.916580
10003.518677	-79.231499
10004.864502	-78.576927
10006.210327	-79.289307
10007.556152	-80.241562
10008.901978	-79.058495
10010.247803	-78.294106
10011.593628	-78.256332
10012.939453	-78.952835
10014.285278	-78.502800
10015.631104	-80.010033
10016.976929	-78.806114
10018.322754	-79.329391
10019.668579	-80.220673
10021.014404	-78.920494
10022.360229	-78.607162
10023.706055	-79.002716
10025.051880	-80.664757
10026.397705	-79.230644
10027.743530	-79.268959
10029.089355	-79.118607
10030.435181	-79.367416
10031.781006	-79.539726
10033.126831	-79.374802
10034.472656	-78.171608
10035.818481	-79.222481
10037.164307	-79.467438
10038.510132	-80.754082
10039.855957	-79.689194
10041.201782	-79.859543
10042.547607	-79.308701
10043.893433	-79.920837
10045.239258	-79.131592
10046.585083	-79.652397
10047.930908	-79.357346
10049.276733	-79.270851
10050.622559	-79.673462
10051.968384	-80.546318
10053.314209	-79.575592
10054.660034	-79.582184
10056.005859	-80.098343
10057.351685	-79.374992
10058.697510	-79.313988
10060.043335	-79.732605
10061.389160	-79.400986
10062.734985	-78.610657
10064.080811	-80.174896
10065.426636	-79.702988
10066.772461	-78.790916
10068.118286	-81.178268
10069.464111	-81.520943
10070.809937	-79.649231
10072.155762	-80.399918
10073.501587	-81.306267
10074.847412	-80.885063
10076.193237	-80.840218
10077.539062	-79.990318
10078.884888	-80.530495
10080.230713	-80.810585
10081.576538	-80.634926
10082.922363	-80.514183
10084.268188	-81.291466
10085.614014	-81.053246
10086.959839	-81.377380
10088.305664	-81.302826
10089.651489	-81.177513
10090.997314	-80.618507
10092.343140	-82.202477
10093.688965	-82.428406
10095.034790	-82.023979
10096.380615	-81.929901
10097.726440	-81.772224
10099.072266	-82.605743
10100.418091	-82.871132
10101.763916	-82.056068
10103.109741	-83.077759
10104.455566	-82.519226
10105.801392	-82.753654
10107.147217	-83.368927
10108.493042	-82.036926
10109.838867	-82.845718
10111.184692	-82.903122
10112.530518	-82.129021
10113.876343	-81.537094
10115.222168	-82.551956
10116.567993	-84.065865
10117.913818	-83.316483
10119.259644	-84.459129
10120.605469	-85.321693
10121.951294	-84.312363
10123.297119	-84.125908
10124.642944	-84.618660
10125.988770	-85.741188
10127.334595	-85.239677
10128.680420	-84.728020
10130.026245	-86.222916
10131.372070	-84.705353
10132.717896	-85.302971
10134.063721	-84.708252
10135.409546	-86.187088
10136.755371	-84.297661
10138.101196	-85.782860
10139.447021	-84.912369
10140.792847	-86.016266
10142.138672	-85.877121
10143.484497	-85.363228
10144.830322	-86.647079
10146.176147	-86.147476
10147.521973	-86.229065
10148.867798	-87.304558
10150.213623	-86.476021
10151.559448	-85.973648
10152.905273	-86.652046
10154.251099	-87.405128
10155.596924	-87.027466
10156.942749	-86.245605
10158.288574	-87.174561
10159.634399	-86.890785
10160.980225	-87.142471
10162.326050	-87.696281
10163.671875	-88.058815
10165.017700	-87.152237
10166.363525	-87.828903
10167.709351	-88.412621
10169.055176	-89.253738
10170.401001	-88.139709
10171.746826	-88.348709
10173.092651	-88.593796
10174.438477	-89.284904
10175.784302	-89.391968
10177.130127	-89.247803
10178.475952	-88.707413
10179.821777	-89.815727
10181.167603	-89.865578
10182.513428	-89.796646
10183.859253	-89.316711
10185.205078	-89.557114
10186.550903	-88.874084
10187.896729	-89.079773
10189.242554	-90.081940
10190.588379	-89.572502
10191.934204	-91.032928
10193.280029	-90.370628
10194.625854	-89.461540
10195.971680	-89.316109
10197.317505	-89.098366
10198.663330	-90.157402
10200.009155	-89.738335
10201.354980	-91.147171
10202.700806	-90.251785
10204.046631	-90.589653
10205.392456	-90.833542
10206.738281	-91.592651
10208.084106	-89.689423
10209.429932	-90.382530
10210.775757	-91.560455
10212.121582	-91.255936
10213.467407	-90.156410
10214.813232	-91.623810
10216.159058	-91.931641
10217.504883	-91.561104
10218.850708	-91.809921
10220.196533	-91.462555
10221.542358	-91.100197
10222.888184	-90.852699
10224.234009	-91.609215
10225.579834	-91.823227
10226.925659	-92.451721
10228.271484	-91.889938
10229.617310	-92.713524
10230.963135	-92.475807
10232.308960	-91.728775
10233.654785	-91.719536
10235.000610	-92.309021
10236.346436	-92.670021
10237.692261	-92.858147
10239.038086	-92.820251
10240.383911	-92.710419
10241.729736	-92.928329
10243.075562	-92.122566
10244.421387	-93.247749
10245.767212	-92.764839
10247.113037	-92.648598
10248.458862	-93.535049
10249.804688	-94.521584
10251.150513	-93.414780
10252.496338	-93.740677
10253.842163	-92.980606
10255.187988	-94.461258
10256.533813	-93.415489
10257.879639	-93.140884
10259.225464	-94.052071
10260.571289	-93.999252
10261.917114	-92.992783
10263.262939	-93.506516
10264.608765	-94.034584
10265.954590	-93.283051
10267.300415	-93.537460
10268.646240	-94.345985
10269.992065	-94.529411
10271.337891	-94.693916
10272.683716	-93.734596
10274.029541	-94.598831
10275.375366	-93.287781
10276.721191	-93.784760
10278.067017	-94.096703
10279.412842	-94.455025
10280.758667	-94.363869
10282.104492	-94.245422
10283.450317	-94.669128
10284.796143	-94.041817
10286.141968	-94.214325
10287.487793	-95.156952
10288.833618	-94.774483
10290.179443	-94.289520
10291.525269	-95.134605
10292.871094	-95.742020
10294.216919	-95.404373
10295.562744	-94.895279
10296.908569	-95.892426
10298.254395	-95.294212
10299.600220	-94.014610
10300.946045	-96.099220
10302.291870	-94.660576
10303.637695	-94.619202
10304.983521	-95.229218
10306.329346	-95.763641
10307.675171	-94.728828
10309.020996	-95.845215
10310.366821	-95.955986
10311.712646	-95.865471
10313.058472	-95.039391
10314.404297	-95.604439
10315.750122	-95.877220
10317.095947	-95.319435
10318.441772	-95.072601
10319.787598	-95.223274
10321.133423	-95.440742
10322.479248	-96.339539
10323.825073	-94.946671
10325.170898	-94.659248
10326.516724	-96.699753
10327.862549	-96.004219
10329.208374	-96.014709
10330.554199	-96.248169
10331.900024	-96.244835
10333.245850	-96.000748
10334.591675	-95.738144
10335.937500	-95.166435
10337.283325	-95.853836
10338.629150	-96.564255
10339.974976	-96.515411
10341.320801	-96.976456
10342.666626	-96.300262
10344.012451	-96.125862
10345.358276	-96.370819
10346.704102	-95.867210
10348.049927	-95.410843
10349.395752	-96.537323
10350.741577	-95.887657
10352.087402	-96.388977
10353.433228	-95.593338
10354.779053	-96.329445
10356.124878	-97.137215
10357.470703	-96.707802
10358.816528	-96.080841
10360.162354	-96.544785
10361.508179	-96.685486
10362.854004	-96.247948
10364.199829	-95.916229
10365.545654	-96.937569
10366.891479	-96.548492
10368.237305	-96.750587
10369.583130	-96.410057
10370.928955	-96.536781
10372.274780	-96.643578
10373.620605	-96.381752
10374.966431	-97.395439
10376.312256	-96.930443
10377.658081	-96.714630
10379.003906	-96.662598
10380.349731	-96.769920
10381.695557	-96.580246
10383.041382	-97.006828
10384.387207	-96.697609
10385.733032	-97.025230
10387.078857	-96.826675
10388.424683	-97.373299
10389.770508	-96.583969
10391.116333	-97.262787
10392.462158	-96.899551
10393.807983	-96.593063
10395.153809	-96.889565
10396.499634	-97.086540
10397.845459	-97.736656
10399.191284	-97.533852
10400.537109	-96.716866
10401.882935	-97.592201
10403.228760	-96.800369
10404.574585	-97.138123
10405.920410	-96.687431
10407.266235	-96.915779
10408.612061	-96.633987
10409.957886	-96.752510
10411.303711	-97.628143
10412.649536	-97.373367
10413.995361	-97.263641
10415.341187	-97.381355
10416.687012	-97.702682
10418.032837	-97.463737
10419.378662	-97.895325
10420.724487	-97.547585
10422.070312	-97.191086
10423.416138	-97.393082
10424.761963	-97.557083
10426.107788	-98.133202
10427.453613	-98.137138
10428.799438	-97.273315
10430.145264	-97.606277
10431.491089	-97.524170
10432.836914	-97.658714
10434.182739	-97.310532
10435.528564	-97.470032
10436.874390	-97.639191
10438.220215	-97.163116
10439.566040	-97.751305
10440.911865	-97.833244
10442.257690	-98.037308
10443.603516	-97.140152
10444.949341	-97.922340
10446.295166	-97.803673
10447.640991	-97.682884
10448.986816	-97.346214
10450.332642	-97.675201
10451.678467	-97.836281
10453.024292	-97.989815
10454.370117	-97.476967
10455.715942	-97.317581
10457.061768	-97.694031
10458.407593	-97.417633
10459.753418	-98.142952
10461.099243	-97.500008
10462.445068	-97.361313
10463.790894	-98.334129
10465.136719	-97.734322
10466.482544	-97.776909
10467.828369	-97.557602
10469.174194	-98.105003
10470.520020	-97.711136
10471.865845	-97.454430
10473.211670	-97.652618
10474.557495	-98.066940
10475.903320	-97.733131
10477.249146	-97.896111
10478.594971	-97.675377
10479.940796	-98.017883
10481.286621	-97.627113
10482.632446	-97.798225
10483.978271	-97.993927
10485.324097	-98.093498
10486.669922	-97.758057
10488.015747	-98.134796
10489.361572	-98.017235
10490.707397	-97.390907
10492.053223	-97.954048
10493.399048	-97.734879
10494.744873	-97.893242
10496.090698	-97.938026
10497.436523	-98.272598
10498.782349	-98.233665
10500.128174	-98.070877
10501.473999	-98.379036
10502.819824	-98.076309
10504.165649	-97.920563
10505.511475	-97.937683
10506.857300	-97.841354
10508.203125	-98.095818
10509.548950	-97.886375
10510.894775	-97.898239
10512.240601	-97.882973
10513.586426	-97.663887
10514.932251	-97.898392
10516.278076	-98.164169
10517.623901	-97.873734
10518.969727	-97.817818
10520.315552	-98.283173
10521.661377	-97.995316
10523.007202	-97.941704
10524.353027	-97.657455
10525.698853	-98.336212
10527.044678	-97.956261
10528.390503	-97.930550
10529.736328	-98.449272
10531.082153	-98.076675
10532.427979	-98.487701
10533.773804	-98.135773
10535.119629	-97.952888
10536.465454	-97.944641
10537.811279	-97.870575
10539.157104	-98.567825
10540.502930	-98.122536
10541.848755	-98.100479
10543.194580	-98.458023
10544.540405	-98.528046
10545.886230	-98.193779
10547.232056	-98.403053
10548.577881	-98.084854
10549.923706	-97.958244
10551.269531	-97.715515
10552.615356	-98.096367
10553.961182	-97.796448
10555.307007	-98.199883
10556.652832	-98.202385
10557.998657	-98.460876
10559.344482	-98.402985
10560.690308	-98.262093
10562.036133	-98.089539
10563.381958	-98.153801
10564.727783	-98.193848
10566.073608	-98.354988
10567.419434	-98.238693
10568.765259	-97.966125
10570.111084	-98.261063
10571.456909	-98.030602
10572.802734	-98.184738
10574.148560	-97.979866
10575.494385	-98.270149
10576.840210	-98.139374
10578.186035	-98.362663
10579.531860	-98.056145
10580.877686	-98.183769
10582.223511	-98.570290
10583.569336	-98.558594
10584.915161	-98.106651
10586.260986	-98.338104
10587.606812	-98.315765
10588.952637	-98.019371
10590.298462	-98.359634
10591.644287	-98.427895
10592.990112	-98.501099
10594.335938	-98.379349
10595.681763	-98.566971
10597.027588	-98.538437
10598.373413	-98.521385
10599.719238	-98.619965
10601.065063	-98.276649
10602.410889	-98.457405
10603.756714	-98.378548
10605.102539	-98.370506
10606.448364	-98.342918
10607.794189	-98.423096
10609.140015	-98.358780
10610.485840	-98.564896
10611.831665	-98.307030
10613.177490	-98.366814
10614.523315	-98.356201
10615.869141	-98.626244
10617.214966	-98.410088
10618.560791	-98.245667
10619.906616	-98.398071
10621.252441	-98.273018
10622.598267	-98.503853
10623.944092	-98.481133
10625.289917	-98.592552
10626.635742	-98.555748
10627.981567	-98.632515
10629.327393	-98.466949
10630.673218	-98.577438
10632.019043	-98.485886
10633.364868	-98.378983
10634.710693	-98.550941
10636.056519	-98.428574
10637.402344	-98.448395
10638.748169	-98.466301
10640.093994	-98.713646
10641.439819	-98.571037
10642.785645	-98.593468
10644.131470	-98.432823
10645.477295	-98.514198
10646.823120	-98.479980
10648.168945	-98.499893
10649.514771	-98.565147
10650.860596	-98.548134
10652.206421	-98.513649
10653.552246	-98.563354
10654.898071	-98.425034
10656.243896	-98.556572
10657.589722	-98.443474
10658.935547	-98.511063
10660.281372	-98.335091
10661.627197	-98.506706
10662.973022	-98.588722
10664.318848	-98.477196
10665.664673	-98.564667
10667.010498	-98.637077
10668.356323	-98.594345
10669.702148	-98.658913
10671.047974	-98.472519
10672.393799	-98.498795
10673.739624	-98.584343
10675.085449	-98.622360
10676.431274	-98.563316
10677.777100	-98.564964
10679.122925	-98.552437
10680.468750	-98.588898
10681.814575	-98.578957
10683.160400	-98.578293
10684.506226	-98.621452
10685.852051	-98.534416
10687.197876	-98.621628
10688.543701	-98.623581
10689.889526	-98.568504
10691.235352	-98.573692
10692.581177	-98.580406
10693.927002	-98.585518
10695.272827	-98.596512
10696.618652	-98.601189
10697.964478	-98.567795
10699.310303	-98.615623
10700.656128	-98.542282
10702.001953	-98.573166
10703.347778	-98.637932
10704.693604	-98.599091
10706.039429	-98.573135
10707.385254	-98.586853
10708.731079	-98.591621
10710.076904	-98.603897
10711.422729	-98.571609
10712.768555	-98.622101
10714.114380	-98.604156
10715.460205	-98.628181
10716.806030	-98.591492
10718.151855	-98.601707
10719.497681	-98.564407
10720.843506	-98.564934
10722.189331	-98.573959
10723.535156	-98.617172
10724.880981	-98.582497
10726.226807	-98.600761
10727.572632	-98.613876
10728.918457	-98.586075
10730.264282	-98.606613
10731.610107	-98.598747
10732.955933	-98.610092
10734.301758	-98.612671
10735.647583	-98.599373
10736.993408	-98.616844
10738.339233	-98.604439
10739.685059	-98.590485
10741.030884	-98.612694
10742.376709	-98.619652
10743.722534	-98.609055
10745.068359	-98.612953
10746.414185	-98.619377
10747.760010	-98.594276
10749.105835	-98.611115
10750.451660	-98.619797
10751.797485	-98.611267
10753.143311	-98.624062
10754.489136	-98.604324
10755.834961	-98.616333
10757.180786	-98.609299
10758.526611	-98.623306
10759.872437	-98.611984
10761.218262	-98.620430
10762.564087	-98.617813
10763.909912	-98.616959
10765.255737	-98.616829
10766.601562	-98.613960
10767.947388	-98.628059
10769.293213	-98.616959
10770.639038	-98.614983
10771.984863	-98.622360
10773.330688	-98.622490
10774.676514	-98.618431
10776.022339	-98.622849
10777.368164	-98.623245
10778.713989	-98.622490
10780.059814	-98.622704
10781.405640	-98.617897
10782.751465	-98.624199
10784.097290	-98.622375
10785.443115	-98.621529
10786.788940	-98.624535
10788.134766	-98.621490
10789.480591	-98.626122
10790.826416	-98.624756
10792.172241	-98.628235
10793.518066	-98.621429
10794.863892	-98.625916
10796.209717	-98.629112
10797.555542	-98.625702
10798.901367	-98.625748
10800.247192	-98.623993
10801.593018	-98.627258
10802.938843	-98.627289
10804.284668	-98.630585
10805.630493	-98.630493
10806.976318	-98.629898
10808.322144	-98.629669
10809.667969	-98.631660
10811.013794	-98.631165
10812.359619	-98.632683
10813.705444	-98.630531
10815.051270	-98.631195
10816.397095	-98.632141
10817.742920	-98.631744
10819.088745	-98.631561
10820.434570	-98.634109
10821.780396	-98.632233
10823.126221	-98.633934
10824.472046	-98.632446
10825.817871	-98.635429
10827.163696	-98.634346
10828.509521	-98.633583
10829.855347	-98.634720
10831.201172	-98.635757
10832.546997	-98.635429
10833.892822	-98.635620
10835.238647	-98.636665
10836.584473	-98.636757
10837.930298	-98.636971
10839.276123	-98.636658
10840.621948	-98.637199
10841.967773	-98.637581
10843.313599	-98.637779
10844.659424	-98.637474
10846.005249	-98.637962
10847.351074	-98.638306
10848.696899	-98.637871
10850.042725	-98.638809
10851.388550	-98.639854
10852.734375	-98.639206
10854.080200	-98.639717
10855.426025	-98.640015
10856.771851	-98.640442
10858.117676	-98.641014
10859.463501	-98.640991
10860.809326	-98.641243
10862.155151	-98.641357
10863.500977	-98.642082
10864.846802	-98.642197
10866.192627	-98.642403
10867.538452	-98.642525
10868.884277	-98.642853
10870.230103	-98.643196
10871.575928	-98.643341
10872.921753	-98.643578
10874.267578	-98.643791
10875.613403	-98.644135
10876.959229	-98.644157
10878.305054	-98.644630
10879.650879	-98.644287
10880.996704	-98.644699
10882.342529	-98.644958
10883.688354	-98.645111
10885.034180	-98.645454
10886.380005	-98.645569
10887.725830	-98.645973
10889.071655	-98.646072
10890.417480	-98.646271
10891.763306	-98.646530
10893.109131	-98.646675
10894.454956	-98.646957
10895.800781	-98.647079
10897.146606	-98.647217
10898.492432	-98.647491
10899.838257	-98.647667
10901.184082	-98.647911
10902.529907	-98.648079
10903.875732	-98.648224
10905.221558	-98.648392
10906.567383	-98.648544
10907.913208	-98.648743
10909.259033	-98.648949
10910.604858	-98.649086
10911.950684	-98.649292
10913.296509	-98.649452
10914.642334	-98.649612
10915.988159	-98.649750
10917.333984	-98.649948
10918.679810	-98.650093
10920.025635	-98.650276
10921.371460	-98.650436
10922.717285	-98.650558
10924.063110	-98.650742
10925.408936	-98.650887
10926.754761	-98.651039
10928.100586	-98.651176
10929.446411	-98.651283
10930.792236	-98.651451
10932.138062	-98.651634
10933.483887	-98.651772
10934.829712	-98.651848
10936.175537	-98.652039
10937.521362	-98.652184
10938.867188	-98.652275
10940.213013	-98.652420
10941.558838	-98.652542
10942.904663	-98.652672
10944.250488	-98.652786
10945.596313	-98.652931
10946.942139	-98.653046
10948.287964	-98.653145
10949.633789	-98.653267
10950.979614	-98.653374
10952.325439	-98.653519
10953.671265	-98.653610
10955.017090	-98.653717
10956.362915	-98.653809
10957.708740	-98.653877
10959.054565	-98.654007
10960.400391	-98.654106
10961.746216	-98.654236
10963.092041	-98.654320
10964.437866	-98.654358
10965.783691	-98.654503
10967.129517	-98.654572
10968.475342	-98.654678
10969.821167	-98.654778
10971.166992	-98.654808
10972.512817	-98.654915
10973.858643	-98.654976
10975.204468	-98.655075
10976.550293	-98.655144
10977.896118	-98.655212
10979.241943	-98.655258
10980.587769	-98.655365
10981.933594	-98.655418
10983.279419	-98.655495
10984.625244	-98.655510
10985.971069	-98.655594
10987.316895	-98.655655
10988.662720	-98.655716
10990.008545	-98.655769
10991.354370	-98.655838
10992.700195	-98.655869
10994.046021	-98.655907
10995.391846	-98.655975
10996.737671	-98.655991
10998.083496	-98.656067
10999.429321	-98.656090
11000.775146	-98.656113
11002.120972	-98.656136
11003.466797	-98.656204
11004.812622	-98.656204
11006.158447	-98.656258
11007.504272	-98.656265
11008.850098	-98.656334
11010.195923	-98.656326
11011.541748	-98.656380
11012.887573	-98.656364
11014.233398	-98.656387
11015.579224	-98.656418
11016.925049	-98.656395
11018.270874	-98.656441
11019.616699	-98.656403
11020.962524	-98.656425
11022.308350	-98.656448
11023.654175	-98.656471
