"Date","Time","Lab_Temp_C","Lab_Pressure_kPa","Lab_Rel_Humidity","Gas_Flow_LPM","FlowSens_Gas_Temp_C","Thermocouple1_Temp_C","Thermocouple2_Temp_C","Purge_Gas"
"2025-09-01","11:26:15.826 AM","25.62","97.24","36.448","0","24.91","23.38","23.34","None"
"2025-09-01","11:26:16.074 AM","25.62","97.24","36.448","0","24.91","23.38","23.27","None"
"2025-09-01","11:26:16.361 AM","25.62","97.239","36.442","0","24.85","23.38","23.27","None"
"2025-09-01","11:26:16.581 AM","25.62","97.239","36.442","0","24.85","23.39","23.27","None"
"2025-09-01","11:26:16.832 AM","25.62","97.239","36.442","0","24.85","23.39","23.30","None"
"2025-09-01","11:26:17.077 AM","25.62","97.237","36.442","0","24.865","23.39","23.30","None"
"2025-09-01","11:26:17.330 AM","25.62","97.237","36.442","0","24.865","23.48","23.30","None"
"2025-09-01","11:26:17.580 AM","25.62","97.237","36.442","0","24.865","23.48","23.36","None"
"2025-09-01","11:26:17.827 AM","25.62","97.238","36.431","0","24.925","23.48","23.36","None"
"2025-09-01","11:26:18.080 AM","25.62","97.238","36.431","0","24.925","23.52","23.36","None"
"2025-09-01","11:26:18.329 AM","25.62","97.238","36.431","0","24.925","23.52","23.33","None"
"2025-09-01","11:26:18.577 AM","25.62","97.237","36.437","0","24.905","23.52","23.33","None"
"2025-09-01","11:26:18.830 AM","25.62","97.237","36.437","0","24.905","23.47","23.37","None"
"2025-09-01","11:26:19.083 AM","25.62","97.237","36.437","0","24.905","23.47","23.37","None"
"2025-09-01","11:26:19.346 AM","25.62","97.236","36.437","0","24.92","23.47","23.37","None"
"2025-09-01","11:26:19.590 AM","25.62","97.236","36.437","0","24.92","23.39","23.33","None"
"2025-09-01","11:26:19.839 AM","25.62","97.236","36.437","0","24.92","23.39","23.33","None"
"2025-09-01","11:26:20.090 AM","25.62","97.239","36.431","0","24.89","23.39","23.33","None"
"2025-09-01","11:26:20.341 AM","25.62","97.239","36.431","0","24.89","23.41","23.38","None"
"2025-09-01","11:26:20.629 AM","25.62","97.239","36.431","0","24.89","23.41","23.38","None"
"2025-09-01","11:26:20.863 AM","25.61","97.242","36.43","0","24.86","23.38","23.38","None"
"2025-09-01","11:26:21.110 AM","25.61","97.242","36.43","0","24.86","23.38","23.33","None"
"2025-09-01","11:26:21.362 AM","25.61","97.242","36.43","0","24.86","23.38","23.33","None"
"2025-09-01","11:26:21.615 AM","25.61","97.238","36.43","0","24.925","23.41","23.33","None"
"2025-09-01","11:26:21.869 AM","25.61","97.238","36.43","0","24.925","23.41","23.34","None"
"2025-09-01","11:26:22.111 AM","25.61","97.235","36.424","0","24.88","23.41","23.34","None"
"2025-09-01","11:26:22.364 AM","25.61","97.235","36.424","0","24.88","23.37","23.34","None"
"2025-09-01","11:26:22.611 AM","25.61","97.235","36.424","0","24.88","23.37","23.36","None"
"2025-09-01","11:26:22.863 AM","25.61","97.235","36.436","0","24.94","23.37","23.36","None"
"2025-09-01","11:26:23.117 AM","25.61","97.235","36.436","0","24.94","23.47","23.36","None"
"2025-09-01","11:26:23.364 AM","25.61","97.235","36.436","0","24.94","23.47","23.33","None"
"2025-09-01","11:26:23.629 AM","25.61","97.233","36.436","0","24.94","23.47","23.33","None"
"2025-09-01","11:26:23.876 AM","25.61","97.233","36.436","0","24.94","23.41","23.37","None"
"2025-09-01","11:26:24.145 AM","25.61","97.233","36.436","0","24.94","23.41","23.37","None"
"2025-09-01","11:26:24.402 AM","25.61","97.231","36.436","0","24.925","23.41","23.37","None"
"2025-09-01","11:26:24.680 AM","25.61","97.231","36.436","0","24.925","23.41","23.34","None"
"2025-09-01","11:26:24.916 AM","25.61","97.231","36.436","0","24.925","23.41","23.34","None"
"2025-09-01","11:26:25.172 AM","25.61","97.229","36.442","0","24.94","23.44","23.34","None"
"2025-09-01","11:26:25.436 AM","25.61","97.229","36.442","0","24.94","23.44","23.43","None"
"2025-09-01","11:26:25.669 AM","25.61","97.229","36.442","0","24.94","23.44","23.43","None"
"2025-09-01","11:26:25.938 AM","25.61","97.229","36.442","0","24.88","23.39","23.43","None"
"2025-09-01","11:26:26.173 AM","25.61","97.229","36.442","0","24.88","23.39","23.30","None"
"2025-09-01","11:26:26.436 AM","25.61","97.23","36.448","0","24.84","23.39","23.30","None"
"2025-09-01","11:26:26.678 AM","25.61","97.23","36.448","0","24.84","23.41","23.30","None"
"2025-09-01","11:26:26.930 AM","25.61","97.23","36.448","0","24.84","23.41","23.41","None"
"2025-09-01","11:26:27.182 AM","25.62","97.232","36.436","0","24.92","23.41","23.41","None"
"2025-09-01","11:26:27.439 AM","25.62","97.232","36.436","0","24.92","23.48","23.41","None"
"2025-09-01","11:26:27.683 AM","25.62","97.232","36.436","0","24.92","23.48","23.33","None"
"2025-09-01","11:26:27.933 AM","25.62","97.228","36.442","0","24.945","23.48","23.33","None"
"2025-09-01","11:26:28.203 AM","25.62","97.228","36.442","0","24.945","23.41","23.30","None"
"2025-09-01","11:26:28.438 AM","25.62","97.228","36.442","0","24.945","23.41","23.30","None"
"2025-09-01","11:26:28.688 AM","25.62","97.229","36.436","0","24.865","23.41","23.30","None"
"2025-09-01","11:26:28.984 AM","25.62","97.229","36.436","0","24.865","23.41","23.32","None"
"2025-09-01","11:26:29.222 AM","25.62","97.229","36.436","0","24.865","23.41","23.32","None"
"2025-09-01","11:26:29.470 AM","25.62","97.225","36.431","0","24.915","23.34","23.32","None"
"2025-09-01","11:26:29.719 AM","25.62","97.225","36.431","0","24.915","23.34","23.41","None"
"2025-09-01","11:26:29.969 AM","25.62","97.225","36.431","0","24.915","23.34","23.41","None"
"2025-09-01","11:26:30.226 AM","25.62","97.227","36.431","0","24.925","23.37","23.41","None"
"2025-09-01","11:26:30.469 AM","25.62","97.227","36.431","0","24.925","23.37","23.34","None"
"2025-09-01","11:26:30.717 AM","25.62","97.231","36.431","0","24.865","23.37","23.34","None"
"2025-09-01","11:26:30.968 AM","25.62","97.231","36.431","0","24.865","23.39","23.34","None"
"2025-09-01","11:26:31.218 AM","25.62","97.231","36.431","0","24.865","23.39","23.41","None"
"2025-09-01","11:26:31.473 AM","25.62","97.232","36.425","0","24.89","23.39","23.41","None"
"2025-09-01","11:26:31.717 AM","25.62","97.232","36.425","0","24.89","23.41","23.41","None"
"2025-09-01","11:26:31.981 AM","25.62","97.232","36.425","0","24.89","23.41","23.26","None"
"2025-09-01","11:26:32.229 AM","25.62","97.226","36.419","0","24.865","23.41","23.26","None"
"2025-09-01","11:26:32.480 AM","25.62","97.226","36.419","0","24.865","23.49","23.36","None"
"2025-09-01","11:26:32.737 AM","25.62","97.226","36.419","0","24.865","23.49","23.36","None"
"2025-09-01","11:26:32.984 AM","25.62","97.226","36.419","0","24.91","23.49","23.36","None"
"2025-09-01","11:26:33.273 AM","25.62","97.226","36.419","0","24.91","23.43","23.33","None"
"2025-09-01","11:26:33.492 AM","25.62","97.226","36.419","0","24.91","23.43","23.33","None"
"2025-09-01","11:26:33.742 AM","25.62","97.225","36.419","0","24.87","23.43","23.33","None"
"2025-09-01","11:26:33.986 AM","25.62","97.225","36.419","0","24.87","23.38","23.37","None"
"2025-09-01","11:26:34.243 AM","25.62","97.225","36.419","0","24.87","23.38","23.37","None"
"2025-09-01","11:26:34.494 AM","25.62","97.226","36.425","0","24.945","23.43","23.37","None"
"2025-09-01","11:26:34.742 AM","25.62","97.226","36.425","0","24.945","23.43","23.27","None"
"2025-09-01","11:26:34.994 AM","25.62","97.226","36.425","0","24.945","23.43","23.27","None"
"2025-09-01","11:26:35.245 AM","25.62","97.229","36.42","0","24.87","23.39","23.27","None"
"2025-09-01","11:26:35.494 AM","25.62","97.229","36.42","0","24.87","23.39","23.27","None"
"2025-09-01","11:26:35.750 AM","25.62","97.228","36.408","0","24.915","23.39","23.27","None"
"2025-09-01","11:26:36.023 AM","25.62","97.228","36.408","0","24.915","23.45","23.27","None"
"2025-09-01","11:26:36.293 AM","25.62","97.228","36.408","0","24.915","23.45","23.36","None"
"2025-09-01","11:26:36.535 AM","25.62","97.231","36.414","0","24.89","23.45","23.36","None"
"2025-09-01","11:26:36.785 AM","25.62","97.231","36.414","0","24.89","23.43","23.36","None"
"2025-09-01","11:26:37.036 AM","25.62","97.231","36.414","0","24.89","23.43","23.39","None"
"2025-09-01","11:26:37.320 AM","25.62","97.233","36.396","0","24.945","23.43","23.39","None"
"2025-09-01","11:26:37.542 AM","25.62","97.233","36.396","0","24.945","23.41","23.34","None"
"2025-09-01","11:26:37.788 AM","25.62","97.233","36.396","0","24.945","23.41","23.34","None"
"2025-09-01","11:26:38.039 AM","25.62","97.232","36.413","0","24.815","23.41","23.34","None"
"2025-09-01","11:26:38.292 AM","25.62","97.232","36.413","0","24.815","23.41","23.33","None"
"2025-09-01","11:26:38.546 AM","25.62","97.232","36.413","0","24.815","23.41","23.33","None"
"2025-09-01","11:26:38.787 AM","25.62","97.234","36.408","0","24.92","23.36","23.33","None"
"2025-09-01","11:26:39.039 AM","25.62","97.234","36.408","0","24.92","23.36","23.34","None"
"2025-09-01","11:26:39.290 AM","25.62","97.234","36.408","0","24.92","23.36","23.34","None"
"2025-09-01","11:26:39.539 AM","25.62","97.231","36.408","0","24.91","23.41","23.34","None"
"2025-09-01","11:26:39.791 AM","25.62","97.231","36.408","0","24.91","23.41","23.33","None"
"2025-09-01","11:26:40.040 AM","25.62","97.231","36.408","0","24.91","23.41","23.33","None"
"2025-09-01","11:26:40.294 AM","25.62","97.23","36.402","0","24.96","23.39","23.33","None"
"2025-09-01","11:26:40.541 AM","25.62","97.23","36.402","0","24.96","23.39","23.37","None"
"2025-09-01","11:26:40.807 AM","25.62","97.228","36.408","0","24.905","23.39","23.37","None"
"2025-09-01","11:26:41.059 AM","25.62","97.228","36.408","0","24.905","23.49","23.37","None"
"2025-09-01","11:26:41.323 AM","25.62","97.228","36.408","0","24.905","23.49","23.33","None"
"2025-09-01","11:26:41.625 AM","25.62","97.225","36.396","0","24.94","23.49","23.33","None"
"2025-09-01","11:26:41.847 AM","25.62","97.225","36.396","0","24.94","23.41","23.33","None"
"2025-09-01","11:26:42.098 AM","25.62","97.225","36.396","0","24.94","23.41","23.33","None"
"2025-09-01","11:26:42.345 AM","25.62","97.226","36.391","0","24.9","23.41","23.33","None"
"2025-09-01","11:26:42.593 AM","25.62","97.226","36.391","0","24.9","23.41","23.39","None"
"2025-09-01","11:26:42.848 AM","25.62","97.226","36.391","0","24.9","23.41","23.39","None"
"2025-09-01","11:26:43.099 AM","25.62","97.228","36.402","0","24.94","23.41","23.39","None"
"2025-09-01","11:26:43.345 AM","25.62","97.228","36.402","0","24.94","23.32","23.38","None"
"2025-09-01","11:26:43.592 AM","25.62","97.228","36.402","0","24.94","23.32","23.38","None"
"2025-09-01","11:26:43.843 AM","25.62","97.231","36.39","0","24.92","23.41","23.38","None"
"2025-09-01","11:26:44.094 AM","25.62","97.231","36.39","0","24.92","23.41","23.27","None"
"2025-09-01","11:26:44.351 AM","25.62","97.231","36.39","0","24.92","23.41","23.27","None"
"2025-09-01","11:26:44.599 AM","25.62","97.235","36.39","0","24.895","23.41","23.27","None"
"2025-09-01","11:26:44.845 AM","25.62","97.235","36.39","0","24.895","23.41","23.34","None"
"2025-09-01","11:26:45.106 AM","25.62","97.237","36.396","0","24.89","23.41","23.34","None"
"2025-09-01","11:26:45.356 AM","25.62","97.237","36.396","0","24.89","23.36","23.34","None"
"2025-09-01","11:26:45.645 AM","25.62","97.237","36.396","0","24.89","23.36","23.33","None"
"2025-09-01","11:26:45.861 AM","25.62","97.236","36.413","0","24.96","23.36","23.33","None"
"2025-09-01","11:26:46.113 AM","25.62","97.236","36.413","0","24.96","23.36","23.33","None"
"2025-09-01","11:26:46.364 AM","25.62","97.236","36.413","0","24.96","23.36","23.34","None"
"2025-09-01","11:26:46.611 AM","25.62","97.241","36.396","0","24.905","23.36","23.34","None"
"2025-09-01","11:26:46.868 AM","25.62","97.241","36.396","0","24.905","23.39","23.32","None"
"2025-09-01","11:26:47.114 AM","25.62","97.241","36.396","0","24.905","23.39","23.32","None"
"2025-09-01","11:26:47.377 AM","25.62","97.238","36.396","0","24.9","23.39","23.32","None"
"2025-09-01","11:26:47.625 AM","25.62","97.238","36.396","0","24.9","23.45","23.44","None"
"2025-09-01","11:26:47.875 AM","25.62","97.238","36.396","0","24.9","23.45","23.44","None"
"2025-09-01","11:26:48.127 AM","25.62","97.235","36.384","0","24.94","23.45","23.44","None"
"2025-09-01","11:26:48.394 AM","25.62","97.235","36.384","0","24.94","23.48","23.41","None"
"2025-09-01","11:26:48.662 AM","25.62","97.235","36.384","0","24.94","23.48","23.41","None"
"2025-09-01","11:26:48.929 AM","25.62","97.231","36.402","0","24.895","23.41","23.41","None"
"2025-09-01","11:26:49.195 AM","25.62","97.231","36.402","0","24.895","23.41","23.34","None"
"2025-09-01","11:26:49.466 AM","25.62","97.231","36.379","0","24.875","23.41","23.34","None"
"2025-09-01","11:26:49.713 AM","25.62","97.231","36.379","0","24.875","23.41","23.34","None"
"2025-09-01","11:26:50.013 AM","25.62","97.231","36.379","0","24.875","23.41","23.32","None"
"2025-09-01","11:26:50.235 AM","25.62","97.232","36.39","0","24.935","23.41","23.32","None"
"2025-09-01","11:26:50.494 AM","25.62","97.232","36.39","0","24.935","23.41","23.32","None"
"2025-09-01","11:26:50.755 AM","25.62","97.232","36.39","0","24.935","23.41","23.32","None"
"2025-09-01","11:26:50.990 AM","25.62","97.234","36.391","0","24.935","23.41","23.32","None"
"2025-09-01","11:26:51.261 AM","25.62","97.234","36.391","0","24.935","23.48","23.49","None"
"2025-09-01","11:26:51.505 AM","25.62","97.234","36.391","0","24.935","23.48","23.49","None"
"2025-09-01","11:26:51.749 AM","25.62","97.233","36.379","0","24.915","23.39","23.49","None"
"2025-09-01","11:26:51.998 AM","25.62","97.233","36.379","0","24.915","23.39","23.36","None"
"2025-09-01","11:26:52.250 AM","25.62","97.233","36.379","0","24.915","23.39","23.36","None"
"2025-09-01","11:26:52.501 AM","25.62","97.236","36.385","0","24.945","23.45","23.36","None"
"2025-09-01","11:26:52.754 AM","25.62","97.236","36.385","0","24.945","23.45","23.27","None"
"2025-09-01","11:26:53.006 AM","25.62","97.234","36.379","0","24.92","23.45","23.27","None"
"2025-09-01","11:26:53.251 AM","25.62","97.234","36.379","0","24.92","23.43","23.27","None"
"2025-09-01","11:26:53.499 AM","25.62","97.234","36.379","0","24.92","23.43","23.38","None"
"2025-09-01","11:26:53.757 AM","25.62","97.237","36.373","0","24.935","23.43","23.38","None"
"2025-09-01","11:26:54.015 AM","25.62","97.237","36.373","0","24.935","23.43","23.38","None"
"2025-09-01","11:26:54.300 AM","25.62","97.237","36.373","0","24.935","23.43","23.38","None"
"2025-09-01","11:26:54.520 AM","25.62","97.237","36.379","0","24.88","23.43","23.38","None"
"2025-09-01","11:26:54.768 AM","25.62","97.237","36.379","0","24.88","23.45","23.34","None"
"2025-09-01","11:26:55.019 AM","25.62","97.237","36.379","0","24.88","23.45","23.34","None"
"2025-09-01","11:26:55.268 AM","25.62","97.234","36.385","0","24.895","23.45","23.34","None"
"2025-09-01","11:26:55.523 AM","25.62","97.234","36.385","0","24.895","23.38","23.33","None"
"2025-09-01","11:26:55.767 AM","25.62","97.234","36.385","0","24.895","23.38","23.33","None"
"2025-09-01","11:26:56.025 AM","25.62","97.235","36.385","0","24.865","23.38","23.33","None"
"2025-09-01","11:26:56.283 AM","25.62","97.235","36.385","0","24.865","23.41","23.36","None"
"2025-09-01","11:26:56.532 AM","25.62","97.235","36.385","0","24.865","23.41","23.36","None"
"2025-09-01","11:26:56.785 AM","25.62","97.237","36.385","0","24.93","23.43","23.36","None"
"2025-09-01","11:26:57.031 AM","25.62","97.237","36.385","0","24.93","23.43","23.44","None"
"2025-09-01","11:26:57.285 AM","25.62","97.237","36.385","0","24.93","23.43","23.44","None"
"2025-09-01","11:26:57.531 AM","25.62","97.242","36.402","0","24.845","23.36","23.44","None"
"2025-09-01","11:26:57.782 AM","25.62","97.242","36.402","0","24.845","23.36","23.39","None"
"2025-09-01","11:26:58.038 AM","25.62","97.233","36.39","0","24.925","23.36","23.39","None"
"2025-09-01","11:26:58.319 AM","25.62","97.233","36.39","0","24.925","23.34","23.39","None"
"2025-09-01","11:26:58.539 AM","25.62","97.233","36.39","0","24.925","23.34","23.45","None"
"2025-09-01","11:26:58.792 AM","25.62","97.235","36.378","0","24.905","23.34","23.45","None"
"2025-09-01","11:26:59.042 AM","25.62","97.235","36.378","0","24.905","23.39","23.45","None"
"2025-09-01","11:26:59.292 AM","25.62","97.235","36.378","0","24.905","23.39","23.32","None"
"2025-09-01","11:26:59.547 AM","25.62","97.236","36.384","0","24.885","23.39","23.32","None"
"2025-09-01","11:26:59.791 AM","25.62","97.236","36.384","0","24.885","23.33","23.32","None"
"2025-09-01","11:27:00.060 AM","25.62","97.236","36.384","0","24.885","23.33","23.32","None"
"2025-09-01","11:27:00.293 AM","25.62","97.246","36.402","0","24.88","23.33","23.32","None"
"2025-09-01","11:27:00.553 AM","25.62","97.246","36.402","0","24.88","23.41","23.30","None"
"2025-09-01","11:27:00.805 AM","25.62","97.246","36.402","0","24.88","23.41","23.30","None"
"2025-09-01","11:27:01.053 AM","25.62","97.24","36.379","0","24.88","23.41","23.30","None"
"2025-09-01","11:27:01.304 AM","25.62","97.24","36.379","0","24.88","23.38","23.39","None"
"2025-09-01","11:27:01.554 AM","25.62","97.24","36.379","0","24.88","23.38","23.39","None"
"2025-09-01","11:27:01.803 AM","25.62","97.24","36.396","0","24.905","23.37","23.39","None"
"2025-09-01","11:27:02.058 AM","25.62","97.24","36.396","0","24.905","23.37","23.28","None"
"2025-09-01","11:27:02.304 AM","25.62","97.24","36.396","0","24.905","23.37","23.28","None"
"2025-09-01","11:27:02.588 AM","25.61","97.241","36.401","0","24.885","23.32","23.28","None"
"2025-09-01","11:27:02.823 AM","25.61","97.241","36.401","0","24.885","23.32","23.27","None"
"2025-09-01","11:27:03.073 AM","25.61","97.242","36.395","0","24.97","23.32","23.27","None"
"2025-09-01","11:27:03.325 AM","25.61","97.242","36.395","0","24.97","23.38","23.27","None"
"2025-09-01","11:27:03.572 AM","25.61","97.242","36.395","0","24.97","23.38","23.36","None"
"2025-09-01","11:27:03.827 AM","25.61","97.236","36.384","0","24.935","23.38","23.36","None"
"2025-09-01","11:27:04.080 AM","25.61","97.236","36.384","0","24.935","23.45","23.36","None"
"2025-09-01","11:27:04.327 AM","25.61","97.236","36.384","0","24.935","23.45","23.33","None"
"2025-09-01","11:27:04.575 AM","25.61","97.237","36.389","0","24.86","23.45","23.33","None"
"2025-09-01","11:27:04.825 AM","25.61","97.237","36.389","0","24.86","23.36","23.33","None"
"2025-09-01","11:27:05.087 AM","25.61","97.237","36.389","0","24.86","23.36","23.34","None"
"2025-09-01","11:27:05.341 AM","25.61","97.229","36.384","0","24.925","23.36","23.34","None"
"2025-09-01","11:27:05.593 AM","25.61","97.229","36.384","0","24.925","23.38","23.41","None"
"2025-09-01","11:27:05.839 AM","25.61","97.229","36.384","0","24.925","23.38","23.41","None"
"2025-09-01","11:27:06.089 AM","25.61","97.236","36.39","0","24.92","23.38","23.41","None"
"2025-09-01","11:27:06.342 AM","25.61","97.236","36.39","0","24.92","23.39","23.33","None"
"2025-09-01","11:27:06.593 AM","25.61","97.236","36.39","0","24.92","23.39","23.33","None"
"2025-09-01","11:27:06.890 AM","25.61","97.236","36.39","0","24.86","23.37","23.33","None"
"2025-09-01","11:27:07.130 AM","25.61","97.236","36.39","0","24.86","23.37","23.28","None"
"2025-09-01","11:27:07.383 AM","25.61","97.238","36.401","0","24.925","23.37","23.28","None"
"2025-09-01","11:27:07.629 AM","25.61","97.238","36.401","0","24.925","23.33","23.28","None"
"2025-09-01","11:27:07.877 AM","25.61","97.238","36.401","0","24.925","23.33","23.32","None"
"2025-09-01","11:27:08.134 AM","25.61","97.237","36.39","0","24.855","23.33","23.32","None"
"2025-09-01","11:27:08.377 AM","25.61","97.237","36.39","0","24.855","23.36","23.32","None"
"2025-09-01","11:27:08.627 AM","25.61","97.237","36.39","0","24.855","23.36","23.39","None"
"2025-09-01","11:27:08.878 AM","25.61","97.239","36.39","0","24.95","23.36","23.39","None"
"2025-09-01","11:27:09.129 AM","25.61","97.239","36.39","0","24.95","23.38","23.39","None"
"2025-09-01","11:27:09.383 AM","25.61","97.239","36.39","0","24.95","23.38","23.33","None"
"2025-09-01","11:27:09.628 AM","25.61","97.24","36.395","0","24.875","23.38","23.33","None"
"2025-09-01","11:27:09.883 AM","25.61","97.24","36.395","0","24.875","23.30","23.30","None"
"2025-09-01","11:27:10.129 AM","25.61","97.24","36.395","0","24.875","23.30","23.30","None"
"2025-09-01","11:27:10.382 AM","25.61","97.243","36.395","0","24.88","23.30","23.30","None"
"2025-09-01","11:27:10.635 AM","25.61","97.243","36.395","0","24.88","23.38","23.34","None"
"2025-09-01","11:27:10.895 AM","25.61","97.243","36.395","0","24.88","23.38","23.34","None"
"2025-09-01","11:27:11.182 AM","25.61","97.238","36.395","0","24.885","23.43","23.34","None"
"2025-09-01","11:27:11.405 AM","25.61","97.238","36.395","0","24.885","23.43","23.33","None"
"2025-09-01","11:27:11.671 AM","25.61","97.238","36.395","0","24.885","23.43","23.33","None"
"2025-09-01","11:27:11.901 AM","25.61","97.236","36.389","0","24.94","23.38","23.33","None"
"2025-09-01","11:27:12.165 AM","25.61","97.236","36.389","0","24.94","23.38","23.30","None"
"2025-09-01","11:27:12.407 AM","25.61","97.236","36.389","0","24.94","23.38","23.30","None"
"2025-09-01","11:27:12.671 AM","25.61","97.234","36.384","0","24.93","23.39","23.30","None"
"2025-09-01","11:27:12.902 AM","25.61","97.234","36.384","0","24.93","23.39","23.28","None"
"2025-09-01","11:27:13.151 AM","25.61","97.234","36.401","0","24.87","23.39","23.28","None"
"2025-09-01","11:27:13.403 AM","25.61","97.234","36.401","0","24.87","23.39","23.28","None"
"2025-09-01","11:27:13.663 AM","25.61","97.234","36.401","0","24.87","23.39","23.39","None"
"2025-09-01","11:27:13.916 AM","25.61","97.236","36.412","0","24.91","23.39","23.39","None"
"2025-09-01","11:27:14.167 AM","25.61","97.236","36.412","0","24.91","23.41","23.39","None"
"2025-09-01","11:27:14.414 AM","25.61","97.236","36.412","0","24.91","23.41","23.41","None"
"2025-09-01","11:27:14.663 AM","25.61","97.235","36.395","0","24.94","23.41","23.41","None"
"2025-09-01","11:27:14.916 AM","25.61","97.235","36.395","0","24.94","23.32","23.32","None"
"2025-09-01","11:27:15.166 AM","25.61","97.235","36.395","0","24.94","23.32","23.32","None"
"2025-09-01","11:27:15.455 AM","25.61","97.238","36.401","0","24.94","23.32","23.32","None"
"2025-09-01","11:27:15.671 AM","25.61","97.238","36.401","0","24.94","23.41","23.36","None"
"2025-09-01","11:27:15.934 AM","25.61","97.238","36.401","0","24.94","23.41","23.36","None"
"2025-09-01","11:27:16.182 AM","25.61","97.237","36.401","0","24.83","23.39","23.36","None"
"2025-09-01","11:27:16.434 AM","25.61","97.237","36.401","0","24.83","23.39","23.32","None"
"2025-09-01","11:27:16.690 AM","25.61","97.237","36.401","0","24.83","23.39","23.32","None"
"2025-09-01","11:27:16.932 AM","25.61","97.235","36.407","0","24.96","23.30","23.32","None"
"2025-09-01","11:27:17.185 AM","25.61","97.235","36.407","0","24.96","23.30","23.34","None"
"2025-09-01","11:27:17.436 AM","25.61","97.235","36.407","0","24.96","23.30","23.34","None"
"2025-09-01","11:27:17.684 AM","25.61","97.232","36.401","0","24.895","23.36","23.34","None"
"2025-09-01","11:27:17.938 AM","25.61","97.232","36.401","0","24.895","23.36","23.30","None"
"2025-09-01","11:27:18.199 AM","25.61","97.231","36.395","0","24.955","23.36","23.30","None"
"2025-09-01","11:27:18.451 AM","25.61","97.231","36.395","0","24.955","23.38","23.30","None"
"2025-09-01","11:27:18.699 AM","25.61","97.231","36.395","0","24.955","23.38","23.20","None"
"2025-09-01","11:27:18.948 AM","25.6","97.235","36.4","0","24.96","23.38","23.20","None"
"2025-09-01","11:27:19.202 AM","25.6","97.235","36.4","0","24.96","23.39","23.20","None"
"2025-09-01","11:27:19.485 AM","25.6","97.235","36.4","0","24.96","23.39","23.33","None"
"2025-09-01","11:27:19.705 AM","25.6","97.24","36.412","0","24.92","23.39","23.33","None"
"2025-09-01","11:27:19.956 AM","25.6","97.24","36.412","0","24.92","23.36","23.37","None"
"2025-09-01","11:27:20.210 AM","25.6","97.24","36.412","0","24.92","23.36","23.37","None"
"2025-09-01","11:27:20.485 AM","25.6","97.242","36.406","0","24.905","23.30","23.37","None"
"2025-09-01","11:27:20.754 AM","25.6","97.242","36.406","0","24.905","23.30","23.30","None"
"2025-09-01","11:27:21.006 AM","25.6","97.242","36.406","0","24.905","23.30","23.30","None"
"2025-09-01","11:27:21.250 AM","25.6","97.241","36.417","0","24.96","23.33","23.30","None"
"2025-09-01","11:27:21.500 AM","25.6","97.241","36.417","0","24.96","23.33","23.28","None"
"2025-09-01","11:27:21.748 AM","25.6","97.241","36.417","0","24.96","23.33","23.28","None"
"2025-09-01","11:27:22.000 AM","25.6","97.247","36.417","0","24.95","23.33","23.28","None"
"2025-09-01","11:27:22.255 AM","25.6","97.247","36.417","0","24.95","23.33","23.27","None"
"2025-09-01","11:27:22.508 AM","25.6","97.243","36.417","0","24.92","23.33","23.27","None"
"2025-09-01","11:27:22.767 AM","25.6","97.243","36.417","0","24.92","23.37","23.27","None"
"2025-09-01","11:27:23.015 AM","25.6","97.243","36.417","0","24.92","23.37","23.30","None"
"2025-09-01","11:27:23.267 AM","25.6","97.236","36.423","0","24.965","23.37","23.30","None"
"2025-09-01","11:27:23.516 AM","25.6","97.236","36.423","0","24.965","23.33","23.30","None"
"2025-09-01","11:27:23.822 AM","25.6","97.236","36.423","0","24.965","23.33","23.34","None"
"2025-09-01","11:27:24.064 AM","25.6","97.235","36.406","0","24.92","23.33","23.34","None"
"2025-09-01","11:27:24.319 AM","25.6","97.235","36.406","0","24.92","23.38","23.32","None"
"2025-09-01","11:27:24.573 AM","25.6","97.235","36.406","0","24.92","23.38","23.32","None"
"2025-09-01","11:27:24.822 AM","25.6","97.239","36.423","0","24.87","23.36","23.32","None"
"2025-09-01","11:27:25.080 AM","25.6","97.239","36.423","0","24.87","23.36","23.26","None"
"2025-09-01","11:27:25.323 AM","25.6","97.239","36.423","0","24.87","23.36","23.26","None"
"2025-09-01","11:27:25.574 AM","25.6","97.237","36.423","0","24.895","23.30","23.26","None"
"2025-09-01","11:27:25.823 AM","25.6","97.237","36.423","0","24.895","23.30","23.41","None"
"2025-09-01","11:27:26.075 AM","25.6","97.242","36.417","0","24.935","23.30","23.41","None"
"2025-09-01","11:27:26.328 AM","25.6","97.242","36.417","0","24.935","23.33","23.41","None"
"2025-09-01","11:27:26.574 AM","25.6","97.242","36.417","0","24.935","23.33","23.30","None"
"2025-09-01","11:27:26.824 AM","25.6","97.243","36.418","0","24.92","23.33","23.30","None"
"2025-09-01","11:27:27.089 AM","25.6","97.243","36.418","0","24.92","23.36","23.30","None"
"2025-09-01","11:27:27.342 AM","25.6","97.243","36.418","0","24.92","23.36","23.34","None"
"2025-09-01","11:27:27.593 AM","25.6","97.239","36.406","0","24.94","23.36","23.34","None"
"2025-09-01","11:27:27.878 AM","25.6","97.239","36.406","0","24.94","23.41","23.34","None"
"2025-09-01","11:27:28.113 AM","25.6","97.239","36.406","0","24.94","23.41","23.34","None"
"2025-09-01","11:27:28.352 AM","25.6","97.24","36.412","0","24.92","23.41","23.34","None"
"2025-09-01","11:27:28.625 AM","25.6","97.24","36.412","0","24.92","23.48","23.39","None"
"2025-09-01","11:27:28.896 AM","25.6","97.24","36.412","0","24.92","23.48","23.39","None"
"2025-09-01","11:27:29.166 AM","25.6","97.241","36.429","0","24.895","23.37","23.39","None"
"2025-09-01","11:27:29.430 AM","25.6","97.241","36.429","0","24.895","23.37","23.30","None"
"2025-09-01","11:27:29.681 AM","25.6","97.24","36.429","0","24.9","23.37","23.30","None"
"2025-09-01","11:27:29.946 AM","25.6","97.24","36.429","0","24.9","23.39","23.30","None"
"2025-09-01","11:27:30.180 AM","25.6","97.24","36.429","0","24.9","23.39","23.37","None"
"2025-09-01","11:27:30.449 AM","25.6","97.237","36.423","0","24.93","23.39","23.37","None"
"2025-09-01","11:27:30.680 AM","25.6","97.237","36.423","0","24.93","23.36","23.37","None"
"2025-09-01","11:27:30.946 AM","25.6","97.237","36.423","0","24.93","23.36","23.44","None"
"2025-09-01","11:27:31.180 AM","25.6","97.238","36.417","0","24.91","23.36","23.44","None"
"2025-09-01","11:27:31.441 AM","25.6","97.238","36.417","0","24.91","23.37","23.41","None"
"2025-09-01","11:27:31.691 AM","25.6","97.238","36.417","0","24.91","23.37","23.41","None"
"2025-09-01","11:27:31.959 AM","25.6","97.236","36.406","0","24.9","23.37","23.41","None"
"2025-09-01","11:27:32.254 AM","25.6","97.236","36.406","0","24.9","23.41","23.34","None"
"2025-09-01","11:27:32.482 AM","25.6","97.236","36.406","0","24.9","23.41","23.34","None"
"2025-09-01","11:27:32.733 AM","25.6","97.239","36.411","0","24.9","23.41","23.34","None"
"2025-09-01","11:27:32.980 AM","25.6","97.239","36.411","0","24.9","23.41","23.41","None"
"2025-09-01","11:27:33.229 AM","25.6","97.239","36.411","0","24.9","23.41","23.41","None"
"2025-09-01","11:27:33.485 AM","25.6","97.235","36.417","0","24.94","23.39","23.41","None"
"2025-09-01","11:27:33.735 AM","25.6","97.235","36.417","0","24.94","23.39","23.25","None"
"2025-09-01","11:27:33.982 AM","25.6","97.235","36.406","0","24.94","23.39","23.25","None"
"2025-09-01","11:27:34.232 AM","25.6","97.235","36.406","0","24.89","23.38","23.25","None"
"2025-09-01","11:27:34.483 AM","25.6","97.235","36.406","0","24.89","23.38","23.30","None"
"2025-09-01","11:27:34.743 AM","25.6","97.235","36.417","0","24.95","23.38","23.30","None"
"2025-09-01","11:27:34.996 AM","25.6","97.235","36.417","0","24.95","23.38","23.30","None"
"2025-09-01","11:27:35.268 AM","25.6","97.235","36.417","0","24.95","23.38","23.32","None"
"2025-09-01","11:27:35.518 AM","25.6","97.235","36.423","0","24.89","23.38","23.32","None"
"2025-09-01","11:27:35.781 AM","25.6","97.235","36.423","0","24.89","23.38","23.39","None"
"2025-09-01","11:27:36.016 AM","25.6","97.235","36.423","0","24.89","23.38","23.39","None"
"2025-09-01","11:27:36.300 AM","25.6","97.232","36.417","0","24.945","23.38","23.39","None"
"2025-09-01","11:27:36.523 AM","25.6","97.232","36.417","0","24.945","23.38","23.41","None"
"2025-09-01","11:27:36.771 AM","25.6","97.232","36.417","0","24.945","23.38","23.41","None"
"2025-09-01","11:27:37.020 AM","25.6","97.237","36.4","0","24.86","23.38","23.41","None"
"2025-09-01","11:27:37.271 AM","25.6","97.237","36.4","0","24.86","23.34","23.37","None"
"2025-09-01","11:27:37.532 AM","25.6","97.237","36.4","0","24.86","23.34","23.37","None"
"2025-09-01","11:27:37.779 AM","25.6","97.237","36.423","0","24.905","23.37","23.37","None"
"2025-09-01","11:27:38.028 AM","25.6","97.237","36.423","0","24.905","23.37","23.38","None"
"2025-09-01","11:27:38.280 AM","25.6","97.237","36.423","0","24.905","23.37","23.38","None"
"2025-09-01","11:27:38.531 AM","25.6","97.236","36.412","0","24.98","23.34","23.38","None"
"2025-09-01","11:27:38.783 AM","25.6","97.236","36.412","0","24.98","23.34","23.41","None"
"2025-09-01","11:27:39.030 AM","25.6","97.238","36.412","0","24.9","23.34","23.41","None"
"2025-09-01","11:27:39.284 AM","25.6","97.238","36.412","0","24.9","23.34","23.41","None"
"2025-09-01","11:27:39.532 AM","25.6","97.238","36.412","0","24.9","23.34","23.38","None"
"2025-09-01","11:27:39.781 AM","25.6","97.236","36.423","0","24.915","23.34","23.38","None"
"2025-09-01","11:27:40.049 AM","25.6","97.236","36.423","0","24.915","23.34","23.38","None"
"2025-09-01","11:27:40.296 AM","25.6","97.236","36.423","0","24.915","23.34","23.34","None"
"2025-09-01","11:27:40.591 AM","25.6","97.24","36.412","0","24.875","23.34","23.34","None"
"2025-09-01","11:27:40.819 AM","25.6","97.24","36.412","0","24.875","23.36","23.41","None"
"2025-09-01","11:27:41.071 AM","25.6","97.24","36.412","0","24.875","23.36","23.41","None"
"2025-09-01","11:27:41.319 AM","25.6","97.233","36.423","0","24.96","23.36","23.41","None"
"2025-09-01","11:27:41.569 AM","25.6","97.233","36.423","0","24.96","23.38","23.26","None"
"2025-09-01","11:27:41.824 AM","25.6","97.233","36.423","0","24.96","23.38","23.26","None"
"2025-09-01","11:27:42.077 AM","25.6","97.232","36.417","0","24.9","23.30","23.26","None"
"2025-09-01","11:27:42.322 AM","25.6","97.232","36.417","0","24.9","23.30","23.38","None"
"2025-09-01","11:27:42.569 AM","25.6","97.232","36.417","0","24.9","23.30","23.38","None"
"2025-09-01","11:27:42.819 AM","25.6","97.231","36.417","0","24.865","23.30","23.38","None"
"2025-09-01","11:27:43.069 AM","25.6","97.231","36.417","0","24.865","23.30","23.33","None"
"2025-09-01","11:27:43.325 AM","25.6","97.231","36.417","0","24.865","23.30","23.33","None"
"2025-09-01","11:27:43.574 AM","25.6","97.233","36.434","0","24.88","23.38","23.33","None"
"2025-09-01","11:27:43.820 AM","25.6","97.233","36.434","0","24.88","23.38","23.34","None"
"2025-09-01","11:27:44.069 AM","25.6","97.232","36.411","0","24.815","23.38","23.34","None"
"2025-09-01","11:27:44.331 AM","25.6","97.232","36.411","0","24.815","23.27","23.34","None"
"2025-09-01","11:27:44.583 AM","25.6","97.232","36.411","0","24.815","23.27","23.38","None"
"2025-09-01","11:27:44.868 AM","25.6","97.231","36.44","0","24.855","23.27","23.38","None"
"2025-09-01","11:27:45.089 AM","25.6","97.231","36.44","0","24.855","23.34","23.38","None"
"2025-09-01","11:27:45.339 AM","25.6","97.231","36.44","0","24.855","23.34","23.41","None"
"2025-09-01","11:27:45.587 AM","25.6","97.234","36.423","0","24.955","23.34","23.41","None"
"2025-09-01","11:27:45.835 AM","25.6","97.234","36.423","0","24.955","23.38","23.34","None"
"2025-09-01","11:27:46.093 AM","25.6","97.234","36.423","0","24.955","23.38","23.34","None"
"2025-09-01","11:27:46.336 AM","25.6","97.236","36.429","0","24.84","23.38","23.34","None"
"2025-09-01","11:27:46.595 AM","25.6","97.236","36.429","0","24.84","23.43","23.30","None"
"2025-09-01","11:27:46.851 AM","25.6","97.236","36.429","0","24.84","23.43","23.30","None"
"2025-09-01","11:27:47.101 AM","25.6","97.242","36.429","0","24.93","23.33","23.30","None"
"2025-09-01","11:27:47.356 AM","25.6","97.242","36.429","0","24.93","23.33","23.30","None"
"2025-09-01","11:27:47.599 AM","25.6","97.242","36.429","0","24.93","23.33","23.30","None"
"2025-09-01","11:27:47.852 AM","25.6","97.242","36.435","0","24.96","23.41","23.30","None"
"2025-09-01","11:27:48.104 AM","25.6","97.242","36.435","0","24.96","23.41","23.30","None"
"2025-09-01","11:27:48.354 AM","25.6","97.242","36.435","0","24.96","23.41","23.30","None"
"2025-09-01","11:27:48.607 AM","25.6","97.243","36.429","0","24.9","23.27","23.30","None"
"2025-09-01","11:27:48.887 AM","25.6","97.243","36.429","0","24.9","23.27","23.43","None"
"2025-09-01","11:27:49.110 AM","25.6","97.237","36.412","0","24.945","23.27","23.43","None"
"2025-09-01","11:27:49.366 AM","25.6","97.237","36.412","0","24.945","23.37","23.43","None"
"2025-09-01","11:27:49.627 AM","25.6","97.237","36.412","0","24.945","23.37","23.30","None"
"2025-09-01","11:27:49.861 AM","25.6","97.238","36.423","0","24.88","23.37","23.30","None"
"2025-09-01","11:27:50.132 AM","25.6","97.238","36.423","0","24.88","23.37","23.30","None"
"2025-09-01","11:27:50.362 AM","25.6","97.238","36.423","0","24.88","23.37","23.41","None"
"2025-09-01","11:27:50.621 AM","25.6","97.235","36.429","0","24.935","23.37","23.41","None"
"2025-09-01","11:27:50.871 AM","25.6","97.235","36.429","0","24.935","23.34","23.30","None"
"2025-09-01","11:27:51.123 AM","25.6","97.235","36.429","0","24.935","23.34","23.30","None"
"2025-09-01","11:27:51.375 AM","25.6","97.234","36.435","0","24.895","23.34","23.30","None"
"2025-09-01","11:27:51.623 AM","25.6","97.234","36.435","0","24.895","23.30","23.32","None"
"2025-09-01","11:27:51.873 AM","25.6","97.234","36.435","0","24.895","23.30","23.32","None"
"2025-09-01","11:27:52.123 AM","25.6","97.233","36.412","0","24.935","23.34","23.32","None"
"2025-09-01","11:27:52.373 AM","25.6","97.233","36.412","0","24.935","23.34","23.37","None"
"2025-09-01","11:27:52.627 AM","25.6","97.233","36.412","0","24.935","23.34","23.37","None"
"2025-09-01","11:27:52.888 AM","25.6","97.237","36.429","0","24.89","23.32","23.37","None"
"2025-09-01","11:27:53.276 AM","25.6","97.237","36.429","0","24.89","23.32","23.45","None"
"2025-09-01","11:27:53.448 AM","25.6","97.232","36.423","0","24.965","23.32","23.45","None"
"2025-09-01","11:27:53.698 AM","25.6","97.232","36.423","0","24.965","23.39","23.45","None"
"2025-09-01","11:27:53.942 AM","25.6","97.232","36.423","0","24.965","23.39","23.33","None"
"2025-09-01","11:27:54.192 AM","25.6","97.234","36.423","0","24.98","23.39","23.33","None"
"2025-09-01","11:27:54.447 AM","25.6","97.234","36.423","0","24.98","23.37","23.27","None"
"2025-09-01","11:27:54.693 AM","25.6","97.234","36.423","0","24.98","23.37","23.27","None"
"2025-09-01","11:27:54.946 AM","25.6","97.23","36.417","0","24.895","23.37","23.27","None"
"2025-09-01","11:27:55.195 AM","25.6","97.23","36.417","0","24.895","23.34","23.37","None"
"2025-09-01","11:27:55.446 AM","25.6","97.23","36.417","0","24.895","23.34","23.37","None"
"2025-09-01","11:27:55.698 AM","25.6","97.223","36.417","0","24.855","23.34","23.37","None"
"2025-09-01","11:27:55.948 AM","25.6","97.223","36.417","0","24.855","23.36","23.32","None"
"2025-09-01","11:27:56.202 AM","25.6","97.223","36.417","0","24.855","23.36","23.32","None"
"2025-09-01","11:27:56.445 AM","25.6","97.234","36.44","0","24.89","23.38","23.32","None"
"2025-09-01","11:27:56.696 AM","25.6","97.234","36.44","0","24.89","23.38","23.41","None"
"2025-09-01","11:27:56.945 AM","25.6","97.234","36.44","0","24.89","23.38","23.41","None"
"2025-09-01","11:27:57.196 AM","25.6","97.236","36.435","0","24.92","23.39","23.41","None"
"2025-09-01","11:27:57.494 AM","25.6","97.236","36.435","0","24.92","23.39","23.33","None"
"2025-09-01","11:27:57.714 AM","25.6","97.232","36.429","0","24.92","23.39","23.33","None"
"2025-09-01","11:27:57.963 AM","25.6","97.232","36.429","0","24.92","23.32","23.33","None"
"2025-09-01","11:27:58.211 AM","25.6","97.232","36.429","0","24.92","23.32","23.39","None"
"2025-09-01","11:27:58.465 AM","25.6","97.231","36.435","0","24.9","23.32","23.39","None"
"2025-09-01","11:27:58.720 AM","25.6","97.231","36.435","0","24.9","23.37","23.39","None"
"2025-09-01","11:27:58.962 AM","25.6","97.231","36.435","0","24.9","23.37","23.30","None"
"2025-09-01","11:27:59.212 AM","25.6","97.235","36.417","0","24.95","23.37","23.30","None"
"2025-09-01","11:27:59.468 AM","25.6","97.235","36.417","0","24.95","23.30","23.30","None"
"2025-09-01","11:27:59.727 AM","25.6","97.235","36.417","0","24.95","23.30","23.39","None"
"2025-09-01","11:28:00.005 AM","25.6","97.228","36.435","0","24.94","23.30","23.39","None"
"2025-09-01","11:28:00.279 AM","25.6","97.228","36.435","0","24.94","23.34","23.28","None"
"2025-09-01","11:28:00.541 AM","25.6","97.228","36.435","0","24.94","23.34","23.28","None"
"2025-09-01","11:28:00.810 AM","25.6","97.235","36.411","0","24.9","23.39","23.28","None"
"2025-09-01","11:28:01.073 AM","25.6","97.235","36.411","0","24.9","23.39","23.37","None"
"2025-09-01","11:28:01.351 AM","25.6","97.231","36.423","0","24.935","23.39","23.37","None"
"2025-09-01","11:28:01.668 AM","25.6","97.231","36.423","0","24.935","23.33","23.44","None"
"2025-09-01","11:28:01.908 AM","25.6","97.231","36.423","0","24.935","23.33","23.44","None"
"2025-09-01","11:28:02.156 AM","25.6","97.231","36.452","0","24.9","23.33","23.44","None"
"2025-09-01","11:28:02.407 AM","25.6","97.231","36.452","0","24.9","23.41","23.32","None"
"2025-09-01","11:28:02.671 AM","25.6","97.231","36.452","0","24.9","23.41","23.32","None"
"2025-09-01","11:28:02.911 AM","25.6","97.233","36.429","0","24.94","23.41","23.32","None"
"2025-09-01","11:28:03.170 AM","25.6","97.233","36.429","0","24.94","23.36","23.30","None"
"2025-09-01","11:28:03.418 AM","25.6","97.233","36.429","0","24.94","23.36","23.30","None"
"2025-09-01","11:28:03.669 AM","25.6","97.233","36.434","0","24.9","23.38","23.30","None"
"2025-09-01","11:28:03.916 AM","25.6","97.233","36.434","0","24.9","23.38","23.37","None"
"2025-09-01","11:28:04.171 AM","25.6","97.233","36.434","0","24.9","23.38","23.37","None"
"2025-09-01","11:28:04.417 AM","25.6","97.233","36.429","0","24.905","23.28","23.37","None"
"2025-09-01","11:28:04.670 AM","25.6","97.233","36.429","0","24.905","23.28","23.33","None"
"2025-09-01","11:28:04.917 AM","25.6","97.23","36.417","0","24.93","23.28","23.33","None"
"2025-09-01","11:28:05.168 AM","25.6","97.23","36.417","0","24.93","23.33","23.33","None"
"2025-09-01","11:28:05.423 AM","25.6","97.23","36.417","0","24.93","23.33","23.37","None"
"2025-09-01","11:28:05.670 AM","25.6","97.233","36.429","0","24.88","23.33","23.37","None"
"2025-09-01","11:28:05.955 AM","25.6","97.233","36.429","0","24.88","23.34","23.37","None"
"2025-09-01","11:28:06.182 AM","25.6","97.233","36.429","0","24.88","23.34","23.37","None"
"2025-09-01","11:28:06.440 AM","25.6","97.236","36.423","0","24.895","23.34","23.37","None"
"2025-09-01","11:28:06.685 AM","25.6","97.236","36.423","0","24.895","23.30","23.30","None"
"2025-09-01","11:28:06.934 AM","25.6","97.236","36.423","0","24.895","23.30","23.30","None"
"2025-09-01","11:28:07.188 AM","25.6","97.235","36.417","0","24.92","23.30","23.30","None"
"2025-09-01","11:28:07.437 AM","25.6","97.235","36.417","0","24.92","23.37","23.38","None"
"2025-09-01","11:28:07.689 AM","25.6","97.235","36.417","0","24.92","23.37","23.38","None"
"2025-09-01","11:28:07.938 AM","25.6","97.233","36.423","0","24.86","23.37","23.38","None"
"2025-09-01","11:28:08.185 AM","25.6","97.233","36.423","0","24.86","23.41","23.41","None"
"2025-09-01","11:28:08.448 AM","25.6","97.233","36.423","0","24.86","23.41","23.41","None"
"2025-09-01","11:28:08.707 AM","25.6","97.229","36.435","0","24.88","23.38","23.41","None"
"2025-09-01","11:28:08.959 AM","25.6","97.229","36.435","0","24.88","23.38","23.39","None"
"2025-09-01","11:28:09.200 AM","25.6","97.229","36.435","0","24.88","23.38","23.39","None"
"2025-09-01","11:28:09.452 AM","25.6","97.233","36.435","0","24.89","23.37","23.39","None"
"2025-09-01","11:28:09.702 AM","25.6","97.233","36.435","0","24.89","23.37","23.41","None"
"2025-09-01","11:28:09.950 AM","25.6","97.232","36.418","0","24.935","23.37","23.41","None"
"2025-09-01","11:28:10.244 AM","25.6","97.232","36.418","0","24.935","23.36","23.41","None"
"2025-09-01","11:28:10.461 AM","25.6","97.232","36.418","0","24.935","23.36","23.37","None"
"2025-09-01","11:28:10.720 AM","25.6","97.233","36.417","0","24.945","23.36","23.37","None"
"2025-09-01","11:28:10.972 AM","25.6","97.233","36.417","0","24.945","23.28","23.37","None"
"2025-09-01","11:28:11.222 AM","25.6","97.233","36.417","0","24.945","23.28","23.36","None"
"2025-09-01","11:28:11.476 AM","25.6","97.236","36.44","0","24.87","23.28","23.36","None"
"2025-09-01","11:28:11.719 AM","25.6","97.236","36.44","0","24.87","23.30","23.41","None"
"2025-09-01","11:28:11.972 AM","25.6","97.236","36.44","0","24.87","23.30","23.41","None"
"2025-09-01","11:28:12.222 AM","25.6","97.237","36.423","0","24.94","23.30","23.41","None"
"2025-09-01","11:28:12.473 AM","25.6","97.237","36.423","0","24.94","23.34","23.30","None"
"2025-09-01","11:28:12.725 AM","25.6","97.237","36.423","0","24.94","23.34","23.30","None"
"2025-09-01","11:28:12.980 AM","25.6","97.234","36.44","0","24.865","23.43","23.30","None"
"2025-09-01","11:28:13.236 AM","25.6","97.234","36.44","0","24.865","23.43","23.30","None"
"2025-09-01","11:28:13.485 AM","25.6","97.234","36.44","0","24.865","23.43","23.30","None"
"2025-09-01","11:28:13.737 AM","25.6","97.237","36.434","0","24.935","23.36","23.30","None"
"2025-09-01","11:28:13.988 AM","25.6","97.237","36.434","0","24.935","23.36","23.30","None"
"2025-09-01","11:28:14.282 AM","25.6","97.237","36.434","0","24.935","23.36","23.30","None"
"2025-09-01","11:28:14.499 AM","25.6","97.24","36.429","0","24.88","23.37","23.30","None"
"2025-09-01","11:28:14.744 AM","25.6","97.24","36.429","0","24.88","23.37","23.33","None"
"2025-09-01","11:28:14.993 AM","25.6","97.244","36.412","0","24.945","23.37","23.33","None"
"2025-09-01","11:28:15.248 AM","25.6","97.244","36.412","0","24.945","23.32","23.33","None"
"2025-09-01","11:28:15.510 AM","25.6","97.244","36.412","0","24.945","23.32","23.36","None"
"2025-09-01","11:28:15.752 AM","25.6","97.244","36.418","0","24.875","23.32","23.36","None"
"2025-09-01","11:28:16.003 AM","25.6","97.244","36.418","0","24.875","23.33","23.36","None"
"2025-09-01","11:28:16.258 AM","25.6","97.244","36.418","0","24.875","23.33","23.41","None"
"2025-09-01","11:28:16.508 AM","25.6","97.238","36.418","0","24.9","23.33","23.41","None"
"2025-09-01","11:28:16.759 AM","25.6","97.238","36.418","0","24.9","23.33","23.44","None"
"2025-09-01","11:28:17.006 AM","25.6","97.238","36.418","0","24.9","23.33","23.44","None"
"2025-09-01","11:28:17.261 AM","25.61","97.232","36.43","0","24.93","23.33","23.44","None"
"2025-09-01","11:28:17.521 AM","25.61","97.232","36.43","0","24.93","23.38","23.38","None"
"2025-09-01","11:28:17.771 AM","25.61","97.232","36.43","0","24.93","23.38","23.38","None"
"2025-09-01","11:28:18.024 AM","25.61","97.24","36.418","0","24.885","23.34","23.38","None"
"2025-09-01","11:28:18.276 AM","25.61","97.24","36.418","0","24.885","23.34","23.39","None"
"2025-09-01","11:28:18.559 AM","25.61","97.24","36.418","0","24.885","23.34","23.39","None"
"2025-09-01","11:28:18.779 AM","25.61","97.246","36.43","0","24.92","23.33","23.39","None"
"2025-09-01","11:28:19.034 AM","25.61","97.246","36.43","0","24.92","23.33","23.39","None"
"2025-09-01","11:28:19.287 AM","25.61","97.242","36.43","0","24.89","23.33","23.39","None"
"2025-09-01","11:28:19.561 AM","25.61","97.242","36.43","0","24.89","23.34","23.39","None"
"2025-09-01","11:28:19.827 AM","25.61","97.242","36.43","0","24.89","23.34","23.28","None"
"2025-09-01","11:28:20.080 AM","25.61","97.235","36.413","0","24.955","23.34","23.28","None"
"2025-09-01","11:28:20.326 AM","25.61","97.235","36.413","0","24.955","23.34","23.28","None"
"2025-09-01","11:28:20.578 AM","25.61","97.235","36.413","0","24.955","23.34","23.36","None"
"2025-09-01","11:28:20.824 AM","25.61","97.237","36.442","0","24.9","23.34","23.36","None"
"2025-09-01","11:28:21.078 AM","25.61","97.237","36.442","0","24.9","23.41","23.38","None"
"2025-09-01","11:28:21.337 AM","25.61","97.237","36.442","0","24.9","23.41","23.38","None"
"2025-09-01","11:28:21.579 AM","25.61","97.238","36.43","0","24.915","23.41","23.38","None"
"2025-09-01","11:28:21.847 AM","25.61","97.238","36.43","0","24.915","23.38","23.33","None"
"2025-09-01","11:28:22.083 AM","25.61","97.238","36.43","0","24.915","23.38","23.33","None"
"2025-09-01","11:28:22.349 AM","25.61","97.24","36.419","0","24.88","23.36","23.33","None"
"2025-09-01","11:28:22.596 AM","25.61","97.24","36.419","0","24.88","23.36","23.28","None"
"2025-09-01","11:28:22.892 AM","25.61","97.24","36.419","0","24.88","23.36","23.28","None"
"2025-09-01","11:28:23.135 AM","25.61","97.245","36.425","0","24.91","23.37","23.28","None"
"2025-09-01","11:28:23.390 AM","25.61","97.245","36.425","0","24.91","23.37","23.36","None"
"2025-09-01","11:28:23.647 AM","25.61","97.241","36.419","0","24.86","23.37","23.36","None"
"2025-09-01","11:28:23.895 AM","25.61","97.241","36.419","0","24.86","23.37","23.36","None"
"2025-09-01","11:28:24.151 AM","25.61","97.241","36.419","0","24.86","23.37","23.38","None"
"2025-09-01","11:28:24.395 AM","25.61","97.237","36.43","0","24.975","23.37","23.38","None"
"2025-09-01","11:28:24.646 AM","25.61","97.237","36.43","0","24.975","23.32","23.30","None"
"2025-09-01","11:28:24.896 AM","25.61","97.237","36.43","0","24.975","23.32","23.30","None"
"2025-09-01","11:28:25.147 AM","25.61","97.237","36.424","0","24.94","23.32","23.30","None"
"2025-09-01","11:28:25.401 AM","25.61","97.237","36.424","0","24.94","23.36","23.36","None"
"2025-09-01","11:28:25.647 AM","25.61","97.237","36.424","0","24.94","23.36","23.36","None"
"2025-09-01","11:28:25.897 AM","25.61","97.235","36.424","0","24.94","23.36","23.36","None"
"2025-09-01","11:28:26.160 AM","25.61","97.235","36.424","0","24.94","23.36","23.34","None"
"2025-09-01","11:28:26.411 AM","25.61","97.235","36.424","0","24.94","23.36","23.34","None"
"2025-09-01","11:28:26.666 AM","25.61","97.233","36.436","0","24.9","23.34","23.34","None"
"2025-09-01","11:28:26.949 AM","25.61","97.233","36.436","0","24.9","23.34","23.39","None"
"2025-09-01","11:28:27.187 AM","25.61","97.233","36.436","0","24.9","23.34","23.39","None"
"2025-09-01","11:28:27.437 AM","25.61","97.235","36.43","0","24.96","23.39","23.39","None"
"2025-09-01","11:28:27.687 AM","25.61","97.235","36.43","0","24.96","23.39","23.28","None"
"2025-09-01","11:28:27.933 AM","25.61","97.232","36.425","0","24.92","23.39","23.28","None"
"2025-09-01","11:28:28.210 AM","25.61","97.232","36.425","0","24.92","23.32","23.28","None"
"2025-09-01","11:28:28.450 AM","25.61","97.232","36.425","0","24.92","23.32","23.30","None"
"2025-09-01","11:28:28.701 AM","25.61","97.232","36.413","0","24.935","23.32","23.30","None"
"2025-09-01","11:28:28.950 AM","25.61","97.232","36.413","0","24.935","23.37","23.30","None"
"2025-09-01","11:28:29.201 AM","25.61","97.232","36.413","0","24.935","23.37","23.36","None"
"2025-09-01","11:28:29.455 AM","25.62","97.234","36.436","0","24.9","23.37","23.36","None"
"2025-09-01","11:28:29.701 AM","25.62","97.234","36.436","0","24.9","23.36","23.34","None"
"2025-09-01","11:28:29.951 AM","25.62","97.234","36.436","0","24.9","23.36","23.34","None"
"2025-09-01","11:28:30.199 AM","25.62","97.232","36.413","0","24.895","23.36","23.34","None"
"2025-09-01","11:28:30.459 AM","25.62","97.232","36.413","0","24.895","23.37","23.36","None"
"2025-09-01","11:28:30.719 AM","25.62","97.232","36.413","0","24.895","23.37","23.36","None"
"2025-09-01","11:28:30.963 AM","25.62","97.236","36.425","0","24.975","23.39","23.36","None"
"2025-09-01","11:28:31.249 AM","25.62","97.236","36.425","0","24.975","23.39","23.37","None"
"2025-09-01","11:28:31.472 AM","25.62","97.236","36.425","0","24.975","23.39","23.37","None"
"2025-09-01","11:28:31.741 AM","25.62","97.229","36.425","0","24.86","23.34","23.37","None"
"2025-09-01","11:28:31.987 AM","25.62","97.229","36.425","0","24.86","23.34","23.37","None"
"2025-09-01","11:28:32.236 AM","25.62","97.233","36.419","0","24.94","23.34","23.37","None"
"2025-09-01","11:28:32.492 AM","25.62","97.233","36.419","0","24.94","23.27","23.37","None"
"2025-09-01","11:28:32.743 AM","25.62","97.233","36.419","0","24.94","23.27","23.37","None"
"2025-09-01","11:28:32.987 AM","25.62","97.234","36.419","0","24.915","23.27","23.37","None"
"2025-09-01","11:28:33.238 AM","25.62","97.234","36.419","0","24.915","23.41","23.37","None"
"2025-09-01","11:28:33.488 AM","25.62","97.234","36.419","0","24.915","23.41","23.36","None"
"2025-09-01","11:28:33.736 AM","25.62","97.238","36.408","0","24.92","23.41","23.36","None"
"2025-09-01","11:28:33.992 AM","25.62","97.238","36.408","0","24.92","23.36","23.36","None"
"2025-09-01","11:28:34.244 AM","25.62","97.238","36.408","0","24.92","23.36","23.41","None"
"2025-09-01","11:28:34.488 AM","25.62","97.234","36.431","0","24.9","23.36","23.41","None"
"2025-09-01","11:28:34.751 AM","25.62","97.234","36.431","0","24.9","23.41","23.33","None"
"2025-09-01","11:28:35.001 AM","25.62","97.234","36.431","0","24.9","23.41","23.33","None"
"2025-09-01","11:28:35.253 AM","25.62","97.234","36.442","0","24.885","23.41","23.33","None"
"2025-09-01","11:28:35.535 AM","25.62","97.234","36.442","0","24.885","23.41","23.38","None"
"2025-09-01","11:28:35.756 AM","25.62","97.234","36.442","0","24.885","23.41","23.38","None"
"2025-09-01","11:28:36.006 AM","25.62","97.234","36.413","0","24.9","23.37","23.38","None"
"2025-09-01","11:28:36.256 AM","25.62","97.234","36.413","0","24.9","23.37","23.38","None"
"2025-09-01","11:28:36.506 AM","25.62","97.234","36.413","0","24.9","23.37","23.38","None"
"2025-09-01","11:28:36.760 AM","25.62","97.232","36.407","0","24.925","23.36","23.38","None"
"2025-09-01","11:28:37.020 AM","25.62","97.232","36.407","0","24.925","23.36","23.36","None"
"2025-09-01","11:28:37.270 AM","25.62","97.231","36.419","0","24.91","23.36","23.36","None"
"2025-09-01","11:28:37.521 AM","25.62","97.231","36.419","0","24.91","23.34","23.36","None"
"2025-09-01","11:28:37.778 AM","25.62","97.231","36.419","0","24.91","23.34","23.41","None"
"2025-09-01","11:28:38.023 AM","25.62","97.234","36.436","0","24.855","23.34","23.41","None"
"2025-09-01","11:28:38.272 AM","25.62","97.234","36.436","0","24.855","23.38","23.41","None"
"2025-09-01","11:28:38.523 AM","25.62","97.234","36.436","0","24.855","23.38","23.30","None"
"2025-09-01","11:28:38.771 AM","25.61","97.232","36.419","0","24.945","23.38","23.30","None"
"2025-09-01","11:28:39.021 AM","25.61","97.232","36.419","0","24.945","23.39","23.26","None"
"2025-09-01","11:28:39.291 AM","25.61","97.232","36.419","0","24.945","23.39","23.26","None"
"2025-09-01","11:28:39.537 AM","25.61","97.235","36.413","0","24.87","23.39","23.26","None"
"2025-09-01","11:28:39.830 AM","25.61","97.235","36.413","0","24.87","23.41","23.39","None"
"2025-09-01","11:28:40.050 AM","25.61","97.235","36.413","0","24.87","23.41","23.39","None"
"2025-09-01","11:28:40.303 AM","25.61","97.237","36.425","0","24.905","23.39","23.39","None"
"2025-09-01","11:28:40.548 AM","25.61","97.237","36.425","0","24.905","23.39","23.38","None"
"2025-09-01","11:28:40.797 AM","25.61","97.237","36.425","0","24.905","23.39","23.38","None"
"2025-09-01","11:28:41.052 AM","25.61","97.239","36.424","0","24.925","23.41","23.38","None"
"2025-09-01","11:28:41.302 AM","25.61","97.239","36.424","0","24.925","23.41","23.44","None"
"2025-09-01","11:28:41.560 AM","25.61","97.239","36.424","0","24.925","23.41","23.44","None"
"2025-09-01","11:28:41.808 AM","25.61","97.239","36.413","0","24.9","23.43","23.44","None"
"2025-09-01","11:28:42.057 AM","25.61","97.239","36.413","0","24.9","23.43","23.39","None"
"2025-09-01","11:28:42.311 AM","25.61","97.239","36.424","0","24.89","23.43","23.39","None"
"2025-09-01","11:28:42.565 AM","25.61","97.239","36.424","0","24.89","23.36","23.39","None"
"2025-09-01","11:28:42.808 AM","25.61","97.239","36.424","0","24.89","23.36","23.37","None"
"2025-09-01","11:28:43.057 AM","25.61","97.237","36.43","0","24.895","23.36","23.37","None"
"2025-09-01","11:28:43.307 AM","25.61","97.237","36.43","0","24.895","23.41","23.37","None"
"2025-09-01","11:28:43.558 AM","25.61","97.237","36.43","0","24.895","23.41","23.34","None"
"2025-09-01","11:28:43.807 AM","25.61","97.238","36.407","0","24.85","23.41","23.34","None"
"2025-09-01","11:28:44.104 AM","25.61","97.238","36.407","0","24.85","23.39","23.39","None"
"2025-09-01","11:28:44.350 AM","25.61","97.238","36.407","0","24.85","23.39","23.39","None"
"2025-09-01","11:28:44.602 AM","25.61","97.24","36.418","0","24.92","23.39","23.39","None"
"2025-09-01","11:28:44.877 AM","25.61","97.24","36.418","0","24.92","23.36","23.38","None"
"2025-09-01","11:28:45.137 AM","25.61","97.24","36.418","0","24.92","23.36","23.38","None"
"2025-09-01","11:28:45.418 AM","25.61","97.233","36.424","0","24.925","23.34","23.38","None"
"2025-09-01","11:28:45.669 AM","25.61","97.233","36.424","0","24.925","23.34","23.41","None"
"2025-09-01","11:28:45.943 AM","25.61","97.226","36.424","0","24.95","23.34","23.41","None"
"2025-09-01","11:28:46.203 AM","25.61","97.226","36.424","0","24.95","23.41","23.41","None"
"2025-09-01","11:28:46.480 AM","25.61","97.226","36.424","0","24.95","23.41","23.36","None"
"2025-09-01","11:28:46.739 AM","25.61","97.228","36.424","0","24.92","23.41","23.36","None"
"2025-09-01","11:28:47.011 AM","25.61","97.228","36.424","0","24.92","23.28","23.32","None"
"2025-09-01","11:28:47.275 AM","25.61","97.228","36.424","0","24.92","23.28","23.32","None"
"2025-09-01","11:28:47.548 AM","25.61","97.232","36.418","0","24.89","23.32","23.32","None"
"2025-09-01","11:28:47.809 AM","25.61","97.232","36.418","0","24.89","23.32","23.38","None"
"2025-09-01","11:28:48.064 AM","25.61","97.233","36.441","0","24.885","23.32","23.38","None"
"2025-09-01","11:28:48.345 AM","25.61","97.233","36.441","0","24.885","23.37","23.38","None"
"2025-09-01","11:28:48.567 AM","25.61","97.233","36.441","0","24.885","23.37","23.34","None"
"2025-09-01","11:28:48.815 AM","25.61","97.23","36.441","0","24.88","23.37","23.34","None"
"2025-09-01","11:28:49.065 AM","25.61","97.23","36.441","0","24.88","23.38","23.34","None"
"2025-09-01","11:28:49.315 AM","25.61","97.23","36.441","0","24.88","23.38","23.34","None"
"2025-09-01","11:28:49.572 AM","25.61","97.232","36.43","0","24.94","23.38","23.34","None"
"2025-09-01","11:28:49.814 AM","25.61","97.232","36.43","0","24.94","23.41","23.30","None"
"2025-09-01","11:28:50.067 AM","25.61","97.232","36.43","0","24.94","23.41","23.30","None"
"2025-09-01","11:28:50.318 AM","25.61","97.232","36.435","0","24.9","23.41","23.30","None"
"2025-09-01","11:28:50.568 AM","25.61","97.232","36.435","0","24.9","23.34","23.37","None"
"2025-09-01","11:28:50.820 AM","25.61","97.232","36.435","0","24.9","23.34","23.37","None"
"2025-09-01","11:28:51.067 AM","25.61","97.236","36.435","0","24.915","23.34","23.37","None"
"2025-09-01","11:28:51.318 AM","25.61","97.236","36.435","0","24.915","23.33","23.37","None"
"2025-09-01","11:28:51.568 AM","25.61","97.236","36.435","0","24.915","23.33","23.37","None"
"2025-09-01","11:28:51.816 AM","25.6","97.233","36.435","0","24.98","23.43","23.37","None"
"2025-09-01","11:28:52.070 AM","25.6","97.233","36.435","0","24.98","23.43","23.34","None"
"2025-09-01","11:28:52.353 AM","25.6","97.233","36.435","0","24.98","23.43","23.34","None"
"2025-09-01","11:28:52.583 AM","25.6","97.235","36.435","0","24.945","23.32","23.34","None"
"2025-09-01","11:28:52.834 AM","25.6","97.235","36.435","0","24.945","23.32","23.34","None"
"2025-09-01","11:28:53.082 AM","25.6","97.233","36.44","0","24.95","23.32","23.34","None"
"2025-09-01","11:28:53.333 AM","25.6","97.233","36.44","0","24.95","23.43","23.34","None"
"2025-09-01","11:28:53.587 AM","25.6","97.233","36.44","0","24.95","23.43","23.32","None"
"2025-09-01","11:28:53.831 AM","25.6","97.23","36.44","0","24.88","23.43","23.32","None"
"2025-09-01","11:28:54.083 AM","25.6","97.23","36.44","0","24.88","23.37","23.32","None"
"2025-09-01","11:28:54.336 AM","25.6","97.23","36.44","0","24.88","23.37","23.37","None"
"2025-09-01","11:28:54.585 AM","25.6","97.233","36.446","0","24.88","23.37","23.37","None"
"2025-09-01","11:28:54.846 AM","25.6","97.233","36.446","0","24.88","23.41","23.34","None"
"2025-09-01","11:28:55.099 AM","25.6","97.233","36.446","0","24.88","23.41","23.34","None"
"2025-09-01","11:28:55.351 AM","25.6","97.231","36.446","0","24.915","23.41","23.34","None"
"2025-09-01","11:28:55.600 AM","25.6","97.231","36.446","0","24.915","23.41","23.34","None"
"2025-09-01","11:28:55.848 AM","25.6","97.231","36.446","0","24.915","23.41","23.34","None"
"2025-09-01","11:28:56.103 AM","25.59","97.231","36.463","0","24.925","23.41","23.34","None"
"2025-09-01","11:28:56.352 AM","25.59","97.231","36.463","0","24.925","23.36","23.33","None"
"2025-09-01","11:28:56.636 AM","25.59","97.231","36.463","0","24.925","23.36","23.33","None"
"2025-09-01","11:28:56.857 AM","25.59","97.232","36.463","0","24.935","23.34","23.33","None"
"2025-09-01","11:28:57.117 AM","25.59","97.232","36.463","0","24.935","23.34","23.33","None"
"2025-09-01","11:28:57.371 AM","25.59","97.232","36.463","0","24.935","23.34","23.33","None"
"2025-09-01","11:28:57.618 AM","25.59","97.232","36.457","0","24.88","23.36","23.33","None"
"2025-09-01","11:28:57.871 AM","25.59","97.232","36.457","0","24.88","23.36","23.30","None"
"2025-09-01","11:28:58.122 AM","25.59","97.234","36.451","0","24.99","23.36","23.30","None"
"2025-09-01","11:28:58.369 AM","25.59","97.234","36.451","0","24.99","23.39","23.30","None"
"2025-09-01","11:28:58.618 AM","25.59","97.234","36.451","0","24.99","23.39","23.43","None"
"2025-09-01","11:28:58.868 AM","25.59","97.236","36.451","0","24.9","23.39","23.43","None"
"2025-09-01","11:28:59.120 AM","25.59","97.236","36.451","0","24.9","23.39","23.43","None"
"2025-09-01","11:28:59.376 AM","25.59","97.236","36.451","0","24.9","23.39","23.38","None"
"2025-09-01","11:28:59.622 AM","25.59","97.237","36.474","0","24.98","23.39","23.38","None"
"2025-09-01","11:28:59.868 AM","25.59","97.237","36.474","0","24.98","23.36","23.38","None"
"2025-09-01","11:29:00.119 AM","25.59","97.237","36.474","0","24.98","23.36","23.34","None"
"2025-09-01","11:29:00.375 AM","25.59","97.239","36.469","0","24.88","23.36","23.34","None"
"2025-09-01","11:29:00.623 AM","25.59","97.239","36.469","0","24.88","23.32","23.33","None"
"2025-09-01","11:29:00.912 AM","25.59","97.239","36.469","0","24.88","23.32","23.33","None"
"2025-09-01","11:29:01.151 AM","25.6","97.238","36.463","0","24.87","23.32","23.33","None"
"2025-09-01","11:29:01.389 AM","25.6","97.238","36.463","0","24.87","23.38","23.41","None"
"2025-09-01","11:29:01.640 AM","25.6","97.238","36.463","0","24.87","23.38","23.41","None"
"2025-09-01","11:29:01.888 AM","25.6","97.242","36.463","0","24.925","23.30","23.41","None"
"2025-09-01","11:29:02.144 AM","25.6","97.242","36.463","0","24.925","23.30","23.39","None"
"2025-09-01","11:29:02.388 AM","25.6","97.242","36.463","0","24.925","23.30","23.39","None"
"2025-09-01","11:29:02.641 AM","25.6","97.247","36.452","0","24.91","23.32","23.39","None"
"2025-09-01","11:29:02.892 AM","25.6","97.247","36.452","0","24.91","23.32","23.33","None"
"2025-09-01","11:29:03.142 AM","25.6","97.247","36.452","0","24.86","23.32","23.33","None"
"2025-09-01","11:29:03.395 AM","25.6","97.247","36.452","0","24.86","23.34","23.33","None"
"2025-09-01","11:29:03.649 AM","25.6","97.247","36.452","0","24.86","23.34","23.38","None"
"2025-09-01","11:29:03.907 AM","25.6","97.243","36.452","0","24.98","23.34","23.38","None"
"2025-09-01","11:29:04.153 AM","25.6","97.243","36.452","0","24.98","23.32","23.38","None"
"2025-09-01","11:29:04.408 AM","25.6","97.243","36.452","0","24.98","23.32","23.30","None"
"2025-09-01","11:29:04.660 AM","25.6","97.236","36.463","0","24.95","23.32","23.30","None"
"2025-09-01","11:29:04.906 AM","25.6","97.236","36.463","0","24.95","23.28","23.34","None"
"2025-09-01","11:29:05.190 AM","25.6","97.236","36.463","0","24.95","23.28","23.34","None"
"2025-09-01","11:29:05.413 AM","25.6","97.236","36.457","0","24.92","23.28","23.34","None"
"2025-09-01","11:29:05.666 AM","25.6","97.236","36.457","0","24.92","23.34","23.36","None"
"2025-09-01","11:29:05.917 AM","25.6","97.236","36.457","0","24.92","23.34","23.36","None"
"2025-09-01","11:29:06.165 AM","25.6","97.235","36.446","0","24.93","23.34","23.36","None"
"2025-09-01","11:29:06.423 AM","25.6","97.235","36.446","0","24.93","23.33","23.30","None"
"2025-09-01","11:29:06.693 AM","25.6","97.235","36.446","0","24.93","23.33","23.30","None"
"2025-09-01","11:29:06.917 AM","25.6","97.234","36.463","0","24.88","23.38","23.30","None"
"2025-09-01","11:29:07.181 AM","25.6","97.234","36.463","0","24.88","23.38","23.30","None"
"2025-09-01","11:29:07.418 AM","25.6","97.234","36.463","0","24.88","23.38","23.30","None"
"2025-09-01","11:29:07.683 AM","25.6","97.232","36.463","0","24.92","23.38","23.30","None"
"2025-09-01","11:29:07.930 AM","25.6","97.232","36.463","0","24.92","23.38","23.33","None"
"2025-09-01","11:29:08.183 AM","25.6","97.232","36.446","0","24.94","23.38","23.33","None"
"2025-09-01","11:29:08.428 AM","25.6","97.232","36.446","0","24.94","23.36","23.33","None"
"2025-09-01","11:29:08.679 AM","25.6","97.232","36.446","0","24.94","23.36","23.34","None"
"2025-09-01","11:29:08.927 AM","25.6","97.23","36.452","0","24.88","23.36","23.34","None"
"2025-09-01","11:29:09.178 AM","25.6","97.23","36.452","0","24.88","23.36","23.34","None"
"2025-09-01","11:29:09.463 AM","25.6","97.23","36.452","0","24.88","23.36","23.38","None"
"2025-09-01","11:29:09.684 AM","25.6","97.229","36.452","0","24.9","23.36","23.38","None"
"2025-09-01","11:29:09.931 AM","25.6","97.229","36.452","0","24.9","23.37","23.38","None"
"2025-09-01","11:29:10.194 AM","25.6","97.229","36.452","0","24.9","23.37","23.33","None"
"2025-09-01","11:29:10.465 AM","25.6","97.228","36.463","0","24.96","23.37","23.33","None"
"2025-09-01","11:29:10.720 AM","25.6","97.228","36.463","0","24.96","23.37","23.30","None"
"2025-09-01","11:29:10.964 AM","25.6","97.228","36.463","0","24.96","23.37","23.30","None"
"2025-09-01","11:29:11.214 AM","25.6","97.231","36.463","0","24.885","23.25","23.30","None"
"2025-09-01","11:29:11.466 AM","25.6","97.231","36.463","0","24.885","23.25","23.30","None"
"2025-09-01","11:29:11.716 AM","25.6","97.231","36.463","0","24.885","23.25","23.30","None"
"2025-09-01","11:29:11.967 AM","25.59","97.228","36.463","0","25","23.26","23.30","None"
"2025-09-01","11:29:12.214 AM","25.59","97.228","36.463","0","25","23.26","23.43","None"
"2025-09-01","11:29:12.482 AM","25.59","97.228","36.463","0","25","23.26","23.43","None"
"2025-09-01","11:29:12.727 AM","25.59","97.229","36.469","0","24.94","23.30","23.43","None"
"2025-09-01","11:29:12.994 AM","25.59","97.229","36.469","0","24.94","23.30","23.37","None"
"2025-09-01","11:29:13.249 AM","25.59","97.235","36.469","0","24.92","23.30","23.37","None"
"2025-09-01","11:29:13.496 AM","25.59","97.235","36.469","0","24.92","23.23","23.37","None"
"2025-09-01","11:29:13.799 AM","25.59","97.235","36.469","0","24.92","23.23","23.32","None"
"2025-09-01","11:29:14.019 AM","25.59","97.236","36.451","0","24.895","23.23","23.32","None"
"2025-09-01","11:29:14.270 AM","25.59","97.236","36.451","0","24.895","23.32","23.38","None"
"2025-09-01","11:29:14.517 AM","25.59","97.236","36.451","0","24.895","23.32","23.38","None"
"2025-09-01","11:29:14.766 AM","25.59","97.234","36.463","0","24.895","23.32","23.38","None"
"2025-09-01","11:29:15.021 AM","25.59","97.234","36.463","0","24.895","23.41","23.36","None"
"2025-09-01","11:29:15.275 AM","25.59","97.234","36.463","0","24.895","23.41","23.36","None"
"2025-09-01","11:29:15.519 AM","25.59","97.235","36.469","0","24.925","23.41","23.36","None"
"2025-09-01","11:29:15.766 AM","25.59","97.235","36.469","0","24.925","23.30","23.38","None"
"2025-09-01","11:29:16.017 AM","25.59","97.235","36.469","0","24.925","23.30","23.38","None"
"2025-09-01","11:29:16.268 AM","25.6","97.236","36.463","0","24.96","23.33","23.38","None"
"2025-09-01","11:29:16.524 AM","25.6","97.236","36.463","0","24.96","23.33","23.37","None"
"2025-09-01","11:29:16.780 AM","25.6","97.236","36.463","0","24.96","23.33","23.37","None"
"2025-09-01","11:29:17.029 AM","25.6","97.239","36.457","0","24.92","23.36","23.37","None"
"2025-09-01","11:29:17.280 AM","25.6","97.239","36.457","0","24.92","23.36","23.41","None"
"2025-09-01","11:29:17.533 AM","25.6","97.237","36.463","0","24.9","23.36","23.41","None"
"2025-09-01","11:29:17.818 AM","25.6","97.237","36.463","0","24.9","23.37","23.41","None"
"2025-09-01","11:29:18.038 AM","25.6","97.237","36.463","0","24.9","23.37","23.37","None"
"2025-09-01","11:29:18.287 AM","25.59","97.239","36.44","0","24.965","23.37","23.37","None"
"2025-09-01","11:29:18.537 AM","25.59","97.239","36.44","0","24.965","23.34","23.37","None"
"2025-09-01","11:29:18.787 AM","25.59","97.239","36.44","0","24.965","23.34","23.30","None"
"2025-09-01","11:29:19.054 AM","25.59","97.238","36.468","0","24.855","23.34","23.30","None"
"2025-09-01","11:29:19.298 AM","25.59","97.238","36.468","0","24.855","23.34","23.30","None"
"2025-09-01","11:29:19.554 AM","25.59","97.238","36.468","0","24.855","23.34","23.30","None"
"2025-09-01","11:29:19.802 AM","25.59","97.238","36.463","0","24.865","23.34","23.30","None"
"2025-09-01","11:29:20.053 AM","25.59","97.238","36.463","0","24.865","23.30","23.34","None"
"2025-09-01","11:29:20.308 AM","25.59","97.238","36.463","0","24.865","23.30","23.34","None"
"2025-09-01","11:29:20.559 AM","25.59","97.237","36.457","0","24.89","23.27","23.34","None"
"2025-09-01","11:29:20.836 AM","25.59","97.237","36.457","0","24.89","23.27","23.44","None"
"2025-09-01","11:29:21.092 AM","25.59","97.237","36.457","0","24.89","23.27","23.44","None"
"2025-09-01","11:29:21.368 AM","25.59","97.235","36.468","0","24.94","23.36","23.44","None"
"2025-09-01","11:29:21.630 AM","25.59","97.235","36.468","0","24.94","23.36","23.43","None"
"2025-09-01","11:29:21.883 AM","25.59","97.23","36.479","0","24.925","23.36","23.43","None"
"2025-09-01","11:29:22.173 AM","25.59","97.23","36.479","0","24.925","23.33","23.43","None"
"2025-09-01","11:29:22.395 AM","25.59","97.23","36.479","0","24.925","23.33","23.41","None"
"2025-09-01","11:29:22.649 AM","25.59","97.23","36.45","0","24.93","23.33","23.41","None"
"2025-09-01","11:29:22.891 AM","25.59","97.23","36.45","0","24.93","23.43","23.26","None"
"2025-09-01","11:29:23.141 AM","25.59","97.23","36.45","0","24.93","23.43","23.26","None"
"2025-09-01","11:29:23.400 AM","25.58","97.232","36.473","0","24.9","23.43","23.26","None"
"2025-09-01","11:29:23.664 AM","25.58","97.232","36.473","0","24.9","23.33","23.34","None"
"2025-09-01","11:29:23.893 AM","25.58","97.232","36.473","0","24.9","23.33","23.34","None"
"2025-09-01","11:29:24.157 AM","25.58","97.231","36.468","0","24.87","23.33","23.34","None"
"2025-09-01","11:29:24.394 AM","25.58","97.231","36.468","0","24.87","23.36","23.25","None"
"2025-09-01","11:29:24.662 AM","25.58","97.231","36.468","0","24.87","23.36","23.25","None"
"2025-09-01","11:29:24.904 AM","25.58","97.236","36.473","0","24.86","23.38","23.25","None"
"2025-09-01","11:29:25.152 AM","25.58","97.236","36.473","0","24.86","23.38","23.37","None"
"2025-09-01","11:29:25.405 AM","25.58","97.236","36.473","0","24.86","23.38","23.37","None"
"2025-09-01","11:29:25.655 AM","25.58","97.237","36.485","0","24.86","23.34","23.37","None"
"2025-09-01","11:29:25.904 AM","25.58","97.237","36.485","0","24.86","23.34","23.37","None"
"2025-09-01","11:29:26.189 AM","25.59","97.236","36.48","0","24.93","23.34","23.37","None"
"2025-09-01","11:29:26.416 AM","25.59","97.236","36.48","0","24.93","23.33","23.37","None"
"2025-09-01","11:29:26.671 AM","25.59","97.236","36.48","0","24.93","23.33","23.28","None"
"2025-09-01","11:29:26.923 AM","25.59","97.236","36.486","0","24.94","23.33","23.28","None"
"2025-09-01","11:29:27.171 AM","25.59","97.236","36.486","0","24.94","23.33","23.28","None"
"2025-09-01","11:29:27.433 AM","25.59","97.236","36.486","0","24.94","23.33","23.26","None"
"2025-09-01","11:29:27.676 AM","25.59","97.235","36.486","0","24.99","23.33","23.26","None"
"2025-09-01","11:29:27.925 AM","25.59","97.235","36.486","0","24.99","23.45","23.32","None"
"2025-09-01","11:29:28.176 AM","25.59","97.235","36.486","0","24.99","23.45","23.32","None"
"2025-09-01","11:29:28.427 AM","25.59","97.236","36.497","0","24.92","23.45","23.32","None"
"2025-09-01","11:29:28.681 AM","25.59","97.236","36.497","0","24.92","23.33","23.41","None"
"2025-09-01","11:29:28.927 AM","25.59","97.236","36.497","0","24.92","23.33","23.41","None"
"2025-09-01","11:29:29.176 AM","25.59","97.236","36.474","0","24.94","23.33","23.41","None"
"2025-09-01","11:29:29.427 AM","25.59","97.236","36.474","0","24.94","23.33","23.28","None"
"2025-09-01","11:29:29.676 AM","25.59","97.236","36.474","0","24.94","23.33","23.28","None"
"2025-09-01","11:29:29.930 AM","25.59","97.238","36.48","0","24.86","23.41","23.28","None"
"2025-09-01","11:29:30.191 AM","25.59","97.238","36.48","0","24.86","23.41","23.33","None"
"2025-09-01","11:29:30.499 AM","25.59","97.238","36.48","0","24.86","23.41","23.33","None"
"2025-09-01","11:29:30.710 AM","25.59","97.237","36.474","0","24.93","23.36","23.33","None"
"2025-09-01","11:29:30.962 AM","25.59","97.237","36.474","0","24.93","23.36","23.44","None"
"2025-09-01","11:29:31.207 AM","25.59","97.237","36.474","0","24.92","23.36","23.44","None"
"2025-09-01","11:29:31.461 AM","25.59","97.237","36.474","0","24.92","23.36","23.44","None"
"2025-09-01","11:29:31.713 AM","25.59","97.237","36.474","0","24.92","23.36","23.33","None"
"2025-09-01","11:29:31.962 AM","25.59","97.235","36.491","0","24.93","23.36","23.33","None"
"2025-09-01","11:29:32.213 AM","25.59","97.235","36.491","0","24.93","23.36","23.33","None"
"2025-09-01","11:29:32.464 AM","25.59","97.235","36.491","0","24.93","23.36","23.30","None"
"2025-09-01","11:29:32.712 AM","25.58","97.235","36.479","0","24.92","23.36","23.30","None"
"2025-09-01","11:29:32.966 AM","25.58","97.235","36.479","0","24.92","23.32","23.33","None"
"2025-09-01","11:29:33.217 AM","25.58","97.235","36.479","0","24.92","23.32","23.33","None"
"2025-09-01","11:29:33.471 AM","25.58","97.236","36.473","0","24.835","23.32","23.33","None"
"2025-09-01","11:29:33.713 AM","25.58","97.236","36.473","0","24.835","23.30","23.30","None"
"2025-09-01","11:29:33.972 AM","25.58","97.236","36.473","0","24.835","23.30","23.30","None"
"2025-09-01","11:29:34.226 AM","25.58","97.235","36.485","0","24.92","23.23","23.30","None"
"2025-09-01","11:29:34.477 AM","25.58","97.235","36.485","0","24.92","23.23","23.44","None"
"2025-09-01","11:29:34.760 AM","25.58","97.235","36.485","0","24.92","23.23","23.44","None"
"2025-09-01","11:29:34.981 AM","25.58","97.238","36.473","0","24.915","23.30","23.44","None"
"2025-09-01","11:29:35.236 AM","25.58","97.238","36.473","0","24.915","23.30","23.37","None"
"2025-09-01","11:29:35.486 AM","25.58","97.238","36.473","0","24.915","23.30","23.37","None"
"2025-09-01","11:29:35.739 AM","25.58","97.236","36.479","0","24.93","23.30","23.37","None"
"2025-09-01","11:29:35.987 AM","25.58","97.236","36.479","0","24.93","23.30","23.39","None"
"2025-09-01","11:29:36.237 AM","25.58","97.236","36.496","0","24.92","23.30","23.39","None"
"2025-09-01","11:29:36.500 AM","25.58","97.236","36.496","0","24.92","23.34","23.39","None"
"2025-09-01","11:29:36.747 AM","25.58","97.236","36.496","0","24.92","23.34","23.34","None"
"2025-09-01","11:29:37.000 AM","25.58","97.235","36.491","0","24.89","23.34","23.34","None"
"2025-09-01","11:29:37.247 AM","25.58","97.235","36.491","0","24.89","23.34","23.34","None"
"2025-09-01","11:29:37.498 AM","25.58","97.235","36.491","0","24.89","23.34","23.43","None"
"2025-09-01","11:29:37.747 AM","25.58","97.237","36.497","0","24.9","23.34","23.43","None"
"2025-09-01","11:29:37.999 AM","25.58","97.237","36.497","0","24.9","23.37","23.37","None"
"2025-09-01","11:29:38.248 AM","25.58","97.237","36.497","0","24.9","23.37","23.37","None"
"2025-09-01","11:29:38.507 AM","25.59","97.234","36.497","0","24.915","23.37","23.37","None"
"2025-09-01","11:29:38.795 AM","25.59","97.234","36.497","0","24.915","23.34","23.28","None"
"2025-09-01","11:29:39.017 AM","25.59","97.234","36.497","0","24.915","23.34","23.28","None"
"2025-09-01","11:29:39.267 AM","25.59","97.235","36.491","0","24.93","23.30","23.28","None"
"2025-09-01","11:29:39.515 AM","25.59","97.235","36.491","0","24.93","23.30","23.28","None"
"2025-09-01","11:29:39.768 AM","25.59","97.235","36.491","0","24.93","23.30","23.28","None"
"2025-09-01","11:29:40.021 AM","25.59","97.234","36.485","0","24.88","23.36","23.28","None"
"2025-09-01","11:29:40.268 AM","25.59","97.234","36.485","0","24.88","23.36","23.33","None"
"2025-09-01","11:29:40.515 AM","25.59","97.234","36.485","0","24.88","23.36","23.33","None"
"2025-09-01","11:29:40.767 AM","25.59","97.235","36.491","0","24.88","23.45","23.33","None"
"2025-09-01","11:29:41.017 AM","25.59","97.235","36.491","0","24.88","23.45","23.38","None"
"2025-09-01","11:29:41.271 AM","25.59","97.234","36.485","0","24.965","23.45","23.38","None"
"2025-09-01","11:29:41.518 AM","25.59","97.234","36.485","0","24.965","23.38","23.38","None"
"2025-09-01","11:29:41.770 AM","25.59","97.234","36.485","0","24.965","23.38","23.47","None"
"2025-09-01","11:29:42.018 AM","25.59","97.232","36.491","0","24.88","23.38","23.47","None"
"2025-09-01","11:29:42.270 AM","25.59","97.232","36.491","0","24.88","23.36","23.47","None"
"2025-09-01","11:29:42.523 AM","25.59","97.232","36.491","0","24.88","23.36","23.30","None"
"2025-09-01","11:29:42.768 AM","25.59","97.228","36.491","0","24.91","23.36","23.30","None"
"2025-09-01","11:29:43.063 AM","25.59","97.228","36.491","0","24.91","23.36","23.44","None"
"2025-09-01","11:29:43.281 AM","25.59","97.228","36.491","0","24.91","23.36","23.44","None"
"2025-09-01","11:29:43.526 AM","25.59","97.238","36.486","0","24.92","23.36","23.44","None"
"2025-09-01","11:29:43.778 AM","25.59","97.238","36.486","0","24.92","23.41","23.37","None"
"2025-09-01","11:29:44.052 AM","25.59","97.238","36.486","0","24.92","23.41","23.37","None"
"2025-09-01","11:29:44.319 AM","25.59","97.239","36.474","0","24.905","23.30","23.37","None"
"2025-09-01","11:29:44.573 AM","25.59","97.239","36.474","0","24.905","23.30","23.44","None"
"2025-09-01","11:29:44.819 AM","25.59","97.239","36.474","0","24.905","23.30","23.44","None"
"2025-09-01","11:29:45.068 AM","25.59","97.237","36.486","0","24.955","23.38","23.44","None"
"2025-09-01","11:29:45.319 AM","25.59","97.237","36.486","0","24.955","23.38","23.39","None"
"2025-09-01","11:29:45.569 AM","25.59","97.238","36.475","0","24.92","23.38","23.39","None"
"2025-09-01","11:29:45.825 AM","25.59","97.238","36.475","0","24.92","23.34","23.39","None"
"2025-09-01","11:29:46.070 AM","25.59","97.238","36.475","0","24.92","23.34","23.34","None"
"2025-09-01","11:29:46.320 AM","25.59","97.242","36.469","0","24.935","23.34","23.34","None"
"2025-09-01","11:29:46.570 AM","25.59","97.242","36.469","0","24.935","23.41","23.34","None"
"2025-09-01","11:29:46.818 AM","25.59","97.242","36.469","0","24.935","23.41","23.34","None"
"2025-09-01","11:29:47.070 AM","25.59","97.24","36.486","0","24.94","23.41","23.34","None"
"2025-09-01","11:29:47.374 AM","25.59","97.24","36.486","0","24.94","23.30","23.41","None"
"2025-09-01","11:29:47.589 AM","25.59","97.24","36.486","0","24.94","23.30","23.41","None"
"2025-09-01","11:29:47.837 AM","25.59","97.238","36.474","0","24.975","23.30","23.41","None"
"2025-09-01","11:29:48.086 AM","25.59","97.238","36.474","0","24.975","23.33","23.36","None"
"2025-09-01","11:29:48.338 AM","25.59","97.238","36.474","0","24.975","23.33","23.36","None"
"2025-09-01","11:29:48.593 AM","25.59","97.235","36.463","0","24.91","23.33","23.36","None"
"2025-09-01","11:29:48.836 AM","25.59","97.235","36.463","0","24.91","23.38","23.37","None"
"2025-09-01","11:29:49.088 AM","25.59","97.235","36.463","0","24.91","23.38","23.37","None"
"2025-09-01","11:29:49.340 AM","25.59","97.235","36.486","0","24.905","23.45","23.37","None"
"2025-09-01","11:29:49.603 AM","25.59","97.235","36.486","0","24.905","23.45","23.41","None"
"2025-09-01","11:29:49.855 AM","25.59","97.235","36.486","0","24.905","23.45","23.41","None"
"2025-09-01","11:29:50.122 AM","25.59","97.234","36.474","0","24.965","23.30","23.41","None"
"2025-09-01","11:29:50.379 AM","25.59","97.234","36.474","0","24.965","23.30","23.37","None"
"2025-09-01","11:29:50.623 AM","25.59","97.236","36.463","0","24.855","23.30","23.37","None"
"2025-09-01","11:29:50.873 AM","25.59","97.236","36.463","0","24.855","23.36","23.37","None"
"2025-09-01","11:29:51.128 AM","25.59","97.236","36.463","0","24.855","23.36","23.37","None"
"2025-09-01","11:29:51.376 AM","25.59","97.234","36.48","0","24.92","23.36","23.37","None"
"2025-09-01","11:29:51.662 AM","25.59","97.234","36.48","0","24.92","23.36","23.37","None"
"2025-09-01","11:29:51.881 AM","25.59","97.234","36.48","0","24.92","23.36","23.30","None"
"2025-09-01","11:29:52.132 AM","25.59","97.236","36.486","0","24.9","23.36","23.30","None"
"2025-09-01","11:29:52.379 AM","25.59","97.236","36.486","0","24.9","23.30","23.36","None"
"2025-09-01","11:29:52.627 AM","25.59","97.236","36.486","0","24.9","23.30","23.36","None"
"2025-09-01","11:29:52.882 AM","25.59","97.234","36.497","0","24.9","23.30","23.36","None"
"2025-09-01","11:29:53.135 AM","25.59","97.234","36.497","0","24.9","23.41","23.36","None"
"2025-09-01","11:29:53.380 AM","25.59","97.234","36.497","0","24.9","23.41","23.36","None"
"2025-09-01","11:29:53.628 AM","25.59","97.231","36.492","0","24.93","23.41","23.36","None"
"2025-09-01","11:29:53.889 AM","25.59","97.231","36.492","0","24.93","23.39","23.33","None"
"2025-09-01","11:29:54.141 AM","25.59","97.231","36.492","0","24.93","23.39","23.33","None"
"2025-09-01","11:29:54.394 AM","25.6","97.238","36.492","0","24.84","23.30","23.33","None"
"2025-09-01","11:29:54.644 AM","25.6","97.238","36.492","0","24.84","23.30","23.39","None"
"2025-09-01","11:29:54.888 AM","25.6","97.238","36.492","0","24.84","23.30","23.39","None"
"2025-09-01","11:29:55.141 AM","25.6","97.237","36.486","0","24.93","23.38","23.39","None"
"2025-09-01","11:29:55.392 AM","25.6","97.237","36.486","0","24.93","23.38","23.32","None"
"2025-09-01","11:29:55.642 AM","25.6","97.237","36.481","0","24.865","23.38","23.32","None"
"2025-09-01","11:29:55.926 AM","25.6","97.237","36.481","0","24.865","23.34","23.32","None"
"2025-09-01","11:29:56.158 AM","25.6","97.237","36.481","0","24.865","23.34","23.28","None"
"2025-09-01","11:29:56.413 AM","25.6","97.235","36.475","0","24.935","23.34","23.28","None"
"2025-09-01","11:29:56.663 AM","25.6","97.235","36.475","0","24.935","23.32","23.28","None"
"2025-09-01","11:29:56.911 AM","25.6","97.235","36.475","0","24.935","23.32","23.44","None"
"2025-09-01","11:29:57.168 AM","25.6","97.238","36.481","0","24.905","23.32","23.44","None"
"2025-09-01","11:29:57.412 AM","25.6","97.238","36.481","0","24.905","23.45","23.33","None"
"2025-09-01","11:29:57.661 AM","25.6","97.238","36.481","0","24.905","23.45","23.33","None"
"2025-09-01","11:29:57.914 AM","25.6","97.234","36.469","0","24.91","23.45","23.33","None"
"2025-09-01","11:29:58.162 AM","25.6","97.234","36.469","0","24.91","23.37","23.33","None"
"2025-09-01","11:29:58.425 AM","25.6","97.234","36.469","0","24.91","23.37","23.33","None"
"2025-09-01","11:29:58.676 AM","25.6","97.235","36.481","0","24.865","23.47","23.33","None"
"2025-09-01","11:29:58.928 AM","25.6","97.235","36.481","0","24.865","23.47","23.30","None"
"2025-09-01","11:29:59.195 AM","25.6","97.235","36.481","0","24.865","23.47","23.30","None"
"2025-09-01","11:29:59.451 AM","25.6","97.234","36.463","0","24.915","23.36","23.30","None"
"2025-09-01","11:29:59.703 AM","25.6","97.234","36.463","0","24.915","23.36","23.30","None"
"2025-09-01","11:29:59.988 AM","25.6","97.238","36.458","0","24.85","23.36","23.30","None"
"2025-09-01","11:30:00.224 AM","25.6","97.238","36.458","0","24.85","23.38","23.30","None"
"2025-09-01","11:30:00.471 AM","25.6","97.238","36.458","0","24.85","23.38","23.41","None"
"2025-09-01","11:30:00.718 AM","25.6","97.235","36.475","0","24.935","23.38","23.41","None"
"2025-09-01","11:30:00.967 AM","25.6","97.235","36.475","0","24.935","23.38","23.41","None"
"2025-09-01","11:30:01.225 AM","25.6","97.235","36.475","0","24.935","23.38","23.34","None"
"2025-09-01","11:30:01.466 AM","25.6","97.233","36.463","0","24.895","23.38","23.34","None"
"2025-09-01","11:30:01.715 AM","25.6","97.233","36.463","0","24.895","23.41","23.30","None"
"2025-09-01","11:30:01.967 AM","25.6","97.233","36.463","0","24.895","23.41","23.30","None"
"2025-09-01","11:30:02.216 AM","25.6","97.229","36.457","0","24.885","23.41","23.30","None"
"2025-09-01","11:30:02.470 AM","25.6","97.229","36.457","0","24.885","23.37","23.34","None"
"2025-09-01","11:30:02.728 AM","25.6","97.229","36.457","0","24.885","23.37","23.34","None"
"2025-09-01","11:30:02.986 AM","25.59","97.233","36.463","0","24.92","23.36","23.34","None"
"2025-09-01","11:30:03.229 AM","25.59","97.233","36.463","0","24.92","23.36","23.45","None"
"2025-09-01","11:30:03.482 AM","25.59","97.233","36.463","0","24.92","23.36","23.45","None"
"2025-09-01","11:30:03.732 AM","25.59","97.234","36.474","0","24.96","23.32","23.45","None"
"2025-09-01","11:30:03.981 AM","25.59","97.234","36.474","0","24.96","23.32","23.33","None"
"2025-09-01","11:30:04.265 AM","25.59","97.234","36.474","0","24.96","23.32","23.33","None"
"2025-09-01","11:30:04.488 AM","25.59","97.239","36.457","0","24.9","23.47","23.33","None"
"2025-09-01","11:30:04.737 AM","25.59","97.239","36.457","0","24.9","23.47","23.38","None"
"2025-09-01","11:30:04.985 AM","25.59","97.239","36.468","0","24.89","23.47","23.38","None"
"2025-09-01","11:30:05.233 AM","25.59","97.239","36.468","0","24.89","23.47","23.38","None"
"2025-09-01","11:30:05.489 AM","25.59","97.239","36.468","0","24.89","23.47","23.38","None"
"2025-09-01","11:30:05.738 AM","25.59","97.239","36.463","0","24.9","23.47","23.38","None"
"2025-09-01","11:30:05.986 AM","25.59","97.239","36.463","0","24.9","23.36","23.38","None"
"2025-09-01","11:30:06.236 AM","25.59","97.239","36.463","0","24.9","23.36","23.30","None"
"2025-09-01","11:30:06.488 AM","25.59","97.24","36.474","0","24.885","23.36","23.30","None"
"2025-09-01","11:30:06.736 AM","25.59","97.24","36.474","0","24.885","23.41","23.30","None"
"2025-09-01","11:30:06.993 AM","25.59","97.24","36.474","0","24.885","23.41","23.34","None"
"2025-09-01","11:30:07.242 AM","25.59","97.238","36.48","0","24.905","23.41","23.34","None"
"2025-09-01","11:30:07.489 AM","25.59","97.238","36.48","0","24.905","23.38","23.30","None"
"2025-09-01","11:30:07.736 AM","25.59","97.238","36.48","0","24.905","23.38","23.30","None"
"2025-09-01","11:30:07.989 AM","25.59","97.241","36.48","0","24.96","23.38","23.30","None"
"2025-09-01","11:30:08.237 AM","25.59","97.241","36.48","0","24.96","23.36","23.37","None"
"2025-09-01","11:30:08.522 AM","25.59","97.241","36.48","0","24.96","23.36","23.37","None"
"2025-09-01","11:30:08.743 AM","25.59","97.237","36.486","0","24.935","23.34","23.37","None"
"2025-09-01","11:30:09.008 AM","25.59","97.237","36.486","0","24.935","23.34","23.39","None"
"2025-09-01","11:30:09.256 AM","25.59","97.237","36.486","0","24.935","23.34","23.39","None"
"2025-09-01","11:30:09.505 AM","25.6","97.237","36.469","0","24.87","23.38","23.39","None"
"2025-09-01","11:30:09.761 AM","25.6","97.237","36.469","0","24.87","23.38","23.36","None"
"2025-09-01","11:30:10.005 AM","25.6","97.233","36.475","0","24.9","23.38","23.36","None"
"2025-09-01","11:30:10.256 AM","25.6","97.233","36.475","0","24.9","23.32","23.36","None"
"2025-09-01","11:30:10.506 AM","25.6","97.233","36.475","0","24.9","23.32","23.41","None"
"2025-09-01","11:30:10.756 AM","25.6","97.235","36.481","0","24.96","23.32","23.41","None"
"2025-09-01","11:30:11.009 AM","25.6","97.235","36.481","0","24.96","23.38","23.41","None"
"2025-09-01","11:30:11.256 AM","25.6","97.235","36.481","0","24.96","23.38","23.34","None"
"2025-09-01","11:30:11.520 AM","25.6","97.237","36.463","0","24.935","23.38","23.34","None"
"2025-09-01","11:30:11.768 AM","25.6","97.237","36.463","0","24.935","23.43","23.38","None"
"2025-09-01","11:30:12.021 AM","25.6","97.237","36.463","0","24.935","23.43","23.38","None"
"2025-09-01","11:30:12.274 AM","25.59","97.236","36.469","0","24.915","23.43","23.38","None"
"2025-09-01","11:30:12.520 AM","25.59","97.236","36.469","0","24.915","23.32","23.38","None"
"2025-09-01","11:30:12.811 AM","25.59","97.236","36.469","0","24.915","23.32","23.38","None"
"2025-09-01","11:30:13.034 AM","25.59","97.238","36.468","0","24.915","23.32","23.38","None"
"2025-09-01","11:30:13.301 AM","25.59","97.238","36.468","0","24.915","23.37","23.45","None"
"2025-09-01","11:30:13.538 AM","25.59","97.238","36.468","0","24.915","23.37","23.45","None"
"2025-09-01","11:30:13.808 AM","25.59","97.234","36.48","0","24.99","23.32","23.45","None"
"2025-09-01","11:30:14.065 AM","25.59","97.234","36.48","0","24.99","23.32","23.41","None"
"2025-09-01","11:30:14.315 AM","25.59","97.234","36.48","0","24.99","23.32","23.41","None"
"2025-09-01","11:30:14.558 AM","25.59","97.231","36.468","0","25.005","23.41","23.41","None"
"2025-09-01","11:30:14.809 AM","25.59","97.231","36.468","0","25.005","23.41","23.34","None"
"2025-09-01","11:30:15.059 AM","25.59","97.234","36.468","0","24.965","23.41","23.34","None"
"2025-09-01","11:30:15.310 AM","25.59","97.234","36.468","0","24.965","23.39","23.34","None"
"2025-09-01","11:30:15.568 AM","25.59","97.234","36.468","0","24.965","23.39","23.36","None"
"2025-09-01","11:30:15.827 AM","25.59","97.236","36.468","0","24.865","23.39","23.36","None"
"2025-09-01","11:30:16.072 AM","25.59","97.236","36.468","0","24.865","23.32","23.36","None"
"2025-09-01","11:30:16.326 AM","25.59","97.236","36.468","0","24.865","23.32","23.32","None"
"2025-09-01","11:30:16.573 AM","25.59","97.236","36.462","0","24.9","23.32","23.32","None"
"2025-09-01","11:30:16.872 AM","25.59","97.236","36.462","0","24.9","23.36","23.41","None"
"2025-09-01","11:30:17.084 AM","25.59","97.236","36.462","0","24.9","23.36","23.41","None"
"2025-09-01","11:30:17.331 AM","25.58","97.237","36.485","0","24.885","23.36","23.41","None"
"2025-09-01","11:30:17.578 AM","25.58","97.237","36.485","0","24.885","23.36","23.28","None"
"2025-09-01","11:30:17.829 AM","25.58","97.237","36.485","0","24.885","23.36","23.28","None"
"2025-09-01","11:30:18.097 AM","25.58","97.237","36.479","0","24.91","23.37","23.28","None"
"2025-09-01","11:30:18.342 AM","25.58","97.237","36.479","0","24.91","23.37","23.30","None"
"2025-09-01","11:30:18.591 AM","25.58","97.237","36.479","0","24.91","23.37","23.30","None"
"2025-09-01","11:30:18.842 AM","25.58","97.237","36.491","0","24.92","23.33","23.30","None"
"2025-09-01","11:30:19.092 AM","25.58","97.237","36.491","0","24.92","23.33","23.34","None"
"2025-09-01","11:30:19.346 AM","25.58","97.237","36.491","0","24.92","23.33","23.34","None"
"2025-09-01","11:30:19.592 AM","25.58","97.235","36.485","0","24.92","23.36","23.34","None"
"2025-09-01","11:30:19.845 AM","25.58","97.235","36.485","0","24.92","23.36","23.28","None"
"2025-09-01","11:30:20.093 AM","25.58","97.232","36.485","0","24.87","23.36","23.28","None"
"2025-09-01","11:30:20.342 AM","25.58","97.232","36.485","0","24.87","23.43","23.28","None"
"2025-09-01","11:30:20.595 AM","25.58","97.232","36.485","0","24.87","23.43","23.30","None"
"2025-09-01","11:30:20.844 AM","25.58","97.235","36.49","0","24.92","23.43","23.30","None"
"2025-09-01","11:30:21.094 AM","25.58","97.235","36.49","0","24.92","23.34","23.30","None"
"2025-09-01","11:30:21.390 AM","25.58","97.235","36.49","0","24.92","23.34","23.37","None"
"2025-09-01","11:30:21.604 AM","25.58","97.237","36.485","0","24.94","23.34","23.37","None"
"2025-09-01","11:30:21.854 AM","25.58","97.237","36.485","0","24.94","23.37","23.33","None"
"2025-09-01","11:30:22.102 AM","25.58","97.237","36.485","0","24.94","23.37","23.33","None"
"2025-09-01","11:30:22.353 AM","25.58","97.236","36.502","0","24.9","23.37","23.33","None"
"2025-09-01","11:30:22.617 AM","25.58","97.236","36.502","0","24.9","23.36","23.39","None"
"2025-09-01","11:30:22.862 AM","25.58","97.236","36.502","0","24.9","23.36","23.39","None"
"2025-09-01","11:30:23.112 AM","25.58","97.236","36.49","0","24.91","23.43","23.39","None"
"2025-09-01","11:30:23.362 AM","25.58","97.236","36.49","0","24.91","23.43","23.44","None"
"2025-09-01","11:30:23.610 AM","25.58","97.236","36.49","0","24.91","23.43","23.44","None"
"2025-09-01","11:30:23.864 AM","25.58","97.236","36.491","0","24.905","23.39","23.44","None"
"2025-09-01","11:30:24.110 AM","25.58","97.236","36.491","0","24.905","23.39","23.41","None"
"2025-09-01","11:30:24.364 AM","25.58","97.236","36.491","0","24.905","23.39","23.41","None"
"2025-09-01","11:30:24.611 AM","25.58","97.244","36.514","0","24.895","23.34","23.41","None"
"2025-09-01","11:30:24.872 AM","25.58","97.244","36.514","0","24.895","23.34","23.41","None"
"2025-09-01","11:30:25.151 AM","25.58","97.242","36.491","0","24.86","23.34","23.41","None"
"2025-09-01","11:30:25.509 AM","25.58","97.242","36.491","0","24.86","23.30","23.34","None"
"2025-09-01","11:30:25.733 AM","25.58","97.242","36.491","0","24.86","23.30","23.34","None"
"2025-09-01","11:30:25.980 AM","25.58","97.239","36.491","0","24.92","23.30","23.34","None"
"2025-09-01","11:30:26.229 AM","25.58","97.239","36.491","0","24.92","23.36","23.37","None"
"2025-09-01","11:30:26.481 AM","25.58","97.239","36.491","0","24.92","23.36","23.37","None"
"2025-09-01","11:30:26.737 AM","25.59","97.234","36.479","0","24.92","23.36","23.37","None"
"2025-09-01","11:30:26.982 AM","25.59","97.234","36.479","0","24.92","23.36","23.36","None"
"2025-09-01","11:30:27.232 AM","25.59","97.234","36.479","0","24.92","23.36","23.36","None"
"2025-09-01","11:30:27.482 AM","25.59","97.231","36.491","0","24.92","23.44","23.36","None"
"2025-09-01","11:30:27.731 AM","25.59","97.231","36.491","0","24.92","23.44","23.37","None"
"2025-09-01","11:30:27.985 AM","25.59","97.235","36.491","0","24.945","23.44","23.37","None"
"2025-09-01","11:30:28.230 AM","25.59","97.235","36.491","0","24.945","23.41","23.37","None"
"2025-09-01","11:30:28.496 AM","25.59","97.235","36.491","0","24.945","23.41","23.30","None"
"2025-09-01","11:30:28.743 AM","25.59","97.241","36.497","0","24.9","23.41","23.30","None"
"2025-09-01","11:30:29.015 AM","25.59","97.241","36.497","0","24.9","23.33","23.30","None"
"2025-09-01","11:30:29.274 AM","25.59","97.241","36.497","0","24.9","23.33","23.39","None"
"2025-09-01","11:30:29.517 AM","25.59","97.242","36.485","0","24.925","23.33","23.39","None"
"2025-09-01","11:30:29.804 AM","25.59","97.242","36.485","0","24.925","23.30","23.37","None"
"2025-09-01","11:30:30.026 AM","25.59","97.242","36.485","0","24.925","23.30","23.37","None"
"2025-09-01","11:30:30.284 AM","25.59","97.238","36.497","0","24.93","23.30","23.37","None"
"2025-09-01","11:30:30.533 AM","25.59","97.238","36.497","0","24.93","23.38","23.33","None"
"2025-09-01","11:30:30.781 AM","25.59","97.238","36.497","0","24.93","23.38","23.33","None"
"2025-09-01","11:30:31.038 AM","25.59","97.244","36.497","0","24.925","23.38","23.33","None"
"2025-09-01","11:30:31.289 AM","25.59","97.244","36.497","0","24.925","23.38","23.33","None"
"2025-09-01","11:30:31.533 AM","25.59","97.244","36.497","0","24.925","23.38","23.33","None"
"2025-09-01","11:30:31.785 AM","25.59","97.241","36.485","0","24.92","23.37","23.33","None"
"2025-09-01","11:30:32.038 AM","25.59","97.241","36.485","0","24.92","23.37","23.38","None"
"2025-09-01","11:30:32.288 AM","25.59","97.241","36.485","0","24.92","23.37","23.38","None"
"2025-09-01","11:30:32.541 AM","25.59","97.238","36.474","0","24.93","23.39","23.38","None"
"2025-09-01","11:30:32.792 AM","25.59","97.238","36.474","0","24.93","23.39","23.30","None"
"2025-09-01","11:30:33.038 AM","25.59","97.234","36.485","0","24.955","23.39","23.30","None"
"2025-09-01","11:30:33.302 AM","25.59","97.234","36.485","0","24.955","23.36","23.30","None"
"2025-09-01","11:30:33.548 AM","25.59","97.234","36.485","0","24.955","23.36","23.41","None"
"2025-09-01","11:30:33.836 AM","25.58","97.236","36.491","0","24.93","23.36","23.41","None"
"2025-09-01","11:30:34.057 AM","25.58","97.236","36.491","0","24.93","23.38","23.41","None"
"2025-09-01","11:30:34.311 AM","25.58","97.236","36.491","0","24.93","23.38","23.45","None"
"2025-09-01","11:30:34.575 AM","25.58","97.239","36.479","0","24.92","23.38","23.45","None"
"2025-09-01","11:30:34.810 AM","25.58","97.239","36.479","0","24.92","23.41","23.39","None"
"2025-09-01","11:30:35.082 AM","25.58","97.239","36.479","0","24.92","23.41","23.39","None"
"2025-09-01","11:30:35.311 AM","25.58","97.235","36.496","0","24.94","23.41","23.39","None"
"2025-09-01","11:30:35.568 AM","25.58","97.235","36.496","0","24.94","23.39","23.36","None"
"2025-09-01","11:30:35.817 AM","25.58","97.235","36.496","0","24.94","23.39","23.36","None"
"2025-09-01","11:30:36.069 AM","25.59","97.233","36.485","0","24.9","23.37","23.36","None"
"2025-09-01","11:30:36.322 AM","25.59","97.233","36.485","0","24.9","23.37","23.27","None"
"2025-09-01","11:30:36.572 AM","25.59","97.233","36.485","0","24.9","23.37","23.27","None"
"2025-09-01","11:30:36.825 AM","25.59","97.233","36.491","0","24.91","23.38","23.27","None"
"2025-09-01","11:30:37.075 AM","25.59","97.233","36.491","0","24.91","23.38","23.41","None"
"2025-09-01","11:30:37.325 AM","25.59","97.234","36.48","0","24.95","23.38","23.41","None"
"2025-09-01","11:30:37.577 AM","25.59","97.234","36.48","0","24.95","23.34","23.41","None"
"2025-09-01","11:30:37.844 AM","25.59","97.234","36.48","0","24.95","23.34","23.39","None"
"2025-09-01","11:30:38.147 AM","25.59","97.232","36.491","0","24.925","23.34","23.39","None"
"2025-09-01","11:30:38.369 AM","25.59","97.232","36.491","0","24.925","23.41","23.39","None"
"2025-09-01","11:30:38.625 AM","25.59","97.232","36.491","0","24.925","23.41","23.36","None"
"2025-09-01","11:30:38.878 AM","25.59","97.233","36.486","0","24.935","23.41","23.36","None"
"2025-09-01","11:30:39.124 AM","25.59","97.233","36.486","0","24.935","23.38","23.37","None"
"2025-09-01","11:30:39.380 AM","25.59","97.233","36.486","0","24.935","23.38","23.37","None"
"2025-09-01","11:30:39.629 AM","25.59","97.233","36.492","0","24.91","23.38","23.37","None"
"2025-09-01","11:30:39.876 AM","25.59","97.233","36.492","0","24.91","23.38","23.30","None"
"2025-09-01","11:30:40.126 AM","25.59","97.233","36.492","0","24.91","23.38","23.30","None"
"2025-09-01","11:30:40.375 AM","25.59","97.231","36.486","0","24.965","23.36","23.30","None"
"2025-09-01","11:30:40.624 AM","25.59","97.231","36.486","0","24.965","23.36","23.34","None"
"2025-09-01","11:30:40.879 AM","25.59","97.231","36.486","0","24.965","23.36","23.34","None"
"2025-09-01","11:30:41.129 AM","25.6","97.236","36.498","0","24.94","23.36","23.34","None"
"2025-09-01","11:30:41.376 AM","25.6","97.236","36.498","0","24.94","23.36","23.32","None"
"2025-09-01","11:30:41.623 AM","25.6","97.236","36.498","0","24.94","23.36","23.32","None"
"2025-09-01","11:30:41.875 AM","25.6","97.231","36.481","0","24.89","23.39","23.32","None"
"2025-09-01","11:30:42.124 AM","25.6","97.231","36.481","0","24.89","23.39","23.48","None"
"2025-09-01","11:30:42.421 AM","25.6","97.231","36.48","0","24.96","23.39","23.48","None"
"2025-09-01","11:30:42.644 AM","25.6","97.231","36.48","0","24.96","23.37","23.48","None"
"2025-09-01","11:30:42.892 AM","25.6","97.231","36.48","0","24.96","23.37","23.33","None"
"2025-09-01","11:30:43.142 AM","25.6","97.231","36.469","0","24.925","23.37","23.33","None"
"2025-09-01","11:30:43.391 AM","25.6","97.231","36.469","0","24.925","23.45","23.33","None"
"2025-09-01","11:30:43.647 AM","25.6","97.231","36.469","0","24.925","23.45","23.32","None"
"2025-09-01","11:30:43.891 AM","25.6","97.231","36.481","0","24.91","23.45","23.32","None"
"2025-09-01","11:30:44.145 AM","25.6","97.231","36.481","0","24.91","23.38","23.37","None"
"2025-09-01","11:30:44.396 AM","25.6","97.231","36.481","0","24.91","23.38","23.37","None"
"2025-09-01","11:30:44.653 AM","25.6","97.234","36.469","0","24.965","23.38","23.37","None"
"2025-09-01","11:30:44.912 AM","25.6","97.234","36.469","0","24.965","23.39","23.33","None"
"2025-09-01","11:30:45.156 AM","25.6","97.234","36.469","0","24.965","23.39","23.33","None"
"2025-09-01","11:30:45.409 AM","25.6","97.23","36.487","0","24.89","23.39","23.33","None"
"2025-09-01","11:30:45.656 AM","25.6","97.23","36.487","0","24.89","23.39","23.33","None"
"2025-09-01","11:30:45.908 AM","25.6","97.23","36.487","0","24.89","23.39","23.33","None"
"2025-09-01","11:30:46.160 AM","25.6","97.234","36.47","0","24.88","23.34","23.33","None"
"2025-09-01","11:30:46.412 AM","25.6","97.234","36.47","0","24.88","23.34","23.37","None"
"2025-09-01","11:30:46.699 AM","25.6","97.234","36.47","0","24.88","23.34","23.37","None"
"2025-09-01","11:30:46.958 AM","25.6","97.236","36.475","0","24.92","23.38","23.37","None"
"2025-09-01","11:30:47.191 AM","25.6","97.236","36.475","0","24.92","23.38","23.41","None"
"2025-09-01","11:30:47.453 AM","25.6","97.234","36.464","0","24.945","23.38","23.41","None"
"2025-09-01","11:30:47.696 AM","25.6","97.234","36.464","0","24.945","23.36","23.41","None"
"2025-09-01","11:30:47.953 AM","25.6","97.234","36.464","0","24.945","23.36","23.37","None"
"2025-09-01","11:30:48.203 AM","25.6","97.233","36.464","0","24.95","23.36","23.37","None"
"2025-09-01","11:30:48.449 AM","25.6","97.233","36.464","0","24.95","23.34","23.38","None"
"2025-09-01","11:30:48.697 AM","25.6","97.233","36.464","0","24.95","23.34","23.38","None"
"2025-09-01","11:30:48.950 AM","25.6","97.237","36.469","0","24.935","23.34","23.38","None"
"2025-09-01","11:30:49.200 AM","25.6","97.237","36.469","0","24.935","23.39","23.41","None"
"2025-09-01","11:30:49.457 AM","25.6","97.237","36.469","0","24.935","23.39","23.41","None"
"2025-09-01","11:30:49.699 AM","25.6","97.234","36.463","0","24.87","23.39","23.41","None"
"2025-09-01","11:30:49.950 AM","25.6","97.234","36.463","0","24.87","23.30","23.37","None"
"2025-09-01","11:30:50.199 AM","25.6","97.234","36.463","0","24.87","23.30","23.37","None"
"2025-09-01","11:30:50.451 AM","25.6","97.232","36.458","0","24.945","23.36","23.37","None"
"2025-09-01","11:30:50.698 AM","25.6","97.232","36.458","0","24.945","23.36","23.30","None"
"2025-09-01","11:30:50.985 AM","25.6","97.232","36.458","0","24.945","23.36","23.30","None"
"2025-09-01","11:30:51.216 AM","25.6","97.232","36.458","0","24.88","23.39","23.30","None"
"2025-09-01","11:30:51.465 AM","25.6","97.232","36.458","0","24.88","23.39","23.39","None"
"2025-09-01","11:30:51.717 AM","25.6","97.232","36.481","0","24.92","23.39","23.39","None"
"2025-09-01","11:30:51.967 AM","25.6","97.232","36.481","0","24.92","23.39","23.39","None"
"2025-09-01","11:30:52.221 AM","25.6","97.232","36.481","0","24.92","23.39","23.37","None"
"2025-09-01","11:30:52.468 AM","25.6","97.226","36.463","0","24.9","23.39","23.37","None"
"2025-09-01","11:30:52.719 AM","25.6","97.226","36.463","0","24.9","23.41","23.37","None"
"2025-09-01","11:30:52.969 AM","25.6","97.226","36.463","0","24.9","23.41","23.38","None"
"2025-09-01","11:30:53.220 AM","25.6","97.226","36.469","0","24.955","23.41","23.38","None"
"2025-09-01","11:30:53.484 AM","25.6","97.226","36.469","0","24.955","23.44","23.37","None"
"2025-09-01","11:30:53.753 AM","25.6","97.226","36.469","0","24.955","23.44","23.37","None"
"2025-09-01","11:30:54.007 AM","25.6","97.221","36.452","0","24.945","23.44","23.37","None"
"2025-09-01","11:30:54.268 AM","25.6","97.221","36.452","0","24.945","23.38","23.39","None"
"2025-09-01","11:30:54.520 AM","25.6","97.221","36.452","0","24.945","23.38","23.39","None"
"2025-09-01","11:30:54.774 AM","25.6","97.226","36.458","0","24.945","23.43","23.39","None"
"2025-09-01","11:30:55.035 AM","25.6","97.226","36.458","0","24.945","23.43","23.41","None"
"2025-09-01","11:30:55.322 AM","25.6","97.226","36.458","0","24.945","23.43","23.41","None"
"2025-09-01","11:30:55.543 AM","25.61","97.229","36.464","0","24.91","23.41","23.41","None"
"2025-09-01","11:30:55.794 AM","25.61","97.229","36.464","0","24.91","23.41","23.36","None"
"2025-09-01","11:30:56.040 AM","25.6","97.232","36.464","0","24.915","23.41","23.36","None"
"2025-09-01","11:30:56.289 AM","25.6","97.232","36.464","0","24.915","23.43","23.36","None"
"2025-09-01","11:30:56.544 AM","25.6","97.232","36.464","0","24.915","23.43","23.32","None"
"2025-09-01","11:30:56.793 AM","25.6","97.231","36.458","0","24.955","23.43","23.32","None"
"2025-09-01","11:30:57.040 AM","25.6","97.231","36.458","0","24.955","23.39","23.32","None"
"2025-09-01","11:30:57.292 AM","25.6","97.231","36.458","0","24.955","23.39","23.33","None"
"2025-09-01","11:30:57.568 AM","25.6","97.23","36.469","0","24.93","23.39","23.33","None"
"2025-09-01","11:30:57.826 AM","25.6","97.23","36.469","0","24.93","23.36","23.30","None"
"2025-09-01","11:30:58.110 AM","25.6","97.23","36.469","0","24.93","23.36","23.30","None"
"2025-09-01","11:30:58.365 AM","25.6","97.229","36.458","0","24.895","23.38","23.30","None"
"2025-09-01","11:30:58.625 AM","25.6","97.229","36.458","0","24.895","23.38","23.33","None"
"2025-09-01","11:30:58.861 AM","25.6","97.229","36.458","0","24.895","23.38","23.33","None"
"2025-09-01","11:30:59.125 AM","25.6","97.227","36.464","0","24.9","23.39","23.33","None"
"2025-09-01","11:30:59.406 AM","25.6","97.227","36.464","0","24.9","23.39","23.39","None"
"2025-09-01","11:30:59.627 AM","25.6","97.226","36.464","0","24.96","23.39","23.39","None"
"2025-09-01","11:30:59.877 AM","25.6","97.226","36.464","0","24.96","23.37","23.39","None"
"2025-09-01","11:31:00.125 AM","25.6","97.226","36.464","0","24.96","23.37","23.44","None"
"2025-09-01","11:31:00.374 AM","25.6","97.228","36.435","0","24.86","23.37","23.44","None"
"2025-09-01","11:31:00.630 AM","25.6","97.228","36.435","0","24.86","23.43","23.44","None"
"2025-09-01","11:31:00.875 AM","25.6","97.228","36.435","0","24.86","23.43","23.41","None"
"2025-09-01","11:31:01.124 AM","25.6","97.23","36.464","0","24.975","23.43","23.41","None"
"2025-09-01","11:31:01.375 AM","25.6","97.23","36.464","0","24.975","23.39","23.41","None"
"2025-09-01","11:31:01.623 AM","25.6","97.23","36.464","0","24.975","23.39","23.39","None"
"2025-09-01","11:31:01.878 AM","25.61","97.232","36.441","0","24.99","23.39","23.39","None"
"2025-09-01","11:31:02.123 AM","25.61","97.232","36.441","0","24.99","23.36","23.37","None"
"2025-09-01","11:31:02.376 AM","25.61","97.232","36.441","0","24.99","23.36","23.37","None"
"2025-09-01","11:31:02.624 AM","25.61","97.231","36.453","0","25","23.36","23.37","None"
"2025-09-01","11:31:02.874 AM","25.61","97.231","36.453","0","25","23.41","23.33","None"
"2025-09-01","11:31:03.128 AM","25.61","97.231","36.453","0","25","23.41","23.33","None"
"2025-09-01","11:31:03.375 AM","25.61","97.231","36.459","0","24.94","23.41","23.33","None"
"2025-09-01","11:31:03.659 AM","25.61","97.231","36.459","0","24.94","23.41","23.36","None"
"2025-09-01","11:31:03.881 AM","25.61","97.231","36.459","0","24.94","23.41","23.36","None"
"2025-09-01","11:31:04.131 AM","25.61","97.231","36.453","0","24.985","23.38","23.36","None"
"2025-09-01","11:31:04.379 AM","25.61","97.231","36.453","0","24.985","23.38","23.41","None"
"2025-09-01","11:31:04.626 AM","25.61","97.231","36.453","0","24.985","23.38","23.41","None"
"2025-09-01","11:31:04.880 AM","25.61","97.231","36.447","0","24.925","23.43","23.41","None"
"2025-09-01","11:31:05.127 AM","25.61","97.231","36.447","0","24.925","23.43","23.32","None"
"2025-09-01","11:31:05.381 AM","25.61","97.228","36.442","0","25.03","23.43","23.32","None"
"2025-09-01","11:31:05.628 AM","25.61","97.228","36.442","0","25.03","23.30","23.32","None"
"2025-09-01","11:31:05.878 AM","25.61","97.228","36.442","0","25.03","23.30","23.30","None"
"2025-09-01","11:31:06.131 AM","25.61","97.227","36.448","0","24.9","23.30","23.30","None"
"2025-09-01","11:31:06.383 AM","25.61","97.227","36.448","0","24.9","23.43","23.30","None"
"2025-09-01","11:31:06.633 AM","25.61","97.227","36.448","0","24.9","23.43","23.36","None"
"2025-09-01","11:31:06.879 AM","25.61","97.228","36.436","0","24.98","23.43","23.36","None"
"2025-09-01","11:31:07.128 AM","25.61","97.228","36.436","0","24.98","23.39","23.38","None"
"2025-09-01","11:31:07.379 AM","25.61","97.228","36.436","0","24.98","23.39","23.38","None"
"2025-09-01","11:31:07.664 AM","25.61","97.222","36.459","0","24.9","23.39","23.38","None"
"2025-09-01","11:31:07.887 AM","25.61","97.222","36.459","0","24.9","23.39","23.36","None"
"2025-09-01","11:31:08.138 AM","25.61","97.222","36.459","0","24.9","23.39","23.36","None"
"2025-09-01","11:31:08.414 AM","25.61","97.224","36.442","0","24.94","23.34","23.36","None"
"2025-09-01","11:31:08.679 AM","25.61","97.224","36.442","0","24.94","23.34","23.34","None"
"2025-09-01","11:31:08.927 AM","25.61","97.224","36.442","0","24.94","23.34","23.34","None"
"2025-09-01","11:31:09.173 AM","25.61","97.231","36.447","0","24.92","23.38","23.34","None"
"2025-09-01","11:31:09.430 AM","25.61","97.231","36.447","0","24.92","23.38","23.33","None"
"2025-09-01","11:31:09.678 AM","25.61","97.227","36.442","0","24.92","23.38","23.33","None"
"2025-09-01","11:31:09.932 AM","25.61","97.227","36.442","0","24.92","23.41","23.33","None"
"2025-09-01","11:31:10.180 AM","25.61","97.227","36.442","0","24.92","23.41","23.38","None"
"2025-09-01","11:31:10.432 AM","25.61","97.228","36.441","0","24.92","23.41","23.38","None"
"2025-09-01","11:31:10.693 AM","25.61","97.228","36.441","0","24.92","23.48","23.38","None"
"2025-09-01","11:31:10.945 AM","25.61","97.228","36.441","0","24.92","23.48","23.41","None"
"2025-09-01","11:31:11.216 AM","25.61","97.227","36.441","0","24.92","23.48","23.41","None"
"2025-09-01","11:31:11.466 AM","25.61","97.227","36.441","0","24.92","23.45","23.34","None"
"2025-09-01","11:31:11.730 AM","25.61","97.227","36.441","0","24.92","23.45","23.34","None"
"2025-09-01","11:31:12.034 AM","25.61","97.231","36.447","0","24.95","23.45","23.34","None"
"2025-09-01","11:31:12.269 AM","25.61","97.231","36.447","0","24.95","23.41","23.27","None"
"2025-09-01","11:31:12.507 AM","25.61","97.231","36.447","0","24.95","23.41","23.27","None"
"2025-09-01","11:31:12.762 AM","25.6","97.23","36.441","0","24.915","23.28","23.27","None"
"2025-09-01","11:31:13.011 AM","25.6","97.23","36.441","0","24.915","23.28","23.37","None"
"2025-09-01","11:31:13.272 AM","25.6","97.23","36.441","0","24.915","23.28","23.37","None"
"2025-09-01","11:31:13.515 AM","25.6","97.229","36.435","0","24.98","23.39","23.37","None"
"2025-09-01","11:31:13.767 AM","25.6","97.229","36.435","0","24.98","23.39","23.36","None"
"2025-09-01","11:31:14.018 AM","25.6","97.227","36.435","0","24.9","23.39","23.36","None"
"2025-09-01","11:31:14.268 AM","25.6","97.227","36.435","0","24.9","23.36","23.36","None"
"2025-09-01","11:31:14.519 AM","25.6","97.227","36.435","0","24.9","23.36","23.32","None"
"2025-09-01","11:31:14.767 AM","25.6","97.226","36.423","0","24.965","23.36","23.32","None"
"2025-09-01","11:31:15.025 AM","25.6","97.226","36.423","0","24.965","23.41","23.32","None"
"2025-09-01","11:31:15.272 AM","25.6","97.226","36.423","0","24.965","23.41","23.38","None"
"2025-09-01","11:31:15.521 AM","25.6","97.229","36.446","0","24.935","23.41","23.38","None"
"2025-09-01","11:31:15.774 AM","25.6","97.229","36.446","0","24.935","23.34","23.36","None"
"2025-09-01","11:31:16.077 AM","25.6","97.229","36.446","0","24.935","23.34","23.36","None"
"2025-09-01","11:31:16.301 AM","25.6","97.227","36.44","0","24.92","23.34","23.36","None"
"2025-09-01","11:31:16.547 AM","25.6","97.227","36.44","0","24.92","23.37","23.37","None"
"2025-09-01","11:31:16.802 AM","25.6","97.227","36.44","0","24.92","23.37","23.37","None"
"2025-09-01","11:31:17.053 AM","25.6","97.231","36.44","0","24.87","23.39","23.37","None"
"2025-09-01","11:31:17.311 AM","25.6","97.231","36.44","0","24.87","23.39","23.34","None"
"2025-09-01","11:31:17.552 AM","25.6","97.231","36.44","0","24.87","23.39","23.34","None"
"2025-09-01","11:31:17.803 AM","25.6","97.23","36.446","0","24.895","23.36","23.34","None"
"2025-09-01","11:31:18.054 AM","25.6","97.23","36.446","0","24.895","23.36","23.39","None"
"2025-09-01","11:31:18.305 AM","25.6","97.232","36.452","0","24.895","23.36","23.39","None"
"2025-09-01","11:31:18.556 AM","25.6","97.232","36.452","0","24.9","23.38","23.39","None"
"2025-09-01","11:31:18.804 AM","25.6","97.232","36.452","0","24.9","23.38","23.37","None"
"2025-09-01","11:31:19.057 AM","25.6","97.231","36.457","0","24.855","23.38","23.37","None"
"2025-09-01","11:31:19.320 AM","25.6","97.231","36.457","0","24.855","23.30","23.37","None"
"2025-09-01","11:31:19.570 AM","25.6","97.231","36.457","0","24.855","23.30","23.39","None"
"2025-09-01","11:31:19.822 AM","25.6","97.232","36.44","0","24.96","23.30","23.39","None"
"2025-09-01","11:31:20.071 AM","25.6","97.232","36.44","0","24.96","23.41","23.39","None"
"2025-09-01","11:31:20.357 AM","25.6","97.232","36.44","0","24.96","23.41","23.34","None"
"2025-09-01","11:31:20.581 AM","25.6","97.233","36.44","0","24.93","23.41","23.34","None"
"2025-09-01","11:31:20.849 AM","25.6","97.233","36.44","0","24.93","23.30","23.34","None"
"2025-09-01","11:31:21.079 AM","25.6","97.233","36.44","0","24.93","23.30","23.34","None"
"2025-09-01","11:31:21.347 AM","25.6","97.235","36.452","0","24.915","23.30","23.34","None"
"2025-09-01","11:31:21.586 AM","25.6","97.235","36.452","0","24.915","23.43","23.37","None"
"2025-09-01","11:31:21.851 AM","25.6","97.235","36.452","0","24.915","23.43","23.37","None"
"2025-09-01","11:31:22.122 AM","25.6","97.234","36.452","0","24.875","23.30","23.37","None"
"2025-09-01","11:31:22.389 AM","25.6","97.234","36.452","0","24.875","23.30","23.44","None"
"2025-09-01","11:31:22.656 AM","25.6","97.233","36.452","0","24.935","23.30","23.44","None"
"2025-09-01","11:31:22.922 AM","25.6","97.233","36.452","0","24.935","23.38","23.44","None"
"2025-09-01","11:31:23.195 AM","25.6","97.233","36.452","0","24.935","23.38","23.41","None"
"2025-09-01","11:31:23.448 AM","25.6","97.235","36.446","0","24.915","23.38","23.41","None"
"2025-09-01","11:31:23.689 AM","25.6","97.235","36.446","0","24.915","23.36","23.44","None"
"2025-09-01","11:31:23.941 AM","25.6","97.235","36.446","0","24.915","23.36","23.44","None"
"2025-09-01","11:31:24.190 AM","25.6","97.234","36.458","0","24.975","23.36","23.44","None"
"2025-09-01","11:31:24.480 AM","25.6","97.234","36.458","0","24.975","23.39","23.43","None"
"2025-09-01","11:31:24.708 AM","25.6","97.234","36.458","0","24.975","23.39","23.43","None"
"2025-09-01","11:31:24.955 AM","25.6","97.234","36.464","0","24.94","23.32","23.43","None"
"2025-09-01","11:31:25.206 AM","25.6","97.234","36.464","0","24.94","23.32","23.32","None"
"2025-09-01","11:31:25.463 AM","25.6","97.234","36.464","0","24.94","23.32","23.32","None"
"2025-09-01","11:31:25.708 AM","25.6","97.233","36.446","0","24.92","23.43","23.32","None"
"2025-09-01","11:31:25.957 AM","25.6","97.233","36.446","0","24.92","23.43","23.30","None"
"2025-09-01","11:31:26.209 AM","25.6","97.233","36.446","0","24.92","23.43","23.30","None"
"2025-09-01","11:31:26.460 AM","25.6","97.234","36.458","0","24.91","23.41","23.30","None"
"2025-09-01","11:31:26.727 AM","25.6","97.234","36.458","0","24.91","23.41","23.44","None"
"2025-09-01","11:31:26.977 AM","25.6","97.239","36.452","0","24.92","23.41","23.44","None"
"2025-09-01","11:31:27.227 AM","25.6","97.239","36.452","0","24.92","23.39","23.44","None"
"2025-09-01","11:31:27.493 AM","25.6","97.239","36.452","0","24.92","23.39","23.33","None"
"2025-09-01","11:31:27.746 AM","25.6","97.238","36.452","0","24.915","23.39","23.33","None"
"2025-09-01","11:31:28.008 AM","25.6","97.238","36.452","0","24.915","23.43","23.33","None"
"2025-09-01","11:31:28.245 AM","25.6","97.238","36.452","0","24.915","23.43","23.33","None"
"2025-09-01","11:31:28.527 AM","25.6","97.234","36.458","0","24.955","23.43","23.33","None"
"2025-09-01","11:31:28.783 AM","25.6","97.234","36.458","0","24.955","23.43","23.41","None"
"2025-09-01","11:31:29.020 AM","25.6","97.234","36.458","0","24.955","23.43","23.41","None"
"2025-09-01","11:31:29.294 AM","25.6","97.235","36.452","0","24.885","23.39","23.41","None"
"2025-09-01","11:31:29.557 AM","25.6","97.235","36.452","0","24.885","23.39","23.39","None"
"2025-09-01","11:31:29.831 AM","25.61","97.235","36.452","0","24.975","23.39","23.39","None"
"2025-09-01","11:31:30.090 AM","25.61","97.235","36.452","0","24.975","23.38","23.39","None"
"2025-09-01","11:31:30.360 AM","25.61","97.235","36.452","0","24.975","23.38","23.33","None"
"2025-09-01","11:31:30.626 AM","25.61","97.234","36.447","0","24.935","23.38","23.33","None"
"2025-09-01","11:31:30.891 AM","25.61","97.234","36.447","0","24.935","23.38","23.38","None"
"2025-09-01","11:31:31.164 AM","25.61","97.234","36.447","0","24.935","23.38","23.38","None"
"2025-09-01","11:31:31.410 AM","25.61","97.234","36.441","0","24.86","23.38","23.38","None"
"2025-09-01","11:31:31.660 AM","25.61","97.234","36.441","0","24.86","23.23","23.26","None"
"2025-09-01","11:31:31.909 AM","25.61","97.234","36.441","0","24.86","23.23","23.26","None"
"2025-09-01","11:31:32.160 AM","25.61","97.232","36.447","0","24.935","23.36","23.26","None"
"2025-09-01","11:31:32.414 AM","25.61","97.232","36.447","0","24.935","23.36","23.32","None"
"2025-09-01","11:31:32.659 AM","25.61","97.232","36.447","0","24.935","23.36","23.32","None"
"2025-09-01","11:31:32.943 AM","25.61","97.232","36.447","0","24.89","23.41","23.32","None"
"2025-09-01","11:31:33.173 AM","25.61","97.232","36.447","0","24.89","23.41","23.34","None"
"2025-09-01","11:31:33.422 AM","25.61","97.232","36.43","0","24.98","23.41","23.34","None"
"2025-09-01","11:31:33.664 AM","25.61","97.232","36.43","0","24.98","23.41","23.34","None"
"2025-09-01","11:31:33.912 AM","25.61","97.232","36.43","0","24.98","23.41","23.37","None"
"2025-09-01","11:31:34.182 AM","25.61","97.232","36.447","0","24.905","23.41","23.37","None"
"2025-09-01","11:31:34.427 AM","25.61","97.232","36.447","0","24.905","23.41","23.37","None"
"2025-09-01","11:31:34.681 AM","25.61","97.232","36.447","0","24.905","23.41","23.37","None"
"2025-09-01","11:31:34.929 AM","25.61","97.229","36.43","0","24.97","23.41","23.37","None"
"2025-09-01","11:31:35.178 AM","25.61","97.229","36.43","0","24.97","23.39","23.39","None"
"2025-09-01","11:31:35.431 AM","25.61","97.229","36.43","0","24.97","23.39","23.39","None"
"2025-09-01","11:31:35.683 AM","25.61","97.23","36.441","0","24.92","23.39","23.39","None"
"2025-09-01","11:31:35.933 AM","25.61","97.23","36.441","0","24.92","23.38","23.34","None"
"2025-09-01","11:31:36.181 AM","25.61","97.23","36.441","0","24.92","23.38","23.34","None"
"2025-09-01","11:31:36.445 AM","25.61","97.233","36.43","0","24.975","23.38","23.34","None"
"2025-09-01","11:31:36.692 AM","25.61","97.233","36.43","0","24.975","23.41","23.30","None"
"2025-09-01","11:31:36.978 AM","25.61","97.233","36.43","0","24.975","23.41","23.30","None"
"2025-09-01","11:31:37.223 AM","25.61","97.233","36.436","0","24.91","23.47","23.30","None"
"2025-09-01","11:31:37.469 AM","25.61","97.233","36.436","0","24.91","23.47","23.43","None"
"2025-09-01","11:31:37.717 AM","25.61","97.233","36.436","0","24.91","23.47","23.43","None"
"2025-09-01","11:31:37.971 AM","25.61","97.232","36.442","0","24.91","23.41","23.43","None"
"2025-09-01","11:31:38.226 AM","25.61","97.232","36.442","0","24.91","23.41","23.32","None"
"2025-09-01","11:31:38.466 AM","25.61","97.231","36.436","0","24.94","23.41","23.32","None"
"2025-09-01","11:31:38.720 AM","25.61","97.231","36.436","0","24.94","23.43","23.32","None"
"2025-09-01","11:31:38.970 AM","25.61","97.231","36.436","0","24.94","23.43","23.38","None"
"2025-09-01","11:31:39.221 AM","25.62","97.23","36.419","0","24.935","23.43","23.38","None"
"2025-09-01","11:31:39.474 AM","25.62","97.23","36.419","0","24.935","23.37","23.38","None"
"2025-09-01","11:31:39.718 AM","25.62","97.23","36.419","0","24.935","23.37","23.41","None"
"2025-09-01","11:31:39.970 AM","25.62","97.23","36.419","0","24.905","23.37","23.41","None"
"2025-09-01","11:31:40.221 AM","25.62","97.23","36.419","0","24.905","23.43","23.33","None"
"2025-09-01","11:31:40.469 AM","25.62","97.23","36.419","0","24.905","23.43","23.33","None"
"2025-09-01","11:31:40.733 AM","25.62","97.234","36.431","0","24.935","23.43","23.33","None"
"2025-09-01","11:31:40.980 AM","25.62","97.234","36.431","0","24.935","23.45","23.38","None"
"2025-09-01","11:31:41.265 AM","25.62","97.234","36.431","0","24.935","23.45","23.38","None"
"2025-09-01","11:31:41.505 AM","25.62","97.238","36.425","0","24.92","23.41","23.38","None"
"2025-09-01","11:31:41.754 AM","25.62","97.238","36.425","0","24.92","23.41","23.33","None"
"2025-09-01","11:31:41.999 AM","25.62","97.238","36.425","0","24.92","23.41","23.33","None"
"2025-09-01","11:31:42.249 AM","25.62","97.241","36.419","0","24.94","23.41","23.33","None"
"2025-09-01","11:31:42.502 AM","25.62","97.241","36.419","0","24.94","23.41","23.34","None"
"2025-09-01","11:31:42.751 AM","25.62","97.241","36.419","0","24.94","23.41","23.34","None"
"2025-09-01","11:31:43.003 AM","25.62","97.236","36.425","0","24.875","23.38","23.34","None"
"2025-09-01","11:31:43.250 AM","25.62","97.236","36.425","0","24.875","23.38","23.34","None"
"2025-09-01","11:31:43.500 AM","25.62","97.236","36.419","0","24.875","23.38","23.34","None"
"2025-09-01","11:31:43.753 AM","25.62","97.236","36.419","0","24.875","23.34","23.34","None"
"2025-09-01","11:31:44.009 AM","25.62","97.236","36.419","0","24.875","23.34","23.34","None"
"2025-09-01","11:31:44.262 AM","25.62","97.237","36.408","0","24.95","23.34","23.34","None"
"2025-09-01","11:31:44.503 AM","25.62","97.237","36.408","0","24.95","23.45","23.34","None"
"2025-09-01","11:31:44.755 AM","25.62","97.237","36.408","0","24.95","23.45","23.38","None"
"2025-09-01","11:31:45.017 AM","25.62","97.236","36.419","0","24.95","23.45","23.38","None"
"2025-09-01","11:31:45.266 AM","25.62","97.236","36.419","0","24.95","23.38","23.43","None"
"2025-09-01","11:31:45.568 AM","25.62","97.236","36.419","0","24.95","23.38","23.43","None"
"2025-09-01","11:31:45.792 AM","25.62","97.236","36.419","0","24.965","23.38","23.43","None"
"2025-09-01","11:31:46.041 AM","25.62","97.236","36.419","0","24.965","23.41","23.32","None"
"2025-09-01","11:31:46.291 AM","25.62","97.236","36.419","0","24.965","23.41","23.32","None"
"2025-09-01","11:31:46.543 AM","25.62","97.232","36.419","0","24.94","23.38","23.32","None"
"2025-09-01","11:31:46.790 AM","25.62","97.232","36.419","0","24.94","23.38","23.39","None"
"2025-09-01","11:31:47.039 AM","25.62","97.232","36.419","0","24.94","23.38","23.39","None"
"2025-09-01","11:31:47.290 AM","25.62","97.23","36.408","0","24.995","23.41","23.39","None"
"2025-09-01","11:31:47.541 AM","25.62","97.23","36.408","0","24.995","23.41","23.37","None"
"2025-09-01","11:31:47.793 AM","25.62","97.231","36.408","0","24.895","23.41","23.37","None"
"2025-09-01","11:31:48.041 AM","25.62","97.231","36.408","0","24.895","23.37","23.37","None"
"2025-09-01","11:31:48.293 AM","25.62","97.231","36.408","0","24.895","23.37","23.44","None"
"2025-09-01","11:31:48.541 AM","25.62","97.228","36.408","0","24.96","23.37","23.44","None"
"2025-09-01","11:31:48.795 AM","25.62","97.228","36.408","0","24.96","23.30","23.44","None"
"2025-09-01","11:31:49.041 AM","25.62","97.228","36.408","0","24.96","23.30","23.34","None"
"2025-09-01","11:31:49.300 AM","25.62","97.23","36.414","0","24.905","23.30","23.34","None"
"2025-09-01","11:31:49.597 AM","25.62","97.23","36.414","0","24.905","23.36","23.33","None"
"2025-09-01","11:31:49.810 AM","25.62","97.23","36.414","0","24.905","23.36","23.33","None"
"2025-09-01","11:31:50.059 AM","25.62","97.23","36.402","0","24.915","23.36","23.33","None"
"2025-09-01","11:31:50.308 AM","25.62","97.23","36.402","0","24.915","23.34","23.41","None"
"2025-09-01","11:31:50.559 AM","25.62","97.23","36.402","0","24.915","23.34","23.41","None"
"2025-09-01","11:31:50.815 AM","25.62","97.23","36.408","0","24.86","23.34","23.41","None"
"2025-09-01","11:31:51.060 AM","25.62","97.23","36.408","0","24.86","23.41","23.34","None"
"2025-09-01","11:31:51.309 AM","25.62","97.23","36.408","0","24.86","23.41","23.34","None"
"2025-09-01","11:31:51.561 AM","25.62","97.233","36.408","0","24.945","23.41","23.34","None"
"2025-09-01","11:31:51.810 AM","25.62","97.233","36.408","0","24.945","23.41","23.32","None"
"2025-09-01","11:31:52.065 AM","25.62","97.233","36.408","0","24.945","23.41","23.32","None"
"2025-09-01","11:31:52.310 AM","25.63","97.234","36.403","0","24.88","23.45","23.32","None"
"2025-09-01","11:31:52.561 AM","25.63","97.234","36.403","0","24.88","23.45","23.43","None"
"2025-09-01","11:31:52.810 AM","25.63","97.234","36.403","0","24.88","23.45","23.43","None"
"2025-09-01","11:31:53.062 AM","25.63","97.231","36.426","0","24.94","23.41","23.43","None"
"2025-09-01","11:31:53.315 AM","25.63","97.231","36.426","0","24.94","23.41","23.43","None"
"2025-09-01","11:31:53.560 AM","25.63","97.238","36.403","0","25","23.41","23.43","None"
"2025-09-01","11:31:53.856 AM","25.63","97.238","36.403","0","25","23.38","23.43","None"
"2025-09-01","11:31:54.080 AM","25.63","97.238","36.403","0","25","23.38","23.38","None"
"2025-09-01","11:31:54.331 AM","25.63","97.236","36.414","0","24.92","23.38","23.38","None"
"2025-09-01","11:31:54.575 AM","25.63","97.236","36.414","0","24.92","23.38","23.38","None"
"2025-09-01","11:31:54.825 AM","25.63","97.236","36.414","0","24.92","23.38","23.32","None"
"2025-09-01","11:31:55.082 AM","25.63","97.233","36.414","0","24.915","23.38","23.32","None"
"2025-09-01","11:31:55.328 AM","25.63","97.233","36.414","0","24.915","23.36","23.43","None"
"2025-09-01","11:31:55.580 AM","25.63","97.233","36.414","0","24.915","23.36","23.43","None"
"2025-09-01","11:31:55.828 AM","25.63","97.233","36.408","0","24.905","23.36","23.43","None"
"2025-09-01","11:31:56.093 AM","25.63","97.233","36.408","0","24.905","23.41","23.38","None"
"2025-09-01","11:31:56.345 AM","25.63","97.233","36.408","0","24.905","23.41","23.38","None"
"2025-09-01","11:31:56.596 AM","25.63","97.232","36.397","0","24.89","23.44","23.38","None"
"2025-09-01","11:31:56.847 AM","25.63","97.232","36.397","0","24.89","23.44","23.33","None"
"2025-09-01","11:31:57.092 AM","25.63","97.232","36.397","0","24.89","23.44","23.33","None"
"2025-09-01","11:31:57.344 AM","25.63","97.232","36.408","0","24.865","23.45","23.33","None"
"2025-09-01","11:31:57.593 AM","25.63","97.232","36.408","0","24.865","23.45","23.32","None"
"2025-09-01","11:31:57.843 AM","25.63","97.232","36.408","0","24.865","23.45","23.32","None"
"2025-09-01","11:31:58.130 AM","25.63","97.233","36.403","0","24.92","23.36","23.32","None"
"2025-09-01","11:31:58.367 AM","25.63","97.233","36.403","0","24.92","23.36","23.30","None"
"2025-09-01","11:31:58.612 AM","25.62","97.232","36.385","0","24.91","23.36","23.30","None"
"2025-09-01","11:31:58.861 AM","25.62","97.232","36.385","0","24.91","23.39","23.30","None"
"2025-09-01","11:31:59.120 AM","25.62","97.232","36.385","0","24.91","23.39","23.34","None"
"2025-09-01","11:31:59.365 AM","25.62","97.23","36.402","0","24.93","23.39","23.34","None"
"2025-09-01","11:31:59.612 AM","25.62","97.23","36.402","0","24.93","23.41","23.34","None"
"2025-09-01","11:31:59.864 AM","25.62","97.23","36.402","0","24.93","23.41","23.39","None"
"2025-09-01","11:32:00.115 AM","25.62","97.23","36.396","0","24.925","23.41","23.39","None"
"2025-09-01","11:32:00.384 AM","25.62","97.23","36.396","0","24.925","23.48","23.32","None"
"2025-09-01","11:32:00.636 AM","25.62","97.23","36.396","0","24.925","23.48","23.32","None"
"2025-09-01","11:32:00.911 AM","25.62","97.228","36.39","0","24.92","23.45","23.32","None"
"2025-09-01","11:32:01.173 AM","25.62","97.228","36.39","0","24.92","23.45","23.34","None"
"2025-09-01","11:32:01.431 AM","25.62","97.228","36.39","0","24.92","23.45","23.34","None"
"2025-09-01","11:32:01.676 AM","25.62","97.231","36.39","0","24.925","23.47","23.34","None"
"2025-09-01","11:32:01.927 AM","25.62","97.231","36.39","0","24.925","23.47","23.38","None"
"2025-09-01","11:32:02.199 AM","25.62","97.231","36.39","0","24.975","23.47","23.38","None"
"2025-09-01","11:32:02.490 AM","25.62","97.231","36.39","0","24.975","23.36","23.38","None"
"2025-09-01","11:32:02.726 AM","25.62","97.231","36.39","0","24.975","23.36","23.38","None"
"2025-09-01","11:32:02.980 AM","25.61","97.228","36.378","0","24.88","23.36","23.38","None"
"2025-09-01","11:32:03.250 AM","25.61","97.228","36.378","0","24.88","23.44","23.44","None"
"2025-09-01","11:32:03.521 AM","25.61","97.228","36.378","0","24.88","23.44","23.44","None"
"2025-09-01","11:32:03.766 AM","25.61","97.225","36.39","0","25.02","23.44","23.44","None"
"2025-09-01","11:32:04.013 AM","25.61","97.225","36.39","0","25.02","23.43","23.33","None"
"2025-09-01","11:32:04.268 AM","25.61","97.225","36.39","0","25.02","23.43","23.33","None"
"2025-09-01","11:32:04.516 AM","25.61","97.227","36.39","0","24.975","23.45","23.33","None"
"2025-09-01","11:32:04.769 AM","25.61","97.227","36.39","0","24.975","23.45","23.39","None"
"2025-09-01","11:32:05.016 AM","25.61","97.227","36.39","0","24.975","23.45","23.39","None"
"2025-09-01","11:32:05.266 AM","25.62","97.226","36.407","0","24.935","23.43","23.39","None"
"2025-09-01","11:32:05.519 AM","25.62","97.226","36.407","0","24.935","23.43","23.38","None"
"2025-09-01","11:32:05.769 AM","25.62","97.227","36.384","0","24.9","23.43","23.38","None"
"2025-09-01","11:32:06.016 AM","25.62","97.227","36.384","0","24.9","23.44","23.38","None"
"2025-09-01","11:32:06.267 AM","25.62","97.227","36.384","0","24.9","23.44","23.34","None"
"2025-09-01","11:32:06.550 AM","25.62","97.234","36.402","0","24.89","23.44","23.34","None"
"2025-09-01","11:32:06.784 AM","25.62","97.234","36.402","0","24.89","23.41","23.34","None"
"2025-09-01","11:32:07.035 AM","25.62","97.234","36.402","0","24.89","23.41","23.33","None"
"2025-09-01","11:32:07.284 AM","25.62","97.235","36.385","0","24.91","23.41","23.33","None"
"2025-09-01","11:32:07.538 AM","25.62","97.235","36.385","0","24.91","23.41","23.36","None"
"2025-09-01","11:32:07.787 AM","25.62","97.235","36.385","0","24.91","23.41","23.36","None"
"2025-09-01","11:32:08.034 AM","25.62","97.237","36.39","0","24.87","23.41","23.36","None"
"2025-09-01","11:32:08.286 AM","25.62","97.237","36.39","0","24.87","23.39","23.41","None"
"2025-09-01","11:32:08.535 AM","25.62","97.237","36.39","0","24.87","23.39","23.41","None"
"2025-09-01","11:32:08.788 AM","25.62","97.236","36.402","0","24.88","23.39","23.41","None"
"2025-09-01","11:32:09.043 AM","25.62","97.236","36.402","0","24.88","23.44","23.33","None"
"2025-09-01","11:32:09.300 AM","25.62","97.236","36.402","0","24.88","23.44","23.33","None"
"2025-09-01","11:32:09.549 AM","25.62","97.236","36.39","0","24.89","23.41","23.33","None"
"2025-09-01","11:32:09.802 AM","25.62","97.236","36.39","0","24.89","23.41","23.32","None"
"2025-09-01","11:32:10.049 AM","25.62","97.236","36.39","0","24.89","23.41","23.32","None"
"2025-09-01","11:32:10.300 AM","25.62","97.233","36.408","0","24.915","23.44","23.32","None"
"2025-09-01","11:32:10.549 AM","25.62","97.233","36.408","0","24.915","23.44","23.38","None"
"2025-09-01","11:32:10.843 AM","25.62","97.231","36.402","0","24.88","23.44","23.38","None"
"2025-09-01","11:32:11.073 AM","25.62","97.231","36.402","0","24.88","23.41","23.38","None"
"2025-09-01","11:32:11.323 AM","25.62","97.231","36.402","0","24.88","23.41","23.36","None"
"2025-09-01","11:32:11.571 AM","25.62","97.233","36.396","0","24.975","23.41","23.36","None"
"2025-09-01","11:32:11.825 AM","25.62","97.233","36.396","0","24.975","23.52","23.36","None"
"2025-09-01","11:32:12.082 AM","25.62","97.233","36.396","0","24.975","23.52","23.23","None"
"2025-09-01","11:32:12.322 AM","25.62","97.229","36.379","0","24.92","23.52","23.23","None"
"2025-09-01","11:32:12.573 AM","25.62","97.229","36.379","0","24.92","23.43","23.34","None"
"2025-09-01","11:32:12.823 AM","25.62","97.229","36.379","0","24.92","23.43","23.34","None"
"2025-09-01","11:32:13.074 AM","25.62","97.23","36.39","0","25","23.43","23.34","None"
"2025-09-01","11:32:13.325 AM","25.62","97.23","36.39","0","25","23.39","23.28","None"
"2025-09-01","11:32:13.572 AM","25.62","97.23","36.39","0","25","23.39","23.28","None"
"2025-09-01","11:32:13.825 AM","25.61","97.228","36.401","0","24.915","23.39","23.28","None"
"2025-09-01","11:32:14.075 AM","25.61","97.228","36.401","0","24.915","23.39","23.41","None"
"2025-09-01","11:32:14.325 AM","25.61","97.228","36.401","0","24.915","23.39","23.41","None"
"2025-09-01","11:32:14.577 AM","25.62","97.229","36.378","0","24.935","23.50","23.41","None"
"2025-09-01","11:32:14.823 AM","25.62","97.229","36.378","0","24.935","23.50","23.32","None"
"2025-09-01","11:32:15.110 AM","25.62","97.229","36.378","0","24.935","23.50","23.32","None"
"2025-09-01","11:32:15.331 AM","25.62","97.232","36.396","0","24.9","23.36","23.32","None"
"2025-09-01","11:32:15.580 AM","25.62","97.232","36.396","0","24.9","23.36","23.32","None"
"2025-09-01","11:32:15.828 AM","25.62","97.232","36.39","0","24.915","23.36","23.32","None"
"2025-09-01","11:32:16.078 AM","25.62","97.232","36.39","0","24.915","23.47","23.32","None"
"2025-09-01","11:32:16.333 AM","25.62","97.232","36.39","0","24.915","23.47","23.41","None"
"2025-09-01","11:32:16.582 AM","25.62","97.229","36.384","0","24.94","23.47","23.41","None"
"2025-09-01","11:32:16.826 AM","25.62","97.229","36.384","0","24.94","23.41","23.41","None"
"2025-09-01","11:32:17.079 AM","25.62","97.229","36.384","0","24.94","23.41","23.37","None"
"2025-09-01","11:32:17.330 AM","25.62","97.23","36.379","0","24.875","23.41","23.37","None"
"2025-09-01","11:32:17.578 AM","25.62","97.23","36.379","0","24.875","23.41","23.37","None"
"2025-09-01","11:32:17.833 AM","25.62","97.23","36.379","0","24.875","23.41","23.36","None"
"2025-09-01","11:32:18.084 AM","25.62","97.228","36.385","0","24.94","23.41","23.36","None"
"2025-09-01","11:32:18.328 AM","25.62","97.228","36.385","0","24.94","23.45","23.37","None"
"2025-09-01","11:32:18.579 AM","25.62","97.228","36.385","0","24.94","23.45","23.37","None"
"2025-09-01","11:32:18.828 AM","25.62","97.23","36.397","0","24.965","23.45","23.37","None"
"2025-09-01","11:32:19.114 AM","25.62","97.23","36.397","0","24.965","23.47","23.30","None"
"2025-09-01","11:32:19.336 AM","25.62","97.23","36.397","0","24.965","23.47","23.30","None"
"2025-09-01","11:32:19.589 AM","25.62","97.23","36.391","0","24.89","23.41","23.30","None"
"2025-09-01","11:32:19.861 AM","25.62","97.23","36.391","0","24.89","23.41","23.32","None"
"2025-09-01","11:32:20.125 AM","25.62","97.23","36.391","0","24.89","23.41","23.32","None"
"2025-09-01","11:32:20.403 AM","25.62","97.23","36.374","0","24.875","23.36","23.32","None"
"2025-09-01","11:32:20.659 AM","25.62","97.23","36.374","0","24.875","23.36","23.28","None"
"2025-09-01","11:32:20.928 AM","25.62","97.23","36.374","0","24.955","23.36","23.28","None"
"2025-09-01","11:32:21.194 AM","25.62","97.23","36.374","0","24.955","23.44","23.33","None"
"2025-09-01","11:32:21.460 AM","25.62","97.23","36.374","0","24.955","23.44","23.33","None"
"2025-09-01","11:32:21.731 AM","25.62","97.231","36.379","0","24.905","23.44","23.33","None"
"2025-09-01","11:32:21.994 AM","25.62","97.231","36.379","0","24.905","23.30","23.32","None"
"2025-09-01","11:32:22.267 AM","25.62","97.231","36.379","0","24.905","23.30","23.32","None"
"2025-09-01","11:32:22.529 AM","25.62","97.229","36.374","0","24.985","23.41","23.32","None"
"2025-09-01","11:32:22.799 AM","25.62","97.229","36.374","0","24.985","23.41","23.37","None"
"2025-09-01","11:32:23.066 AM","25.62","97.228","36.385","0","24.89","23.41","23.37","None"
"2025-09-01","11:32:23.379 AM","25.62","97.228","36.385","0","24.89","23.34","23.37","None"
"2025-09-01","11:32:23.601 AM","25.62","97.228","36.385","0","24.89","23.34","23.38","None"
"2025-09-01","11:32:23.855 AM","25.62","97.222","36.379","0","24.945","23.34","23.38","None"
"2025-09-01","11:32:24.104 AM","25.62","97.222","36.379","0","24.945","23.41","23.37","None"
"2025-09-01","11:32:24.354 AM","25.62","97.222","36.379","0","24.945","23.41","23.37","None"
"2025-09-01","11:32:24.608 AM","25.62","97.224","36.379","0","24.885","23.41","23.37","None"
"2025-09-01","11:32:24.852 AM","25.62","97.224","36.379","0","24.885","23.50","23.34","None"
"2025-09-01","11:32:25.118 AM","25.62","97.224","36.379","0","24.885","23.50","23.34","None"
"2025-09-01","11:32:25.356 AM","25.62","97.228","36.368","0","24.93","23.41","23.34","None"
"2025-09-01","11:32:25.618 AM","25.62","97.228","36.368","0","24.93","23.41","23.32","None"
"2025-09-01","11:32:25.857 AM","25.62","97.228","36.368","0","24.93","23.41","23.32","None"
"2025-09-01","11:32:26.117 AM","25.62","97.23","36.385","0","24.965","23.45","23.32","None"
"2025-09-01","11:32:26.368 AM","25.62","97.23","36.385","0","24.965","23.45","23.36","None"
"2025-09-01","11:32:26.614 AM","25.62","97.23","36.385","0","24.97","23.45","23.36","None"
"2025-09-01","11:32:26.864 AM","25.62","97.23","36.385","0","24.97","23.39","23.36","None"
"2025-09-01","11:32:27.118 AM","25.62","97.23","36.385","0","24.97","23.39","23.33","None"
"2025-09-01","11:32:27.364 AM","25.62","97.234","36.379","0","24.88","23.39","23.33","None"
"2025-09-01","11:32:27.648 AM","25.62","97.234","36.379","0","24.88","23.38","23.33","None"
"2025-09-01","11:32:27.870 AM","25.62","97.234","36.379","0","24.88","23.38","23.28","None"
"2025-09-01","11:32:28.126 AM","25.62","97.231","36.373","0","24.89","23.38","23.28","None"
"2025-09-01","11:32:28.388 AM","25.62","97.231","36.373","0","24.89","23.39","23.30","None"
"2025-09-01","11:32:28.634 AM","25.62","97.231","36.373","0","24.89","23.39","23.30","None"
"2025-09-01","11:32:28.889 AM","25.62","97.233","36.373","0","24.95","23.39","23.30","None"
"2025-09-01","11:32:29.139 AM","25.62","97.233","36.373","0","24.95","23.41","23.34","None"
"2025-09-01","11:32:29.386 AM","25.62","97.233","36.373","0","24.95","23.41","23.34","None"
"2025-09-01","11:32:29.635 AM","25.62","97.231","36.373","0","24.88","23.41","23.34","None"
"2025-09-01","11:32:29.887 AM","25.62","97.231","36.373","0","24.88","23.36","23.36","None"
"2025-09-01","11:32:30.137 AM","25.62","97.231","36.373","0","24.88","23.36","23.36","None"
"2025-09-01","11:32:30.395 AM","25.62","97.233","36.368","0","24.89","23.41","23.36","None"
"2025-09-01","11:32:30.636 AM","25.62","97.233","36.368","0","24.89","23.41","23.41","None"
"2025-09-01","11:32:30.887 AM","25.62","97.233","36.368","0","24.89","23.41","23.41","None"
"2025-09-01","11:32:31.136 AM","25.62","97.229","36.362","0","24.98","23.41","23.41","None"
"2025-09-01","11:32:31.388 AM","25.62","97.229","36.362","0","24.98","23.41","23.27","None"
"2025-09-01","11:32:31.636 AM","25.62","97.229","36.362","0","24.98","23.41","23.27","None"
"2025-09-01","11:32:31.930 AM","25.62","97.229","36.379","0","24.93","23.41","23.27","None"
"2025-09-01","11:32:32.173 AM","25.62","97.229","36.379","0","24.93","23.41","23.30","None"
"2025-09-01","11:32:32.427 AM","25.62","97.228","36.368","0","24.955","23.41","23.30","None"
"2025-09-01","11:32:32.675 AM","25.62","97.228","36.368","0","24.955","23.41","23.30","None"
"2025-09-01","11:32:32.924 AM","25.62","97.228","36.368","0","24.955","23.41","23.38","None"
"2025-09-01","11:32:33.181 AM","25.62","97.226","36.374","0","24.975","23.41","23.38","None"
"2025-09-01","11:32:33.427 AM","25.62","97.226","36.374","0","24.975","23.38","23.36","None"
"2025-09-01","11:32:33.675 AM","25.62","97.226","36.374","0","24.975","23.38","23.36","None"
"2025-09-01","11:32:33.927 AM","25.62","97.229","36.374","0","24.955","23.38","23.36","None"
"2025-09-01","11:32:34.184 AM","25.62","97.229","36.374","0","24.955","23.41","23.32","None"
"2025-09-01","11:32:34.437 AM","25.62","97.229","36.374","0","24.955","23.41","23.32","None"
"2025-09-01","11:32:34.683 AM","25.62","97.228","36.374","0","25.005","23.36","23.32","None"
"2025-09-01","11:32:34.938 AM","25.62","97.228","36.374","0","25.005","23.36","23.41","None"
"2025-09-01","11:32:35.187 AM","25.62","97.228","36.374","0","25.005","23.36","23.41","None"
"2025-09-01","11:32:35.435 AM","25.62","97.227","36.368","0","24.96","23.37","23.41","None"
"2025-09-01","11:32:35.690 AM","25.62","97.227","36.368","0","24.96","23.37","23.37","None"
"2025-09-01","11:32:35.970 AM","25.62","97.227","36.368","0","24.96","23.37","23.37","None"
"2025-09-01","11:32:36.194 AM","25.62","97.225","36.368","0","24.87","23.47","23.37","None"
"2025-09-01","11:32:36.442 AM","25.62","97.225","36.368","0","24.87","23.47","23.41","None"
"2025-09-01","11:32:36.691 AM","25.62","97.224","36.379","0","24.97","23.47","23.41","None"
"2025-09-01","11:32:36.938 AM","25.62","97.224","36.379","0","24.97","23.30","23.41","None"
"2025-09-01","11:32:37.205 AM","25.62","97.224","36.379","0","24.97","23.30","23.32","None"
"2025-09-01","11:32:37.464 AM","25.62","97.226","36.368","0","25","23.30","23.32","None"
"2025-09-01","11:32:37.698 AM","25.62","97.226","36.368","0","25","23.34","23.32","None"
"2025-09-01","11:32:37.957 AM","25.62","97.226","36.368","0","25","23.34","23.37","None"
"2025-09-01","11:32:38.206 AM","25.63","97.225","36.368","0","24.9","23.34","23.37","None"
"2025-09-01","11:32:38.461 AM","25.63","97.225","36.368","0","24.9","23.37","23.26","None"
"2025-09-01","11:32:38.705 AM","25.63","97.225","36.368","0","24.9","23.37","23.26","None"
"2025-09-01","11:32:38.957 AM","25.63","97.226","36.368","0","24.885","23.37","23.26","None"
"2025-09-01","11:32:39.209 AM","25.63","97.226","36.368","0","24.885","23.47","23.39","None"
"2025-09-01","11:32:39.461 AM","25.63","97.226","36.368","0","24.885","23.47","23.39","None"
"2025-09-01","11:32:39.711 AM","25.63","97.226","36.38","0","24.995","23.47","23.39","None"
"2025-09-01","11:32:39.958 AM","25.63","97.226","36.38","0","24.995","23.36","23.33","None"
"2025-09-01","11:32:40.244 AM","25.63","97.226","36.38","0","24.995","23.36","23.33","None"
"2025-09-01","11:32:40.466 AM","25.63","97.227","36.368","0","24.955","23.41","23.33","None"
"2025-09-01","11:32:40.715 AM","25.63","97.227","36.368","0","24.955","23.41","23.30","None"
"2025-09-01","11:32:40.962 AM","25.63","97.227","36.368","0","24.955","23.41","23.30","None"
"2025-09-01","11:32:41.213 AM","25.63","97.226","36.368","0","24.94","23.44","23.30","None"
"2025-09-01","11:32:41.476 AM","25.63","97.226","36.368","0","24.94","23.44","23.27","None"
"2025-09-01","11:32:41.731 AM","25.63","97.225","36.368","0","24.945","23.44","23.27","None"
"2025-09-01","11:32:41.973 AM","25.63","97.225","36.368","0","24.945","23.39","23.27","None"
"2025-09-01","11:32:42.225 AM","25.63","97.225","36.368","0","24.945","23.39","23.26","None"
"2025-09-01","11:32:42.474 AM","25.63","97.226","36.362","0","24.965","23.39","23.26","None"
"2025-09-01","11:32:42.724 AM","25.63","97.226","36.362","0","24.965","23.47","23.26","None"
"2025-09-01","11:32:42.975 AM","25.63","97.226","36.362","0","24.965","23.47","23.38","None"
"2025-09-01","11:32:43.230 AM","25.63","97.225","36.374","0","24.945","23.47","23.38","None"
"2025-09-01","11:32:43.474 AM","25.63","97.225","36.374","0","24.945","23.39","23.38","None"
"2025-09-01","11:32:43.724 AM","25.63","97.225","36.374","0","24.945","23.39","23.38","None"
"2025-09-01","11:32:43.974 AM","25.63","97.226","36.362","0","24.96","23.39","23.38","None"
"2025-09-01","11:32:44.226 AM","25.63","97.226","36.362","0","24.96","23.39","23.30","None"
"2025-09-01","11:32:44.510 AM","25.63","97.226","36.362","0","24.96","23.39","23.30","None"
"2025-09-01","11:32:44.729 AM","25.63","97.228","36.368","0","24.935","23.39","23.30","None"
"2025-09-01","11:32:44.977 AM","25.63","97.228","36.368","0","24.935","23.43","23.32","None"
"2025-09-01","11:32:45.231 AM","25.63","97.228","36.368","0","24.935","23.43","23.32","None"
"2025-09-01","11:32:45.481 AM","25.63","97.226","36.363","0","24.995","23.47","23.32","None"
"2025-09-01","11:32:45.737 AM","25.63","97.226","36.363","0","24.995","23.47","23.34","None"
"2025-09-01","11:32:45.991 AM","25.63","97.226","36.363","0","24.995","23.47","23.34","None"
"2025-09-01","11:32:46.242 AM","25.63","97.227","36.368","0","24.925","23.38","23.34","None"
"2025-09-01","11:32:46.513 AM","25.63","97.227","36.368","0","24.925","23.38","23.39","None"
"2025-09-01","11:32:46.767 AM","25.63","97.225","36.351","0","24.96","23.38","23.39","None"
"2025-09-01","11:32:47.019 AM","25.63","97.225","36.351","0","24.96","23.50","23.39","None"
"2025-09-01","11:32:47.280 AM","25.63","97.225","36.351","0","24.96","23.50","23.38","None"
"2025-09-01","11:32:47.532 AM","25.63","97.228","36.357","0","24.9","23.50","23.38","None"
"2025-09-01","11:32:47.779 AM","25.63","97.228","36.357","0","24.9","23.44","23.38","None"
"2025-09-01","11:32:48.047 AM","25.63","97.228","36.357","0","24.9","23.44","23.37","None"
"2025-09-01","11:32:48.302 AM","25.63","97.229","36.363","0","24.94","23.44","23.37","None"
"2025-09-01","11:32:48.547 AM","25.63","97.229","36.363","0","24.94","23.37","23.30","None"
"2025-09-01","11:32:48.883 AM","25.63","97.229","36.363","0","24.94","23.37","23.30","None"
"2025-09-01","11:32:49.106 AM","25.63","97.23","36.351","0","24.935","23.38","23.30","None"
"2025-09-01","11:32:49.354 AM","25.63","97.23","36.351","0","24.935","23.38","23.30","None"
"2025-09-01","11:32:49.599 AM","25.63","97.23","36.351","0","24.935","23.38","23.30","None"
"2025-09-01","11:32:49.847 AM","25.63","97.231","36.351","0","24.94","23.37","23.30","None"
"2025-09-01","11:32:50.103 AM","25.63","97.231","36.351","0","24.94","23.37","23.34","None"
"2025-09-01","11:32:50.354 AM","25.62","97.232","36.356","0","24.915","23.37","23.34","None"
"2025-09-01","11:32:50.598 AM","25.62","97.232","36.356","0","24.915","23.36","23.34","None"
"2025-09-01","11:32:50.850 AM","25.62","97.232","36.356","0","24.915","23.36","23.33","None"
"2025-09-01","11:32:51.100 AM","25.62","97.231","36.35","0","24.94","23.36","23.33","None"
"2025-09-01","11:32:51.350 AM","25.62","97.231","36.35","0","24.94","23.41","23.33","None"
"2025-09-01","11:32:51.605 AM","25.62","97.231","36.35","0","24.94","23.41","23.26","None"
"2025-09-01","11:32:51.857 AM","25.62","97.23","36.362","0","24.98","23.41","23.26","None"
"2025-09-01","11:32:52.100 AM","25.62","97.23","36.362","0","24.98","23.34","23.26","None"
"2025-09-01","11:32:52.365 AM","25.62","97.23","36.362","0","24.98","23.34","23.33","None"
"2025-09-01","11:32:52.613 AM","25.62","97.23","36.368","0","24.915","23.34","23.33","None"
"2025-09-01","11:32:52.883 AM","25.62","97.23","36.368","0","24.915","23.44","23.30","None"
"2025-09-01","11:32:53.180 AM","25.62","97.23","36.368","0","24.915","23.44","23.30","None"
"2025-09-01","11:32:53.407 AM","25.62","97.227","36.368","0","24.945","23.28","23.30","None"
"2025-09-01","11:32:53.655 AM","25.62","97.227","36.368","0","24.945","23.28","23.32","None"
"2025-09-01","11:32:53.906 AM","25.62","97.227","36.368","0","24.945","23.28","23.32","None"
"2025-09-01","11:32:54.154 AM","25.62","97.228","36.368","0","24.92","23.39","23.32","None"
"2025-09-01","11:32:54.413 AM","25.62","97.228","36.368","0","24.92","23.39","23.36","None"
"2025-09-01","11:32:54.652 AM","25.62","97.227","36.362","0","24.955","23.39","23.36","None"
"2025-09-01","11:32:54.904 AM","25.62","97.227","36.362","0","24.955","23.43","23.36","None"
"2025-09-01","11:32:55.155 AM","25.62","97.227","36.362","0","24.955","23.43","23.23","None"
"2025-09-01","11:32:55.407 AM","25.63","97.224","36.356","0","24.995","23.43","23.23","None"
"2025-09-01","11:32:55.658 AM","25.63","97.224","36.356","0","24.995","23.38","23.23","None"
"2025-09-01","11:32:55.904 AM","25.63","97.224","36.356","0","24.995","23.38","23.30","None"
"2025-09-01","11:32:56.155 AM","25.63","97.223","36.351","0","24.95","23.38","23.30","None"
"2025-09-01","11:32:56.406 AM","25.63","97.223","36.351","0","24.95","23.36","23.30","None"
"2025-09-01","11:32:56.653 AM","25.63","97.223","36.351","0","24.95","23.36","23.37","None"
"2025-09-01","11:32:56.908 AM","25.63","97.226","36.356","0","24.975","23.36","23.37","None"
"2025-09-01","11:32:57.155 AM","25.63","97.226","36.356","0","24.975","23.39","23.36","None"
"2025-09-01","11:32:57.439 AM","25.63","97.226","36.356","0","24.975","23.39","23.36","None"
"2025-09-01","11:32:57.661 AM","25.63","97.227","36.362","0","24.945","23.39","23.36","None"
"2025-09-01","11:32:57.911 AM","25.63","97.227","36.362","0","24.945","23.36","23.28","None"
"2025-09-01","11:32:58.158 AM","25.63","97.227","36.362","0","24.945","23.36","23.28","None"
"2025-09-01","11:32:58.408 AM","25.63","97.227","36.368","0","24.91","23.36","23.28","None"
"2025-09-01","11:32:58.659 AM","25.63","97.227","36.368","0","24.91","23.44","23.34","None"
"2025-09-01","11:32:58.916 AM","25.63","97.227","36.368","0","24.91","23.44","23.34","None"
"2025-09-01","11:32:59.197 AM","25.63","97.228","36.357","0","24.985","23.36","23.34","None"
"2025-09-01","11:32:59.445 AM","25.63","97.228","36.357","0","24.985","23.36","23.30","None"
"2025-09-01","11:32:59.693 AM","25.63","97.228","36.374","0","24.955","23.36","23.30","None"
"2025-09-01","11:32:59.946 AM","25.63","97.228","36.374","0","24.955","23.48","23.30","None"
"2025-09-01","11:33:00.199 AM","25.63","97.228","36.374","0","24.955","23.48","23.32","None"
"2025-09-01","11:33:00.451 AM","25.63","97.227","36.351","0","24.92","23.48","23.32","None"
"2025-09-01","11:33:00.708 AM","25.63","97.227","36.351","0","24.92","23.37","23.32","None"
"2025-09-01","11:33:00.944 AM","25.63","97.227","36.351","0","24.92","23.37","23.32","None"
"2025-09-01","11:33:01.206 AM","25.63","97.226","36.362","0","24.925","23.37","23.32","None"
"2025-09-01","11:33:01.499 AM","25.63","97.226","36.362","0","24.925","23.47","23.27","None"
"2025-09-01","11:33:01.731 AM","25.63","97.226","36.362","0","24.925","23.47","23.27","None"
"2025-09-01","11:33:01.986 AM","25.62","97.228","36.362","0","24.99","23.47","23.27","None"
"2025-09-01","11:33:02.259 AM","25.62","97.228","36.362","0","24.99","23.41","23.33","None"
"2025-09-01","11:33:02.527 AM","25.62","97.228","36.362","0","24.99","23.41","23.33","None"
"2025-09-01","11:33:02.775 AM","25.62","97.227","36.362","0","24.865","23.39","23.33","None"
"2025-09-01","11:33:03.022 AM","25.62","97.227","36.362","0","24.865","23.39","23.28","None"
"2025-09-01","11:33:03.275 AM","25.62","97.227","36.362","0","24.865","23.39","23.28","None"
"2025-09-01","11:33:03.523 AM","25.62","97.225","36.368","0","24.945","23.41","23.28","None"
"2025-09-01","11:33:03.776 AM","25.62","97.225","36.368","0","24.945","23.41","23.36","None"
"2025-09-01","11:33:04.025 AM","25.63","97.221","36.351","0","24.9","23.41","23.36","None"
"2025-09-01","11:33:04.277 AM","25.63","97.221","36.351","0","24.9","23.41","23.36","None"
"2025-09-01","11:33:04.528 AM","25.63","97.221","36.351","0","24.9","23.41","23.32","None"
"2025-09-01","11:33:04.778 AM","25.63","97.22","36.362","0","24.96","23.41","23.32","None"
"2025-09-01","11:33:05.024 AM","25.63","97.22","36.362","0","24.96","23.37","23.32","None"
"2025-09-01","11:33:05.276 AM","25.63","97.22","36.362","0","24.96","23.37","23.28","None"
"2025-09-01","11:33:05.541 AM","25.63","97.22","36.362","0","24.94","23.37","23.28","None"
"2025-09-01","11:33:05.833 AM","25.63","97.22","36.362","0","24.94","23.39","23.28","None"
"2025-09-01","11:33:06.046 AM","25.63","97.22","36.362","0","24.94","23.39","23.28","None"
"2025-09-01","11:33:06.298 AM","25.62","97.224","36.356","0","24.87","23.39","23.28","None"
"2025-09-01","11:33:06.546 AM","25.62","97.224","36.356","0","24.87","23.47","23.26","None"
"2025-09-01","11:33:06.800 AM","25.62","97.224","36.356","0","24.87","23.47","23.26","None"
"2025-09-01","11:33:07.053 AM","25.62","97.23","36.368","0","24.98","23.37","23.26","None"
"2025-09-01","11:33:07.329 AM","25.62","97.23","36.368","0","24.98","23.37","23.34","None"
"2025-09-01","11:33:07.587 AM","25.62","97.23","36.368","0","24.98","23.37","23.34","None"
"2025-09-01","11:33:07.862 AM","25.62","97.229","36.373","0","24.96","23.47","23.34","None"
"2025-09-01","11:33:08.126 AM","25.62","97.229","36.373","0","24.96","23.47","23.27","None"
"2025-09-01","11:33:08.397 AM","25.62","97.226","36.373","0","24.895","23.47","23.27","None"
"2025-09-01","11:33:08.660 AM","25.62","97.226","36.373","0","24.895","23.39","23.33","None"
"2025-09-01","11:33:08.930 AM","25.62","97.226","36.373","0","24.895","23.39","23.33","None"
"2025-09-01","11:33:09.197 AM","25.62","97.228","36.367","0","24.945","23.39","23.33","None"
"2025-09-01","11:33:09.462 AM","25.62","97.228","36.367","0","24.945","23.39","23.28","None"
"2025-09-01","11:33:09.730 AM","25.62","97.228","36.367","0","24.945","23.39","23.28","None"
"2025-09-01","11:33:10.029 AM","25.62","97.223","36.361","0","24.97","23.37","23.28","None"
"2025-09-01","11:33:10.251 AM","25.62","97.223","36.361","0","24.97","23.37","23.32","None"
"2025-09-01","11:33:10.498 AM","25.62","97.226","36.355","0","24.925","23.37","23.32","None"
"2025-09-01","11:33:10.747 AM","25.62","97.226","36.355","0","24.925","23.39","23.32","None"
"2025-09-01","11:33:11.001 AM","25.62","97.226","36.355","0","24.925","23.39","23.36","None"
"2025-09-01","11:33:11.259 AM","25.62","97.225","36.367","0","24.97","23.39","23.36","None"
"2025-09-01","11:33:11.503 AM","25.62","97.225","36.367","0","24.97","23.32","23.36","None"
"2025-09-01","11:33:11.754 AM","25.62","97.225","36.367","0","24.97","23.32","23.26","None"
"2025-09-01","11:33:12.003 AM","25.62","97.225","36.367","0","24.905","23.32","23.26","None"
"2025-09-01","11:33:12.254 AM","25.62","97.225","36.367","0","24.905","23.43","23.26","None"
"2025-09-01","11:33:12.521 AM","25.62","97.225","36.367","0","24.905","23.43","23.26","None"
"2025-09-01","11:33:12.763 AM","25.62","97.225","36.373","0","24.985","23.43","23.26","None"
"2025-09-01","11:33:13.018 AM","25.62","97.225","36.373","0","24.985","23.44","23.34","None"
"2025-09-01","11:33:13.265 AM","25.62","97.225","36.373","0","24.985","23.44","23.34","None"
"2025-09-01","11:33:13.517 AM","25.62","97.228","36.379","0","24.925","23.41","23.34","None"
"2025-09-01","11:33:13.769 AM","25.62","97.228","36.379","0","24.925","23.41","23.34","None"
"2025-09-01","11:33:14.066 AM","25.62","97.228","36.379","0","24.925","23.41","23.34","None"
"2025-09-01","11:33:14.309 AM","25.62","97.229","36.373","0","25.01","23.38","23.34","None"
"2025-09-01","11:33:14.529 AM","25.62","97.229","36.373","0","25.01","23.38","23.32","None"
"2025-09-01","11:33:14.783 AM","25.62","97.229","36.373","0","25.01","23.38","23.32","None"
"2025-09-01","11:33:15.030 AM","25.62","97.228","36.379","0","24.92","23.41","23.32","None"
"2025-09-01","11:33:15.288 AM","25.62","97.228","36.379","0","24.92","23.41","23.38","None"
"2025-09-01","11:33:15.532 AM","25.62","97.233","36.385","0","24.915","23.41","23.38","None"
"2025-09-01","11:33:15.781 AM","25.62","97.233","36.385","0","24.915","23.39","23.38","None"
"2025-09-01","11:33:16.032 AM","25.62","97.233","36.385","0","24.915","23.39","23.39","None"
"2025-09-01","11:33:16.290 AM","25.62","97.231","36.368","0","24.94","23.39","23.39","None"
"2025-09-01","11:33:16.561 AM","25.62","97.231","36.368","0","24.94","23.43","23.39","None"
"2025-09-01","11:33:16.789 AM","25.62","97.231","36.368","0","24.94","23.43","23.38","None"
"2025-09-01","11:33:17.057 AM","25.62","97.227","36.368","0","24.925","23.43","23.38","None"
"2025-09-01","11:33:17.291 AM","25.62","97.227","36.368","0","24.925","23.36","23.28","None"
"2025-09-01","11:33:17.555 AM","25.62","97.227","36.368","0","24.925","23.36","23.28","None"
"2025-09-01","11:33:17.793 AM","25.63","97.232","36.374","0","24.915","23.36","23.28","None"
"2025-09-01","11:33:18.054 AM","25.63","97.232","36.374","0","24.915","23.34","23.41","None"
"2025-09-01","11:33:18.324 AM","25.63","97.232","36.374","0","24.915","23.34","23.41","None"
"2025-09-01","11:33:18.557 AM","25.63","97.23","36.368","0","24.94","23.36","23.41","None"
"2025-09-01","11:33:18.807 AM","25.63","97.23","36.368","0","24.94","23.36","23.37","None"
"2025-09-01","11:33:19.053 AM","25.63","97.23","36.368","0","24.94","23.36","23.37","None"
"2025-09-01","11:33:19.302 AM","25.63","97.229","36.374","0","25.03","23.43","23.37","None"
"2025-09-01","11:33:19.558 AM","25.63","97.229","36.374","0","25.03","23.43","23.25","None"
"2025-09-01","11:33:19.808 AM","25.63","97.229","36.374","0","25.03","23.43","23.25","None"
"2025-09-01","11:33:20.052 AM","25.63","97.23","36.38","0","24.98","23.44","23.25","None"
"2025-09-01","11:33:20.304 AM","25.63","97.23","36.38","0","24.98","23.44","23.34","None"
"2025-09-01","11:33:20.554 AM","25.63","97.229","36.368","0","24.94","23.44","23.34","None"
"2025-09-01","11:33:20.802 AM","25.63","97.229","36.368","0","24.94","23.45","23.34","None"
"2025-09-01","11:33:21.057 AM","25.63","97.229","36.368","0","24.94","23.45","23.34","None"
"2025-09-01","11:33:21.309 AM","25.63","97.232","36.363","0","24.91","23.45","23.34","None"
"2025-09-01","11:33:21.555 AM","25.63","97.232","36.363","0","24.91","23.38","23.34","None"
"2025-09-01","11:33:21.803 AM","25.63","97.232","36.363","0","24.91","23.38","23.30","None"
"2025-09-01","11:33:22.055 AM","25.63","97.234","36.357","0","24.97","23.38","23.30","None"
"2025-09-01","11:33:22.305 AM","25.63","97.234","36.357","0","24.97","23.36","23.39","None"
"2025-09-01","11:33:22.597 AM","25.63","97.234","36.357","0","24.97","23.36","23.39","None"
"2025-09-01","11:33:22.840 AM","25.63","97.233","36.369","0","24.9","23.36","23.39","None"
"2025-09-01","11:33:23.095 AM","25.63","97.233","36.369","0","24.9","23.41","23.37","None"
"2025-09-01","11:33:23.360 AM","25.63","97.233","36.369","0","24.9","23.41","23.37","None"
"2025-09-01","11:33:23.592 AM","25.63","97.233","36.357","0","24.97","23.41","23.37","None"
"2025-09-01","11:33:23.864 AM","25.63","97.233","36.357","0","24.97","23.41","23.32","None"
"2025-09-01","11:33:24.094 AM","25.63","97.233","36.357","0","24.97","23.41","23.32","None"
"2025-09-01","11:33:24.360 AM","25.63","97.234","36.346","0","24.94","23.37","23.32","None"
"2025-09-01","11:33:24.593 AM","25.63","97.234","36.346","0","24.94","23.37","23.38","None"
"2025-09-01","11:33:24.859 AM","25.63","97.234","36.346","0","24.94","23.37","23.38","None"
"2025-09-01","11:33:25.107 AM","25.63","97.235","36.375","0","24.98","23.39","23.38","None"
"2025-09-01","11:33:25.358 AM","25.63","97.235","36.375","0","24.98","23.39","23.33","None"
"2025-09-01","11:33:25.605 AM","25.64","97.233","36.357","0","24.99","23.39","23.33","None"
"2025-09-01","11:33:25.856 AM","25.64","97.233","36.357","0","24.99","23.45","23.33","None"
"2025-09-01","11:33:26.104 AM","25.64","97.233","36.357","0","24.99","23.45","23.33","None"
"2025-09-01","11:33:26.360 AM","25.64","97.231","36.352","0","24.87","23.45","23.33","None"
"2025-09-01","11:33:26.641 AM","25.64","97.231","36.352","0","24.87","23.41","23.33","None"
"2025-09-01","11:33:26.862 AM","25.64","97.231","36.352","0","24.87","23.41","23.30","None"
"2025-09-01","11:33:27.115 AM","25.64","97.23","36.352","0","24.96","23.41","23.30","None"
"2025-09-01","11:33:27.370 AM","25.64","97.23","36.352","0","24.96","23.44","23.37","None"
"2025-09-01","11:33:27.625 AM","25.64","97.23","36.352","0","24.96","23.44","23.37","None"
"2025-09-01","11:33:27.879 AM","25.64","97.231","36.346","0","24.925","23.44","23.37","None"
"2025-09-01","11:33:28.130 AM","25.64","97.231","36.346","0","24.925","23.37","23.34","None"
"2025-09-01","11:33:28.377 AM","25.64","97.231","36.346","0","24.925","23.37","23.34","None"
"2025-09-01","11:33:28.625 AM","25.64","97.227","36.363","0","24.915","23.45","23.34","None"
"2025-09-01","11:33:28.876 AM","25.64","97.227","36.363","0","24.915","23.45","23.39","None"
"2025-09-01","11:33:29.129 AM","25.64","97.227","36.363","0","24.915","23.45","23.39","None"
"2025-09-01","11:33:29.384 AM","25.64","97.226","36.346","0","24.9","23.41","23.39","None"
"2025-09-01","11:33:29.640 AM","25.64","97.226","36.346","0","24.9","23.41","23.33","None"
"2025-09-01","11:33:29.893 AM","25.64","97.227","36.352","0","25.01","23.41","23.33","None"
"2025-09-01","11:33:30.140 AM","25.64","97.227","36.352","0","25.01","23.41","23.33","None"
"2025-09-01","11:33:30.393 AM","25.64","97.227","36.352","0","25.01","23.41","23.36","None"
"2025-09-01","11:33:30.641 AM","25.64","97.227","36.34","0","24.905","23.41","23.36","None"
"2025-09-01","11:33:30.934 AM","25.64","97.227","36.34","0","24.905","23.45","23.36","None"
"2025-09-01","11:33:31.149 AM","25.64","97.227","36.34","0","24.905","23.45","23.34","None"
"2025-09-01","11:33:31.404 AM","25.64","97.228","36.358","0","24.95","23.45","23.34","None"
"2025-09-01","11:33:31.679 AM","25.64","97.228","36.358","0","24.95","23.39","23.30","None"
"2025-09-01","11:33:31.939 AM","25.64","97.228","36.358","0","24.95","23.39","23.30","None"
"2025-09-01","11:33:32.219 AM","25.64","97.228","36.346","0","24.93","23.43","23.30","None"
"2025-09-01","11:33:32.474 AM","25.64","97.228","36.346","0","24.93","23.43","23.26","None"
"2025-09-01","11:33:32.745 AM","25.64","97.228","36.346","0","24.93","23.43","23.26","None"
"2025-09-01","11:33:33.008 AM","25.64","97.228","36.341","0","24.945","23.37","23.26","None"
"2025-09-01","11:33:33.282 AM","25.64","97.228","36.341","0","24.945","23.37","23.32","None"
"2025-09-01","11:33:33.553 AM","25.64","97.227","36.352","0","24.94","23.37","23.32","None"
"2025-09-01","11:33:33.797 AM","25.64","97.227","36.352","0","24.94","23.41","23.32","None"
"2025-09-01","11:33:34.049 AM","25.64","97.227","36.352","0","24.94","23.41","23.32","None"
"2025-09-01","11:33:34.297 AM","25.64","97.227","36.346","0","24.935","23.41","23.32","None"
"2025-09-01","11:33:34.547 AM","25.64","97.227","36.346","0","24.935","23.32","23.30","None"
"2025-09-01","11:33:34.800 AM","25.64","97.227","36.346","0","24.935","23.32","23.30","None"
"2025-09-01","11:33:35.047 AM","25.64","97.228","36.352","0","24.9","23.32","23.30","None"
"2025-09-01","11:33:35.336 AM","25.64","97.228","36.352","0","24.9","23.41","23.26","None"
"2025-09-01","11:33:35.557 AM","25.64","97.228","36.352","0","24.9","23.41","23.26","None"
"2025-09-01","11:33:35.808 AM","25.64","97.228","36.352","0","24.97","23.41","23.26","None"
"2025-09-01","11:33:36.050 AM","25.64","97.228","36.352","0","24.97","23.50","23.27","None"
"2025-09-01","11:33:36.302 AM","25.64","97.228","36.352","0","24.97","23.50","23.27","None"
"2025-09-01","11:33:36.553 AM","25.64","97.225","36.346","0","24.95","23.41","23.27","None"
"2025-09-01","11:33:36.801 AM","25.64","97.225","36.346","0","24.95","23.41","23.26","None"
"2025-09-01","11:33:37.054 AM","25.64","97.225","36.346","0","24.95","23.41","23.26","None"
"2025-09-01","11:33:37.304 AM","25.64","97.23","36.335","0","24.98","23.39","23.26","None"
"2025-09-01","11:33:37.553 AM","25.64","97.23","36.335","0","24.98","23.39","23.33","None"
"2025-09-01","11:33:37.806 AM","25.64","97.23","36.335","0","24.9","23.39","23.33","None"
"2025-09-01","11:33:38.056 AM","25.64","97.23","36.335","0","24.9","23.41","23.33","None"
"2025-09-01","11:33:38.310 AM","25.64","97.23","36.335","0","24.9","23.41","23.27","None"
"2025-09-01","11:33:38.552 AM","25.64","97.228","36.352","0","24.93","23.41","23.27","None"
"2025-09-01","11:33:38.805 AM","25.64","97.228","36.352","0","24.93","23.41","23.27","None"
"2025-09-01","11:33:39.070 AM","25.64","97.228","36.352","0","24.93","23.41","23.36","None"
"2025-09-01","11:33:39.347 AM","25.64","97.23","36.346","0","24.86","23.41","23.36","None"
"2025-09-01","11:33:39.571 AM","25.64","97.23","36.346","0","24.86","23.47","23.39","None"
"2025-09-01","11:33:39.821 AM","25.64","97.23","36.346","0","24.86","23.47","23.39","None"
"2025-09-01","11:33:40.069 AM","25.64","97.228","36.34","0","24.92","23.47","23.39","None"
"2025-09-01","11:33:40.323 AM","25.64","97.228","36.34","0","24.92","23.48","23.32","None"
"2025-09-01","11:33:40.570 AM","25.64","97.228","36.34","0","24.92","23.48","23.32","None"
"2025-09-01","11:33:40.817 AM","25.64","97.229","36.346","0","24.985","23.48","23.32","None"
"2025-09-01","11:33:41.069 AM","25.64","97.229","36.346","0","24.985","23.39","23.28","None"
"2025-09-01","11:33:41.323 AM","25.64","97.229","36.346","0","24.985","23.39","23.28","None"
"2025-09-01","11:33:41.570 AM","25.64","97.229","36.352","0","24.945","23.34","23.28","None"
"2025-09-01","11:33:41.817 AM","25.64","97.229","36.352","0","24.945","23.34","23.34","None"
"2025-09-01","11:33:42.068 AM","25.64","97.229","36.352","0","24.945","23.34","23.34","None"
"2025-09-01","11:33:42.320 AM","25.64","97.231","36.335","0","24.93","23.44","23.34","None"
"2025-09-01","11:33:42.582 AM","25.64","97.231","36.335","0","24.93","23.44","23.38","None"
"2025-09-01","11:33:42.836 AM","25.64","97.231","36.352","0","24.955","23.44","23.38","None"
"2025-09-01","11:33:43.082 AM","25.64","97.231","36.352","0","24.955","23.39","23.38","None"
"2025-09-01","11:33:43.332 AM","25.64","97.231","36.352","0","24.955","23.39","23.26","None"
"2025-09-01","11:33:43.619 AM","25.64","97.228","36.346","0","24.955","23.39","23.26","None"
"2025-09-01","11:33:43.838 AM","25.64","97.228","36.346","0","24.955","23.41","23.26","None"
"2025-09-01","11:33:44.085 AM","25.64","97.228","36.346","0","24.955","23.41","23.34","None"
"2025-09-01","11:33:44.336 AM","25.64","97.227","36.335","0","24.905","23.41","23.34","None"
"2025-09-01","11:33:44.586 AM","25.64","97.227","36.335","0","24.905","23.37","23.34","None"
"2025-09-01","11:33:44.853 AM","25.64","97.227","36.335","0","24.905","23.37","23.30","None"
"2025-09-01","11:33:45.100 AM","25.64","97.228","36.358","0","24.99","23.37","23.30","None"
"2025-09-01","11:33:45.351 AM","25.64","97.228","36.358","0","24.99","23.41","23.36","None"
"2025-09-01","11:33:45.605 AM","25.64","97.228","36.358","0","24.99","23.41","23.36","None"
"2025-09-01","11:33:45.851 AM","25.64","97.225","36.341","0","24.92","23.41","23.36","None"
"2025-09-01","11:33:46.106 AM","25.64","97.225","36.341","0","24.92","23.43","23.30","None"
"2025-09-01","11:33:46.355 AM","25.64","97.225","36.341","0","24.92","23.43","23.30","None"
"2025-09-01","11:33:46.610 AM","25.64","97.227","36.341","0","24.935","23.37","23.30","None"
"2025-09-01","11:33:46.853 AM","25.64","97.227","36.341","0","24.935","23.37","23.32","None"
"2025-09-01","11:33:47.105 AM","25.64","97.227","36.341","0","24.935","23.37","23.32","None"
"2025-09-01","11:33:47.360 AM","25.64","97.224","36.335","0","24.955","23.41","23.32","None"
"2025-09-01","11:33:47.610 AM","25.64","97.224","36.335","0","24.955","23.41","23.25","None"
"2025-09-01","11:33:47.910 AM","25.64","97.232","36.341","0","24.92","23.41","23.25","None"
"2025-09-01","11:33:48.141 AM","25.64","97.232","36.341","0","24.92","23.36","23.25","None"
"2025-09-01","11:33:48.396 AM","25.64","97.232","36.341","0","24.92","23.36","23.30","None"
"2025-09-01","11:33:48.639 AM","25.64","97.229","36.341","0","24.9","23.36","23.30","None"
"2025-09-01","11:33:48.886 AM","25.64","97.229","36.341","0","24.9","23.41","23.30","None"
"2025-09-01","11:33:49.139 AM","25.64","97.229","36.341","0","24.9","23.41","23.39","None"
"2025-09-01","11:33:49.388 AM","25.64","97.227","36.341","0","24.9","23.41","23.39","None"
"2025-09-01","11:33:49.639 AM","25.64","97.227","36.341","0","24.9","23.34","23.32","None"
"2025-09-01","11:33:49.888 AM","25.64","97.227","36.341","0","24.9","23.34","23.32","None"
"2025-09-01","11:33:50.137 AM","25.64","97.226","36.335","0","24.89","23.34","23.32","None"
"2025-09-01","11:33:50.390 AM","25.64","97.226","36.335","0","24.89","23.41","23.43","None"
"2025-09-01","11:33:50.660 AM","25.64","97.226","36.335","0","24.89","23.41","23.43","None"
"2025-09-01","11:33:50.929 AM","25.64","97.225","36.358","0","24.94","23.36","23.43","None"
"2025-09-01","11:33:51.173 AM","25.64","97.225","36.358","0","24.94","23.36","23.28","None"
"2025-09-01","11:33:51.425 AM","25.64","97.225","36.358","0","24.94","23.36","23.28","None"
"2025-09-01","11:33:51.674 AM","25.64","97.223","36.34","0","24.945","23.34","23.28","None"
"2025-09-01","11:33:51.959 AM","25.64","97.223","36.34","0","24.945","23.34","23.32","None"
"2025-09-01","11:33:52.182 AM","25.64","97.225","36.346","0","24.925","23.34","23.32","None"
"2025-09-01","11:33:52.431 AM","25.64","97.225","36.346","0","24.925","23.39","23.32","None"
"2025-09-01","11:33:52.679 AM","25.64","97.225","36.346","0","24.925","23.39","23.32","None"
"2025-09-01","11:33:52.945 AM","25.64","97.226","36.346","0","24.96","23.39","23.32","None"
"2025-09-01","11:33:53.197 AM","25.64","97.226","36.346","0","24.96","23.36","23.32","None"
"2025-09-01","11:33:53.442 AM","25.64","97.226","36.346","0","24.96","23.36","23.34","None"
"2025-09-01","11:33:53.692 AM","25.64","97.226","36.346","0","24.92","23.36","23.34","None"
"2025-09-01","11:33:53.942 AM","25.64","97.226","36.346","0","24.92","23.39","23.27","None"
"2025-09-01","11:33:54.192 AM","25.64","97.226","36.346","0","24.92","23.39","23.27","None"
"2025-09-01","11:33:54.447 AM","25.63","97.226","36.34","0","24.955","23.39","23.27","None"
"2025-09-01","11:33:54.691 AM","25.63","97.226","36.34","0","24.955","23.30","23.27","None"
"2025-09-01","11:33:54.943 AM","25.63","97.226","36.34","0","24.955","23.30","23.27","None"
"2025-09-01","11:33:55.192 AM","25.63","97.224","36.346","0","24.92","23.30","23.27","None"
"2025-09-01","11:33:55.452 AM","25.63","97.224","36.346","0","24.92","23.34","23.32","None"
"2025-09-01","11:33:55.711 AM","25.63","97.224","36.346","0","24.92","23.34","23.32","None"
"2025-09-01","11:33:55.958 AM","25.63","97.229","36.346","0","24.925","23.38","23.32","None"
"2025-09-01","11:33:56.242 AM","25.63","97.229","36.346","0","24.925","23.38","23.30","None"
"2025-09-01","11:33:56.465 AM","25.63","97.229","36.346","0","24.925","23.38","23.30","None"
"2025-09-01","11:33:56.724 AM","25.63","97.231","36.334","0","24.97","23.39","23.30","None"
"2025-09-01","11:33:56.971 AM","25.63","97.231","36.334","0","24.97","23.39","23.30","None"
"2025-09-01","11:33:57.219 AM","25.64","97.23","36.352","0","24.9","23.39","23.30","None"
"2025-09-01","11:33:57.492 AM","25.64","97.23","36.352","0","24.9","23.44","23.30","None"
"2025-09-01","11:33:57.724 AM","25.64","97.23","36.352","0","24.9","23.44","23.33","None"
"2025-09-01","11:33:57.977 AM","25.64","97.23","36.346","0","24.915","23.44","23.33","None"
"2025-09-01","11:33:58.229 AM","25.64","97.23","36.346","0","24.915","23.41","23.33","None"
"2025-09-01","11:33:58.481 AM","25.64","97.23","36.346","0","24.915","23.41","23.26","None"
"2025-09-01","11:33:58.730 AM","25.64","97.229","36.358","0","24.95","23.41","23.26","None"
"2025-09-01","11:33:58.986 AM","25.64","97.229","36.358","0","24.95","23.33","23.32","None"
"2025-09-01","11:33:59.231 AM","25.64","97.229","36.358","0","24.95","23.33","23.32","None"
"2025-09-01","11:33:59.481 AM","25.64","97.232","36.346","0","24.92","23.33","23.32","None"
"2025-09-01","11:33:59.730 AM","25.64","97.232","36.346","0","24.92","23.44","23.30","None"
"2025-09-01","11:33:59.988 AM","25.64","97.232","36.346","0","24.92","23.44","23.30","None"
"2025-09-01","11:34:00.244 AM","25.64","97.231","36.341","0","24.98","23.47","23.30","None"
"2025-09-01","11:34:00.528 AM","25.64","97.231","36.341","0","24.98","23.47","23.30","None"
"2025-09-01","11:34:00.748 AM","25.64","97.231","36.341","0","24.98","23.47","23.30","None"
"2025-09-01","11:34:00.996 AM","25.64","97.228","36.335","0","24.92","23.37","23.30","None"
"2025-09-01","11:34:01.247 AM","25.64","97.228","36.335","0","24.92","23.37","23.36","None"
"2025-09-01","11:34:01.499 AM","25.64","97.228","36.335","0","24.92","23.37","23.36","None"
"2025-09-01","11:34:01.754 AM","25.64","97.226","36.341","0","24.955","23.39","23.36","None"
"2025-09-01","11:34:01.997 AM","25.64","97.226","36.341","0","24.955","23.39","23.39","None"
"2025-09-01","11:34:02.256 AM","25.64","97.225","36.347","0","24.905","23.39","23.39","None"
"2025-09-01","11:34:02.515 AM","25.64","97.225","36.347","0","24.905","23.44","23.39","None"
"2025-09-01","11:34:02.760 AM","25.64","97.225","36.347","0","24.905","23.44","23.26","None"
"2025-09-01","11:34:03.016 AM","25.65","97.22","36.341","0","24.945","23.44","23.26","None"
"2025-09-01","11:34:03.262 AM","25.65","97.22","36.341","0","24.945","23.41","23.26","None"
"2025-09-01","11:34:03.516 AM","25.65","97.22","36.341","0","24.945","23.41","23.41","None"
"2025-09-01","11:34:03.762 AM","25.65","97.223","36.341","0","24.92","23.41","23.41","None"
"2025-09-01","11:34:04.015 AM","25.65","97.223","36.341","0","24.92","23.39","23.26","None"
"2025-09-01","11:34:04.272 AM","25.65","97.223","36.341","0","24.92","23.39","23.26","None"
"2025-09-01","11:34:04.525 AM","25.64","97.226","36.347","0","24.995","23.39","23.26","None"
"2025-09-01","11:34:04.812 AM","25.64","97.226","36.347","0","24.995","23.45","23.38","None"
"2025-09-01","11:34:05.035 AM","25.64","97.226","36.347","0","24.995","23.45","23.38","None"
"2025-09-01","11:34:05.289 AM","25.65","97.226","36.335","0","24.95","23.47","23.38","None"
"2025-09-01","11:34:05.534 AM","25.65","97.226","36.335","0","24.95","23.47","23.34","None"
"2025-09-01","11:34:05.787 AM","25.65","97.226","36.335","0","24.95","23.47","23.34","None"
"2025-09-01","11:34:06.044 AM","25.65","97.224","36.347","0","24.92","23.39","23.34","None"
"2025-09-01","11:34:06.296 AM","25.65","97.224","36.347","0","24.92","23.39","23.30","None"
"2025-09-01","11:34:06.538 AM","25.65","97.224","36.347","0","24.92","23.39","23.30","None"
"2025-09-01","11:34:06.791 AM","25.65","97.225","36.329","0","24.935","23.48","23.30","None"
"2025-09-01","11:34:07.068 AM","25.65","97.225","36.329","0","24.935","23.48","23.30","None"
"2025-09-01","11:34:07.326 AM","25.64","97.227","36.341","0","24.9","23.48","23.30","None"
"2025-09-01","11:34:07.604 AM","25.64","97.227","36.341","0","24.9","23.36","23.30","None"
"2025-09-01","11:34:07.864 AM","25.64","97.227","36.341","0","24.9","23.36","23.30","None"
"2025-09-01","11:34:08.116 AM","25.65","97.225","36.335","0","24.9","23.36","23.30","None"
"2025-09-01","11:34:08.367 AM","25.65","97.225","36.335","0","24.9","23.37","23.32","None"
"2025-09-01","11:34:08.617 AM","25.65","97.225","36.335","0","24.9","23.37","23.32","None"
"2025-09-01","11:34:08.909 AM","25.65","97.225","36.347","0","24.905","23.37","23.32","None"
"2025-09-01","11:34:09.129 AM","25.65","97.225","36.347","0","24.905","23.43","23.28","None"
"2025-09-01","11:34:09.379 AM","25.65","97.225","36.347","0","24.905","23.43","23.28","None"
"2025-09-01","11:34:09.633 AM","25.65","97.227","36.347","0","24.965","23.36","23.28","None"
"2025-09-01","11:34:09.884 AM","25.65","97.227","36.347","0","24.965","23.36","23.30","None"
"2025-09-01","11:34:10.140 AM","25.65","97.227","36.347","0","24.965","23.36","23.30","None"
"2025-09-01","11:34:10.386 AM","25.65","97.229","36.335","0","24.9","23.41","23.30","None"
"2025-09-01","11:34:10.635 AM","25.65","97.229","36.335","0","24.9","23.41","23.30","None"
"2025-09-01","11:34:10.885 AM","25.65","97.229","36.335","0","24.935","23.41","23.30","None"
"2025-09-01","11:34:11.137 AM","25.65","97.229","36.335","0","24.935","23.39","23.30","None"
"2025-09-01","11:34:11.394 AM","25.65","97.229","36.335","0","24.935","23.39","23.37","None"
"2025-09-01","11:34:11.637 AM","25.65","97.23","36.353","0","24.93","23.39","23.37","None"
"2025-09-01","11:34:11.889 AM","25.65","97.23","36.353","0","24.93","23.34","23.37","None"
"2025-09-01","11:34:12.136 AM","25.65","97.23","36.353","0","24.93","23.34","23.28","None"
"2025-09-01","11:34:12.390 AM","25.65","97.23","36.341","0","24.915","23.34","23.28","None"
"2025-09-01","11:34:12.641 AM","25.65","97.23","36.341","0","24.915","23.45","23.27","None"
"2025-09-01","11:34:12.930 AM","25.65","97.23","36.341","0","24.915","23.45","23.27","None"
"2025-09-01","11:34:13.149 AM","25.65","97.23","36.33","0","24.925","23.45","23.27","None"
"2025-09-01","11:34:13.396 AM","25.65","97.23","36.33","0","24.925","23.41","23.34","None"
"2025-09-01","11:34:13.640 AM","25.65","97.23","36.33","0","24.925","23.41","23.34","None"
"2025-09-01","11:34:13.891 AM","25.65","97.229","36.335","0","25.005","23.41","23.34","None"
"2025-09-01","11:34:14.148 AM","25.65","97.229","36.335","0","25.005","23.39","23.32","None"
"2025-09-01","11:34:14.393 AM","25.65","97.229","36.335","0","25.005","23.39","23.32","None"
"2025-09-01","11:34:14.643 AM","25.65","97.232","36.341","0","24.94","23.36","23.32","None"
"2025-09-01","11:34:14.894 AM","25.65","97.232","36.341","0","24.94","23.36","23.34","None"
"2025-09-01","11:34:15.146 AM","25.65","97.232","36.341","0","24.94","23.36","23.34","None"
"2025-09-01","11:34:15.412 AM","25.65","97.23","36.347","0","24.89","23.39","23.34","None"
"2025-09-01","11:34:15.665 AM","25.65","97.23","36.347","0","24.89","23.39","23.37","None"
"2025-09-01","11:34:15.941 AM","25.65","97.228","36.347","0","24.96","23.39","23.37","None"
"2025-09-01","11:34:16.200 AM","25.65","97.228","36.347","0","24.96","23.36","23.37","None"
"2025-09-01","11:34:16.477 AM","25.65","97.228","36.347","0","24.96","23.36","23.27","None"
"2025-09-01","11:34:16.735 AM","25.65","97.228","36.347","0","24.985","23.36","23.27","None"
"2025-09-01","11:34:17.007 AM","25.65","97.228","36.347","0","24.985","23.41","23.30","None"
"2025-09-01","11:34:17.292 AM","25.65","97.228","36.347","0","24.985","23.41","23.30","None"
"2025-09-01","11:34:17.516 AM","25.64","97.231","36.353","0","24.865","23.45","23.30","None"
"2025-09-01","11:34:17.766 AM","25.64","97.231","36.353","0","24.865","23.45","23.26","None"
"2025-09-01","11:34:18.011 AM","25.64","97.231","36.353","0","24.865","23.45","23.26","None"
"2025-09-01","11:34:18.262 AM","25.64","97.23","36.369","0","24.95","23.37","23.26","None"
"2025-09-01","11:34:18.514 AM","25.64","97.23","36.369","0","24.95","23.37","23.28","None"
"2025-09-01","11:34:18.761 AM","25.64","97.23","36.369","0","24.95","23.37","23.28","None"
"2025-09-01","11:34:19.012 AM","25.64","97.233","36.346","0","25.015","23.38","23.28","None"
"2025-09-01","11:34:19.262 AM","25.64","97.233","36.346","0","25.015","23.38","23.25","None"
"2025-09-01","11:34:19.510 AM","25.63","97.231","36.351","0","24.955","23.38","23.25","None"
"2025-09-01","11:34:19.775 AM","25.63","97.231","36.351","0","24.955","23.38","23.25","None"
"2025-09-01","11:34:20.029 AM","25.63","97.231","36.351","0","24.955","23.38","23.27","None"
"2025-09-01","11:34:20.281 AM","25.63","97.23","36.345","0","24.94","23.38","23.27","None"
"2025-09-01","11:34:20.525 AM","25.63","97.23","36.345","0","24.94","23.34","23.27","None"
"2025-09-01","11:34:20.775 AM","25.63","97.23","36.345","0","24.94","23.34","23.30","None"
"2025-09-01","11:34:21.028 AM","25.62","97.23","36.35","0","24.905","23.34","23.30","None"
"2025-09-01","11:34:21.322 AM","25.62","97.23","36.35","0","24.905","23.32","23.27","None"
"2025-09-01","11:34:21.534 AM","25.62","97.23","36.35","0","24.905","23.32","23.27","None"
"2025-09-01","11:34:21.782 AM","25.62","97.229","36.356","0","24.945","23.32","23.27","None"
"2025-09-01","11:34:22.038 AM","25.62","97.229","36.356","0","24.945","23.36","23.30","None"
"2025-09-01","11:34:22.318 AM","25.62","97.229","36.356","0","24.945","23.36","23.30","None"
"2025-09-01","11:34:22.564 AM","25.62","97.227","36.361","0","24.915","23.36","23.30","None"
"2025-09-01","11:34:22.812 AM","25.62","97.227","36.361","0","24.915","23.36","23.32","None"
"2025-09-01","11:34:23.063 AM","25.62","97.227","36.361","0","24.915","23.36","23.32","None"
"2025-09-01","11:34:23.317 AM","25.62","97.229","36.361","0","24.95","23.39","23.32","None"
"2025-09-01","11:34:23.564 AM","25.62","97.229","36.361","0","24.95","23.39","23.23","None"
"2025-09-01","11:34:23.813 AM","25.61","97.232","36.378","0","24.94","23.39","23.23","None"
"2025-09-01","11:34:24.064 AM","25.61","97.232","36.378","0","24.94","23.39","23.23","None"
"2025-09-01","11:34:24.316 AM","25.61","97.232","36.378","0","24.94","23.39","23.27","None"
"2025-09-01","11:34:24.567 AM","25.61","97.233","36.355","0","24.935","23.39","23.27","None"
"2025-09-01","11:34:24.818 AM","25.61","97.233","36.355","0","24.935","23.36","23.27","None"
"2025-09-01","11:34:25.064 AM","25.61","97.233","36.355","0","24.935","23.36","23.21","None"
"2025-09-01","11:34:25.316 AM","25.61","97.232","36.383","0","24.99","23.36","23.21","None"
"2025-09-01","11:34:25.609 AM","25.61","97.232","36.383","0","24.99","23.37","23.21","None"
"2025-09-01","11:34:25.833 AM","25.61","97.232","36.383","0","24.99","23.37","23.18","None"
"2025-09-01","11:34:26.081 AM","25.61","97.232","36.377","0","24.865","23.37","23.18","None"
"2025-09-01","11:34:26.332 AM","25.61","97.232","36.377","0","24.865","23.36","23.19","None"
"2025-09-01","11:34:26.582 AM","25.61","97.232","36.377","0","24.865","23.36","23.19","None"
"2025-09-01","11:34:26.838 AM","25.6","97.232","36.383","0","24.99","23.36","23.19","None"
"2025-09-01","11:34:27.082 AM","25.6","97.232","36.383","0","24.99","23.41","23.23","None"
"2025-09-01","11:34:27.334 AM","25.6","97.232","36.383","0","24.99","23.41","23.23","None"
"2025-09-01","11:34:27.582 AM","25.61","97.231","36.383","0","24.955","23.41","23.23","None"
"2025-09-01","11:34:27.833 AM","25.61","97.231","36.383","0","24.955","23.41","23.32","None"
"2025-09-01","11:34:28.086 AM","25.61","97.231","36.383","0","24.955","23.41","23.32","None"
"2025-09-01","11:34:28.334 AM","25.61","97.229","36.389","0","24.96","23.45","23.32","None"
"2025-09-01","11:34:28.598 AM","25.61","97.229","36.389","0","24.96","23.45","23.28","None"
"2025-09-01","11:34:28.845 AM","25.61","97.231","36.395","0","24.94","23.45","23.28","None"
"2025-09-01","11:34:29.099 AM","25.61","97.231","36.395","0","24.94","23.36","23.28","None"
"2025-09-01","11:34:29.354 AM","25.61","97.231","36.395","0","24.94","23.36","23.32","None"
"2025-09-01","11:34:29.600 AM","25.6","97.234","36.4","0","24.96","23.36","23.32","None"
"2025-09-01","11:34:29.883 AM","25.6","97.234","36.4","0","24.96","23.36","23.32","None"
"2025-09-01","11:34:30.107 AM","25.6","97.234","36.4","0","24.96","23.36","23.27","None"
"2025-09-01","11:34:30.356 AM","25.6","97.233","36.394","0","24.94","23.36","23.27","None"
"2025-09-01","11:34:30.618 AM","25.6","97.233","36.394","0","24.94","23.45","23.23","None"
"2025-09-01","11:34:30.868 AM","25.6","97.233","36.394","0","24.94","23.45","23.23","None"
"2025-09-01","11:34:31.123 AM","25.6","97.232","36.418","0","24.98","23.45","23.23","None"
"2025-09-01","11:34:31.376 AM","25.6","97.232","36.418","0","24.98","23.47","23.27","None"
"2025-09-01","11:34:31.618 AM","25.6","97.232","36.418","0","24.98","23.47","23.27","None"
"2025-09-01","11:34:31.868 AM","25.6","97.235","36.412","0","24.925","23.47","23.27","None"
"2025-09-01","11:34:32.121 AM","25.6","97.235","36.412","0","24.925","23.43","23.27","None"
"2025-09-01","11:34:32.372 AM","25.6","97.235","36.412","0","24.925","23.43","23.27","None"
"2025-09-01","11:34:32.626 AM","25.6","97.232","36.412","0","24.97","23.37","23.27","None"
"2025-09-01","11:34:32.884 AM","25.6","97.232","36.412","0","24.97","23.37","23.27","None"
"2025-09-01","11:34:33.137 AM","25.6","97.232","36.412","0","24.97","23.37","23.27","None"
"2025-09-01","11:34:33.386 AM","25.61","97.23","36.418","0","24.99","23.33","23.27","None"
"2025-09-01","11:34:33.635 AM","25.61","97.23","36.418","0","24.99","23.33","23.23","None"
"2025-09-01","11:34:33.931 AM","25.61","97.23","36.412","0","24.895","23.33","23.23","None"
"2025-09-01","11:34:34.147 AM","25.61","97.23","36.412","0","24.895","23.39","23.23","None"
"2025-09-01","11:34:34.415 AM","25.61","97.23","36.412","0","24.895","23.39","23.30","None"
"2025-09-01","11:34:34.689 AM","25.61","97.231","36.418","0","24.9","23.39","23.30","None"
"2025-09-01","11:34:34.949 AM","25.61","97.231","36.418","0","24.9","23.45","23.26","None"
"2025-09-01","11:34:35.229 AM","25.61","97.231","36.418","0","24.9","23.45","23.26","None"
"2025-09-01","11:34:35.485 AM","25.61","97.231","36.419","0","24.95","23.30","23.26","None"
"2025-09-01","11:34:35.755 AM","25.61","97.231","36.419","0","24.95","23.30","23.28","None"
"2025-09-01","11:34:36.018 AM","25.61","97.231","36.419","0","24.95","23.30","23.28","None"
"2025-09-01","11:34:36.289 AM","25.61","97.232","36.407","0","24.93","23.34","23.28","None"
"2025-09-01","11:34:36.555 AM","25.61","97.232","36.407","0","24.93","23.34","23.27","None"
"2025-09-01","11:34:36.824 AM","25.61","97.231","36.419","0","24.98","23.34","23.27","None"
"2025-09-01","11:34:37.090 AM","25.61","97.231","36.419","0","24.98","23.38","23.30","None"
"2025-09-01","11:34:37.356 AM","25.61","97.231","36.419","0","24.98","23.38","23.30","None"
"2025-09-01","11:34:37.622 AM","25.61","97.229","36.407","0","24.87","23.38","23.30","None"
"2025-09-01","11:34:37.890 AM","25.61","97.229","36.407","0","24.87","23.41","23.26","None"
"2025-09-01","11:34:38.190 AM","25.61","97.229","36.407","0","24.87","23.41","23.26","None"
"2025-09-01","11:34:38.413 AM","25.61","97.229","36.43","0","24.98","23.34","23.26","None"
"2025-09-01","11:34:38.658 AM","25.61","97.229","36.43","0","24.98","23.34","23.25","None"
"2025-09-01","11:34:38.909 AM","25.61","97.229","36.43","0","24.98","23.34","23.25","None"
"2025-09-01","11:34:39.159 AM","25.62","97.228","36.425","0","24.895","23.38","23.25","None"
"2025-09-01","11:34:39.416 AM","25.62","97.228","36.425","0","24.895","23.38","23.23","None"
"2025-09-01","11:34:39.658 AM","25.62","97.226","36.419","0","24.95","23.38","23.23","None"
"2025-09-01","11:34:39.909 AM","25.62","97.226","36.419","0","24.95","23.41","23.23","None"
"2025-09-01","11:34:40.159 AM","25.62","97.226","36.419","0","24.95","23.41","23.28","None"
"2025-09-01","11:34:40.410 AM","25.62","97.227","36.425","0","24.915","23.41","23.28","None"
"2025-09-01","11:34:40.661 AM","25.62","97.227","36.425","0","24.915","23.39","23.28","None"
"2025-09-01","11:34:40.908 AM","25.62","97.227","36.425","0","24.915","23.39","23.32","None"
"2025-09-01","11:34:41.162 AM","25.62","97.226","36.431","0","24.94","23.39","23.32","None"
"2025-09-01","11:34:41.426 AM","25.62","97.226","36.431","0","24.94","23.33","23.26","None"
"2025-09-01","11:34:41.675 AM","25.62","97.226","36.431","0","24.94","23.33","23.26","None"
"2025-09-01","11:34:41.928 AM","25.62","97.227","36.414","0","24.96","23.33","23.26","None"
"2025-09-01","11:34:42.176 AM","25.62","97.227","36.414","0","24.96","23.32","23.27","None"
"2025-09-01","11:34:42.470 AM","25.62","97.227","36.414","0","24.96","23.32","23.27","None"
"2025-09-01","11:34:42.682 AM","25.62","97.225","36.396","0","24.905","23.43","23.27","None"
"2025-09-01","11:34:42.934 AM","25.62","97.225","36.396","0","24.905","23.43","23.38","None"
"2025-09-01","11:34:43.181 AM","25.62","97.225","36.396","0","24.905","23.43","23.38","None"
"2025-09-01","11:34:43.431 AM","25.62","97.226","36.402","0","24.96","23.37","23.38","None"
"2025-09-01","11:34:43.685 AM","25.62","97.226","36.402","0","24.96","23.37","23.26","None"
"2025-09-01","11:34:43.937 AM","25.62","97.226","36.402","0","24.96","23.37","23.26","None"
"2025-09-01","11:34:44.181 AM","25.62","97.226","36.408","0","24.925","23.47","23.26","None"
"2025-09-01","11:34:44.433 AM","25.62","97.226","36.408","0","24.925","23.47","23.30","None"
"2025-09-01","11:34:44.682 AM","25.62","97.226","36.425","0","24.96","23.47","23.30","None"
"2025-09-01","11:34:44.931 AM","25.62","97.226","36.425","0","24.96","23.36","23.30","None"
"2025-09-01","11:34:45.186 AM","25.62","97.226","36.425","0","24.96","23.36","23.26","None"
"2025-09-01","11:34:45.440 AM","25.62","97.229","36.414","0","24.97","23.36","23.26","None"
"2025-09-01","11:34:45.680 AM","25.62","97.229","36.414","0","24.97","23.43","23.26","None"
"2025-09-01","11:34:45.944 AM","25.62","97.229","36.414","0","24.97","23.43","23.30","None"
"2025-09-01","11:34:46.195 AM","25.62","97.228","36.402","0","24.885","23.43","23.30","None"
"2025-09-01","11:34:46.465 AM","25.62","97.228","36.402","0","24.885","23.48","23.34","None"
"2025-09-01","11:34:46.766 AM","25.62","97.228","36.402","0","24.885","23.48","23.34","None"
"2025-09-01","11:34:46.988 AM","25.62","97.225","36.391","0","24.885","23.33","23.34","None"
"2025-09-01","11:34:47.238 AM","25.62","97.225","36.391","0","24.885","23.33","23.20","None"
"2025-09-01","11:34:47.486 AM","25.62","97.225","36.391","0","24.885","23.33","23.20","None"
"2025-09-01","11:34:47.734 AM","25.62","97.228","36.414","0","24.96","23.43","23.20","None"
"2025-09-01","11:34:47.990 AM","25.62","97.228","36.414","0","24.96","23.43","23.27","None"
"2025-09-01","11:34:48.235 AM","25.62","97.228","36.414","0","24.96","23.43","23.27","None"
"2025-09-01","11:34:48.486 AM","25.62","97.228","36.408","0","24.91","23.41","23.27","None"
"2025-09-01","11:34:48.735 AM","25.62","97.228","36.408","0","24.91","23.41","23.18","None"
"2025-09-01","11:34:48.985 AM","25.62","97.227","36.413","0","24.92","23.41","23.18","None"
"2025-09-01","11:34:49.239 AM","25.62","97.227","36.413","0","24.92","23.43","23.18","None"
"2025-09-01","11:34:49.486 AM","25.62","97.227","36.413","0","24.92","23.43","23.30","None"
"2025-09-01","11:34:49.735 AM","25.62","97.229","36.407","0","24.9","23.43","23.30","None"
"2025-09-01","11:34:49.986 AM","25.62","97.229","36.407","0","24.9","23.30","23.30","None"
"2025-09-01","11:34:50.249 AM","25.62","97.229","36.407","0","24.9","23.30","23.26","None"
"2025-09-01","11:34:50.503 AM","25.62","97.23","36.419","0","24.96","23.30","23.26","None"
"2025-09-01","11:34:50.748 AM","25.62","97.23","36.419","0","24.96","23.39","23.32","None"
"2025-09-01","11:34:51.032 AM","25.62","97.23","36.419","0","24.96","23.39","23.32","None"
"2025-09-01","11:34:51.256 AM","25.61","97.23","36.413","0","24.95","23.39","23.32","None"
"2025-09-01","11:34:51.505 AM","25.61","97.23","36.413","0","24.95","23.36","23.27","None"
"2025-09-01","11:34:51.752 AM","25.61","97.23","36.413","0","24.95","23.36","23.27","None"
"2025-09-01","11:34:52.001 AM","25.62","97.232","36.425","0","24.96","23.36","23.27","None"
"2025-09-01","11:34:52.258 AM","25.62","97.232","36.425","0","24.96","23.41","23.30","None"
"2025-09-01","11:34:52.523 AM","25.62","97.232","36.425","0","24.96","23.41","23.30","None"
"2025-09-01","11:34:52.766 AM","25.62","97.231","36.431","0","24.935","23.48","23.30","None"
"2025-09-01","11:34:53.017 AM","25.62","97.231","36.431","0","24.935","23.48","23.25","None"
"2025-09-01","11:34:53.268 AM","25.62","97.231","36.431","0","24.935","23.48","23.25","None"
"2025-09-01","11:34:53.517 AM","25.62","97.231","36.425","0","24.925","23.41","23.25","None"
"2025-09-01","11:34:53.771 AM","25.62","97.231","36.425","0","24.925","23.41","23.28","None"
"2025-09-01","11:34:54.021 AM","25.62","97.23","36.414","0","24.96","23.41","23.28","None"
"2025-09-01","11:34:54.267 AM","25.62","97.23","36.414","0","24.96","23.43","23.28","None"
"2025-09-01","11:34:54.516 AM","25.62","97.23","36.414","0","24.96","23.43","23.20","None"
"2025-09-01","11:34:54.784 AM","25.62","97.23","36.431","0","24.92","23.43","23.20","None"
"2025-09-01","11:34:55.071 AM","25.62","97.23","36.431","0","24.92","23.37","23.20","None"
"2025-09-01","11:34:55.313 AM","25.62","97.23","36.431","0","24.92","23.37","23.30","None"
"2025-09-01","11:34:55.565 AM","25.62","97.233","36.425","0","24.96","23.37","23.30","None"
"2025-09-01","11:34:55.837 AM","25.62","97.233","36.425","0","24.96","23.36","23.30","None"
"2025-09-01","11:34:56.099 AM","25.62","97.233","36.425","0","24.96","23.36","23.30","None"
"2025-09-01","11:34:56.376 AM","25.62","97.23","36.431","0","24.98","23.41","23.30","None"
"2025-09-01","11:34:56.633 AM","25.62","97.23","36.431","0","24.98","23.41","23.20","None"
"2025-09-01","11:34:56.905 AM","25.62","97.229","36.402","0","24.95","23.41","23.20","None"
"2025-09-01","11:34:57.167 AM","25.62","97.229","36.402","0","24.95","23.34","23.20","None"
"2025-09-01","11:34:57.438 AM","25.62","97.229","36.402","0","24.95","23.34","23.25","None"
"2025-09-01","11:34:57.704 AM","25.62","97.228","36.419","0","24.92","23.34","23.25","None"
"2025-09-01","11:34:57.973 AM","25.62","97.228","36.419","0","24.92","23.45","23.37","None"
"2025-09-01","11:34:58.237 AM","25.62","97.228","36.419","0","24.92","23.45","23.37","None"
"2025-09-01","11:34:58.505 AM","25.62","97.227","36.414","0","24.98","23.41","23.37","None"
"2025-09-01","11:34:58.771 AM","25.62","97.227","36.414","0","24.98","23.41","23.30","None"
"2025-09-01","11:34:59.039 AM","25.62","97.227","36.414","0","24.98","23.41","23.30","None"
"2025-09-01","11:34:59.341 AM","25.62","97.227","36.414","0","24.92","23.39","23.30","None"
"2025-09-01","11:34:59.580 AM","25.62","97.227","36.414","0","24.92","23.39","23.26","None"
"2025-09-01","11:34:59.827 AM","25.63","97.226","36.431","0","25.01","23.39","23.26","None"
"2025-09-01","11:35:00.077 AM","25.63","97.226","36.431","0","25.01","23.41","23.26","None"
"2025-09-01","11:35:00.328 AM","25.63","97.226","36.431","0","25.01","23.41","23.27","None"
"2025-09-01","11:35:00.583 AM","25.63","97.224","36.42","0","24.97","23.41","23.27","None"
"2025-09-01","11:35:00.826 AM","25.63","97.224","36.42","0","24.97","23.41","23.30","None"
"2025-09-01","11:35:01.077 AM","25.63","97.224","36.42","0","24.97","23.41","23.30","None"
"2025-09-01","11:35:01.338 AM","25.63","97.224","36.432","0","24.91","23.41","23.30","None"
"2025-09-01","11:35:01.611 AM","25.63","97.224","36.432","0","24.91","23.37","23.23","None"
"2025-09-01","11:35:01.877 AM","25.63","97.224","36.432","0","24.91","23.37","23.23","None"
"2025-09-01","11:35:02.145 AM","25.63","97.224","36.415","0","24.885","23.36","23.23","None"
"2025-09-01","11:35:02.398 AM","25.63","97.224","36.415","0","24.885","23.36","23.21","None"
"2025-09-01","11:35:02.644 AM","25.63","97.221","36.409","0","24.905","23.36","23.21","None"
"2025-09-01","11:35:02.895 AM","25.63","97.221","36.409","0","24.905","23.39","23.21","None"
"2025-09-01","11:35:03.149 AM","25.63","97.221","36.409","0","24.905","23.39","23.34","None"
"2025-09-01","11:35:03.400 AM","25.63","97.222","36.414","0","24.92","23.39","23.34","None"
"2025-09-01","11:35:03.691 AM","25.63","97.222","36.414","0","24.92","23.36","23.34","None"
"2025-09-01","11:35:03.912 AM","25.63","97.222","36.414","0","24.92","23.36","23.28","None"
"2025-09-01","11:35:04.163 AM","25.63","97.219","36.409","0","24.96","23.36","23.28","None"
"2025-09-01","11:35:04.411 AM","25.63","97.219","36.409","0","24.96","23.39","23.30","None"
"2025-09-01","11:35:04.657 AM","25.63","97.219","36.409","0","24.96","23.39","23.30","None"
"2025-09-01","11:35:04.915 AM","25.63","97.222","36.42","0","24.855","23.39","23.30","None"
"2025-09-01","11:35:05.165 AM","25.63","97.222","36.42","0","24.855","23.39","23.30","None"
"2025-09-01","11:35:05.411 AM","25.63","97.222","36.42","0","24.855","23.39","23.30","None"
"2025-09-01","11:35:05.664 AM","25.63","97.223","36.409","0","24.97","23.39","23.30","None"
"2025-09-01","11:35:05.917 AM","25.63","97.223","36.409","0","24.97","23.34","23.36","None"
"2025-09-01","11:35:06.167 AM","25.63","97.223","36.409","0","24.97","23.34","23.36","None"
"2025-09-01","11:35:06.424 AM","25.63","97.224","36.42","0","24.915","23.41","23.36","None"
"2025-09-01","11:35:06.666 AM","25.63","97.224","36.42","0","24.915","23.41","23.25","None"
"2025-09-01","11:35:06.930 AM","25.63","97.224","36.42","0","24.915","23.41","23.25","None"
"2025-09-01","11:35:07.165 AM","25.63","97.227","36.403","0","24.93","23.43","23.25","None"
"2025-09-01","11:35:07.432 AM","25.63","97.227","36.403","0","24.93","23.43","23.26","None"
"2025-09-01","11:35:07.699 AM","25.63","97.227","36.403","0","24.93","23.43","23.26","None"
"2025-09-01","11:35:07.933 AM","25.63","97.226","36.409","0","24.94","23.37","23.26","None"
"2025-09-01","11:35:08.179 AM","25.63","97.226","36.409","0","24.94","23.37","23.32","None"
"2025-09-01","11:35:08.431 AM","25.63","97.227","36.414","0","24.92","23.37","23.32","None"
"2025-09-01","11:35:08.679 AM","25.63","97.227","36.414","0","24.92","23.38","23.32","None"
"2025-09-01","11:35:08.938 AM","25.63","97.227","36.414","0","24.92","23.38","23.13","None"
"2025-09-01","11:35:09.178 AM","25.63","97.228","36.426","0","24.955","23.38","23.13","None"
"2025-09-01","11:35:09.433 AM","25.63","97.228","36.426","0","24.955","23.45","23.13","None"
"2025-09-01","11:35:09.679 AM","25.63","97.228","36.426","0","24.955","23.45","23.26","None"
"2025-09-01","11:35:09.932 AM","25.63","97.225","36.414","0","24.97","23.45","23.26","None"
"2025-09-01","11:35:10.196 AM","25.63","97.225","36.414","0","24.97","23.48","23.25","None"
"2025-09-01","11:35:10.443 AM","25.63","97.225","36.414","0","24.97","23.48","23.25","None"
"2025-09-01","11:35:10.696 AM","25.62","97.221","36.402","0","24.92","23.48","23.25","None"
"2025-09-01","11:35:10.941 AM","25.62","97.221","36.402","0","24.92","23.41","23.23","None"
"2025-09-01","11:35:11.196 AM","25.62","97.221","36.402","0","24.92","23.41","23.23","None"
"2025-09-01","11:35:11.453 AM","25.63","97.225","36.408","0","24.915","23.36","23.23","None"
"2025-09-01","11:35:11.699 AM","25.63","97.225","36.408","0","24.915","23.36","23.27","None"
"2025-09-01","11:35:11.991 AM","25.63","97.225","36.408","0","24.915","23.36","23.27","None"
"2025-09-01","11:35:12.206 AM","25.63","97.226","36.397","0","24.88","23.41","23.27","None"
"2025-09-01","11:35:12.469 AM","25.63","97.226","36.397","0","24.88","23.41","23.26","None"
"2025-09-01","11:35:12.711 AM","25.62","97.226","36.408","0","24.945","23.41","23.26","None"
"2025-09-01","11:35:12.966 AM","25.62","97.226","36.408","0","24.945","23.38","23.26","None"
"2025-09-01","11:35:13.220 AM","25.62","97.226","36.408","0","24.945","23.38","23.27","None"
"2025-09-01","11:35:13.473 AM","25.62","97.225","36.431","0","24.895","23.38","23.27","None"
"2025-09-01","11:35:13.716 AM","25.62","97.225","36.431","0","24.895","23.41","23.27","None"
"2025-09-01","11:35:13.966 AM","25.62","97.225","36.431","0","24.895","23.41","23.27","None"
"2025-09-01","11:35:14.215 AM","25.62","97.227","36.402","0","24.935","23.41","23.27","None"
"2025-09-01","11:35:14.468 AM","25.62","97.227","36.402","0","24.935","23.36","23.27","None"
"2025-09-01","11:35:14.719 AM","25.62","97.227","36.402","0","24.935","23.36","23.32","None"
"2025-09-01","11:35:14.972 AM","25.62","97.228","36.414","0","24.925","23.36","23.32","None"
"2025-09-01","11:35:15.217 AM","25.62","97.228","36.414","0","24.925","23.43","23.33","None"
"2025-09-01","11:35:15.469 AM","25.62","97.228","36.414","0","24.925","23.43","23.33","None"
"2025-09-01","11:35:15.717 AM","25.63","97.226","36.414","0","24.965","23.43","23.33","None"
"2025-09-01","11:35:15.968 AM","25.63","97.226","36.414","0","24.965","23.43","23.28","None"
"2025-09-01","11:35:16.251 AM","25.63","97.226","36.414","0","24.965","23.43","23.28","None"
"2025-09-01","11:35:16.476 AM","25.63","97.224","36.409","0","24.875","23.41","23.28","None"
"2025-09-01","11:35:16.722 AM","25.63","97.224","36.409","0","24.875","23.41","23.26","None"
"2025-09-01","11:35:16.982 AM","25.63","97.224","36.409","0","24.875","23.41","23.26","None"
"2025-09-01","11:35:17.272 AM","25.63","97.225","36.409","0","24.925","23.41","23.26","None"
"2025-09-01","11:35:17.526 AM","25.63","97.225","36.409","0","24.925","23.41","23.21","None"
"2025-09-01","11:35:17.791 AM","25.63","97.224","36.42","0","24.88","23.41","23.21","None"
"2025-09-01","11:35:18.055 AM","25.63","97.224","36.42","0","24.88","23.47","23.21","None"
"2025-09-01","11:35:18.345 AM","25.63","97.224","36.42","0","24.88","23.47","23.30","None"
"2025-09-01","11:35:18.577 AM","25.63","97.221","36.403","0","24.905","23.47","23.30","None"
"2025-09-01","11:35:18.836 AM","25.63","97.221","36.403","0","24.905","23.45","23.30","None"
"2025-09-01","11:35:19.083 AM","25.63","97.221","36.403","0","24.905","23.45","23.30","None"
"2025-09-01","11:35:19.335 AM","25.63","97.221","36.403","0","24.86","23.45","23.30","None"
"2025-09-01","11:35:19.584 AM","25.63","97.221","36.403","0","24.86","23.43","23.27","None"
"2025-09-01","11:35:19.833 AM","25.63","97.221","36.403","0","24.86","23.43","23.27","None"
"2025-09-01","11:35:20.085 AM","25.63","97.225","36.392","0","24.95","23.44","23.27","None"
"2025-09-01","11:35:20.335 AM","25.63","97.225","36.392","0","24.95","23.44","23.26","None"
"2025-09-01","11:35:20.622 AM","25.63","97.225","36.392","0","24.95","23.44","23.26","None"
"2025-09-01","11:35:20.843 AM","25.63","97.227","36.421","0","24.91","23.48","23.26","None"
"2025-09-01","11:35:21.093 AM","25.63","97.227","36.421","0","24.91","23.48","23.26","None"
"2025-09-01","11:35:21.347 AM","25.63","97.227","36.409","0","24.98","23.48","23.26","None"
"2025-09-01","11:35:21.603 AM","25.63","97.227","36.409","0","24.98","23.41","23.26","None"
"2025-09-01","11:35:21.855 AM","25.63","97.227","36.409","0","24.98","23.41","23.32","None"
"2025-09-01","11:35:22.107 AM","25.64","97.228","36.398","0","24.975","23.41","23.32","None"
"2025-09-01","11:35:22.353 AM","25.64","97.228","36.398","0","24.975","23.43","23.32","None"
"2025-09-01","11:35:22.608 AM","25.64","97.228","36.398","0","24.975","23.43","23.20","None"
"2025-09-01","11:35:22.857 AM","25.63","97.227","36.398","0","24.91","23.43","23.20","None"
"2025-09-01","11:35:23.110 AM","25.63","97.227","36.398","0","24.91","23.49","23.30","None"
"2025-09-01","11:35:23.358 AM","25.63","97.227","36.398","0","24.91","23.49","23.30","None"
"2025-09-01","11:35:23.612 AM","25.63","97.227","36.409","0","24.925","23.49","23.30","None"
"2025-09-01","11:35:23.868 AM","25.63","97.227","36.409","0","24.925","23.39","23.27","None"
"2025-09-01","11:35:24.118 AM","25.63","97.227","36.409","0","24.925","23.39","23.27","None"
"2025-09-01","11:35:24.379 AM","25.63","97.226","36.403","0","24.96","23.47","23.27","None"
"2025-09-01","11:35:24.626 AM","25.63","97.226","36.403","0","24.96","23.47","23.32","None"
"2025-09-01","11:35:24.906 AM","25.63","97.226","36.403","0","24.96","23.47","23.32","None"
"2025-09-01","11:35:25.127 AM","25.64","97.228","36.392","0","24.92","23.41","23.32","None"
"2025-09-01","11:35:25.383 AM","25.64","97.228","36.392","0","24.92","23.41","23.30","None"
"2025-09-01","11:35:25.646 AM","25.64","97.228","36.392","0","24.92","23.41","23.30","None"
"2025-09-01","11:35:25.881 AM","25.64","97.226","36.386","0","24.86","23.36","23.30","None"
"2025-09-01","11:35:26.144 AM","25.64","97.226","36.386","0","24.86","23.36","23.36","None"
"2025-09-01","11:35:26.388 AM","25.64","97.23","36.392","0","24.955","23.36","23.36","None"
"2025-09-01","11:35:26.641 AM","25.64","97.23","36.392","0","24.955","23.47","23.36","None"
"2025-09-01","11:35:26.893 AM","25.64","97.23","36.392","0","24.955","23.47","23.25","None"
"2025-09-01","11:35:27.144 AM","25.64","97.228","36.41","0","24.945","23.47","23.25","None"
"2025-09-01","11:35:27.398 AM","25.64","97.228","36.41","0","24.945","23.41","23.25","None"
"2025-09-01","11:35:27.643 AM","25.64","97.228","36.41","0","24.945","23.41","23.26","None"
"2025-09-01","11:35:27.894 AM","25.64","97.228","36.404","0","24.94","23.41","23.26","None"
"2025-09-01","11:35:28.153 AM","25.64","97.228","36.404","0","24.94","23.34","23.19","None"
"2025-09-01","11:35:28.409 AM","25.64","97.228","36.404","0","24.94","23.34","23.19","None"
"2025-09-01","11:35:28.662 AM","25.64","97.229","36.404","0","24.96","23.34","23.19","None"
"2025-09-01","11:35:28.946 AM","25.64","97.229","36.404","0","24.96","23.41","23.30","None"
"2025-09-01","11:35:29.166 AM","25.64","97.229","36.404","0","24.96","23.41","23.30","None"
"2025-09-01","11:35:29.430 AM","25.63","97.228","36.392","0","24.94","23.38","23.30","None"
"2025-09-01","11:35:29.678 AM","25.63","97.228","36.392","0","24.94","23.38","23.23","None"
"2025-09-01","11:35:29.927 AM","25.63","97.228","36.392","0","24.94","23.38","23.23","None"
"2025-09-01","11:35:30.184 AM","25.63","97.225","36.391","0","24.965","23.41","23.23","None"
"2025-09-01","11:35:30.429 AM","25.63","97.225","36.391","0","24.965","23.41","23.34","None"
"2025-09-01","11:35:30.679 AM","25.63","97.224","36.397","0","24.94","23.41","23.34","None"
"2025-09-01","11:35:30.931 AM","25.63","97.224","36.397","0","24.94","23.38","23.34","None"
"2025-09-01","11:35:31.180 AM","25.63","97.224","36.397","0","24.94","23.38","23.30","None"
"2025-09-01","11:35:31.435 AM","25.63","97.228","36.397","0","24.895","23.38","23.30","None"
"2025-09-01","11:35:31.679 AM","25.63","97.228","36.397","0","24.895","23.43","23.30","None"
"2025-09-01","11:35:31.931 AM","25.63","97.228","36.397","0","24.895","23.43","23.26","None"
"2025-09-01","11:35:32.181 AM","25.63","97.228","36.397","0","24.925","23.43","23.26","None"
"2025-09-01","11:35:32.432 AM","25.63","97.228","36.397","0","24.925","23.41","23.26","None"
"2025-09-01","11:35:32.684 AM","25.63","97.228","36.397","0","24.925","23.41","23.32","None"
"2025-09-01","11:35:32.930 AM","25.63","97.227","36.397","0","24.895","23.41","23.32","None"
"2025-09-01","11:35:33.223 AM","25.63","97.227","36.397","0","24.895","23.43","23.27","None"
"2025-09-01","11:35:33.456 AM","25.63","97.227","36.397","0","24.895","23.43","23.27","None"
"2025-09-01","11:35:33.724 AM","25.63","97.23","36.397","0","24.915","23.43","23.27","None"
"2025-09-01","11:35:33.951 AM","25.63","97.23","36.397","0","24.915","23.44","23.26","None"
"2025-09-01","11:35:34.200 AM","25.63","97.23","36.397","0","24.915","23.44","23.26","None"
"2025-09-01","11:35:34.459 AM","25.63","97.229","36.403","0","24.88","23.38","23.26","None"
"2025-09-01","11:35:34.709 AM","25.63","97.229","36.403","0","24.88","23.38","23.41","None"
"2025-09-01","11:35:34.952 AM","25.63","97.229","36.403","0","24.88","23.38","23.41","None"
"2025-09-01","11:35:35.203 AM","25.63","97.23","36.403","0","24.96","23.45","23.41","None"
"2025-09-01","11:35:35.454 AM","25.63","97.23","36.403","0","24.96","23.45","23.23","None"
"2025-09-01","11:35:35.703 AM","25.63","97.23","36.403","0","24.96","23.45","23.23","None"
"2025-09-01","11:35:35.962 AM","25.63","97.229","36.409","0","24.94","23.30","23.23","None"
"2025-09-01","11:35:36.218 AM","25.63","97.229","36.409","0","24.94","23.30","23.25","None"
"2025-09-01","11:35:36.463 AM","25.63","97.23","36.392","0","24.835","23.30","23.25","None"
"2025-09-01","11:35:36.716 AM","25.63","97.23","36.392","0","24.835","23.45","23.25","None"
"2025-09-01","11:35:36.966 AM","25.63","97.23","36.392","0","24.835","23.45","23.27","None"
"2025-09-01","11:35:37.216 AM","25.63","97.222","36.403","0","24.92","23.45","23.27","None"
"2025-09-01","11:35:37.502 AM","25.63","97.222","36.403","0","24.92","23.37","23.27","None"
"2025-09-01","11:35:37.722 AM","25.63","97.222","36.403","0","24.92","23.37","23.23","None"
"2025-09-01","11:35:37.970 AM","25.63","97.224","36.403","0","24.93","23.37","23.23","None"
"2025-09-01","11:35:38.219 AM","25.63","97.224","36.403","0","24.93","23.43","23.26","None"
"2025-09-01","11:35:38.470 AM","25.63","97.224","36.403","0","24.93","23.43","23.26","None"
"2025-09-01","11:35:38.724 AM","25.63","97.225","36.414","0","24.935","23.43","23.26","None"
"2025-09-01","11:35:38.968 AM","25.63","97.225","36.414","0","24.935","23.36","23.21","None"
"2025-09-01","11:35:39.218 AM","25.63","97.225","36.414","0","24.935","23.36","23.21","None"
"2025-09-01","11:35:39.471 AM","25.63","97.227","36.408","0","25.07","23.41","23.21","None"
"2025-09-01","11:35:39.718 AM","25.63","97.227","36.408","0","25.07","23.41","23.28","None"
"2025-09-01","11:35:39.971 AM","25.63","97.227","36.408","0","25.07","23.41","23.28","None"
"2025-09-01","11:35:40.218 AM","25.63","97.225","36.409","0","24.9","23.41","23.28","None"
"2025-09-01","11:35:40.470 AM","25.63","97.225","36.409","0","24.9","23.41","23.20","None"
"2025-09-01","11:35:40.717 AM","25.63","97.225","36.409","0","24.9","23.41","23.20","None"
"2025-09-01","11:35:40.968 AM","25.63","97.224","36.403","0","24.875","23.37","23.20","None"
"2025-09-01","11:35:41.232 AM","25.63","97.224","36.403","0","24.875","23.37","23.25","None"
"2025-09-01","11:35:41.515 AM","25.63","97.224","36.409","0","24.96","23.37","23.25","None"
"2025-09-01","11:35:41.735 AM","25.63","97.224","36.409","0","24.96","23.37","23.25","None"
"2025-09-01","11:35:41.989 AM","25.63","97.224","36.409","0","24.96","23.37","23.23","None"
"2025-09-01","11:35:42.237 AM","25.63","97.226","36.409","0","24.885","23.37","23.23","None"
"2025-09-01","11:35:42.489 AM","25.63","97.226","36.409","0","24.885","23.32","23.23","None"
"2025-09-01","11:35:42.743 AM","25.63","97.226","36.409","0","24.885","23.32","23.25","None"
"2025-09-01","11:35:42.988 AM","25.63","97.227","36.409","0","24.915","23.32","23.25","None"
"2025-09-01","11:35:43.237 AM","25.63","97.227","36.409","0","24.915","23.41","23.19","None"
"2025-09-01","11:35:43.518 AM","25.63","97.227","36.409","0","24.915","23.41","23.19","None"
"2025-09-01","11:35:43.772 AM","25.63","97.225","36.391","0","24.84","23.41","23.19","None"
"2025-09-01","11:35:44.025 AM","25.63","97.225","36.391","0","24.84","23.36","23.20","None"
"2025-09-01","11:35:44.272 AM","25.63","97.225","36.391","0","24.84","23.36","23.20","None"
"2025-09-01","11:35:44.522 AM","25.63","97.228","36.403","0","24.995","23.34","23.20","None"
"2025-09-01","11:35:44.771 AM","25.63","97.228","36.403","0","24.995","23.34","23.34","None"
"2025-09-01","11:35:45.022 AM","25.63","97.228","36.403","0","24.995","23.34","23.34","None"
"2025-09-01","11:35:45.277 AM","25.63","97.222","36.409","0","24.9","23.36","23.34","None"
"2025-09-01","11:35:45.523 AM","25.63","97.222","36.409","0","24.9","23.36","23.20","None"
"2025-09-01","11:35:45.822 AM","25.63","97.221","36.414","0","24.945","23.36","23.20","None"
"2025-09-01","11:35:46.045 AM","25.63","97.221","36.414","0","24.945","23.39","23.20","None"
"2025-09-01","11:35:46.296 AM","25.63","97.221","36.414","0","24.945","23.39","23.32","None"
"2025-09-01","11:35:46.541 AM","25.63","97.226","36.409","0","24.94","23.39","23.32","None"
"2025-09-01","11:35:46.790 AM","25.63","97.226","36.409","0","24.94","23.34","23.32","None"
"2025-09-01","11:35:47.041 AM","25.63","97.226","36.409","0","24.94","23.34","23.30","None"
"2025-09-01","11:35:47.294 AM","25.63","97.22","36.409","0","25","23.34","23.30","None"
"2025-09-01","11:35:47.543 AM","25.63","97.22","36.409","0","25","23.38","23.32","None"
"2025-09-01","11:35:47.794 AM","25.63","97.22","36.409","0","25","23.38","23.32","None"
"2025-09-01","11:35:48.042 AM","25.63","97.223","36.403","0","24.93","23.38","23.32","None"
"2025-09-01","11:35:48.298 AM","25.63","97.223","36.403","0","24.93","23.38","23.18","None"
"2025-09-01","11:35:48.563 AM","25.63","97.223","36.403","0","24.93","23.38","23.18","None"
"2025-09-01","11:35:48.800 AM","25.63","97.228","36.403","0","24.92","23.38","23.18","None"
"2025-09-01","11:35:49.058 AM","25.63","97.228","36.403","0","24.92","23.33","23.26","None"
"2025-09-01","11:35:49.294 AM","25.63","97.228","36.403","0","24.92","23.33","23.26","None"
"2025-09-01","11:35:49.542 AM","25.63","97.23","36.409","0","24.9","23.41","23.26","None"
"2025-09-01","11:35:49.829 AM","25.63","97.23","36.409","0","24.9","23.41","23.30","None"
"2025-09-01","11:35:50.067 AM","25.63","97.23","36.409","0","24.9","23.41","23.30","None"
"2025-09-01","11:35:50.332 AM","25.63","97.229","36.409","0","24.94","23.37","23.30","None"
"2025-09-01","11:35:50.565 AM","25.63","97.229","36.409","0","24.94","23.37","23.25","None"
"2025-09-01","11:35:50.833 AM","25.63","97.225","36.403","0","24.9","23.37","23.25","None"
"2025-09-01","11:35:51.065 AM","25.63","97.225","36.403","0","24.9","23.36","23.25","None"
"2025-09-01","11:35:51.315 AM","25.63","97.225","36.403","0","24.9","23.36","23.25","None"
"2025-09-01","11:35:51.574 AM","25.63","97.231","36.403","0","24.965","23.36","23.25","None"
"2025-09-01","11:35:51.829 AM","25.63","97.231","36.403","0","24.965","23.43","23.25","None"
"2025-09-01","11:35:52.074 AM","25.63","97.231","36.403","0","24.965","23.43","23.20","None"
"2025-09-01","11:35:52.327 AM","25.64","97.229","36.386","0","24.915","23.43","23.20","None"
"2025-09-01","11:35:52.574 AM","25.64","97.229","36.386","0","24.915","23.39","23.28","None"
"2025-09-01","11:35:52.828 AM","25.64","97.229","36.386","0","24.915","23.39","23.28","None"
"2025-09-01","11:35:53.078 AM","25.64","97.232","36.398","0","24.94","23.39","23.28","None"
"2025-09-01","11:35:53.330 AM","25.64","97.232","36.398","0","24.94","23.43","23.27","None"
"2025-09-01","11:35:53.579 AM","25.64","97.232","36.398","0","24.94","23.43","23.27","None"
"2025-09-01","11:35:53.829 AM","25.63","97.23","36.398","0","24.96","23.43","23.27","None"
"2025-09-01","11:35:54.114 AM","25.63","97.23","36.398","0","24.96","23.41","23.25","None"
"2025-09-01","11:35:54.343 AM","25.63","97.23","36.398","0","24.96","23.41","23.25","None"
"2025-09-01","11:35:54.596 AM","25.63","97.227","36.397","0","24.91","23.34","23.25","None"
"2025-09-01","11:35:54.844 AM","25.63","97.227","36.397","0","24.91","23.34","23.25","None"
"2025-09-01","11:35:55.094 AM","25.63","97.227","36.397","0","24.91","23.34","23.25","None"
"2025-09-01","11:35:55.351 AM","25.63","97.227","36.391","0","24.935","23.39","23.25","None"
"2025-09-01","11:35:55.593 AM","25.63","97.227","36.391","0","24.935","23.39","23.25","None"
"2025-09-01","11:35:55.845 AM","25.63","97.226","36.397","0","24.92","23.39","23.25","None"
"2025-09-01","11:35:56.096 AM","25.63","97.226","36.397","0","24.92","23.36","23.25","None"
"2025-09-01","11:35:56.348 AM","25.63","97.226","36.397","0","24.92","23.36","23.25","None"
"2025-09-01","11:35:56.608 AM","25.63","97.226","36.414","0","24.91","23.36","23.25","None"
"2025-09-01","11:35:56.861 AM","25.63","97.226","36.414","0","24.91","23.43","23.25","None"
"2025-09-01","11:35:57.111 AM","25.63","97.226","36.414","0","24.91","23.43","23.25","None"
"2025-09-01","11:35:57.362 AM","25.63","97.228","36.403","0","24.9","23.43","23.25","None"
"2025-09-01","11:35:57.611 AM","25.63","97.228","36.403","0","24.9","23.48","23.33","None"
"2025-09-01","11:35:57.865 AM","25.63","97.228","36.403","0","24.9","23.48","23.33","None"
"2025-09-01","11:35:58.110 AM","25.63","97.231","36.409","0","24.915","23.48","23.33","None"
"2025-09-01","11:35:58.405 AM","25.63","97.231","36.409","0","24.915","23.39","23.36","None"
"2025-09-01","11:35:58.640 AM","25.63","97.231","36.409","0","24.915","23.39","23.36","None"
"2025-09-01","11:35:58.882 AM","25.63","97.227","36.398","0","24.885","23.39","23.36","None"
"2025-09-01","11:35:59.132 AM","25.63","97.227","36.398","0","24.885","23.47","23.25","None"
"2025-09-01","11:35:59.380 AM","25.63","97.227","36.398","0","24.885","23.47","23.25","None"
"2025-09-01","11:35:59.633 AM","25.64","97.227","36.409","0","24.94","23.41","23.25","None"
"2025-09-01","11:35:59.878 AM","25.64","97.227","36.409","0","24.94","23.41","23.19","None"
"2025-09-01","11:36:00.132 AM","25.64","97.227","36.409","0","24.94","23.41","23.19","None"
"2025-09-01","11:36:00.383 AM","25.64","97.228","36.392","0","24.935","23.36","23.19","None"
"2025-09-01","11:36:00.632 AM","25.64","97.228","36.392","0","24.935","23.36","23.21","None"
"2025-09-01","11:36:00.884 AM","25.64","97.228","36.393","0","24.96","23.36","23.21","None"
"2025-09-01","11:36:01.146 AM","25.64","97.228","36.393","0","24.96","23.38","23.21","None"
"2025-09-01","11:36:01.406 AM","25.64","97.228","36.393","0","24.96","23.38","23.30","None"
"2025-09-01","11:36:01.646 AM","25.64","97.227","36.393","0","24.965","23.38","23.30","None"
"2025-09-01","11:36:01.896 AM","25.64","97.227","36.393","0","24.965","23.41","23.30","None"
"2025-09-01","11:36:02.146 AM","25.64","97.227","36.393","0","24.965","23.41","23.25","None"
"2025-09-01","11:36:02.399 AM","25.64","97.228","36.393","0","24.9","23.41","23.25","None"
"2025-09-01","11:36:02.689 AM","25.64","97.228","36.393","0","24.9","23.34","23.16","None"
"2025-09-01","11:36:02.906 AM","25.64","97.228","36.393","0","24.9","23.34","23.16","None"
"2025-09-01","11:36:03.154 AM","25.64","97.229","36.41","0","25.02","23.34","23.16","None"
"2025-09-01","11:36:03.413 AM","25.64","97.229","36.41","0","25.02","23.44","23.25","None"
"2025-09-01","11:36:03.691 AM","25.64","97.229","36.41","0","25.02","23.44","23.25","None"
"2025-09-01","11:36:03.952 AM","25.64","97.225","36.393","0","24.95","23.38","23.25","None"
"2025-09-01","11:36:04.197 AM","25.64","97.225","36.393","0","24.95","23.38","23.26","None"
"2025-09-01","11:36:04.449 AM","25.64","97.225","36.393","0","24.95","23.38","23.26","None"
"2025-09-01","11:36:04.702 AM","25.64","97.228","36.393","0","24.96","23.41","23.26","None"
"2025-09-01","11:36:04.951 AM","25.64","97.228","36.393","0","24.96","23.41","23.32","None"
"2025-09-01","11:36:05.206 AM","25.64","97.23","36.381","0","24.9","23.41","23.32","None"
"2025-09-01","11:36:05.452 AM","25.64","97.23","36.381","0","24.9","23.37","23.32","None"
"2025-09-01","11:36:05.706 AM","25.64","97.23","36.381","0","24.9","23.37","23.28","None"
"2025-09-01","11:36:05.953 AM","25.64","97.232","36.393","0","24.87","23.37","23.28","None"
"2025-09-01","11:36:06.204 AM","25.64","97.232","36.393","0","24.87","23.39","23.28","None"
"2025-09-01","11:36:06.457 AM","25.64","97.232","36.393","0","24.87","23.39","23.26","None"
"2025-09-01","11:36:06.703 AM","25.64","97.232","36.381","0","24.955","23.39","23.26","None"
"2025-09-01","11:36:06.988 AM","25.64","97.232","36.381","0","24.955","23.38","23.28","None"
"2025-09-01","11:36:07.210 AM","25.64","97.232","36.381","0","24.955","23.38","23.28","None"
"2025-09-01","11:36:07.464 AM","25.64","97.229","36.387","0","24.96","23.38","23.28","None"
"2025-09-01","11:36:07.716 AM","25.64","97.229","36.387","0","24.96","23.39","23.33","None"
"2025-09-01","11:36:07.971 AM","25.64","97.229","36.387","0","24.96","23.39","23.33","None"
"2025-09-01","11:36:08.223 AM","25.64","97.231","36.393","0","24.945","23.39","23.33","None"
"2025-09-01","11:36:08.478 AM","25.64","97.231","36.393","0","24.945","23.48","23.26","None"
"2025-09-01","11:36:08.719 AM","25.64","97.231","36.393","0","24.945","23.48","23.26","None"
"2025-09-01","11:36:08.971 AM","25.64","97.229","36.393","0","24.975","23.41","23.26","None"
"2025-09-01","11:36:09.223 AM","25.64","97.229","36.393","0","24.975","23.41","23.28","None"
"2025-09-01","11:36:09.475 AM","25.64","97.229","36.393","0","24.975","23.41","23.28","None"
"2025-09-01","11:36:09.727 AM","25.64","97.229","36.387","0","24.895","23.43","23.28","None"
"2025-09-01","11:36:09.985 AM","25.64","97.229","36.387","0","24.895","23.43","23.25","None"
"2025-09-01","11:36:10.236 AM","25.64","97.231","36.381","0","24.88","23.43","23.25","None"
"2025-09-01","11:36:10.488 AM","25.64","97.231","36.381","0","24.88","23.43","23.25","None"
"2025-09-01","11:36:10.736 AM","25.64","97.231","36.381","0","24.88","23.43","23.26","None"
"2025-09-01","11:36:11.024 AM","25.65","97.231","36.381","0","24.91","23.43","23.26","None"
"2025-09-01","11:36:11.245 AM","25.65","97.231","36.381","0","24.91","23.50","23.26","None"
"2025-09-01","11:36:11.492 AM","25.65","97.231","36.381","0","24.91","23.50","23.30","None"
"2025-09-01","11:36:11.741 AM","25.65","97.229","36.381","0","24.88","23.50","23.30","None"
"2025-09-01","11:36:11.990 AM","25.65","97.229","36.381","0","24.88","23.38","23.27","None"
"2025-09-01","11:36:12.248 AM","25.65","97.229","36.381","0","24.88","23.38","23.27","None"
"2025-09-01","11:36:12.491 AM","25.64","97.226","36.375","0","24.965","23.38","23.27","None"
"2025-09-01","11:36:12.740 AM","25.64","97.226","36.375","0","24.965","23.45","23.21","None"
"2025-09-01","11:36:12.991 AM","25.64","97.226","36.375","0","24.965","23.45","23.21","None"
"2025-09-01","11:36:13.243 AM","25.64","97.227","36.381","0","24.895","23.45","23.21","None"
"2025-09-01","11:36:13.496 AM","25.64","97.227","36.381","0","24.895","23.36","23.25","None"
"2025-09-01","11:36:13.742 AM","25.64","97.227","36.381","0","24.895","23.36","23.25","None"
"2025-09-01","11:36:13.992 AM","25.64","97.226","36.369","0","24.94","23.34","23.25","None"
"2025-09-01","11:36:14.242 AM","25.64","97.226","36.369","0","24.94","23.34","23.16","None"
"2025-09-01","11:36:14.506 AM","25.64","97.226","36.369","0","24.94","23.34","23.16","None"
"2025-09-01","11:36:14.756 AM","25.64","97.228","36.387","0","24.94","23.43","23.16","None"
"2025-09-01","11:36:15.004 AM","25.64","97.228","36.387","0","24.94","23.43","23.23","None"
"2025-09-01","11:36:15.321 AM","25.64","97.231","36.381","0","24.875","23.43","23.23","None"
"2025-09-01","11:36:15.520 AM","25.64","97.231","36.381","0","24.875","23.41","23.23","None"
"2025-09-01","11:36:15.769 AM","25.64","97.231","36.381","0","24.875","23.41","23.23","None"
"2025-09-01","11:36:16.022 AM","25.64","97.23","36.387","0","24.94","23.41","23.23","None"
"2025-09-01","11:36:16.299 AM","25.64","97.23","36.387","0","24.94","23.38","23.23","None"
"2025-09-01","11:36:16.562 AM","25.64","97.23","36.387","0","24.94","23.38","23.28","None"
"2025-09-01","11:36:16.817 AM","25.64","97.231","36.369","0","24.96","23.38","23.28","None"
"2025-09-01","11:36:17.059 AM","25.64","97.231","36.369","0","24.96","23.47","23.21","None"
"2025-09-01","11:36:17.311 AM","25.64","97.231","36.369","0","24.96","23.47","23.21","None"
"2025-09-01","11:36:17.561 AM","25.64","97.234","36.369","0","24.975","23.47","23.21","None"
"2025-09-01","11:36:17.811 AM","25.64","97.234","36.369","0","24.975","23.39","23.23","None"
"2025-09-01","11:36:18.072 AM","25.64","97.234","36.369","0","24.975","23.39","23.23","None"
"2025-09-01","11:36:18.318 AM","25.64","97.233","36.375","0","24.94","23.38","23.23","None"
"2025-09-01","11:36:18.562 AM","25.64","97.233","36.375","0","24.94","23.38","23.16","None"
"2025-09-01","11:36:18.821 AM","25.64","97.233","36.375","0","24.94","23.38","23.16","None"
"2025-09-01","11:36:19.096 AM","25.63","97.229","36.38","0","24.905","23.39","23.16","None"
"2025-09-01","11:36:19.383 AM","25.63","97.229","36.38","0","24.905","23.39","23.19","None"
"2025-09-01","11:36:19.604 AM","25.63","97.229","36.386","0","24.93","23.39","23.19","None"
"2025-09-01","11:36:19.857 AM","25.63","97.229","36.386","0","24.93","23.36","23.19","None"
"2025-09-01","11:36:20.132 AM","25.63","97.229","36.386","0","24.93","23.36","23.18","None"
"2025-09-01","11:36:20.393 AM","25.63","97.227","36.374","0","24.935","23.36","23.18","None"
"2025-09-01","11:36:20.668 AM","25.63","97.227","36.374","0","24.935","23.41","23.18","None"
"2025-09-01","11:36:20.928 AM","25.63","97.227","36.374","0","24.935","23.41","23.18","None"
"2025-09-01","11:36:21.178 AM","25.63","97.229","36.374","0","24.89","23.39","23.18","None"
"2025-09-01","11:36:21.429 AM","25.63","97.229","36.374","0","24.89","23.39","23.20","None"
"2025-09-01","11:36:21.678 AM","25.63","97.229","36.374","0","24.89","23.39","23.20","None"
"2025-09-01","11:36:21.932 AM","25.63","97.23","36.392","0","24.94","23.39","23.20","None"
"2025-09-01","11:36:22.178 AM","25.63","97.23","36.392","0","24.94","23.39","23.33","None"
"2025-09-01","11:36:22.431 AM","25.63","97.23","36.392","0","24.94","23.39","23.33","None"
"2025-09-01","11:36:22.679 AM","25.63","97.232","36.38","0","25","23.34","23.33","None"
"2025-09-01","11:36:22.929 AM","25.63","97.232","36.38","0","25","23.34","23.26","None"
"2025-09-01","11:36:23.191 AM","25.63","97.233","36.386","0","24.95","23.34","23.26","None"
"2025-09-01","11:36:23.446 AM","25.63","97.233","36.386","0","24.95","23.41","23.26","None"
"2025-09-01","11:36:23.735 AM","25.63","97.233","36.386","0","24.95","23.41","23.25","None"
"2025-09-01","11:36:23.957 AM","25.63","97.232","36.38","0","24.94","23.41","23.25","None"
"2025-09-01","11:36:24.207 AM","25.63","97.232","36.38","0","24.94","23.39","23.25","None"
"2025-09-01","11:36:24.461 AM","25.63","97.232","36.38","0","24.94","23.39","23.30","None"
"2025-09-01","11:36:24.735 AM","25.63","97.233","36.386","0","24.95","23.39","23.30","None"
"2025-09-01","11:36:25.005 AM","25.63","97.233","36.386","0","24.95","23.30","23.21","None"
"2025-09-01","11:36:25.256 AM","25.63","97.233","36.386","0","24.95","23.30","23.21","None"
"2025-09-01","11:36:25.496 AM","25.63","97.23","36.38","0","24.95","23.39","23.21","None"
"2025-09-01","11:36:25.749 AM","25.63","97.23","36.38","0","24.95","23.39","23.25","None"
"2025-09-01","11:36:26.000 AM","25.63","97.23","36.38","0","24.95","23.39","23.25","None"
"2025-09-01","11:36:26.252 AM","25.63","97.232","36.391","0","24.955","23.43","23.25","None"
"2025-09-01","11:36:26.505 AM","25.63","97.232","36.391","0","24.955","23.43","23.21","None"
"2025-09-01","11:36:26.758 AM","25.63","97.232","36.391","0","24.955","23.43","23.21","None"
"2025-09-01","11:36:27.002 AM","25.63","97.236","36.386","0","24.955","23.41","23.21","None"
"2025-09-01","11:36:27.253 AM","25.63","97.236","36.386","0","24.955","23.41","23.30","None"
"2025-09-01","11:36:27.514 AM","25.63","97.233","36.392","0","24.88","23.41","23.30","None"
"2025-09-01","11:36:27.806 AM","25.63","97.233","36.392","0","24.88","23.32","23.30","None"
"2025-09-01","11:36:28.053 AM","25.63","97.233","36.392","0","24.88","23.32","23.25","None"
"2025-09-01","11:36:28.364 AM","25.64","97.231","36.398","0","24.94","23.32","23.25","None"
"2025-09-01","11:36:28.577 AM","25.64","97.231","36.398","0","24.94","23.38","23.28","None"
"2025-09-01","11:36:28.831 AM","25.64","97.231","36.398","0","24.94","23.38","23.28","None"
"2025-09-01","11:36:29.086 AM","25.64","97.229","36.386","0","24.92","23.38","23.28","None"
"2025-09-01","11:36:29.330 AM","25.64","97.229","36.386","0","24.92","23.43","23.21","None"
"2025-09-01","11:36:29.585 AM","25.64","97.229","36.386","0","24.92","23.43","23.21","None"
"2025-09-01","11:36:29.829 AM","25.64","97.229","36.381","0","24.965","23.49","23.21","None"
"2025-09-01","11:36:30.078 AM","25.64","97.229","36.381","0","24.965","23.49","23.27","None"
"2025-09-01","11:36:30.341 AM","25.64","97.229","36.381","0","24.965","23.49","23.27","None"
"2025-09-01","11:36:30.592 AM","25.64","97.232","36.381","0","24.96","23.43","23.27","None"
"2025-09-01","11:36:30.837 AM","25.64","97.232","36.381","0","24.96","23.43","23.21","None"
"2025-09-01","11:36:31.087 AM","25.64","97.229","36.381","0","24.985","23.43","23.21","None"
"2025-09-01","11:36:31.336 AM","25.64","97.229","36.381","0","24.985","23.33","23.21","None"
"2025-09-01","11:36:31.590 AM","25.64","97.229","36.381","0","24.985","23.33","23.21","None"
"2025-09-01","11:36:31.836 AM","25.64","97.227","36.392","0","24.89","23.33","23.21","None"
"2025-09-01","11:36:32.137 AM","25.64","97.227","36.392","0","24.89","23.34","23.21","None"
"2025-09-01","11:36:32.377 AM","25.64","97.227","36.392","0","24.89","23.34","23.25","None"
"2025-09-01","11:36:32.640 AM","25.64","97.228","36.375","0","24.96","23.34","23.25","None"
"2025-09-01","11:36:32.891 AM","25.64","97.228","36.375","0","24.96","23.48","23.25","None"
"2025-09-01","11:36:33.137 AM","25.64","97.228","36.375","0","24.96","23.48","23.25","None"
"2025-09-01","11:36:33.393 AM","25.64","97.226","36.381","0","24.92","23.48","23.25","None"
"2025-09-01","11:36:33.640 AM","25.64","97.226","36.381","0","24.92","23.38","23.21","None"
"2025-09-01","11:36:33.890 AM","25.64","97.226","36.381","0","24.92","23.38","23.21","None"
"2025-09-01","11:36:34.141 AM","25.64","97.222","36.386","0","24.94","23.34","23.21","None"
"2025-09-01","11:36:34.394 AM","25.64","97.222","36.386","0","24.94","23.34","23.20","None"
"2025-09-01","11:36:34.645 AM","25.64","97.222","36.386","0","24.94","23.34","23.20","None"
"2025-09-01","11:36:34.898 AM","25.64","97.224","36.386","0","25.04","23.39","23.20","None"
"2025-09-01","11:36:35.147 AM","25.64","97.224","36.386","0","25.04","23.39","23.27","None"
"2025-09-01","11:36:35.395 AM","25.64","97.226","36.381","0","24.885","23.39","23.27","None"
"2025-09-01","11:36:35.641 AM","25.64","97.226","36.381","0","24.885","23.39","23.27","None"
"2025-09-01","11:36:35.897 AM","25.64","97.226","36.381","0","24.885","23.39","23.26","None"
"2025-09-01","11:36:36.191 AM","25.64","97.23","36.363","0","24.945","23.39","23.26","None"
"2025-09-01","11:36:36.414 AM","25.64","97.23","36.363","0","24.945","23.37","23.26","None"
"2025-09-01","11:36:36.668 AM","25.64","97.23","36.363","0","24.945","23.37","23.30","None"
"2025-09-01","11:36:36.942 AM","25.64","97.23","36.364","0","24.94","23.37","23.30","None"
"2025-09-01","11:36:37.208 AM","25.64","97.23","36.364","0","24.94","23.47","23.27","None"
"2025-09-01","11:36:37.465 AM","25.64","97.23","36.364","0","24.94","23.47","23.27","None"
"2025-09-01","11:36:37.709 AM","25.64","97.229","36.37","0","24.88","23.32","23.27","None"
"2025-09-01","11:36:37.963 AM","25.64","97.229","36.37","0","24.88","23.32","23.20","None"
"2025-09-01","11:36:38.222 AM","25.64","97.229","36.37","0","24.88","23.32","23.20","None"
"2025-09-01","11:36:38.485 AM","25.64","97.229","36.375","0","24.93","23.36","23.20","None"
"2025-09-01","11:36:38.718 AM","25.64","97.229","36.375","0","24.93","23.36","23.26","None"
"2025-09-01","11:36:38.961 AM","25.64","97.229","36.375","0","24.93","23.36","23.26","None"
"2025-09-01","11:36:39.212 AM","25.64","97.229","36.375","0","24.895","23.28","23.26","None"
"2025-09-01","11:36:39.465 AM","25.64","97.229","36.375","0","24.895","23.28","23.19","None"
"2025-09-01","11:36:39.710 AM","25.64","97.229","36.369","0","24.945","23.28","23.19","None"
"2025-09-01","11:36:39.960 AM","25.64","97.229","36.369","0","24.945","23.38","23.19","None"
"2025-09-01","11:36:40.216 AM","25.64","97.229","36.369","0","24.945","23.38","23.18","None"
"2025-09-01","11:36:40.506 AM","25.64","97.23","36.381","0","24.915","23.38","23.18","None"
"2025-09-01","11:36:40.731 AM","25.64","97.23","36.381","0","24.915","23.41","23.18","None"
"2025-09-01","11:36:40.979 AM","25.64","97.23","36.381","0","24.915","23.41","23.23","None"
"2025-09-01","11:36:41.229 AM","25.64","97.228","36.381","0","24.925","23.41","23.23","None"
"2025-09-01","11:36:41.483 AM","25.64","97.228","36.381","0","24.925","23.38","23.27","None"
"2025-09-01","11:36:41.729 AM","25.64","97.228","36.381","0","24.925","23.38","23.27","None"
"2025-09-01","11:36:41.976 AM","25.64","97.229","36.369","0","24.885","23.38","23.27","None"
"2025-09-01","11:36:42.234 AM","25.64","97.229","36.369","0","24.885","23.44","23.33","None"
"2025-09-01","11:36:42.484 AM","25.64","97.229","36.369","0","24.885","23.44","23.33","None"
"2025-09-01","11:36:42.732 AM","25.64","97.228","36.375","0","24.9","23.44","23.33","None"
"2025-09-01","11:36:42.979 AM","25.64","97.228","36.375","0","24.9","23.39","23.21","None"
"2025-09-01","11:36:43.231 AM","25.64","97.228","36.375","0","24.9","23.39","23.21","None"
"2025-09-01","11:36:43.481 AM","25.64","97.231","36.375","0","24.925","23.36","23.21","None"
"2025-09-01","11:36:43.731 AM","25.64","97.231","36.375","0","24.925","23.36","23.18","None"
"2025-09-01","11:36:43.979 AM","25.64","97.231","36.375","0","24.925","23.36","23.18","None"
"2025-09-01","11:36:44.229 AM","25.64","97.229","36.363","0","24.945","23.34","23.18","None"
"2025-09-01","11:36:44.480 AM","25.64","97.229","36.363","0","24.945","23.34","23.20","None"
"2025-09-01","11:36:44.781 AM","25.64","97.229","36.387","0","24.905","23.34","23.20","None"
"2025-09-01","11:36:44.998 AM","25.64","97.229","36.387","0","24.905","23.33","23.20","None"
"2025-09-01","11:36:45.246 AM","25.64","97.229","36.387","0","24.905","23.33","23.21","None"
"2025-09-01","11:36:45.496 AM","25.64","97.228","36.375","0","25.035","23.33","23.21","None"
"2025-09-01","11:36:45.750 AM","25.64","97.228","36.375","0","25.035","23.43","23.21","None"
"2025-09-01","11:36:46.002 AM","25.64","97.228","36.375","0","25.035","23.43","23.20","None"
"2025-09-01","11:36:46.247 AM","25.64","97.227","36.381","0","24.95","23.43","23.20","None"
"2025-09-01","11:36:46.497 AM","25.64","97.227","36.381","0","24.95","23.34","23.20","None"
"2025-09-01","11:36:46.746 AM","25.64","97.227","36.381","0","24.95","23.34","23.32","None"
"2025-09-01","11:36:47.008 AM","25.64","97.227","36.393","0","24.94","23.34","23.32","None"
"2025-09-01","11:36:47.267 AM","25.64","97.227","36.393","0","24.94","23.43","23.18","None"
"2025-09-01","11:36:47.511 AM","25.64","97.227","36.393","0","24.94","23.43","23.18","None"
"2025-09-01","11:36:47.763 AM","25.64","97.228","36.387","0","24.9","23.43","23.18","None"
"2025-09-01","11:36:48.013 AM","25.64","97.228","36.387","0","24.9","23.48","23.28","None"
"2025-09-01","11:36:48.264 AM","25.64","97.228","36.387","0","24.9","23.48","23.28","None"
"2025-09-01","11:36:48.517 AM","25.64","97.227","36.387","0","24.96","23.44","23.28","None"
"2025-09-01","11:36:48.802 AM","25.64","97.227","36.387","0","24.96","23.44","23.19","None"
"2025-09-01","11:36:49.028 AM","25.64","97.227","36.387","0","24.96","23.44","23.19","None"
"2025-09-01","11:36:49.314 AM","25.64","97.226","36.393","0","24.905","23.36","23.19","None"
"2025-09-01","11:36:49.534 AM","25.64","97.226","36.393","0","24.905","23.36","23.37","None"
"2025-09-01","11:36:49.783 AM","25.64","97.225","36.387","0","24.91","23.36","23.37","None"
"2025-09-01","11:36:50.038 AM","25.64","97.225","36.387","0","24.91","23.44","23.37","None"
"2025-09-01","11:36:50.284 AM","25.64","97.225","36.387","0","24.91","23.44","23.25","None"
"2025-09-01","11:36:50.534 AM","25.64","97.228","36.404","0","24.92","23.44","23.25","None"
"2025-09-01","11:36:50.783 AM","25.64","97.228","36.404","0","24.92","23.43","23.25","None"
"2025-09-01","11:36:51.034 AM","25.64","97.228","36.404","0","24.92","23.43","23.25","None"
"2025-09-01","11:36:51.287 AM","25.65","97.227","36.387","0","24.995","23.43","23.25","None"
"2025-09-01","11:36:51.544 AM","25.65","97.227","36.387","0","24.995","23.44","23.19","None"
"2025-09-01","11:36:51.799 AM","25.65","97.227","36.387","0","24.995","23.44","23.19","None"
"2025-09-01","11:36:52.047 AM","25.64","97.229","36.393","0","24.92","23.44","23.19","None"
"2025-09-01","11:36:52.299 AM","25.64","97.229","36.393","0","24.92","23.38","23.25","None"
"2025-09-01","11:36:52.551 AM","25.64","97.229","36.393","0","24.92","23.38","23.25","None"
"2025-09-01","11:36:52.801 AM","25.64","97.229","36.399","0","24.915","23.38","23.25","None"
"2025-09-01","11:36:53.100 AM","25.64","97.229","36.399","0","24.915","23.43","23.23","None"
"2025-09-01","11:36:53.322 AM","25.64","97.229","36.399","0","24.915","23.43","23.23","None"
"2025-09-01","11:36:53.581 AM","25.64","97.23","36.393","0","24.9","23.44","23.23","None"
"2025-09-01","11:36:53.842 AM","25.64","97.23","36.393","0","24.9","23.44","23.28","None"
"2025-09-01","11:36:54.079 AM","25.64","97.227","36.393","0","24.9","23.44","23.28","None"
"2025-09-01","11:36:54.345 AM","25.64","97.227","36.393","0","24.9","23.32","23.28","None"
"2025-09-01","11:36:54.577 AM","25.64","97.227","36.393","0","24.9","23.32","23.21","None"
"2025-09-01","11:36:54.845 AM","25.64","97.227","36.41","0","24.96","23.32","23.21","None"
"2025-09-01","11:36:55.091 AM","25.64","97.227","36.41","0","24.96","23.43","23.21","None"
"2025-09-01","11:36:55.340 AM","25.64","97.227","36.41","0","24.96","23.43","23.16","None"
"2025-09-01","11:36:55.602 AM","25.64","97.228","36.393","0","24.805","23.43","23.16","None"
"2025-09-01","11:36:55.846 AM","25.64","97.228","36.393","0","24.805","23.43","23.16","None"
"2025-09-01","11:36:56.101 AM","25.64","97.228","36.393","0","24.805","23.43","23.19","None"
"2025-09-01","11:36:56.339 AM","25.65","97.233","36.399","0","24.88","23.43","23.19","None"
"2025-09-01","11:36:56.590 AM","25.65","97.233","36.399","0","24.88","23.41","23.25","None"
"2025-09-01","11:36:56.841 AM","25.65","97.233","36.399","0","24.88","23.41","23.25","None"
"2025-09-01","11:36:57.111 AM","25.65","97.229","36.387","0","24.88","23.41","23.25","None"
"2025-09-01","11:36:57.381 AM","25.65","97.229","36.387","0","24.88","23.34","23.18","None"
"2025-09-01","11:36:57.607 AM","25.65","97.229","36.387","0","24.88","23.34","23.18","None"
"2025-09-01","11:36:57.857 AM","25.65","97.228","36.387","0","24.93","23.41","23.18","None"
"2025-09-01","11:36:58.108 AM","25.65","97.228","36.387","0","24.93","23.41","23.27","None"
"2025-09-01","11:36:58.373 AM","25.65","97.228","36.387","0","24.93","23.41","23.27","None"
"2025-09-01","11:36:58.607 AM","25.65","97.227","36.399","0","24.905","23.34","23.27","None"
"2025-09-01","11:36:58.855 AM","25.65","97.227","36.399","0","24.905","23.34","23.25","None"
"2025-09-01","11:36:59.110 AM","25.65","97.227","36.399","0","24.905","23.34","23.25","None"
"2025-09-01","11:36:59.359 AM","25.65","97.225","36.388","0","24.92","23.38","23.25","None"
"2025-09-01","11:36:59.607 AM","25.65","97.225","36.388","0","24.92","23.38","23.27","None"
"2025-09-01","11:36:59.866 AM","25.65","97.227","36.388","0","24.935","23.38","23.27","None"
"2025-09-01","11:37:00.125 AM","25.65","97.227","36.388","0","24.935","23.41","23.27","None"
"2025-09-01","11:37:00.383 AM","25.65","97.227","36.388","0","24.935","23.41","23.21","None"
"2025-09-01","11:37:00.627 AM","25.65","97.227","36.376","0","24.975","23.41","23.21","None"
"2025-09-01","11:37:00.874 AM","25.65","97.227","36.376","0","24.975","23.38","23.21","Compressed Air"
"2025-09-01","11:37:01.125 AM","25.65","97.227","36.376","0","24.975","23.38","23.13","Compressed Air"
"2025-09-01","11:37:01.377 AM","25.65","97.227","36.382","1.239","24.93","23.38","23.13","Compressed Air"
"2025-09-01","11:37:01.669 AM","25.65","97.227","36.382","1.239","24.93","23.37","23.12","Compressed Air"
"2025-09-01","11:37:01.883 AM","25.65","97.227","36.382","1.239","24.93","23.37","23.12","Compressed Air"
"2025-09-01","11:37:02.145 AM","25.65","97.227","36.377","1.156","24.93","23.37","23.12","Compressed Air"
"2025-09-01","11:37:02.395 AM","25.65","97.227","36.377","1.156","24.93","23.50","23.32","Compressed Air"
"2025-09-01","11:37:02.649 AM","25.65","97.227","36.377","1.156","24.93","23.50","23.32","Compressed Air"
"2025-09-01","11:37:02.897 AM","25.66","97.225","36.365","1.142","24.845","23.41","23.32","Compressed Air"
"2025-09-01","11:37:03.182 AM","25.66","97.225","36.365","1.142","24.845","23.41","23.09","Compressed Air"
"2025-09-01","11:37:03.403 AM","25.66","97.225","36.365","1.142","24.845","23.41","23.09","Compressed Air"
"2025-09-01","11:37:03.655 AM","25.66","97.226","36.365","1.144","24.92","23.36","23.09","Compressed Air"
"2025-09-01","11:37:03.912 AM","25.66","97.226","36.365","1.144","24.92","23.36","23.21","Compressed Air"
"2025-09-01","11:37:04.160 AM","25.66","97.228","36.383","1.147","24.815","23.36","23.21","Compressed Air"
"2025-09-01","11:37:04.410 AM","25.66","97.228","36.383","1.147","24.815","23.37","23.21","Compressed Air"
"2025-09-01","11:37:04.663 AM","25.66","97.228","36.383","1.147","24.815","23.37","23.23","Compressed Air"
"2025-09-01","11:37:04.909 AM","25.66","97.228","36.365","1.148","24.89","23.37","23.23","Compressed Air"
"2025-09-01","11:37:05.162 AM","25.66","97.228","36.365","1.148","24.89","23.43","23.23","Compressed Air"
"2025-09-01","11:37:05.411 AM","25.66","97.228","36.365","1.148","24.89","23.43","23.23","Compressed Air"
"2025-09-01","11:37:05.678 AM","25.66","97.23","36.348","1.151","24.815","23.43","23.23","Compressed Air"
"2025-09-01","11:37:05.962 AM","25.66","97.23","36.348","1.151","24.815","23.41","23.16","Compressed Air"
"2025-09-01","11:37:06.190 AM","25.66","97.23","36.348","1.151","24.815","23.41","23.16","None"
"2025-09-01","11:37:06.433 AM","25.66","97.228","36.36","0","24.84","23.41","23.16","None"
"2025-09-01","11:37:06.685 AM","25.66","97.228","36.36","0","24.84","23.48","23.19","None"
"2025-09-01","11:37:06.959 AM","25.66","97.228","36.36","0","24.84","23.48","23.19","None"
"2025-09-01","11:37:07.191 AM","25.66","97.228","36.377","0","24.905","23.48","23.19","None"
"2025-09-01","11:37:07.451 AM","25.66","97.228","36.377","0","24.905","23.43","23.19","None"
"2025-09-01","11:37:07.688 AM","25.66","97.228","36.377","0","24.905","23.43","23.19","None"
"2025-09-01","11:37:07.952 AM","25.66","97.227","36.366","0","24.915","23.43","23.19","None"
"2025-09-01","11:37:08.198 AM","25.66","97.227","36.366","0","24.915","23.43","23.28","None"
"2025-09-01","11:37:08.449 AM","25.66","97.227","36.366","0","24.915","23.43","23.28","None"
"2025-09-01","11:37:08.698 AM","25.66","97.225","36.372","0","24.915","23.45","23.28","None"
"2025-09-01","11:37:08.948 AM","25.66","97.225","36.372","0","24.915","23.45","23.23","None"
"2025-09-01","11:37:09.196 AM","25.66","97.222","36.377","0","24.93","23.45","23.23","None"
"2025-09-01","11:37:09.452 AM","25.66","97.222","36.377","0","24.93","23.39","23.23","None"
"2025-09-01","11:37:09.700 AM","25.66","97.222","36.377","0","24.93","23.39","23.21","None"
"2025-09-01","11:37:09.979 AM","25.66","97.222","36.343","0","24.9","23.39","23.21","None"
"2025-09-01","11:37:10.226 AM","25.66","97.222","36.343","0","24.9","23.50","23.21","None"
"2025-09-01","11:37:10.486 AM","25.66","97.222","36.343","0","24.9","23.50","23.18","Nitrogen"
"2025-09-01","11:37:10.729 AM","25.67","97.222","36.36","1.858","24.91","23.50","23.18","Nitrogen"
"2025-09-01","11:37:10.981 AM","25.67","97.222","36.36","1.858","24.91","23.44","23.26","Nitrogen"
"2025-09-01","11:37:11.238 AM","25.67","97.222","36.36","1.858","24.91","23.44","23.26","Nitrogen"
"2025-09-01","11:37:11.488 AM","25.66","97.223","36.36","1.342","24.85","23.44","23.26","Nitrogen"
"2025-09-01","11:37:11.732 AM","25.66","97.223","36.36","1.342","24.85","23.33","23.25","Nitrogen"
"2025-09-01","11:37:11.983 AM","25.66","97.223","36.36","1.342","24.85","23.33","23.25","Nitrogen"
"2025-09-01","11:37:12.234 AM","25.66","97.225","36.366","1.322","24.815","23.36","23.25","Nitrogen"
"2025-09-01","11:37:12.496 AM","25.66","97.225","36.366","1.322","24.815","23.36","23.23","Nitrogen"
"2025-09-01","11:37:12.747 AM","25.66","97.225","36.366","1.322","24.815","23.36","23.23","Nitrogen"
"2025-09-01","11:37:12.996 AM","25.66","97.226","36.36","1.314","24.81","23.38","23.23","Nitrogen"
"2025-09-01","11:37:13.247 AM","25.66","97.226","36.36","1.314","24.81","23.38","23.20","Nitrogen"
"2025-09-01","11:37:13.497 AM","25.66","97.229","36.36","1.314","24.81","23.38","23.20","Nitrogen"
"2025-09-01","11:37:13.753 AM","25.66","97.229","36.36","1.312","24.855","23.43","23.20","Nitrogen"
"2025-09-01","11:37:14.003 AM","25.66","97.229","36.36","1.312","24.855","23.43","23.23","Nitrogen"
"2025-09-01","11:37:14.290 AM","25.66","97.229","36.36","1.308","24.925","23.43","23.23","Nitrogen"
"2025-09-01","11:37:14.518 AM","25.66","97.229","36.36","1.308","24.925","23.39","23.23","Nitrogen"
"2025-09-01","11:37:14.766 AM","25.66","97.229","36.36","1.308","24.925","23.39","23.21","Nitrogen"
"2025-09-01","11:37:15.018 AM","25.66","97.23","36.371","1.307","24.865","23.39","23.21","Nitrogen"
"2025-09-01","11:37:15.267 AM","25.66","97.23","36.371","1.307","24.865","23.44","23.19","Nitrogen"
"2025-09-01","11:37:15.524 AM","25.66","97.23","36.371","1.307","24.865","23.44","23.19","Nitrogen"
"2025-09-01","11:37:15.765 AM","25.66","97.229","36.354","0","24.915","23.44","23.19","Nitrogen"
"2025-09-01","11:37:16.021 AM","25.66","97.229","36.354","0","24.915","23.34","23.25","None"
"2025-09-01","11:37:16.271 AM","25.66","97.229","36.354","0","24.915","23.34","23.25","None"
"2025-09-01","11:37:16.522 AM","25.65","97.228","36.359","0","24.925","23.34","23.25","None"
"2025-09-01","11:37:16.787 AM","25.65","97.228","36.359","0","24.925","23.41","23.23","None"
"2025-09-01","11:37:17.033 AM","25.65","97.228","36.359","0","24.925","23.41","23.23","None"
"2025-09-01","11:37:17.284 AM","25.66","97.229","36.359","0","24.91","23.36","23.23","None"
"2025-09-01","11:37:17.532 AM","25.66","97.229","36.359","0","24.91","23.36","23.16","None"
"2025-09-01","11:37:17.785 AM","25.66","97.229","36.359","0","24.91","23.36","23.16","None"
"2025-09-01","11:37:18.042 AM","25.66","97.228","36.371","0","24.865","23.45","23.16","None"
"2025-09-01","11:37:18.290 AM","25.66","97.228","36.371","0","24.865","23.45","23.16","None"
"2025-09-01","11:37:18.587 AM","25.66","97.226","36.371","0","24.9","23.45","23.16","None"
"2025-09-01","11:37:18.809 AM","25.66","97.226","36.371","0","24.9","23.43","23.16","None"
"2025-09-01","11:37:19.078 AM","25.66","97.226","36.371","0","24.9","23.43","23.30","None"
"2025-09-01","11:37:19.324 AM","25.66","97.228","36.36","0","24.935","23.43","23.30","None"
"2025-09-01","11:37:19.571 AM","25.66","97.228","36.36","0","24.935","23.44","23.30","None"
"2025-09-01","11:37:19.823 AM","25.66","97.228","36.36","0","24.935","23.44","23.23","None"
"2025-09-01","11:37:20.073 AM","25.66","97.224","36.372","0","24.86","23.44","23.23","None"
"2025-09-01","11:37:20.325 AM","25.66","97.224","36.372","0","24.86","23.43","23.20","None"
"2025-09-01","11:37:20.586 AM","25.66","97.224","36.372","0","24.86","23.43","23.20","None"
"2025-09-01","11:37:20.836 AM","25.66","97.226","36.377","0","24.865","23.43","23.20","None"
"2025-09-01","11:37:21.111 AM","25.66","97.226","36.377","0","24.865","23.39","23.19","None"
"2025-09-01","11:37:21.370 AM","25.66","97.226","36.377","0","24.865","23.39","23.19","None"
"2025-09-01","11:37:21.637 AM","25.66","97.224","36.377","0","24.865","23.39","23.19","None"
"2025-09-01","11:37:21.861 AM","25.66","97.224","36.377","0","24.865","23.39","23.23","None"
"2025-09-01","11:37:22.126 AM","25.66","97.224","36.377","0","24.865","23.39","23.23","None"
"2025-09-01","11:37:22.366 AM","25.66","97.228","36.377","0","24.95","23.39","23.23","None"
"2025-09-01","11:37:22.672 AM","25.66","97.228","36.377","0","24.95","23.39","23.23","None"
"2025-09-01","11:37:22.882 AM","25.66","97.228","36.36","0","24.93","23.39","23.23","None"
"2025-09-01","11:37:23.140 AM","25.66","97.228","36.36","0","24.93","23.36","23.23","None"
"2025-09-01","11:37:23.394 AM","25.66","97.228","36.36","0","24.93","23.36","23.26","None"
"2025-09-01","11:37:23.645 AM","25.66","97.225","36.354","0","24.885","23.36","23.26","None"
"2025-09-01","11:37:23.891 AM","25.66","97.225","36.354","0","24.885","23.39","23.09","None"
"2025-09-01","11:37:24.140 AM","25.66","97.225","36.354","0","24.885","23.39","23.09","None"
"2025-09-01","11:37:24.392 AM","25.67","97.227","36.378","0","24.905","23.39","23.09","None"
"2025-09-01","11:37:24.640 AM","25.67","97.227","36.378","0","24.905","23.45","23.28","None"
"2025-09-01","11:37:24.893 AM","25.67","97.227","36.378","0","24.905","23.45","23.28","None"
"2025-09-01","11:37:25.154 AM","25.67","97.227","36.361","0","24.96","23.45","23.28","None"
"2025-09-01","11:37:25.404 AM","25.67","97.227","36.361","0","24.96","23.45","23.32","None"
"2025-09-01","11:37:25.674 AM","25.67","97.227","36.361","0","24.96","23.45","23.32","None"
"2025-09-01","11:37:25.926 AM","25.67","97.225","36.349","0","24.925","23.45","23.32","None"
"2025-09-01","11:37:26.174 AM","25.67","97.225","36.349","0","24.925","23.45","23.23","None"
"2025-09-01","11:37:26.426 AM","25.67","97.225","36.349","0","24.925","23.45","23.23","None"
"2025-09-01","11:37:26.673 AM","25.67","97.228","36.367","0","24.91","23.44","23.23","None"
"2025-09-01","11:37:26.970 AM","25.67","97.228","36.367","0","24.91","23.44","23.20","None"
"2025-09-01","11:37:27.195 AM","25.67","97.226","36.355","0","24.925","23.44","23.20","None"
"2025-09-01","11:37:27.443 AM","25.67","97.226","36.355","0","24.925","23.41","23.20","None"
"2025-09-01","11:37:27.693 AM","25.67","97.226","36.355","0","24.925","23.41","23.25","None"
"2025-09-01","11:37:27.947 AM","25.67","97.227","36.355","0","24.95","23.41","23.25","None"
"2025-09-01","11:37:28.195 AM","25.67","97.227","36.355","0","24.95","23.52","23.25","None"
"2025-09-01","11:37:28.444 AM","25.67","97.227","36.355","0","24.95","23.52","23.23","None"
"2025-09-01","11:37:28.693 AM","25.67","97.227","36.355","0","24.925","23.52","23.23","None"
"2025-09-01","11:37:28.944 AM","25.67","97.227","36.355","0","24.925","23.34","23.18","None"
"2025-09-01","11:37:29.199 AM","25.67","97.227","36.355","0","24.925","23.34","23.18","None"
"2025-09-01","11:37:29.460 AM","25.67","97.224","36.338","0","24.955","23.34","23.18","None"
"2025-09-01","11:37:29.710 AM","25.67","97.224","36.338","0","24.955","23.47","23.21","None"
"2025-09-01","11:37:29.962 AM","25.67","97.224","36.338","0","24.955","23.47","23.21","None"
"2025-09-01","11:37:30.212 AM","25.66","97.223","36.349","0","24.88","23.41","23.21","None"
"2025-09-01","11:37:30.460 AM","25.66","97.223","36.349","0","24.88","23.41","23.25","None"
"2025-09-01","11:37:30.716 AM","25.66","97.223","36.349","0","24.88","23.41","23.25","None"
"2025-09-01","11:37:30.997 AM","25.66","97.223","36.366","0","24.9","23.45","23.25","None"
"2025-09-01","11:37:31.223 AM","25.66","97.223","36.366","0","24.9","23.45","23.18","None"
"2025-09-01","11:37:31.479 AM","25.66","97.225","36.365","0","24.905","23.45","23.18","None"
"2025-09-01","11:37:31.729 AM","25.66","97.225","36.365","0","24.905","23.48","23.18","None"
"2025-09-01","11:37:31.983 AM","25.66","97.225","36.365","0","24.905","23.48","23.18","None"
"2025-09-01","11:37:32.241 AM","25.66","97.228","36.365","0","24.91","23.48","23.18","None"
"2025-09-01","11:37:32.488 AM","25.66","97.228","36.365","0","24.91","23.41","23.18","None"
"2025-09-01","11:37:32.735 AM","25.66","97.228","36.365","0","24.91","23.41","23.23","Argon"
"2025-09-01","11:37:32.985 AM","25.66","97.229","36.383","0.639","24.91","23.41","23.23","Argon"
"2025-09-01","11:37:33.235 AM","25.66","97.229","36.383","0.639","24.91","23.39","23.23","Argon"
"2025-09-01","11:37:33.492 AM","25.66","97.229","36.383","0.639","24.91","23.39","23.23","Argon"
"2025-09-01","11:37:33.740 AM","25.66","97.229","36.383","0.439","24.855","23.39","23.23","Argon"
"2025-09-01","11:37:33.995 AM","25.66","97.229","36.383","0.439","24.855","23.47","23.28","Argon"
"2025-09-01","11:37:34.247 AM","25.66","97.229","36.383","0.439","24.855","23.47","23.28","Argon"
"2025-09-01","11:37:34.499 AM","25.66","97.23","36.383","0.432","24.895","23.47","23.28","Argon"
"2025-09-01","11:37:34.760 AM","25.66","97.23","36.383","0.432","24.895","23.39","23.26","Argon"
"2025-09-01","11:37:35.000 AM","25.66","97.23","36.383","0.432","24.895","23.39","23.26","Argon"
"2025-09-01","11:37:35.287 AM","25.66","97.231","36.389","0.426","24.91","23.36","23.26","Argon"
"2025-09-01","11:37:35.507 AM","25.66","97.231","36.389","0.426","24.91","23.36","23.21","Argon"
"2025-09-01","11:37:35.756 AM","25.66","97.231","36.389","0.426","24.91","23.36","23.21","Argon"
"2025-09-01","11:37:36.007 AM","25.66","97.229","36.383","0.424","24.9","23.41","23.21","Argon"
"2025-09-01","11:37:36.271 AM","25.66","97.229","36.383","0.424","24.9","23.41","23.25","Argon"
"2025-09-01","11:37:36.509 AM","25.66","97.228","36.372","0.424","24.9","23.41","23.25","Argon"
"2025-09-01","11:37:36.763 AM","25.66","97.228","36.372","0.42","24.91","23.47","23.25","Argon"
"2025-09-01","11:37:37.019 AM","25.66","97.228","36.372","0.42","24.91","23.47","23.23","Argon"
"2025-09-01","11:37:37.267 AM","25.66","97.226","36.383","0.418","24.88","23.47","23.23","Argon"
"2025-09-01","11:37:37.515 AM","25.66","97.226","36.383","0.418","24.88","23.44","23.23","Argon"
"2025-09-01","11:37:37.768 AM","25.66","97.226","36.383","0.418","24.88","23.44","23.25","Argon"
"2025-09-01","11:37:38.022 AM","25.66","97.226","36.395","0","24.89","23.44","23.25","None"
"2025-09-01","11:37:38.273 AM","25.66","97.226","36.395","0","24.89","23.47","23.25","None"
"2025-09-01","11:37:38.522 AM","25.66","97.226","36.395","0","24.89","23.47","23.30","None"
"2025-09-01","11:37:38.770 AM","25.66","97.226","36.377","0","24.945","23.47","23.30","None"
"2025-09-01","11:37:39.023 AM","25.66","97.226","36.377","0","24.945","23.41","23.30","None"
"2025-09-01","11:37:39.272 AM","25.66","97.226","36.377","0","24.945","23.41","23.30","Compressed Air"
"2025-09-01","11:37:39.557 AM","25.66","97.229","36.377","2.428","24.865","23.41","23.30","Compressed Air"
"2025-09-01","11:37:39.774 AM","25.66","97.229","36.377","2.428","24.865","23.43","23.25","Compressed Air"
"2025-09-01","11:37:40.022 AM","25.66","97.229","36.377","2.428","24.865","23.43","23.25","Compressed Air"
"2025-09-01","11:37:40.273 AM","25.66","97.229","36.383","1.173","24.855","23.32","23.25","Compressed Air"
"2025-09-01","11:37:40.521 AM","25.66","97.229","36.383","1.173","24.855","23.32","23.27","Compressed Air"
"2025-09-01","11:37:40.778 AM","25.66","97.229","36.383","1.173","24.855","23.32","23.27","Compressed Air"
"2025-09-01","11:37:41.020 AM","25.66","97.229","36.383","1.138","24.865","23.41","23.27","Compressed Air"
"2025-09-01","11:37:41.272 AM","25.66","97.229","36.383","1.138","24.865","23.41","23.23","Compressed Air"
"2025-09-01","11:37:41.521 AM","25.66","97.229","36.383","1.138","24.865","23.41","23.23","Compressed Air"
"2025-09-01","11:37:41.772 AM","25.66","97.229","36.366","1.13","24.875","23.41","23.23","Compressed Air"
"2025-09-01","11:37:42.027 AM","25.66","97.229","36.366","1.13","24.875","23.41","23.19","Compressed Air"
"2025-09-01","11:37:42.272 AM","25.66","97.227","36.372","1.136","24.79","23.41","23.19","Compressed Air"
"2025-09-01","11:37:42.534 AM","25.66","97.227","36.372","1.136","24.79","23.45","23.19","Compressed Air"
"2025-09-01","11:37:42.782 AM","25.66","97.227","36.372","1.136","24.79","23.45","23.20","Compressed Air"
"2025-09-01","11:37:43.034 AM","25.67","97.229","36.372","1.138","24.835","23.45","23.20","Compressed Air"
"2025-09-01","11:37:43.287 AM","25.67","97.229","36.372","1.138","24.835","23.43","23.20","Compressed Air"
"2025-09-01","11:37:43.533 AM","25.67","97.229","36.372","1.138","24.835","23.43","23.20","Compressed Air"
"2025-09-01","11:37:43.814 AM","25.67","97.229","36.366","1.143","24.86","23.43","23.20","Compressed Air"
"2025-09-01","11:37:44.041 AM","25.67","97.229","36.366","1.143","24.86","23.41","23.26","Compressed Air"
"2025-09-01","11:37:44.293 AM","25.67","97.229","36.366","1.143","24.86","23.41","23.26","Compressed Air"
"2025-09-01","11:37:44.540 AM","25.67","97.227","36.372","0.004","24.86","23.41","23.26","Compressed Air"
"2025-09-01","11:37:44.802 AM","25.67","97.227","36.372","0.004","24.86","23.45","23.21","None"
"2025-09-01","11:37:45.057 AM","25.67","97.227","36.372","0.004","24.86","23.45","23.21","None"
"2025-09-01","11:37:45.310 AM","25.67","97.226","36.366","0","24.905","23.50","23.21","None"
"2025-09-01","11:37:45.552 AM","25.67","97.226","36.366","0","24.905","23.50","23.27","None"
"2025-09-01","11:37:45.803 AM","25.67","97.226","36.366","0","24.905","23.50","23.27","None"
"2025-09-01","11:37:46.053 AM","25.67","97.224","36.378","0","24.925","23.45","23.27","None"
"2025-09-01","11:37:46.306 AM","25.67","97.224","36.378","0","24.925","23.45","23.18","None"
"2025-09-01","11:37:46.559 AM","25.67","97.224","36.378","0","24.925","23.45","23.18","None"
"2025-09-01","11:37:46.827 AM","25.67","97.225","36.366","0","24.89","23.36","23.18","None"
"2025-09-01","11:37:47.077 AM","25.67","97.225","36.366","0","24.89","23.36","23.23","None"
"2025-09-01","11:37:47.326 AM","25.67","97.228","36.355","0","24.875","23.36","23.23","None"
"2025-09-01","11:37:47.576 AM","25.67","97.228","36.355","0","24.875","23.45","23.23","None"
"2025-09-01","11:37:47.825 AM","25.67","97.228","36.355","0","24.875","23.45","23.23","None"
"2025-09-01","11:37:48.127 AM","25.67","97.227","36.367","0","24.865","23.45","23.23","None"
"2025-09-01","11:37:48.344 AM","25.67","97.227","36.367","0","24.865","23.45","23.23","None"
"2025-09-01","11:37:48.610 AM","25.67","97.227","36.367","0","24.865","23.45","23.23","None"
"2025-09-01","11:37:48.858 AM","25.67","97.226","36.355","0","24.83","23.45","23.23","None"
"2025-09-01","11:37:49.127 AM","25.67","97.226","36.355","0","24.83","23.47","23.26","None"
"2025-09-01","11:37:49.386 AM","25.67","97.226","36.355","0","24.83","23.47","23.26","None"
"2025-09-01","11:37:49.642 AM","25.67","97.224","36.367","0","24.9","23.47","23.26","None"
"2025-09-01","11:37:49.879 AM","25.67","97.224","36.367","0","24.9","23.47","23.27","None"
"2025-09-01","11:37:50.140 AM","25.67","97.224","36.367","0","24.9","23.47","23.27","None"
"2025-09-01","11:37:50.389 AM","25.67","97.227","36.361","0","24.845","23.49","23.27","None"
"2025-09-01","11:37:50.661 AM","25.67","97.227","36.361","0","24.845","23.49","23.27","None"
"2025-09-01","11:37:50.911 AM","25.68","97.229","36.362","0","24.945","23.49","23.27","None"
"2025-09-01","11:37:51.162 AM","25.68","97.229","36.362","0","24.945","23.49","23.27","None"
"2025-09-01","11:37:51.428 AM","25.68","97.229","36.362","0","24.945","23.49","23.19","None"
"2025-09-01","11:37:51.686 AM","25.68","97.228","36.356","0","24.94","23.49","23.19","None"
"2025-09-01","11:37:51.945 AM","25.68","97.228","36.356","0","24.94","23.47","23.30","None"
"2025-09-01","11:37:52.229 AM","25.68","97.228","36.356","0","24.94","23.47","23.30","None"
"2025-09-01","11:37:52.448 AM","25.68","97.229","36.362","0","24.88","23.47","23.30","None"
"2025-09-01","11:37:52.696 AM","25.68","97.229","36.362","0","24.88","23.44","23.18","None"
"2025-09-01","11:37:52.946 AM","25.68","97.229","36.362","0","24.88","23.44","23.18","None"
"2025-09-01","11:37:53.197 AM","25.68","97.23","36.362","0","24.95","23.44","23.18","None"
"2025-09-01","11:37:53.454 AM","25.68","97.23","36.362","0","24.95","23.47","23.21","None"
"2025-09-01","11:37:53.698 AM","25.68","97.23","36.362","0","24.95","23.47","23.21","None"
"2025-09-01","11:37:53.947 AM","25.68","97.231","36.367","0","24.97","23.44","23.21","None"
"2025-09-01","11:37:54.196 AM","25.68","97.231","36.367","0","24.97","23.44","23.28","None"
"2025-09-01","11:37:54.447 AM","25.68","97.231","36.367","0","24.97","23.44","23.28","None"
"2025-09-01","11:37:54.701 AM","25.68","97.233","36.379","0","24.92","23.41","23.28","None"
"2025-09-01","11:37:54.947 AM","25.68","97.233","36.379","0","24.92","23.41","23.26","None"
"2025-09-01","11:37:55.214 AM","25.68","97.23","36.379","0","24.94","23.41","23.26","None"
"2025-09-01","11:37:55.460 AM","25.68","97.23","36.379","0","24.94","23.43","23.26","None"
"2025-09-01","11:37:55.729 AM","25.68","97.23","36.379","0","24.94","23.43","23.25","None"
"2025-09-01","11:37:55.983 AM","25.68","97.23","36.379","0","24.885","23.43","23.25","None"
"2025-09-01","11:37:56.231 AM","25.68","97.23","36.379","0","24.885","23.49","23.25","None"
"2025-09-01","11:37:56.516 AM","25.68","97.23","36.379","0","24.885","23.49","23.25","None"
"2025-09-01","11:37:56.736 AM","25.68","97.233","36.384","0","24.965","23.49","23.25","None"
"2025-09-01","11:37:56.995 AM","25.68","97.233","36.384","0","24.965","23.41","23.23","None"
"2025-09-01","11:37:57.250 AM","25.68","97.233","36.384","0","24.965","23.41","23.23","None"
"2025-09-01","11:37:57.498 AM","25.68","97.233","36.39","0","24.86","23.41","23.23","None"
"2025-09-01","11:37:57.755 AM","25.68","97.233","36.39","0","24.86","23.45","23.19","None"
"2025-09-01","11:37:58.008 AM","25.68","97.233","36.39","0","24.86","23.45","23.19","None"
"2025-09-01","11:37:58.251 AM","25.67","97.229","36.379","0","24.895","23.47","23.19","None"
"2025-09-01","11:37:58.500 AM","25.67","97.229","36.379","0","24.895","23.47","23.25","None"
"2025-09-01","11:37:58.752 AM","25.67","97.229","36.379","0","24.895","23.47","23.25","None"
"2025-09-01","11:37:59.005 AM","25.68","97.23","36.367","0","24.91","23.49","23.25","None"
"2025-09-01","11:37:59.256 AM","25.68","97.23","36.367","0","24.91","23.49","23.28","None"
"2025-09-01","11:37:59.505 AM","25.68","97.23","36.367","0","24.91","23.49","23.28","None"
"2025-09-01","11:37:59.751 AM","25.67","97.226","36.379","0","24.925","23.47","23.28","None"
"2025-09-01","11:37:59.999 AM","25.67","97.226","36.379","0","24.925","23.47","23.18","None"
"2025-09-01","11:38:00.252 AM","25.68","97.227","36.362","0","24.96","23.47","23.18","None"
"2025-09-01","11:38:00.502 AM","25.68","97.227","36.362","0","24.96","23.44","23.18","None"
"2025-09-01","11:38:00.794 AM","25.68","97.227","36.362","0","24.96","23.44","23.21","None"
"2025-09-01","11:38:01.021 AM","25.68","97.227","36.367","0","24.855","23.44","23.21","None"
"2025-09-01","11:38:01.269 AM","25.68","97.227","36.367","0","24.855","23.48","23.21","None"
"2025-09-01","11:38:01.518 AM","25.68","97.227","36.367","0","24.855","23.48","23.26","None"
"2025-09-01","11:38:01.768 AM","25.68","97.228","36.368","0","25.005","23.48","23.26","None"
"2025-09-01","11:38:02.026 AM","25.68","97.228","36.368","0","25.005","23.44","23.27","None"
"2025-09-01","11:38:02.268 AM","25.68","97.228","36.368","0","25.005","23.44","23.27","None"
"2025-09-01","11:38:02.516 AM","25.68","97.228","36.374","0","24.87","23.44","23.27","None"
"2025-09-01","11:38:02.767 AM","25.68","97.228","36.374","0","24.87","23.45","23.27","None"
"2025-09-01","11:38:03.018 AM","25.68","97.228","36.374","0","24.87","23.45","23.27","None"
"2025-09-01","11:38:03.271 AM","25.69","97.227","36.368","0","24.88","23.45","23.27","None"
"2025-09-01","11:38:03.517 AM","25.69","97.227","36.368","0","24.88","23.38","23.23","Compressed Air"
"2025-09-01","11:38:03.783 AM","25.69","97.227","36.368","0","24.88","23.38","23.23","Compressed Air"
"2025-09-01","11:38:04.032 AM","25.69","97.227","36.357","1.247","24.965","23.50","23.23","Compressed Air"
"2025-09-01","11:38:04.284 AM","25.69","97.227","36.357","1.247","24.965","23.50","23.19","Compressed Air"
"2025-09-01","11:38:04.534 AM","25.69","97.227","36.357","1.247","24.965","23.50","23.19","Compressed Air"
"2025-09-01","11:38:04.784 AM","25.69","97.228","36.368","1.159","24.91","23.47","23.19","Compressed Air"
"2025-09-01","11:38:05.082 AM","25.69","97.228","36.368","1.159","24.91","23.47","23.23","Compressed Air"
"2025-09-01","11:38:05.294 AM","25.69","97.227","36.357","1.142","24.9","23.47","23.23","Compressed Air"
"2025-09-01","11:38:05.537 AM","25.69","97.227","36.357","1.142","24.9","23.48","23.23","Compressed Air"
"2025-09-01","11:38:05.791 AM","25.69","97.227","36.357","1.142","24.9","23.48","23.16","Compressed Air"
"2025-09-01","11:38:06.052 AM","25.69","97.226","36.363","1.145","24.86","23.48","23.16","Compressed Air"
"2025-09-01","11:38:06.330 AM","25.69","97.226","36.363","1.145","24.86","23.47","23.16","Compressed Air"
"2025-09-01","11:38:06.586 AM","25.69","97.226","36.363","1.145","24.86","23.47","23.16","Compressed Air"
"2025-09-01","11:38:06.824 AM","25.69","97.227","36.369","1.151","24.85","23.47","23.16","Compressed Air"
"2025-09-01","11:38:07.101 AM","25.69","97.227","36.369","1.151","24.85","23.43","23.23","Compressed Air"
"2025-09-01","11:38:07.342 AM","25.69","97.227","36.369","1.151","24.85","23.43","23.23","Compressed Air"
"2025-09-01","11:38:07.590 AM","25.69","97.227","36.369","1.15","24.88","23.41","23.23","Compressed Air"
"2025-09-01","11:38:07.841 AM","25.69","97.227","36.369","1.15","24.88","23.41","23.23","Compressed Air"
"2025-09-01","11:38:08.095 AM","25.69","97.227","36.369","1.15","24.88","23.41","23.23","Compressed Air"
"2025-09-01","11:38:08.343 AM","25.69","97.227","36.374","1.154","24.88","23.41","23.23","Compressed Air"
"2025-09-01","11:38:08.590 AM","25.69","97.227","36.374","1.154","24.88","23.41","23.23","Compressed Air"
"2025-09-01","11:38:08.840 AM","25.69","97.227","36.374","1.154","24.88","23.41","23.23","Compressed Air"
"2025-09-01","11:38:09.093 AM","25.69","97.228","36.374","1.156","24.86","23.52","23.23","Compressed Air"
"2025-09-01","11:38:09.408 AM","25.69","97.228","36.374","1.156","24.86","23.52","23.21","Compressed Air"
"2025-09-01","11:38:09.601 AM","25.69","97.227","36.368","1.156","24.82","23.52","23.21","Compressed Air"
"2025-09-01","11:38:09.863 AM","25.69","97.227","36.368","1.156","24.82","23.43","23.21","Compressed Air"
"2025-09-01","11:38:10.102 AM","25.69","97.227","36.368","1.156","24.82","23.43","23.23","Compressed Air"
"2025-09-01","11:38:10.377 AM","25.69","97.227","36.357","1.155","24.86","23.43","23.23","Compressed Air"
"2025-09-01","11:38:10.647 AM","25.69","97.227","36.357","1.155","24.86","23.47","23.26","Compressed Air"
"2025-09-01","11:38:10.893 AM","25.69","97.227","36.357","1.155","24.86","23.47","23.26","Compressed Air"
"2025-09-01","11:38:11.143 AM","25.69","97.228","36.363","1.155","24.825","23.47","23.26","Compressed Air"
"2025-09-01","11:38:11.393 AM","25.69","97.228","36.363","1.155","24.825","23.49","23.16","Compressed Air"
"2025-09-01","11:38:11.642 AM","25.69","97.228","36.363","1.155","24.825","23.49","23.16","Compressed Air"
"2025-09-01","11:38:11.896 AM","25.69","97.23","36.363","1.156","24.825","23.49","23.16","Compressed Air"
"2025-09-01","11:38:12.142 AM","25.69","97.23","36.363","1.156","24.825","23.44","23.30","Compressed Air"
"2025-09-01","11:38:12.394 AM","25.69","97.23","36.363","1.156","24.825","23.44","23.30","Compressed Air"
"2025-09-01","11:38:12.657 AM","25.69","97.23","36.357","1.154","24.885","23.34","23.30","Compressed Air"
"2025-09-01","11:38:12.906 AM","25.69","97.23","36.357","1.154","24.885","23.34","23.19","Compressed Air"
"2025-09-01","11:38:13.187 AM","25.69","97.23","36.357","1.154","24.885","23.34","23.19","Compressed Air"
"2025-09-01","11:38:13.413 AM","25.69","97.229","36.351","1.155","24.815","23.44","23.19","Compressed Air"
"2025-09-01","11:38:13.718 AM","25.69","97.229","36.351","1.155","24.815","23.44","23.21","Compressed Air"
"2025-09-01","11:38:13.931 AM","25.69","97.228","36.357","1.157","24.815","23.44","23.21","Compressed Air"
"2025-09-01","11:38:14.181 AM","25.69","97.228","36.357","1.157","24.815","23.52","23.21","Compressed Air"
"2025-09-01","11:38:14.429 AM","25.69","97.228","36.357","1.157","24.815","23.52","23.30","Compressed Air"
"2025-09-01","11:38:14.676 AM","25.69","97.228","36.34","1.156","24.8","23.52","23.30","Compressed Air"
"2025-09-01","11:38:14.935 AM","25.69","97.228","36.34","1.156","24.8","23.47","23.30","Compressed Air"
"2025-09-01","11:38:15.183 AM","25.69","97.228","36.34","1.156","24.8","23.47","23.23","Compressed Air"
"2025-09-01","11:38:15.429 AM","25.69","97.227","36.34","1.157","24.88","23.47","23.23","Compressed Air"
"2025-09-01","11:38:15.676 AM","25.69","97.227","36.34","1.157","24.88","23.45","23.18","Compressed Air"
"2025-09-01","11:38:15.927 AM","25.69","97.227","36.34","1.157","24.88","23.45","23.18","Compressed Air"
"2025-09-01","11:38:16.179 AM","25.69","97.227","36.34","1.156","24.88","23.45","23.18","Compressed Air"
"2025-09-01","11:38:16.436 AM","25.69","97.227","36.34","1.156","24.88","23.47","23.28","Compressed Air"
"2025-09-01","11:38:16.685 AM","25.69","97.227","36.34","1.156","24.88","23.47","23.28","Compressed Air"
"2025-09-01","11:38:16.938 AM","25.69","97.227","36.346","1.157","24.85","23.41","23.28","Compressed Air"
"2025-09-01","11:38:17.196 AM","25.69","97.227","36.346","1.157","24.85","23.41","23.32","Compressed Air"
"2025-09-01","11:38:17.449 AM","25.69","97.227","36.346","1.157","24.85","23.41","23.32","Compressed Air"
"2025-09-01","11:38:17.742 AM","25.69","97.224","36.334","1.157","24.795","23.44","23.32","Compressed Air"
"2025-09-01","11:38:17.967 AM","25.69","97.224","36.334","1.157","24.795","23.44","23.16","Compressed Air"
"2025-09-01","11:38:18.213 AM","25.69","97.226","36.317","1.154","24.78","23.44","23.16","Compressed Air"
"2025-09-01","11:38:18.462 AM","25.69","97.226","36.317","1.154","24.78","23.43","23.16","Compressed Air"
"2025-09-01","11:38:18.716 AM","25.69","97.226","36.317","1.154","24.78","23.43","23.20","Compressed Air"
"2025-09-01","11:38:18.968 AM","25.69","97.226","36.328","1.158","24.735","23.43","23.20","Compressed Air"
"2025-09-01","11:38:19.217 AM","25.69","97.226","36.328","1.158","24.735","23.48","23.20","Compressed Air"
"2025-09-01","11:38:19.477 AM","25.69","97.226","36.328","1.158","24.735","23.48","23.28","Compressed Air"
"2025-09-01","11:38:19.730 AM","25.69","97.226","36.323","1.156","24.8","23.48","23.28","Compressed Air"
"2025-09-01","11:38:19.981 AM","25.69","97.226","36.323","1.156","24.8","23.39","23.23","Compressed Air"
"2025-09-01","11:38:20.233 AM","25.69","97.226","36.323","1.156","24.8","23.39","23.23","Compressed Air"
"2025-09-01","11:38:20.531 AM","25.69","97.226","36.311","1.157","24.79","23.39","23.23","Compressed Air"
"2025-09-01","11:38:20.788 AM","25.69","97.226","36.311","1.157","24.79","23.44","23.18","Compressed Air"
"2025-09-01","11:38:20.979 AM","25.69","97.226","36.311","1.157","24.79","23.44","23.18","Compressed Air"
"2025-09-01","11:38:21.234 AM","25.69","97.227","36.328","1.159","24.785","23.44","23.18","Compressed Air"
"2025-09-01","11:38:21.488 AM","25.69","97.227","36.328","1.159","24.785","23.47","23.21","Compressed Air"
"2025-09-01","11:38:21.734 AM","25.69","97.227","36.328","1.159","24.785","23.47","23.21","Compressed Air"
"2025-09-01","11:38:22.004 AM","25.69","97.228","36.311","1.155","24.825","23.39","23.21","Compressed Air"
"2025-09-01","11:38:22.279 AM","25.69","97.228","36.311","1.155","24.825","23.39","23.19","Compressed Air"
"2025-09-01","11:38:22.518 AM","25.69","97.228","36.311","1.155","24.825","23.39","23.19","Compressed Air"
"2025-09-01","11:38:22.748 AM","25.69","97.229","36.306","1.157","24.84","23.43","23.19","Compressed Air"
"2025-09-01","11:38:23.006 AM","25.69","97.229","36.306","1.157","24.84","23.43","23.26","Compressed Air"
"2025-09-01","11:38:23.260 AM","25.69","97.23","36.317","1.157","24.805","23.43","23.26","Compressed Air"
"2025-09-01","11:38:23.513 AM","25.69","97.23","36.317","1.157","24.805","23.52","23.26","Compressed Air"
"2025-09-01","11:38:23.752 AM","25.69","97.23","36.317","1.157","24.805","23.52","23.25","Compressed Air"
"2025-09-01","11:38:24.005 AM","25.7","97.23","36.317","1.158","24.85","23.52","23.25","Compressed Air"
"2025-09-01","11:38:24.257 AM","25.7","97.23","36.317","1.158","24.85","23.43","23.25","Compressed Air"
"2025-09-01","11:38:24.503 AM","25.7","97.23","36.317","1.158","24.85","23.43","23.19","Compressed Air"
"2025-09-01","11:38:24.752 AM","25.7","97.23","36.311","1.157","24.845","23.43","23.19","Compressed Air"
"2025-09-01","11:38:25.005 AM","25.7","97.23","36.311","1.157","24.845","23.49","23.19","Compressed Air"
"2025-09-01","11:38:25.273 AM","25.7","97.23","36.311","1.157","24.845","23.49","23.19","Compressed Air"
"2025-09-01","11:38:25.520 AM","25.7","97.23","36.317","1.159","24.775","23.49","23.19","Compressed Air"
"2025-09-01","11:38:25.769 AM","25.7","97.23","36.317","1.159","24.775","23.52","23.25","Compressed Air"
"2025-09-01","11:38:26.016 AM","25.7","97.23","36.317","1.159","24.775","23.52","23.25","Compressed Air"
"2025-09-01","11:38:26.267 AM","25.69","97.232","36.306","1.158","24.79","23.52","23.25","Compressed Air"
"2025-09-01","11:38:26.580 AM","25.69","97.232","36.306","1.158","24.79","23.50","23.19","Compressed Air"
"2025-09-01","11:38:26.777 AM","25.69","97.232","36.306","1.158","24.79","23.50","23.19","Compressed Air"
"2025-09-01","11:38:27.038 AM","25.69","97.231","36.311","1.158","24.775","23.49","23.19","Compressed Air"
"2025-09-01","11:38:27.286 AM","25.69","97.231","36.311","1.158","24.775","23.49","23.26","Compressed Air"
"2025-09-01","11:38:27.537 AM","25.69","97.231","36.311","1.158","24.775","23.49","23.26","Compressed Air"
"2025-09-01","11:38:27.792 AM","25.7","97.231","36.317","1.157","24.82","23.41","23.26","Compressed Air"
"2025-09-01","11:38:28.037 AM","25.7","97.231","36.317","1.157","24.82","23.41","23.32","Compressed Air"
"2025-09-01","11:38:28.301 AM","25.7","97.23","36.306","1.156","24.78","23.41","23.32","Compressed Air"
"2025-09-01","11:38:28.543 AM","25.7","97.23","36.306","1.156","24.78","23.52","23.32","Compressed Air"
"2025-09-01","11:38:28.814 AM","25.7","97.23","36.306","1.156","24.78","23.52","23.23","Compressed Air"
"2025-09-01","11:38:29.049 AM","25.7","97.232","36.288","1.159","24.765","23.52","23.23","Compressed Air"
"2025-09-01","11:38:29.312 AM","25.7","97.232","36.288","1.159","24.765","23.37","23.23","Compressed Air"
"2025-09-01","11:38:29.549 AM","25.7","97.232","36.288","1.159","24.765","23.37","23.30","Compressed Air"
"2025-09-01","11:38:29.820 AM","25.7","97.231","36.283","1.159","24.815","23.37","23.30","Compressed Air"
"2025-09-01","11:38:30.083 AM","25.7","97.231","36.283","1.159","24.815","23.41","23.13","Compressed Air"
"2025-09-01","11:38:30.357 AM","25.7","97.231","36.283","1.159","24.815","23.41","23.13","Compressed Air"
"2025-09-01","11:38:30.621 AM","25.7","97.228","36.283","1.158","24.835","23.49","23.13","Compressed Air"
"2025-09-01","11:38:30.923 AM","25.7","97.228","36.283","1.158","24.835","23.49","23.25","Compressed Air"
"2025-09-01","11:38:31.146 AM","25.7","97.228","36.283","1.158","24.835","23.49","23.25","Compressed Air"
"2025-09-01","11:38:31.401 AM","25.7","97.226","36.271","1.159","24.755","23.41","23.25","Compressed Air"
"2025-09-01","11:38:31.644 AM","25.7","97.226","36.271","1.159","24.755","23.41","23.09","Compressed Air"
"2025-09-01","11:38:31.892 AM","25.7","97.225","36.266","1.156","24.73","23.41","23.09","Compressed Air"
"2025-09-01","11:38:32.150 AM","25.7","97.225","36.266","1.156","24.73","23.52","23.09","Compressed Air"
"2025-09-01","11:38:32.419 AM","25.7","97.225","36.266","1.156","24.73","23.52","23.21","Compressed Air"
"2025-09-01","11:38:32.644 AM","25.7","97.226","36.289","1.159","24.795","23.52","23.21","Compressed Air"
"2025-09-01","11:38:32.913 AM","25.7","97.226","36.289","1.159","24.795","23.43","23.21","Compressed Air"
"2025-09-01","11:38:33.150 AM","25.7","97.226","36.289","1.159","24.795","23.43","23.23","Compressed Air"
"2025-09-01","11:38:33.407 AM","25.7","97.227","36.266","1.158","24.81","23.43","23.23","Compressed Air"
"2025-09-01","11:38:33.659 AM","25.7","97.227","36.266","1.158","24.81","23.52","23.14","Compressed Air"
"2025-09-01","11:38:33.908 AM","25.7","97.227","36.266","1.158","24.81","23.52","23.14","Compressed Air"
"2025-09-01","11:38:34.152 AM","25.7","97.228","36.266","0","24.765","23.52","23.14","Compressed Air"
"2025-09-01","11:38:34.409 AM","25.7","97.228","36.266","0","24.765","23.43","23.19","Compressed Air"
"2025-09-01","11:38:34.656 AM","25.7","97.228","36.266","0","24.765","23.43","23.19","Compressed Air"
"2025-09-01","11:38:34.947 AM","25.7","97.23","36.271","0","24.86","23.52","23.19","Compressed Air"
"2025-09-01","11:38:35.168 AM","25.7","97.23","36.271","0","24.86","23.52","23.26","Compressed Air"
"2025-09-01","11:38:35.425 AM","25.7","97.23","36.271","0","24.86","23.52","23.26","Compressed Air"
"2025-09-01","11:38:35.675 AM","25.7","97.229","36.277","0","24.865","23.48","23.26","None"
"2025-09-01","11:38:35.922 AM","25.7","97.229","36.277","0","24.865","23.48","23.26","None"
"2025-09-01","11:38:36.181 AM","25.7","97.229","36.277","0","24.865","23.48","23.26","None"
"2025-09-01","11:38:36.423 AM","25.7","97.229","36.283","0","24.84","23.45","23.26","None"
"2025-09-01","11:38:36.675 AM","25.7","97.229","36.283","0","24.84","23.45","23.25","None"
"2025-09-01","11:38:36.926 AM","25.7","97.229","36.272","0","24.88","23.45","23.25","None"
"2025-09-01","11:38:37.178 AM","25.7","97.229","36.272","0","24.88","23.55","23.25","None"
"2025-09-01","11:38:37.434 AM","25.7","97.229","36.272","0","24.88","23.55","23.20","None"
"2025-09-01","11:38:37.678 AM","25.7","97.227","36.272","0","24.8","23.55","23.20","None"
"2025-09-01","11:38:37.932 AM","25.7","97.227","36.272","0","24.8","23.50","23.20","None"
"2025-09-01","11:38:38.181 AM","25.7","97.227","36.272","0","24.8","23.50","23.23","None"
"2025-09-01","11:38:38.455 AM","25.7","97.225","36.283","0","24.88","23.50","23.23","None"
"2025-09-01","11:38:38.687 AM","25.7","97.225","36.283","0","24.88","23.48","23.18","None"
"2025-09-01","11:38:38.951 AM","25.7","97.225","36.283","0","24.88","23.48","23.18","None"
"2025-09-01","11:38:39.226 AM","25.7","97.227","36.277","0","24.925","23.48","23.18","None"
"2025-09-01","11:38:39.451 AM","25.7","97.227","36.277","0","24.925","23.43","23.16","None"
"2025-09-01","11:38:39.702 AM","25.7","97.227","36.277","0","24.925","23.43","23.16","None"
"2025-09-01","11:38:39.949 AM","25.7","97.228","36.277","0","24.88","23.48","23.16","None"
"2025-09-01","11:38:40.199 AM","25.7","97.228","36.277","0","24.88","23.48","23.26","None"
"2025-09-01","11:38:40.458 AM","25.7","97.228","36.277","0","24.88","23.48","23.26","None"
"2025-09-01","11:38:40.732 AM","25.7","97.228","36.289","0","24.795","23.44","23.26","None"
"2025-09-01","11:38:40.963 AM","25.7","97.228","36.289","0","24.795","23.44","23.21","None"
"2025-09-01","11:38:41.215 AM","25.7","97.228","36.289","0","24.795","23.44","23.21","None"
"2025-09-01","11:38:41.463 AM","25.7","97.227","36.288","0","24.92","23.47","23.21","None"
"2025-09-01","11:38:41.715 AM","25.7","97.227","36.288","0","24.92","23.47","23.20","None"
"2025-09-01","11:38:41.960 AM","25.69","97.227","36.265","0","24.82","23.47","23.20","None"
"2025-09-01","11:38:42.218 AM","25.69","97.227","36.265","0","24.82","23.52","23.20","None"
"2025-09-01","11:38:42.465 AM","25.69","97.227","36.265","0","24.82","23.52","23.21","None"
"2025-09-01","11:38:42.715 AM","25.69","97.227","36.3","0","24.895","23.52","23.21","None"
"2025-09-01","11:38:42.971 AM","25.69","97.227","36.3","0","24.895","23.58","23.21","None"
"2025-09-01","11:38:43.219 AM","25.69","97.227","36.3","0","24.895","23.58","23.32","None"
"2025-09-01","11:38:43.548 AM","25.69","97.225","36.3","0","24.86","23.58","23.32","None"
"2025-09-01","11:38:43.729 AM","25.69","97.225","36.3","0","24.86","23.52","23.23","None"
"2025-09-01","11:38:43.992 AM","25.69","97.225","36.3","0","24.86","23.52","23.23","None"
"2025-09-01","11:38:44.232 AM","25.7","97.227","36.311","0","24.84","23.52","23.23","None"
"2025-09-01","11:38:44.482 AM","25.7","97.227","36.311","0","24.84","23.58","23.28","None"
"2025-09-01","11:38:44.729 AM","25.7","97.227","36.311","0","24.84","23.58","23.28","None"
"2025-09-01","11:38:44.984 AM","25.7","97.23","36.312","0","24.86","23.52","23.28","None"
"2025-09-01","11:38:45.230 AM","25.7","97.23","36.312","0","24.86","23.52","23.25","None"
"2025-09-01","11:38:45.481 AM","25.7","97.23","36.312","0","24.86","23.52","23.25","None"
"2025-09-01","11:38:45.730 AM","25.7","97.229","36.323","0","24.805","23.59","23.25","None"
"2025-09-01","11:38:45.986 AM","25.7","97.229","36.323","0","24.805","23.59","23.25","None"
"2025-09-01","11:38:46.243 AM","25.7","97.229","36.323","0","24.805","23.59","23.25","None"
"2025-09-01","11:38:46.492 AM","25.7","97.23","36.323","0","24.835","23.52","23.25","None"
"2025-09-01","11:38:46.732 AM","25.7","97.23","36.323","0","24.835","23.52","23.26","None"
"2025-09-01","11:38:46.990 AM","25.7","97.23","36.329","0","24.84","23.52","23.26","None"
"2025-09-01","11:38:47.247 AM","25.7","97.23","36.329","0","24.84","23.52","23.26","None"
"2025-09-01","11:38:47.498 AM","25.7","97.23","36.329","0","24.84","23.52","23.18","None"
"2025-09-01","11:38:47.785 AM","25.7","97.226","36.318","0","24.92","23.52","23.18","None"
"2025-09-01","11:38:48.008 AM","25.7","97.226","36.318","0","24.92","23.58","23.18","None"
"2025-09-01","11:38:48.264 AM","25.7","97.226","36.318","0","24.92","23.58","23.23","None"
"2025-09-01","11:38:48.536 AM","25.7","97.226","36.329","0","24.795","23.58","23.23","None"
"2025-09-01","11:38:48.797 AM","25.7","97.226","36.329","0","24.795","23.59","23.28","None"
"2025-09-01","11:38:49.073 AM","25.7","97.226","36.329","0","24.795","23.59","23.28","None"
"2025-09-01","11:38:49.333 AM","25.7","97.227","36.33","0","24.84","23.47","23.28","None"
"2025-09-01","11:38:49.598 AM","25.7","97.227","36.33","0","24.84","23.47","23.20","None"
"2025-09-01","11:38:49.869 AM","25.7","97.224","36.318","0","24.91","23.47","23.20","None"
"2025-09-01","11:38:50.136 AM","25.7","97.224","36.318","0","24.91","23.54","23.20","None"
"2025-09-01","11:38:50.407 AM","25.7","97.224","36.318","0","24.91","23.54","23.23","None"
"2025-09-01","11:38:50.652 AM","25.71","97.223","36.324","0","24.89","23.54","23.23","None"
"2025-09-01","11:38:50.909 AM","25.71","97.223","36.324","0","24.89","23.41","23.23","None"
"2025-09-01","11:38:51.156 AM","25.71","97.223","36.324","0","24.89","23.41","23.23","None"
"2025-09-01","11:38:51.404 AM","25.7","97.222","36.318","0","24.835","23.41","23.23","None"
"2025-09-01","11:38:51.660 AM","25.7","97.222","36.318","0","24.835","23.45","23.21","None"
"2025-09-01","11:38:51.911 AM","25.7","97.222","36.318","0","24.835","23.45","23.21","None"
"2025-09-01","11:38:52.203 AM","25.7","97.225","36.312","0","24.885","23.56","23.21","None"
"2025-09-01","11:38:52.441 AM","25.7","97.225","36.312","0","24.885","23.56","23.30","None"
"2025-09-01","11:38:52.699 AM","25.7","97.225","36.312","0","24.885","23.56","23.30","None"
"2025-09-01","11:38:52.953 AM","25.7","97.226","36.324","0","24.865","23.52","23.30","None"
"2025-09-01","11:38:53.206 AM","25.7","97.226","36.324","0","24.865","23.52","23.23","None"
"2025-09-01","11:38:53.456 AM","25.7","97.226","36.324","0","24.855","23.52","23.23","None"
"2025-09-01","11:38:53.700 AM","25.7","97.226","36.324","0","24.855","23.50","23.23","None"
"2025-09-01","11:38:53.957 AM","25.7","97.226","36.324","0","24.855","23.50","23.23","None"
"2025-09-01","11:38:54.203 AM","25.7","97.225","36.318","0","24.885","23.50","23.23","None"
"2025-09-01","11:38:54.453 AM","25.7","97.225","36.318","0","24.885","23.52","23.23","None"
"2025-09-01","11:38:54.705 AM","25.7","97.225","36.318","0","24.885","23.52","23.25","None"
"2025-09-01","11:38:54.960 AM","25.7","97.221","36.318","0","24.88","23.52","23.25","None"
"2025-09-01","11:38:55.211 AM","25.7","97.221","36.318","0","24.88","23.52","23.16","None"
"2025-09-01","11:38:55.465 AM","25.7","97.221","36.318","0","24.88","23.52","23.16","None"
"2025-09-01","11:38:55.717 AM","25.7","97.219","36.329","0","24.85","23.52","23.16","None"
"2025-09-01","11:38:55.968 AM","25.7","97.219","36.329","0","24.85","23.55","23.21","None"
"2025-09-01","11:38:56.259 AM","25.7","97.219","36.329","0","24.85","23.55","23.21","None"
"2025-09-01","11:38:56.482 AM","25.7","97.218","36.352","0","24.83","23.49","23.21","None"
"2025-09-01","11:38:56.736 AM","25.7","97.218","36.352","0","24.83","23.49","23.21","None"
"2025-09-01","11:38:56.994 AM","25.7","97.218","36.352","0","24.83","23.49","23.21","None"
"2025-09-01","11:38:57.245 AM","25.7","97.219","36.335","0","24.895","23.44","23.21","None"
"2025-09-01","11:38:57.492 AM","25.7","97.219","36.335","0","24.895","23.44","23.23","None"
"2025-09-01","11:38:57.738 AM","25.7","97.219","36.335","0","24.895","23.44","23.23","None"
"2025-09-01","11:38:57.995 AM","25.7","97.223","36.341","0","24.88","23.43","23.23","None"
"2025-09-01","11:38:58.243 AM","25.7","97.223","36.341","0","24.88","23.43","23.12","None"
"2025-09-01","11:38:58.499 AM","25.7","97.222","36.324","0","24.92","23.43","23.12","None"
"2025-09-01","11:38:58.741 AM","25.7","97.222","36.324","0","24.92","23.52","23.12","None"
"2025-09-01","11:38:58.995 AM","25.7","97.222","36.324","0","24.92","23.52","23.26","None"
"2025-09-01","11:38:59.243 AM","25.7","97.223","36.335","0","24.85","23.52","23.26","None"
"2025-09-01","11:38:59.496 AM","25.7","97.223","36.335","0","24.85","23.58","23.26","None"
"2025-09-01","11:38:59.762 AM","25.7","97.223","36.335","0","24.85","23.58","23.25","None"
"2025-09-01","11:39:00.012 AM","25.7","97.221","36.335","0","24.93","23.58","23.25","None"
"2025-09-01","11:39:00.259 AM","25.7","97.221","36.335","0","24.93","23.50","23.13","None"
"2025-09-01","11:39:00.542 AM","25.7","97.221","36.335","0","24.93","23.50","23.13","None"
"2025-09-01","11:39:00.761 AM","25.71","97.225","36.33","0","24.865","23.50","23.13","None"
"2025-09-01","11:39:01.014 AM","25.71","97.225","36.33","0","24.865","23.55","23.16","None"
"2025-09-01","11:39:01.265 AM","25.71","97.225","36.33","0","24.865","23.55","23.16","None"
"2025-09-01","11:39:01.517 AM","25.71","97.226","36.313","0","24.9","23.48","23.16","None"
"2025-09-01","11:39:01.766 AM","25.71","97.226","36.313","0","24.9","23.48","23.21","None"
"2025-09-01","11:39:02.027 AM","25.71","97.226","36.313","0","24.9","23.48","23.21","None"
"2025-09-01","11:39:02.280 AM","25.71","97.226","36.313","0","24.905","23.47","23.21","None"
"2025-09-01","11:39:02.526 AM","25.71","97.226","36.313","0","24.905","23.47","23.20","None"
"2025-09-01","11:39:02.782 AM","25.71","97.226","36.313","0","24.905","23.47","23.20","None"
"2025-09-01","11:39:03.031 AM","25.71","97.228","36.324","0","24.88","23.47","23.20","None"
"2025-09-01","11:39:03.279 AM","25.71","97.228","36.324","0","24.88","23.47","23.26","None"
"2025-09-01","11:39:03.536 AM","25.71","97.223","36.319","0","24.88","23.47","23.26","None"
"2025-09-01","11:39:03.800 AM","25.71","97.223","36.319","0","24.88","23.52","23.26","None"
"2025-09-01","11:39:04.039 AM","25.71","97.223","36.319","0","24.88","23.52","23.23","None"
"2025-09-01","11:39:04.294 AM","25.71","97.224","36.313","0","24.88","23.52","23.23","None"
"2025-09-01","11:39:04.543 AM","25.71","97.224","36.313","0","24.88","23.47","23.23","None"
"2025-09-01","11:39:04.839 AM","25.71","97.224","36.313","0","24.88","23.47","23.23","None"
"2025-09-01","11:39:05.069 AM","25.72","97.227","36.308","0","24.885","23.47","23.23","None"
"2025-09-01","11:39:05.321 AM","25.72","97.227","36.308","0","24.885","23.54","23.27","None"
"2025-09-01","11:39:05.568 AM","25.72","97.227","36.308","0","24.885","23.54","23.27","None"
"2025-09-01","11:39:05.825 AM","25.71","97.224","36.302","0","24.89","23.54","23.27","None"
"2025-09-01","11:39:06.083 AM","25.71","97.224","36.302","0","24.89","23.50","23.20","None"
"2025-09-01","11:39:06.331 AM","25.71","97.224","36.302","0","24.89","23.50","23.20","None"
"2025-09-01","11:39:06.585 AM","25.72","97.226","36.296","0","24.925","23.50","23.20","None"
"2025-09-01","11:39:06.841 AM","25.72","97.226","36.296","0","24.925","23.50","23.23","None"
"2025-09-01","11:39:07.111 AM","25.72","97.226","36.296","0","24.925","23.50","23.23","None"
"2025-09-01","11:39:07.342 AM","25.72","97.228","36.29","0","24.9","23.55","23.23","None"
"2025-09-01","11:39:07.598 AM","25.72","97.228","36.29","0","24.9","23.55","23.23","None"
"2025-09-01","11:39:07.849 AM","25.72","97.231","36.296","0","24.83","23.55","23.23","None"
"2025-09-01","11:39:08.102 AM","25.72","97.231","36.296","0","24.83","23.58","23.23","None"
"2025-09-01","11:39:08.355 AM","25.72","97.231","36.296","0","24.83","23.58","23.20","None"
"2025-09-01","11:39:08.601 AM","25.72","97.225","36.285","0","24.88","23.58","23.20","None"
"2025-09-01","11:39:08.892 AM","25.72","97.225","36.285","0","24.88","23.56","23.20","None"
"2025-09-01","11:39:09.110 AM","25.72","97.225","36.285","0","24.88","23.56","23.18","None"
"2025-09-01","11:39:09.370 AM","25.72","97.227","36.29","0","24.865","23.56","23.18","None"
"2025-09-01","11:39:09.621 AM","25.72","97.227","36.29","0","24.865","23.44","23.19","None"
"2025-09-01","11:39:09.873 AM","25.72","97.227","36.29","0","24.865","23.44","23.19","None"
"2025-09-01","11:39:10.127 AM","25.71","97.227","36.29","0","24.93","23.44","23.19","None"
"2025-09-01","11:39:10.372 AM","25.71","97.227","36.29","0","24.93","23.52","23.20","None"
"2025-09-01","11:39:10.627 AM","25.71","97.227","36.29","0","24.93","23.52","23.20","None"
"2025-09-01","11:39:10.895 AM","25.71","97.227","36.296","0","24.93","23.50","23.20","None"
"2025-09-01","11:39:11.142 AM","25.71","97.227","36.296","0","24.93","23.50","23.26","None"
"2025-09-01","11:39:11.387 AM","25.71","97.227","36.296","0","24.93","23.50","23.26","None"
"2025-09-01","11:39:11.637 AM","25.71","97.226","36.284","0","24.885","23.49","23.26","None"
"2025-09-01","11:39:11.890 AM","25.71","97.226","36.284","0","24.885","23.49","23.25","None"
"2025-09-01","11:39:12.140 AM","25.71","97.227","36.278","0","24.885","23.49","23.25","None"
"2025-09-01","11:39:12.397 AM","25.71","97.227","36.278","0","24.885","23.48","23.25","None"
"2025-09-01","11:39:12.654 AM","25.71","97.227","36.278","0","24.885","23.48","23.25","None"
"2025-09-01","11:39:12.906 AM","25.71","97.227","36.295","0","24.95","23.48","23.25","None"
"2025-09-01","11:39:13.204 AM","25.71","97.227","36.295","0","24.95","23.52","23.25","None"
"2025-09-01","11:39:13.434 AM","25.71","97.227","36.295","0","24.95","23.52","23.23","None"
"2025-09-01","11:39:13.695 AM","25.71","97.23","36.295","0","24.87","23.52","23.23","None"
"2025-09-01","11:39:13.946 AM","25.71","97.23","36.295","0","24.87","23.61","23.21","None"
"2025-09-01","11:39:14.198 AM","25.71","97.23","36.295","0","24.87","23.61","23.21","None"
"2025-09-01","11:39:14.460 AM","25.71","97.231","36.301","0","24.89","23.52","23.21","None"
"2025-09-01","11:39:14.711 AM","25.71","97.231","36.301","0","24.89","23.52","23.25","None"
"2025-09-01","11:39:14.960 AM","25.71","97.231","36.301","0","24.89","23.52","23.25","None"
"2025-09-01","11:39:15.210 AM","25.7","97.229","36.307","0","24.92","23.55","23.25","None"
"2025-09-01","11:39:15.457 AM","25.7","97.229","36.307","0","24.92","23.55","23.23","None"
"2025-09-01","11:39:15.707 AM","25.7","97.229","36.307","0","24.92","23.55","23.23","None"
"2025-09-01","11:39:15.959 AM","25.7","97.229","36.301","0","24.915","23.52","23.23","None"
"2025-09-01","11:39:16.206 AM","25.7","97.229","36.301","0","24.915","23.52","23.25","None"
"2025-09-01","11:39:16.461 AM","25.7","97.228","36.301","0","24.915","23.52","23.25","None"
"2025-09-01","11:39:16.722 AM","25.7","97.228","36.301","0","24.915","23.44","23.25","None"
"2025-09-01","11:39:16.971 AM","25.7","97.228","36.301","0","24.915","23.44","23.16","None"
"2025-09-01","11:39:17.215 AM","25.7","97.227","36.295","0","24.845","23.44","23.16","None"
"2025-09-01","11:39:17.508 AM","25.7","97.227","36.295","0","24.845","23.56","23.16","None"
"2025-09-01","11:39:17.729 AM","25.7","97.227","36.295","0","24.845","23.56","23.20","None"
"2025-09-01","11:39:17.985 AM","25.7","97.227","36.306","0","24.945","23.56","23.20","None"
"2025-09-01","11:39:18.244 AM","25.7","97.227","36.306","0","24.945","23.49","23.18","None"
"2025-09-01","11:39:18.486 AM","25.7","97.227","36.306","0","24.945","23.49","23.18","None"
"2025-09-01","11:39:18.737 AM","25.7","97.229","36.295","0","24.83","23.49","23.18","None"
"2025-09-01","11:39:18.985 AM","25.7","97.229","36.295","0","24.83","23.56","23.19","None"
"2025-09-01","11:39:19.242 AM","25.7","97.229","36.295","0","24.83","23.56","23.19","None"
"2025-09-01","11:39:19.497 AM","25.7","97.228","36.318","0","24.88","23.50","23.19","None"
"2025-09-01","11:39:19.738 AM","25.7","97.228","36.318","0","24.88","23.50","23.23","None"
"2025-09-01","11:39:19.992 AM","25.7","97.228","36.318","0","24.88","23.50","23.23","None"
"2025-09-01","11:39:20.246 AM","25.7","97.227","36.306","0","24.94","23.56","23.23","None"
"2025-09-01","11:39:20.532 AM","25.7","97.227","36.306","0","24.94","23.56","23.25","None"
"2025-09-01","11:39:20.784 AM","25.7","97.226","36.312","0","24.86","23.56","23.25","None"
"2025-09-01","11:39:21.055 AM","25.7","97.226","36.312","0","24.86","23.45","23.25","None"
"2025-09-01","11:39:21.321 AM","25.7","97.226","36.312","0","24.86","23.45","23.23","None"
"2025-09-01","11:39:21.606 AM","25.71","97.227","36.313","0","24.895","23.45","23.23","None"
"2025-09-01","11:39:21.827 AM","25.71","97.227","36.313","0","24.895","23.52","23.30","None"
"2025-09-01","11:39:22.082 AM","25.71","97.227","36.313","0","24.895","23.52","23.30","None"
"2025-09-01","11:39:22.359 AM","25.71","97.224","36.319","0","24.89","23.52","23.30","None"
"2025-09-01","11:39:22.622 AM","25.71","97.224","36.319","0","24.89","23.58","23.14","None"
"2025-09-01","11:39:22.878 AM","25.71","97.224","36.319","0","24.89","23.58","23.14","None"
"2025-09-01","11:39:23.121 AM","25.71","97.224","36.307","0","24.955","23.55","23.14","None"
"2025-09-01","11:39:23.376 AM","25.71","97.224","36.307","0","24.955","23.55","23.25","None"
"2025-09-01","11:39:23.620 AM","25.71","97.224","36.307","0","24.955","23.55","23.25","None"
"2025-09-01","11:39:23.872 AM","25.71","97.222","36.296","0","24.94","23.52","23.25","None"
"2025-09-01","11:39:24.129 AM","25.71","97.222","36.296","0","24.94","23.52","23.19","None"
"2025-09-01","11:39:24.376 AM","25.71","97.229","36.313","0","24.88","23.52","23.19","None"
"2025-09-01","11:39:24.630 AM","25.71","97.229","36.313","0","24.88","23.55","23.19","None"
"2025-09-01","11:39:24.875 AM","25.71","97.229","36.313","0","24.88","23.55","23.18","None"
"2025-09-01","11:39:25.139 AM","25.71","97.229","36.313","0","24.9","23.55","23.18","None"
"2025-09-01","11:39:25.395 AM","25.71","97.229","36.313","0","24.9","23.55","23.18","None"
"2025-09-01","11:39:25.639 AM","25.71","97.229","36.313","0","24.9","23.55","23.20","None"
"2025-09-01","11:39:25.944 AM","25.71","97.229","36.319","0","24.925","23.55","23.20","None"
"2025-09-01","11:39:26.167 AM","25.71","97.229","36.319","0","24.925","23.52","23.21","None"
"2025-09-01","11:39:26.414 AM","25.71","97.229","36.319","0","24.925","23.52","23.21","None"
"2025-09-01","11:39:26.663 AM","25.71","97.226","36.313","0","24.97","23.52","23.21","None"
"2025-09-01","11:39:26.915 AM","25.71","97.226","36.313","0","24.97","23.45","23.19","None"
"2025-09-01","11:39:27.170 AM","25.71","97.226","36.313","0","24.97","23.45","23.19","None"
"2025-09-01","11:39:27.415 AM","25.71","97.226","36.313","0","24.895","23.50","23.19","None"
"2025-09-01","11:39:27.662 AM","25.71","97.226","36.313","0","24.895","23.50","23.27","None"
"2025-09-01","11:39:27.914 AM","25.71","97.226","36.313","0","24.895","23.50","23.27","None"
"2025-09-01","11:39:28.166 AM","25.71","97.222","36.296","0","24.93","23.58","23.27","None"
"2025-09-01","11:39:28.421 AM","25.71","97.222","36.296","0","24.93","23.58","23.23","None"
"2025-09-01","11:39:28.686 AM","25.71","97.222","36.284","0","24.945","23.58","23.23","None"
"2025-09-01","11:39:28.922 AM","25.71","97.222","36.284","0","24.945","23.55","23.23","None"
"2025-09-01","11:39:29.179 AM","25.71","97.222","36.284","0","24.945","23.55","23.16","None"
"2025-09-01","11:39:29.428 AM","25.71","97.224","36.29","0","24.94","23.55","23.16","None"
"2025-09-01","11:39:29.680 AM","25.71","97.224","36.29","0","24.94","23.49","23.16","None"
"2025-09-01","11:39:29.963 AM","25.71","97.224","36.29","0","24.94","23.49","23.23","None"
"2025-09-01","11:39:30.189 AM","25.72","97.221","36.302","0","24.89","23.49","23.23","None"
"2025-09-01","11:39:30.441 AM","25.72","97.221","36.302","0","24.89","23.50","23.23","None"
"2025-09-01","11:39:30.684 AM","25.72","97.221","36.302","0","24.89","23.50","23.23","None"
"2025-09-01","11:39:30.933 AM","25.71","97.221","36.29","0","24.9","23.50","23.23","None"
"2025-09-01","11:39:31.192 AM","25.71","97.221","36.29","0","24.9","23.50","23.18","None"
"2025-09-01","11:39:31.444 AM","25.71","97.221","36.29","0","24.9","23.50","23.18","None"
"2025-09-01","11:39:31.698 AM","25.71","97.224","36.29","0","24.955","23.50","23.18","None"
"2025-09-01","11:39:31.948 AM","25.71","97.224","36.29","0","24.955","23.50","23.20","None"
"2025-09-01","11:39:32.196 AM","25.71","97.224","36.29","0","24.955","23.50","23.20","None"
"2025-09-01","11:39:32.450 AM","25.72","97.223","36.29","0","24.985","23.48","23.20","None"
"2025-09-01","11:39:32.700 AM","25.72","97.223","36.29","0","24.985","23.48","23.20","None"
"2025-09-01","11:39:32.957 AM","25.72","97.223","36.29","0","24.985","23.48","23.20","None"
"2025-09-01","11:39:33.200 AM","25.72","97.224","36.296","0","24.925","23.48","23.20","None"
"2025-09-01","11:39:33.453 AM","25.72","97.224","36.296","0","24.925","23.48","23.23","None"
"2025-09-01","11:39:33.711 AM","25.72","97.225","36.296","0","24.94","23.48","23.23","None"
"2025-09-01","11:39:33.961 AM","25.72","97.225","36.296","0","24.94","23.52","23.23","None"
"2025-09-01","11:39:34.251 AM","25.72","97.225","36.296","0","24.94","23.52","23.19","None"
"2025-09-01","11:39:34.476 AM","25.72","97.227","36.296","0","24.93","23.52","23.19","None"
"2025-09-01","11:39:34.730 AM","25.72","97.227","36.296","0","24.93","23.56","23.19","None"
"2025-09-01","11:39:34.980 AM","25.72","97.227","36.296","0","24.93","23.56","23.18","None"
"2025-09-01","11:39:35.235 AM","25.72","97.229","36.291","0","24.92","23.56","23.18","None"
"2025-09-01","11:39:35.482 AM","25.72","97.229","36.291","0","24.92","23.60","23.23","None"
"2025-09-01","11:39:35.728 AM","25.72","97.229","36.291","0","24.92","23.60","23.23","None"
"2025-09-01","11:39:35.983 AM","25.72","97.231","36.296","0","24.935","23.60","23.23","None"
"2025-09-01","11:39:36.236 AM","25.72","97.231","36.296","0","24.935","23.60","23.23","None"
"2025-09-01","11:39:36.488 AM","25.72","97.231","36.296","0","24.935","23.60","23.23","None"
"2025-09-01","11:39:36.735 AM","25.72","97.232","36.285","0","24.91","23.55","23.23","None"
"2025-09-01","11:39:36.986 AM","25.72","97.232","36.285","0","24.91","23.55","23.20","None"
"2025-09-01","11:39:37.235 AM","25.72","97.232","36.285","0","24.91","23.55","23.20","None"
"2025-09-01","11:39:37.487 AM","25.72","97.232","36.297","-0.042","24.94","23.52","23.20","None"
"2025-09-01","11:39:37.737 AM","25.72","97.232","36.297","-0.042","24.94","23.52","23.23","None"
"2025-09-01","11:39:37.994 AM","25.72","97.232","36.297","-0.042","24.94","23.52","23.23","None"
"2025-09-01","11:39:38.284 AM","25.72","97.231","36.297","-0.019","24.9","23.50","23.23","None"
"2025-09-01","11:39:38.527 AM","25.72","97.231","36.297","-0.019","24.9","23.50","23.16","None"
"2025-09-01","11:39:38.757 AM","25.72","97.231","36.279","-0.074","24.88","23.50","23.16","None"
"2025-09-01","11:39:39.025 AM","25.72","97.231","36.279","-0.074","24.88","23.50","23.16","None"
"2025-09-01","11:39:39.263 AM","25.72","97.231","36.279","-0.074","24.88","23.50","23.20","None"
"2025-09-01","11:39:39.517 AM","25.72","97.23","36.291","-0.084","24.945","23.50","23.20","None"
"2025-09-01","11:39:39.766 AM","25.72","97.23","36.291","-0.084","24.945","23.41","23.20","None"
"2025-09-01","11:39:40.036 AM","25.72","97.23","36.291","-0.084","24.945","23.41","23.26","None"
"2025-09-01","11:39:40.292 AM","25.72","97.233","36.285","-0.264","24.925","23.41","23.26","None"
"2025-09-01","11:39:40.542 AM","25.72","97.233","36.285","-0.264","24.925","23.52","23.25","None"
"2025-09-01","11:39:40.791 AM","25.72","97.233","36.285","-0.264","24.925","23.52","23.25","None"
"2025-09-01","11:39:41.041 AM","25.72","97.233","36.29","-0.47","24.88","23.52","23.25","None"
"2025-09-01","11:39:41.294 AM","25.72","97.233","36.29","-0.47","24.88","23.52","23.21","None"
"2025-09-01","11:39:41.555 AM","25.72","97.233","36.29","-0.47","24.88","23.52","23.21","None"
"2025-09-01","11:39:41.797 AM","25.72","97.232","36.285","-0.498","24.97","23.58","23.21","None"
"2025-09-01","11:39:42.058 AM","25.72","97.232","36.285","-0.498","24.97","23.58","23.23","None"
"2025-09-01","11:39:42.302 AM","25.72","97.232","36.285","-0.498","24.97","23.58","23.23","None"
"2025-09-01","11:39:42.585 AM","25.72","97.232","36.279","-0.589","24.88","23.50","23.23","None"
"2025-09-01","11:39:42.809 AM","25.72","97.232","36.279","-0.589","24.88","23.50","23.23","None"
"2025-09-01","11:39:43.056 AM","25.72","97.23","36.291","-0.657","24.945","23.50","23.23","None"
"2025-09-01","11:39:43.305 AM","25.72","97.23","36.291","-0.657","24.945","23.59","23.23","None"
"2025-09-01","11:39:43.556 AM","25.72","97.23","36.291","-0.657","24.945","23.59","23.21","None"
"2025-09-01","11:39:43.811 AM","25.72","97.226","36.296","-0.676","24.88","23.59","23.21","None"
"2025-09-01","11:39:44.058 AM","25.72","97.226","36.296","-0.676","24.88","23.56","23.21","None"
"2025-09-01","11:39:44.309 AM","25.72","97.226","36.296","-0.676","24.88","23.56","23.27","None"
"2025-09-01","11:39:44.588 AM","25.72","97.226","36.273","-0.719","24.935","23.56","23.27","None"
"2025-09-01","11:39:44.846 AM","25.72","97.226","36.273","-0.719","24.935","23.52","23.16","None"
"2025-09-01","11:39:45.099 AM","25.72","97.226","36.273","-0.719","24.935","23.52","23.16","None"
"2025-09-01","11:39:45.345 AM","25.72","97.223","36.279","-0.817","24.935","23.52","23.16","None"
"2025-09-01","11:39:45.597 AM","25.72","97.223","36.279","-0.817","24.935","23.52","23.14","None"
"2025-09-01","11:39:45.861 AM","25.72","97.223","36.279","-0.817","24.935","23.52","23.14","None"
"2025-09-01","11:39:46.096 AM","25.71","97.224","36.273","-0.899","24.85","23.52","23.14","None"
"2025-09-01","11:39:46.360 AM","25.71","97.224","36.273","-0.899","24.85","23.52","23.30","None"
"2025-09-01","11:39:46.603 AM","25.71","97.224","36.273","-0.899","24.85","23.52","23.30","None"
"2025-09-01","11:39:46.905 AM","25.71","97.227","36.279","-0.922","24.925","23.55","23.30","None"
"2025-09-01","11:39:47.131 AM","25.71","97.227","36.279","-0.922","24.925","23.55","23.27","None"
"2025-09-01","11:39:47.384 AM","25.71","97.225","36.29","-0.739","24.88","23.55","23.27","None"
"2025-09-01","11:39:47.627 AM","25.71","97.225","36.29","-0.739","24.88","23.47","23.27","None"
"2025-09-01","11:39:47.875 AM","25.71","97.225","36.29","-0.739","24.88","23.47","23.20","None"
"2025-09-01","11:39:48.132 AM","25.71","97.225","36.273","-0.001","24.89","23.47","23.20","None"
"2025-09-01","11:39:48.382 AM","25.71","97.225","36.273","-0.001","24.89","23.45","23.20","None"
"2025-09-01","11:39:48.625 AM","25.71","97.225","36.273","-0.001","24.89","23.45","23.14","None"
"2025-09-01","11:39:48.876 AM","25.71","97.226","36.29","0","24.915","23.45","23.14","None"
"2025-09-01","11:39:49.139 AM","25.71","97.226","36.29","0","24.915","23.52","23.20","None"
"2025-09-01","11:39:49.413 AM","25.71","97.226","36.29","0","24.915","23.52","23.20","None"
"2025-09-01","11:39:49.684 AM","25.71","97.225","36.284","0.001","24.945","23.52","23.20","None"
"2025-09-01","11:39:49.949 AM","25.71","97.225","36.284","0.001","24.945","23.52","23.23","None"
"2025-09-01","11:39:50.199 AM","25.71","97.225","36.284","0.001","24.945","23.52","23.23","None"
"2025-09-01","11:39:50.449 AM","25.71","97.227","36.284","0.001","24.9","23.60","23.23","None"
"2025-09-01","11:39:50.701 AM","25.71","97.227","36.284","0.001","24.9","23.60","23.21","None"
"2025-09-01","11:39:50.988 AM","25.71","97.227","36.284","0.001","24.9","23.60","23.21","None"
"2025-09-01","11:39:51.206 AM","25.71","97.226","36.296","0.001","24.925","23.56","23.21","None"
"2025-09-01","11:39:51.472 AM","25.71","97.226","36.296","0.001","24.925","23.56","23.10","None"
"2025-09-01","11:39:51.709 AM","25.71","97.227","36.278","0.001","24.875","23.56","23.10","None"
"2025-09-01","11:39:51.960 AM","25.71","97.227","36.278","0.001","24.875","23.56","23.10","None"
"2025-09-01","11:39:52.219 AM","25.71","97.227","36.278","0.001","24.875","23.56","23.18","None"
"2025-09-01","11:39:52.464 AM","25.71","97.225","36.301","0.002","24.945","23.56","23.18","None"
"2025-09-01","11:39:52.713 AM","25.71","97.225","36.301","0.002","24.945","23.54","23.18","None"
"2025-09-01","11:39:52.961 AM","25.71","97.225","36.301","0.002","24.945","23.54","23.18","None"
"2025-09-01","11:39:53.215 AM","25.71","97.221","36.29","0.002","24.86","23.54","23.18","None"
"2025-09-01","11:39:53.468 AM","25.71","97.221","36.29","0.002","24.86","23.49","23.13","None"
"2025-09-01","11:39:53.710 AM","25.71","97.221","36.29","0.002","24.86","23.49","23.13","None"
"2025-09-01","11:39:53.965 AM","25.71","97.221","36.296","0.002","24.86","23.49","23.13","None"
"2025-09-01","11:39:54.216 AM","25.71","97.221","36.296","0.002","24.86","23.54","23.23","None"
"2025-09-01","11:39:54.469 AM","25.71","97.221","36.296","0.002","24.86","23.54","23.23","None"
"2025-09-01","11:39:54.722 AM","25.72","97.222","36.29","0.002","24.925","23.55","23.23","None"
"2025-09-01","11:39:54.968 AM","25.72","97.222","36.29","0.002","24.925","23.55","23.16","None"
"2025-09-01","11:39:55.331 AM","25.72","97.223","36.285","0.002","24.92","23.55","23.16","None"
"2025-09-01","11:39:55.544 AM","25.72","97.223","36.285","0.002","24.92","23.58","23.16","None"
"2025-09-01","11:39:55.819 AM","25.72","97.223","36.285","0.002","24.92","23.58","23.20","None"
"2025-09-01","11:39:56.069 AM","25.72","97.22","36.285","0.002","24.915","23.58","23.20","None"
"2025-09-01","11:39:56.317 AM","25.72","97.22","36.285","0.002","24.915","23.55","23.20","None"
"2025-09-01","11:39:56.569 AM","25.72","97.22","36.285","0.002","24.915","23.55","23.16","None"
"2025-09-01","11:39:56.816 AM","25.72","97.219","36.273","0.003","24.98","23.55","23.16","None"
"2025-09-01","11:39:57.070 AM","25.72","97.219","36.273","0.003","24.98","23.54","23.28","None"
"2025-09-01","11:39:57.321 AM","25.72","97.219","36.273","0.003","24.98","23.54","23.28","None"
"2025-09-01","11:39:57.568 AM","25.72","97.22","36.291","0.003","24.91","23.54","23.28","None"
"2025-09-01","11:39:57.820 AM","25.72","97.22","36.291","0.003","24.91","23.52","23.25","None"
"2025-09-01","11:39:58.075 AM","25.72","97.22","36.291","0.003","24.91","23.52","23.25","None"
"2025-09-01","11:39:58.331 AM","25.72","97.218","36.268","0.003","24.925","23.52","23.25","None"
"2025-09-01","11:39:58.569 AM","25.72","97.218","36.268","0.003","24.925","23.52","23.23","None"
"2025-09-01","11:39:58.817 AM","25.72","97.218","36.268","0.003","24.925","23.52","23.23","None"
"2025-09-01","11:39:59.069 AM","25.72","97.217","36.28","0.003","24.885","23.52","23.23","None"
"2025-09-01","11:39:59.321 AM","25.72","97.217","36.28","0.003","24.885","23.52","23.21","None"
"2025-09-01","11:39:59.620 AM","25.72","97.217","36.28","0.003","24.885","23.52","23.21","None"
"2025-09-01","11:39:59.828 AM","25.73","97.218","36.274","0.003","24.995","23.54","23.21","None"
"2025-09-01","11:40:00.087 AM","25.73","97.218","36.274","0.003","24.995","23.54","23.23","None"
"2025-09-01","11:40:00.346 AM","25.72","97.219","36.28","0.003","24.955","23.54","23.23","None"
"2025-09-01","11:40:00.584 AM","25.72","97.219","36.28","0.003","24.955","23.52","23.23","None"
"2025-09-01","11:40:00.843 AM","25.72","97.219","36.28","0.003","24.955","23.52","23.18","None"
"2025-09-01","11:40:01.084 AM","25.73","97.22","36.28","0.003","24.9","23.52","23.18","None"
"2025-09-01","11:40:01.338 AM","25.73","97.22","36.28","0.003","24.9","23.48","23.18","None"
"2025-09-01","11:40:01.586 AM","25.73","97.22","36.28","0.003","24.9","23.48","23.20","None"
"2025-09-01","11:40:01.838 AM","25.72","97.22","36.268","0.003","24.98","23.48","23.20","None"
"2025-09-01","11:40:02.093 AM","25.72","97.22","36.268","0.003","24.98","23.63","23.18","None"
"2025-09-01","11:40:02.340 AM","25.72","97.22","36.268","0.003","24.98","23.63","23.18","None"
"2025-09-01","11:40:02.595 AM","25.72","97.223","36.262","0.003","24.95","23.63","23.18","None"
"2025-09-01","11:40:02.842 AM","25.72","97.223","36.262","0.003","24.95","23.52","23.20","None"
"2025-09-01","11:40:03.100 AM","25.72","97.223","36.262","0.003","24.95","23.52","23.20","None"
"2025-09-01","11:40:03.359 AM","25.72","97.223","36.28","0.003","24.89","23.60","23.20","None"
"2025-09-01","11:40:03.607 AM","25.72","97.223","36.28","0.003","24.89","23.60","23.23","None"
"2025-09-01","11:40:03.894 AM","25.72","97.223","36.28","0.003","24.89","23.60","23.23","None"
"2025-09-01","11:40:04.116 AM","25.72","97.225","36.262","0.003","24.92","23.59","23.23","None"
"2025-09-01","11:40:04.384 AM","25.72","97.225","36.262","0.003","24.92","23.59","23.26","None"
"2025-09-01","11:40:04.622 AM","25.72","97.225","36.262","0.003","24.92","23.59","23.26","None"
"2025-09-01","11:40:04.874 AM","25.73","97.226","36.28","0.003","24.97","23.48","23.26","None"
"2025-09-01","11:40:05.134 AM","25.73","97.226","36.28","0.003","24.97","23.48","23.19","None"
"2025-09-01","11:40:05.376 AM","25.73","97.225","36.274","0.003","24.925","23.48","23.19","None"
"2025-09-01","11:40:05.628 AM","25.73","97.225","36.274","0.003","24.925","23.50","23.19","None"
"2025-09-01","11:40:05.886 AM","25.73","97.225","36.274","0.003","24.925","23.50","23.21","None"
"2025-09-01","11:40:06.143 AM","25.73","97.226","36.263","0.003","24.895","23.50","23.21","None"
"2025-09-01","11:40:06.392 AM","25.73","97.226","36.263","0.003","24.895","23.52","23.23","None"
"2025-09-01","11:40:06.646 AM","25.73","97.226","36.263","0.003","24.895","23.52","23.23","None"
"2025-09-01","11:40:06.899 AM","25.73","97.225","36.286","0.003","24.93","23.52","23.23","None"
"2025-09-01","11:40:07.142 AM","25.73","97.225","36.286","0.003","24.93","23.54","23.26","None"
"2025-09-01","11:40:07.395 AM","25.73","97.225","36.286","0.003","24.93","23.54","23.26","None"
"2025-09-01","11:40:07.644 AM","25.73","97.225","36.292","0.003","24.94","23.54","23.26","None"
"2025-09-01","11:40:07.936 AM","25.73","97.225","36.292","0.003","24.94","23.50","23.21","None"
"2025-09-01","11:40:08.163 AM","25.73","97.225","36.292","0.003","24.94","23.50","23.21","None"
"2025-09-01","11:40:08.425 AM","25.73","97.227","36.28","0.004","24.915","23.54","23.21","None"
"2025-09-01","11:40:08.680 AM","25.73","97.227","36.28","0.004","24.915","23.54","23.23","None"
"2025-09-01","11:40:08.936 AM","25.73","97.227","36.28","0.004","24.915","23.54","23.23","None"
"2025-09-01","11:40:09.183 AM","25.73","97.226","36.28","0.004","24.965","23.50","23.23","None"
"2025-09-01","11:40:09.432 AM","25.73","97.226","36.28","0.004","24.965","23.50","23.20","None"
"2025-09-01","11:40:09.679 AM","25.73","97.222","36.286","0.004","24.91","23.50","23.20","None"
"2025-09-01","11:40:09.931 AM","25.73","97.222","36.286","0.004","24.91","23.52","23.20","None"
"2025-09-01","11:40:10.186 AM","25.73","97.222","36.286","0.004","24.91","23.52","23.27","None"
"2025-09-01","11:40:10.436 AM","25.73","97.225","36.304","0.004","24.96","23.52","23.27","None"
"2025-09-01","11:40:10.693 AM","25.73","97.225","36.304","0.004","24.96","23.60","23.27","None"
"2025-09-01","11:40:10.944 AM","25.73","97.225","36.304","0.004","24.96","23.60","23.27","None"
"2025-09-01","11:40:11.197 AM","25.73","97.229","36.298","0.004","24.86","23.60","23.27","None"
"2025-09-01","11:40:11.450 AM","25.73","97.229","36.298","0.004","24.86","23.55","23.23","None"
"2025-09-01","11:40:11.693 AM","25.73","97.229","36.298","0.004","24.86","23.55","23.23","None"
"2025-09-01","11:40:11.959 AM","25.73","97.227","36.281","0.004","24.95","23.55","23.23","None"
"2025-09-01","11:40:12.240 AM","25.73","97.227","36.281","0.004","24.95","23.58","23.27","None"
"2025-09-01","11:40:12.462 AM","25.73","97.227","36.281","0.004","24.95","23.58","23.27","None"
"2025-09-01","11:40:12.717 AM","25.73","97.227","36.269","0.004","24.975","23.48","23.27","None"
"2025-09-01","11:40:12.968 AM","25.73","97.227","36.269","0.004","24.975","23.48","23.19","None"
"2025-09-01","11:40:13.222 AM","25.73","97.227","36.269","0.004","24.975","23.48","23.19","None"
"2025-09-01","11:40:13.491 AM","25.73","97.225","36.281","0.004","24.88","23.59","23.19","None"
"2025-09-01","11:40:13.726 AM","25.73","97.225","36.281","0.004","24.88","23.59","23.25","None"
"2025-09-01","11:40:13.986 AM","25.74","97.224","36.281","0.004","24.92","23.59","23.25","None"
"2025-09-01","11:40:14.251 AM","25.74","97.224","36.281","0.004","24.92","23.52","23.25","None"
"2025-09-01","11:40:14.504 AM","25.74","97.224","36.281","0.004","24.92","23.52","23.20","None"
"2025-09-01","11:40:14.748 AM","25.74","97.223","36.258","0.004","24.95","23.52","23.20","None"
"2025-09-01","11:40:15.003 AM","25.74","97.223","36.258","0.004","24.95","23.59","23.20","None"
"2025-09-01","11:40:15.253 AM","25.74","97.223","36.258","0.004","24.95","23.59","23.20","None"
"2025-09-01","11:40:15.499 AM","25.74","97.228","36.264","0.004","24.92","23.59","23.20","None"
"2025-09-01","11:40:15.758 AM","25.74","97.228","36.264","0.004","24.92","23.52","23.21","None"
"2025-09-01","11:40:16.012 AM","25.74","97.228","36.264","0.004","24.92","23.52","23.21","None"
"2025-09-01","11:40:16.263 AM","25.74","97.23","36.264","0.004","24.91","23.52","23.21","None"
"2025-09-01","11:40:16.560 AM","25.74","97.23","36.264","0.004","24.91","23.63","23.20","None"
"2025-09-01","11:40:16.787 AM","25.74","97.23","36.264","0.004","24.91","23.63","23.20","None"
"2025-09-01","11:40:17.035 AM","25.74","97.228","36.258","0.004","24.93","23.50","23.20","None"
"2025-09-01","11:40:17.284 AM","25.74","97.228","36.258","0.004","24.93","23.50","23.12","None"
"2025-09-01","11:40:17.537 AM","25.74","97.228","36.258","0.004","24.93","23.50","23.12","None"
"2025-09-01","11:40:17.785 AM","25.74","97.23","36.27","0.004","24.94","23.55","23.12","None"
"2025-09-01","11:40:18.033 AM","25.74","97.23","36.27","0.004","24.94","23.55","23.21","None"
"2025-09-01","11:40:18.294 AM","25.74","97.227","36.258","0.004","24.94","23.55","23.21","None"
"2025-09-01","11:40:18.549 AM","25.74","97.227","36.258","0.004","24.94","23.52","23.21","None"
"2025-09-01","11:40:18.800 AM","25.74","97.227","36.258","0.004","24.94","23.52","23.21","None"
"2025-09-01","11:40:19.051 AM","25.74","97.226","36.264","0.004","24.95","23.52","23.21","None"
"2025-09-01","11:40:19.299 AM","25.74","97.226","36.264","0.004","24.95","23.48","23.21","None"
"2025-09-01","11:40:19.554 AM","25.74","97.226","36.264","0.004","24.95","23.48","23.23","None"
"2025-09-01","11:40:19.801 AM","25.74","97.227","36.246","0.003","24.925","23.48","23.23","None"
"2025-09-01","11:40:20.057 AM","25.74","97.227","36.246","0.003","24.925","23.52","23.23","None"
"2025-09-01","11:40:20.304 AM","25.74","97.227","36.246","0.003","24.925","23.52","23.23","None"
"2025-09-01","11:40:20.608 AM","25.74","97.229","36.258","0.004","24.885","23.52","23.23","None"
"2025-09-01","11:40:20.821 AM","25.74","97.229","36.258","0.004","24.885","23.54","23.18","None"
"2025-09-01","11:40:21.078 AM","25.74","97.229","36.258","0.004","24.885","23.54","23.18","None"
"2025-09-01","11:40:21.323 AM","25.74","97.229","36.258","0.003","24.945","23.54","23.18","None"
"2025-09-01","11:40:21.581 AM","25.74","97.229","36.258","0.003","24.945","23.52","23.09","None"
"2025-09-01","11:40:21.838 AM","25.74","97.229","36.258","0.003","24.945","23.52","23.09","None"
"2025-09-01","11:40:22.088 AM","25.74","97.223","36.252","0.003","24.865","23.59","23.09","None"
"2025-09-01","11:40:22.336 AM","25.74","97.223","36.252","0.003","24.865","23.59","23.18","None"
"2025-09-01","11:40:22.586 AM","25.74","97.223","36.252","0.003","24.865","23.59","23.18","None"
"2025-09-01","11:40:22.839 AM","25.74","97.222","36.252","0.003","24.97","23.56","23.18","None"
"2025-09-01","11:40:23.087 AM","25.74","97.222","36.252","0.003","24.97","23.56","23.18","None"
"2025-09-01","11:40:23.344 AM","25.74","97.22","36.258","0.003","24.935","23.56","23.18","None"
"2025-09-01","11:40:23.591 AM","25.74","97.22","36.258","0.003","24.935","23.55","23.18","None"
"2025-09-01","11:40:23.839 AM","25.74","97.22","36.258","0.003","24.935","23.55","23.20","None"
"2025-09-01","11:40:24.103 AM","25.74","97.218","36.259","0.003","24.92","23.55","23.20","None"
"2025-09-01","11:40:24.353 AM","25.74","97.218","36.259","0.003","24.92","23.63","23.20","None"
"2025-09-01","11:40:24.601 AM","25.74","97.218","36.259","0.003","24.92","23.63","23.18","None"
"2025-09-01","11:40:24.894 AM","25.75","97.219","36.259","0.003","24.92","23.63","23.18","None"
"2025-09-01","11:40:25.118 AM","25.75","97.219","36.259","0.003","24.92","23.52","23.23","None"
"2025-09-01","11:40:25.363 AM","25.75","97.219","36.259","0.003","24.92","23.52","23.23","None"
"2025-09-01","11:40:25.614 AM","25.75","97.217","36.247","0.003","24.94","23.52","23.23","None"
"2025-09-01","11:40:25.865 AM","25.75","97.217","36.247","0.003","24.94","23.56","23.20","None"
"2025-09-01","11:40:26.131 AM","25.75","97.217","36.247","0.003","24.94","23.56","23.20","None"
"2025-09-01","11:40:26.371 AM","25.75","97.217","36.259","0.003","24.96","23.63","23.20","None"
"2025-09-01","11:40:26.624 AM","25.75","97.217","36.259","0.003","24.96","23.63","23.27","None"
"2025-09-01","11:40:26.871 AM","25.75","97.217","36.259","0.003","24.96","23.63","23.27","None"
"2025-09-01","11:40:27.133 AM","25.75","97.218","36.253","0.003","24.92","23.59","23.27","None"
"2025-09-01","11:40:27.376 AM","25.75","97.218","36.253","0.003","24.92","23.59","23.18","None"
"2025-09-01","11:40:27.630 AM","25.75","97.218","36.247","0.003","24.955","23.59","23.18","None"
"2025-09-01","11:40:27.912 AM","25.75","97.218","36.247","0.003","24.955","23.59","23.18","None"
"2025-09-01","11:40:28.173 AM","25.75","97.218","36.247","0.003","24.955","23.59","23.23","None"
"2025-09-01","11:40:28.429 AM","25.75","97.22","36.247","0.003","25","23.59","23.23","None"
"2025-09-01","11:40:28.699 AM","25.75","97.22","36.247","0.003","25","23.54","23.13","None"
"2025-09-01","11:40:28.933 AM","25.75","97.22","36.247","0.003","25","23.54","23.13","None"
"2025-09-01","11:40:29.227 AM","25.74","97.224","36.241","0.003","24.955","23.54","23.13","None"
"2025-09-01","11:40:29.450 AM","25.74","97.224","36.241","0.003","24.955","23.55","23.26","None"
"2025-09-01","11:40:29.712 AM","25.74","97.224","36.241","0.003","24.955","23.55","23.26","None"
"2025-09-01","11:40:29.959 AM","25.74","97.223","36.252","0.003","24.91","23.52","23.26","None"
"2025-09-01","11:40:30.220 AM","25.74","97.223","36.252","0.003","24.91","23.52","23.21","None"
"2025-09-01","11:40:30.485 AM","25.74","97.223","36.252","0.003","24.91","23.52","23.21","None"
"2025-09-01","11:40:30.731 AM","25.74","97.225","36.258","0.003","24.945","23.55","23.21","None"
"2025-09-01","11:40:30.981 AM","25.74","97.225","36.258","0.003","24.945","23.55","23.18","None"
"2025-09-01","11:40:31.240 AM","25.74","97.226","36.264","0.003","24.94","23.55","23.18","None"
"2025-09-01","11:40:31.496 AM","25.74","97.226","36.264","0.003","24.94","23.61","23.18","None"
"2025-09-01","11:40:31.744 AM","25.74","97.226","36.264","0.003","24.94","23.61","23.25","None"
"2025-09-01","11:40:31.996 AM","25.74","97.227","36.258","0.003","24.96","23.61","23.25","None"
"2025-09-01","11:40:32.246 AM","25.74","97.227","36.258","0.003","24.96","23.56","23.25","None"
"2025-09-01","11:40:32.495 AM","25.74","97.227","36.258","0.003","24.96","23.56","23.16","None"
"2025-09-01","11:40:32.750 AM","25.74","97.226","36.258","0.003","24.945","23.56","23.16","None"
"2025-09-01","11:40:33.001 AM","25.74","97.226","36.258","0.003","24.945","23.47","23.21","None"
"2025-09-01","11:40:33.247 AM","25.74","97.226","36.258","0.003","24.945","23.47","23.21","None"
"2025-09-01","11:40:33.541 AM","25.74","97.227","36.252","0.003","24.99","23.47","23.21","None"
"2025-09-01","11:40:33.773 AM","25.74","97.227","36.252","0.003","24.99","23.59","23.25","None"
"2025-09-01","11:40:34.035 AM","25.74","97.227","36.252","0.003","24.99","23.59","23.25","None"
"2025-09-01","11:40:34.281 AM","25.74","97.225","36.258","0.003","24.965","23.60","23.25","None"
"2025-09-01","11:40:34.539 AM","25.74","97.225","36.258","0.003","24.965","23.60","23.20","None"
"2025-09-01","11:40:34.793 AM","25.74","97.225","36.258","0.003","24.965","23.60","23.20","None"
"2025-09-01","11:40:35.030 AM","25.74","97.223","36.252","0.003","24.895","23.58","23.20","None"
"2025-09-01","11:40:35.298 AM","25.74","97.223","36.252","0.003","24.895","23.58","23.23","None"
"2025-09-01","11:40:35.540 AM","25.74","97.224","36.246","0.003","24.92","23.58","23.23","None"
"2025-09-01","11:40:35.793 AM","25.74","97.224","36.246","0.003","24.92","23.55","23.23","None"
"2025-09-01","11:40:36.042 AM","25.74","97.224","36.246","0.003","24.92","23.55","23.19","None"
"2025-09-01","11:40:36.298 AM","25.74","97.227","36.258","0.003","24.96","23.55","23.19","None"
"2025-09-01","11:40:36.550 AM","25.74","97.227","36.258","0.003","24.96","23.56","23.19","None"
"2025-09-01","11:40:36.795 AM","25.74","97.227","36.258","0.003","24.96","23.56","23.28","None"
"2025-09-01","11:40:37.046 AM","25.74","97.228","36.252","0.003","24.93","23.56","23.28","None"
"2025-09-01","11:40:37.298 AM","25.74","97.228","36.252","0.003","24.93","23.63","23.28","None"
"2025-09-01","11:40:37.547 AM","25.74","97.228","36.252","0.003","24.93","23.63","23.20","None"
"2025-09-01","11:40:37.835 AM","25.74","97.228","36.27","0.003","24.98","23.63","23.20","None"
"2025-09-01","11:40:38.058 AM","25.74","97.228","36.27","0.003","24.98","23.58","23.21","None"
"2025-09-01","11:40:38.315 AM","25.74","97.228","36.27","0.003","24.98","23.58","23.21","None"
"2025-09-01","11:40:38.565 AM","25.74","97.227","36.264","0.003","24.955","23.58","23.21","None"
"2025-09-01","11:40:38.819 AM","25.74","97.227","36.264","0.003","24.955","23.61","23.23","None"
"2025-09-01","11:40:39.066 AM","25.74","97.227","36.264","0.003","24.955","23.61","23.23","None"
"2025-09-01","11:40:39.314 AM","25.74","97.223","36.253","0.003","24.94","23.54","23.23","None"
"2025-09-01","11:40:39.564 AM","25.74","97.223","36.253","0.003","24.94","23.54","23.16","None"
"2025-09-01","11:40:39.814 AM","25.74","97.223","36.253","0.003","24.94","23.54","23.16","None"
"2025-09-01","11:40:40.070 AM","25.74","97.223","36.258","0.003","24.97","23.59","23.16","None"
"2025-09-01","11:40:40.316 AM","25.74","97.223","36.258","0.003","24.97","23.59","23.16","None"
"2025-09-01","11:40:40.565 AM","25.74","97.223","36.27","0.003","24.97","23.59","23.16","None"
"2025-09-01","11:40:40.815 AM","25.74","97.223","36.27","0.003","24.97","23.52","23.16","None"
"2025-09-01","11:40:41.066 AM","25.74","97.223","36.27","0.003","24.97","23.52","23.26","None"
"2025-09-01","11:40:41.315 AM","25.74","97.225","36.27","0.003","24.955","23.52","23.26","None"
"2025-09-01","11:40:41.568 AM","25.74","97.225","36.27","0.003","24.955","23.55","23.26","None"
"2025-09-01","11:40:41.815 AM","25.74","97.225","36.27","0.003","24.955","23.55","23.25","None"
"2025-09-01","11:40:42.102 AM","25.74","97.221","36.281","0.003","24.9","23.55","23.25","None"
"2025-09-01","11:40:42.338 AM","25.74","97.221","36.281","0.003","24.9","23.52","23.25","None"
"2025-09-01","11:40:42.589 AM","25.74","97.221","36.281","0.003","24.9","23.52","23.20","None"
"2025-09-01","11:40:42.839 AM","25.74","97.222","36.281","0.003","24.905","23.52","23.20","None"
"2025-09-01","11:40:43.087 AM","25.74","97.222","36.281","0.003","24.905","23.55","23.23","None"
"2025-09-01","11:40:43.355 AM","25.74","97.222","36.281","0.003","24.905","23.55","23.23","None"
"2025-09-01","11:40:43.598 AM","25.74","97.224","36.275","0.003","24.94","23.55","23.23","None"
"2025-09-01","11:40:43.848 AM","25.74","97.224","36.275","0.003","24.94","23.56","23.16","None"
"2025-09-01","11:40:44.101 AM","25.74","97.224","36.275","0.003","24.94","23.56","23.16","None"
"2025-09-01","11:40:44.353 AM","25.74","97.223","36.281","0.003","24.96","23.55","23.16","None"
"2025-09-01","11:40:44.603 AM","25.74","97.223","36.281","0.003","24.96","23.55","23.20","None"
"2025-09-01","11:40:44.854 AM","25.74","97.223","36.281","0.003","24.96","23.55","23.20","None"
"2025-09-01","11:40:45.100 AM","25.74","97.223","36.287","0.003","24.94","23.56","23.20","None"
"2025-09-01","11:40:45.346 AM","25.74","97.223","36.287","0.003","24.94","23.56","23.18","None"
"2025-09-01","11:40:45.598 AM","25.74","97.223","36.287","0.003","24.94","23.56","23.18","None"
"2025-09-01","11:40:45.847 AM","25.74","97.223","36.293","0.003","24.96","23.54","23.18","None"
"2025-09-01","11:40:46.100 AM","25.74","97.223","36.293","0.003","24.96","23.54","23.18","None"
"2025-09-01","11:40:46.385 AM","25.74","97.224","36.293","0.003","24.98","23.54","23.18","None"
"2025-09-01","11:40:46.605 AM","25.74","97.224","36.293","0.003","24.98","23.55","23.18","None"
"2025-09-01","11:40:46.874 AM","25.74","97.224","36.293","0.003","24.98","23.55","23.25","None"
"2025-09-01","11:40:47.106 AM","25.74","97.224","36.287","0.003","24.935","23.55","23.25","None"
"2025-09-01","11:40:47.353 AM","25.74","97.224","36.287","0.003","24.935","23.56","23.25","None"
"2025-09-01","11:40:47.608 AM","25.74","97.224","36.287","0.003","24.935","23.56","23.18","None"
"2025-09-01","11:40:47.856 AM","25.74","97.222","36.287","0.003","24.92","23.56","23.18","None"
"2025-09-01","11:40:48.111 AM","25.74","97.222","36.287","0.003","24.92","23.63","23.23","None"
"2025-09-01","11:40:48.372 AM","25.74","97.222","36.287","0.003","24.92","23.63","23.23","None"
"2025-09-01","11:40:48.609 AM","25.74","97.223","36.299","0.003","24.94","23.63","23.23","Compressed Air"
"2025-09-01","11:40:48.860 AM","25.74","97.223","36.299","0.003","24.94","23.63","23.16","Compressed Air"
"2025-09-01","11:40:49.115 AM","25.74","97.223","36.299","0.003","24.94","23.63","23.16","Compressed Air"
"2025-09-01","11:40:49.371 AM","25.74","97.224","36.287","1.226","24.855","23.59","23.16","Compressed Air"
"2025-09-01","11:40:49.616 AM","25.74","97.224","36.287","1.226","24.855","23.59","23.26","Compressed Air"
"2025-09-01","11:40:49.868 AM","25.74","97.224","36.287","1.226","24.855","23.59","23.26","Compressed Air"
"2025-09-01","11:40:50.122 AM","25.75","97.224","36.276","1.175","24.88","23.52","23.26","Compressed Air"
"2025-09-01","11:40:50.370 AM","25.75","97.224","36.276","1.175","24.88","23.52","23.18","Compressed Air"
"2025-09-01","11:40:50.654 AM","25.75","97.224","36.276","1.175","24.88","23.52","23.18","Compressed Air"
"2025-09-01","11:40:50.874 AM","25.75","97.225","36.276","1.164","24.9","23.52","23.18","Compressed Air"
"2025-09-01","11:40:51.128 AM","25.75","97.225","36.276","1.164","24.9","23.52","23.23","Compressed Air"
"2025-09-01","11:40:51.383 AM","25.75","97.226","36.282","1.166","24.865","23.52","23.23","Compressed Air"
"2025-09-01","11:40:51.639 AM","25.75","97.226","36.282","1.166","24.865","23.60","23.23","Compressed Air"
"2025-09-01","11:40:51.889 AM","25.75","97.226","36.282","1.166","24.865","23.60","23.21","Compressed Air"
"2025-09-01","11:40:52.138 AM","25.75","97.225","36.265","1.165","24.93","23.60","23.21","Compressed Air"
"2025-09-01","11:40:52.389 AM","25.75","97.225","36.265","1.165","24.93","23.58","23.21","Compressed Air"
"2025-09-01","11:40:52.639 AM","25.75","97.225","36.265","1.165","24.93","23.58","23.13","Compressed Air"
"2025-09-01","11:40:52.889 AM","25.75","97.223","36.254","1.166","24.895","23.58","23.13","Compressed Air"
"2025-09-01","11:40:53.143 AM","25.75","97.223","36.254","1.166","24.895","23.52","23.19","Compressed Air"
"2025-09-01","11:40:53.394 AM","25.75","97.223","36.254","1.166","24.895","23.52","23.19","Compressed Air"
"2025-09-01","11:40:53.656 AM","25.75","97.222","36.265","1.168","24.88","23.52","23.19","Compressed Air"
"2025-09-01","11:40:53.903 AM","25.75","97.222","36.265","1.168","24.88","23.52","23.16","Compressed Air"
"2025-09-01","11:40:54.153 AM","25.75","97.222","36.265","1.168","24.88","23.52","23.16","Compressed Air"
"2025-09-01","11:40:54.404 AM","25.75","97.223","36.253","1.168","24.925","23.63","23.16","Compressed Air"
"2025-09-01","11:40:54.653 AM","25.75","97.223","36.253","1.168","24.925","23.63","23.13","Compressed Air"
"2025-09-01","11:40:54.945 AM","25.75","97.223","36.253","1.168","24.925","23.63","23.13","Compressed Air"
"2025-09-01","11:40:55.168 AM","25.75","97.223","36.247","1.167","24.83","23.44","23.13","Compressed Air"
"2025-09-01","11:40:55.423 AM","25.75","97.223","36.247","1.167","24.83","23.44","23.27","Compressed Air"
"2025-09-01","11:40:55.674 AM","25.75","97.223","36.247","1.165","24.925","23.44","23.27","Compressed Air"
"2025-09-01","11:40:55.929 AM","25.75","97.223","36.247","1.165","24.925","23.55","23.27","Compressed Air"
"2025-09-01","11:40:56.176 AM","25.75","97.223","36.247","1.165","24.925","23.55","23.23","Compressed Air"
"2025-09-01","11:40:56.423 AM","25.75","97.223","36.253","1.165","24.855","23.55","23.23","Compressed Air"
"2025-09-01","11:40:56.674 AM","25.75","97.223","36.253","1.165","24.855","23.50","23.23","Compressed Air"
"2025-09-01","11:40:56.923 AM","25.75","97.223","36.253","1.165","24.855","23.50","23.16","Compressed Air"
"2025-09-01","11:40:57.176 AM","25.75","97.225","36.247","1.165","24.88","23.50","23.16","Compressed Air"
"2025-09-01","11:40:57.423 AM","25.75","97.225","36.247","1.165","24.88","23.54","23.16","Compressed Air"
"2025-09-01","11:40:57.673 AM","25.75","97.225","36.247","1.165","24.88","23.54","23.21","Compressed Air"
"2025-09-01","11:40:57.942 AM","25.75","97.224","36.253","1.166","24.88","23.54","23.21","Compressed Air"
"2025-09-01","11:40:58.189 AM","25.75","97.224","36.253","1.166","24.88","23.61","23.23","Compressed Air"
"2025-09-01","11:40:58.445 AM","25.75","97.224","36.253","1.166","24.88","23.61","23.23","Compressed Air"
"2025-09-01","11:40:58.690 AM","25.75","97.225","36.253","1.165","24.905","23.61","23.23","Compressed Air"
"2025-09-01","11:40:58.979 AM","25.75","97.225","36.253","1.165","24.905","23.58","23.20","Compressed Air"
"2025-09-01","11:40:59.221 AM","25.75","97.225","36.253","1.165","24.905","23.58","23.20","Compressed Air"
"2025-09-01","11:40:59.482 AM","25.75","97.225","36.242","1.164","24.95","23.55","23.20","Compressed Air"
"2025-09-01","11:40:59.729 AM","25.75","97.225","36.242","1.164","24.95","23.55","23.12","Compressed Air"
"2025-09-01","11:40:59.985 AM","25.75","97.225","36.242","1.164","24.95","23.55","23.12","Compressed Air"
"2025-09-01","11:41:00.229 AM","25.75","97.226","36.225","1.165","24.93","23.63","23.12","Compressed Air"
"2025-09-01","11:41:00.480 AM","25.75","97.226","36.225","1.165","24.93","23.63","23.23","Compressed Air"
"2025-09-01","11:41:00.728 AM","25.75","97.226","36.236","1.163","24.86","23.63","23.23","Compressed Air"
"2025-09-01","11:41:00.979 AM","25.75","97.226","36.236","1.163","24.86","23.55","23.23","Compressed Air"
"2025-09-01","11:41:01.232 AM","25.75","97.226","36.236","1.163","24.86","23.55","23.13","Compressed Air"
"2025-09-01","11:41:01.481 AM","25.75","97.227","36.225","1.162","24.82","23.55","23.13","Compressed Air"
"2025-09-01","11:41:01.728 AM","25.75","97.227","36.225","1.162","24.82","23.59","23.13","Compressed Air"
"2025-09-01","11:41:01.980 AM","25.75","97.227","36.225","1.162","24.82","23.59","23.16","Compressed Air"
"2025-09-01","11:41:02.227 AM","25.75","97.226","36.225","1.163","24.9","23.59","23.16","Compressed Air"
"2025-09-01","11:41:02.486 AM","25.75","97.226","36.225","1.163","24.9","23.63","23.18","Compressed Air"
"2025-09-01","11:41:02.730 AM","25.75","97.226","36.225","1.163","24.9","23.63","23.18","Compressed Air"
"2025-09-01","11:41:02.982 AM","25.75","97.225","36.219","1.165","24.81","23.63","23.18","Compressed Air"
"2025-09-01","11:41:03.265 AM","25.75","97.225","36.219","1.165","24.81","23.56","23.18","Compressed Air"
"2025-09-01","11:41:03.488 AM","25.75","97.225","36.219","1.165","24.81","23.56","23.18","Compressed Air"
"2025-09-01","11:41:03.735 AM","25.75","97.225","36.208","1.163","24.855","23.56","23.18","Compressed Air"
"2025-09-01","11:41:03.986 AM","25.75","97.225","36.208","1.163","24.855","23.49","23.16","Compressed Air"
"2025-09-01","11:41:04.259 AM","25.75","97.225","36.208","1.163","24.855","23.49","23.16","Compressed Air"
"2025-09-01","11:41:04.520 AM","25.76","97.225","36.196","1.164","24.84","23.55","23.16","Compressed Air"
"2025-09-01","11:41:04.761 AM","25.76","97.225","36.196","1.164","24.84","23.55","23.16","Compressed Air"
"2025-09-01","11:41:05.015 AM","25.76","97.225","36.196","1.164","24.84","23.55","23.16","Compressed Air"
"2025-09-01","11:41:05.263 AM","25.76","97.226","36.197","1.165","24.815","23.60","23.16","Compressed Air"
"2025-09-01","11:41:05.514 AM","25.76","97.226","36.197","1.165","24.815","23.60","23.10","Compressed Air"
"2025-09-01","11:41:05.765 AM","25.76","97.227","36.179","1.166","24.82","23.60","23.10","Compressed Air"
"2025-09-01","11:41:06.014 AM","25.76","97.227","36.179","1.166","24.82","23.50","23.10","Compressed Air"
"2025-09-01","11:41:06.263 AM","25.76","97.227","36.179","1.166","24.82","23.50","23.14","Compressed Air"
"2025-09-01","11:41:06.528 AM","25.76","97.229","36.173","1.166","24.86","23.50","23.14","Compressed Air"
"2025-09-01","11:41:06.779 AM","25.76","97.229","36.173","1.166","24.86","23.45","23.14","Compressed Air"
"2025-09-01","11:41:07.033 AM","25.76","97.229","36.173","1.166","24.86","23.45","23.07","Compressed Air"
"2025-09-01","11:41:07.282 AM","25.76","97.224","36.167","1.167","24.84","23.45","23.07","Compressed Air"
"2025-09-01","11:41:07.585 AM","25.76","97.224","36.167","1.167","24.84","23.56","23.25","Compressed Air"
"2025-09-01","11:41:07.822 AM","25.76","97.224","36.167","1.167","24.84","23.56","23.25","Compressed Air"
"2025-09-01","11:41:08.071 AM","25.75","97.225","36.179","1.166","24.755","23.58","23.25","Compressed Air"
"2025-09-01","11:41:08.316 AM","25.75","97.225","36.179","1.166","24.755","23.58","23.14","Compressed Air"
"2025-09-01","11:41:08.565 AM","25.75","97.225","36.179","1.166","24.755","23.58","23.14","Compressed Air"
"2025-09-01","11:41:08.823 AM","25.75","97.224","36.173","1.167","24.84","23.59","23.14","Compressed Air"
"2025-09-01","11:41:09.077 AM","25.75","97.224","36.173","1.167","24.84","23.59","23.16","Compressed Air"
"2025-09-01","11:41:09.320 AM","25.75","97.224","36.173","1.167","24.84","23.59","23.16","Compressed Air"
"2025-09-01","11:41:09.569 AM","25.75","97.222","36.184","1.167","24.85","23.60","23.16","Compressed Air"
"2025-09-01","11:41:09.818 AM","25.75","97.222","36.184","1.167","24.85","23.60","23.10","Compressed Air"
"2025-09-01","11:41:10.069 AM","25.75","97.223","36.167","1.165","24.845","23.60","23.10","Compressed Air"
"2025-09-01","11:41:10.329 AM","25.75","97.223","36.167","1.165","24.845","23.50","23.10","Compressed Air"
"2025-09-01","11:41:10.585 AM","25.75","97.223","36.167","1.165","24.845","23.50","23.26","Compressed Air"
"2025-09-01","11:41:10.831 AM","25.75","97.223","36.178","1.167","24.835","23.50","23.26","Compressed Air"
"2025-09-01","11:41:11.083 AM","25.75","97.223","36.178","1.167","24.835","23.60","23.26","Compressed Air"
"2025-09-01","11:41:11.333 AM","25.75","97.223","36.178","1.167","24.835","23.60","23.16","Compressed Air"
"2025-09-01","11:41:11.618 AM","25.75","97.223","36.173","1.166","24.84","23.60","23.16","Compressed Air"
"2025-09-01","11:41:11.837 AM","25.75","97.223","36.173","1.166","24.84","23.59","23.16","Compressed Air"
"2025-09-01","11:41:12.094 AM","25.75","97.223","36.173","1.166","24.84","23.59","23.16","Compressed Air"
"2025-09-01","11:41:12.356 AM","25.75","97.223","36.173","1.166","24.805","23.59","23.16","Compressed Air"
"2025-09-01","11:41:12.590 AM","25.75","97.223","36.173","1.166","24.805","23.56","23.23","Compressed Air"
"2025-09-01","11:41:12.859 AM","25.75","97.223","36.173","1.166","24.805","23.56","23.23","Compressed Air"
"2025-09-01","11:41:13.095 AM","25.75","97.226","36.173","1.167","24.845","23.59","23.23","Compressed Air"
"2025-09-01","11:41:13.350 AM","25.75","97.226","36.173","1.167","24.845","23.59","23.18","Compressed Air"
"2025-09-01","11:41:13.598 AM","25.75","97.226","36.173","1.167","24.845","23.59","23.18","Compressed Air"
"2025-09-01","11:41:13.853 AM","25.75","97.226","36.19","1.167","24.86","23.59","23.18","Compressed Air"
"2025-09-01","11:41:14.108 AM","25.75","97.226","36.19","1.167","24.86","23.59","23.16","Compressed Air"
"2025-09-01","11:41:14.355 AM","25.75","97.226","36.19","1.167","24.86","23.59","23.16","Compressed Air"
"2025-09-01","11:41:14.604 AM","25.75","97.224","36.179","1.168","24.835","23.65","23.16","Compressed Air"
"2025-09-01","11:41:14.854 AM","25.75","97.224","36.179","1.168","24.835","23.65","23.13","Compressed Air"
"2025-09-01","11:41:15.123 AM","25.76","97.224","36.173","1.168","24.855","23.65","23.13","Compressed Air"
"2025-09-01","11:41:15.364 AM","25.76","97.224","36.173","1.168","24.855","23.49","23.13","Compressed Air"
"2025-09-01","11:41:15.617 AM","25.76","97.224","36.173","1.168","24.855","23.49","23.20","Compressed Air"
"2025-09-01","11:41:15.932 AM","25.76","97.225","36.179","1.168","24.84","23.49","23.20","Compressed Air"
"2025-09-01","11:41:16.146 AM","25.76","97.225","36.179","1.168","24.84","23.48","23.10","Compressed Air"
"2025-09-01","11:41:16.405 AM","25.76","97.225","36.179","1.168","24.84","23.48","23.10","Compressed Air"
"2025-09-01","11:41:16.655 AM","25.76","97.225","36.185","1.169","24.845","23.48","23.10","Compressed Air"
"2025-09-01","11:41:16.902 AM","25.76","97.225","36.185","1.169","24.845","23.61","23.20","Compressed Air"
"2025-09-01","11:41:17.158 AM","25.76","97.225","36.185","1.169","24.845","23.61","23.20","Compressed Air"
"2025-09-01","11:41:17.408 AM","25.76","97.223","36.179","1.168","24.835","23.61","23.20","Compressed Air"
"2025-09-01","11:41:17.653 AM","25.76","97.223","36.179","1.168","24.835","23.49","23.18","Compressed Air"
"2025-09-01","11:41:17.903 AM","25.76","97.223","36.179","1.168","24.835","23.49","23.18","Compressed Air"
"2025-09-01","11:41:18.156 AM","25.76","97.223","36.179","1.168","24.825","23.58","23.18","Compressed Air"
"2025-09-01","11:41:18.408 AM","25.76","97.223","36.179","1.168","24.825","23.58","23.28","Compressed Air"
"2025-09-01","11:41:18.662 AM","25.76","97.223","36.179","1.168","24.825","23.58","23.28","Compressed Air"
"2025-09-01","11:41:18.906 AM","25.76","97.225","36.191","0.006","24.86","23.63","23.28","Compressed Air"
"2025-09-01","11:41:19.156 AM","25.76","97.225","36.191","0.006","24.86","23.63","23.18","Compressed Air"
"2025-09-01","11:41:19.403 AM","25.76","97.225","36.174","0","24.88","23.63","23.18","Compressed Air"
"2025-09-01","11:41:19.674 AM","25.76","97.225","36.174","0","24.88","23.48","23.18","Compressed Air"
"2025-09-01","11:41:19.960 AM","25.76","97.225","36.174","0","24.88","23.48","23.23","Compressed Air"
"2025-09-01","11:41:20.183 AM","25.76","97.227","36.179","0","24.96","23.48","23.23","Compressed Air"
"2025-09-01","11:41:20.439 AM","25.76","97.227","36.179","0","24.96","23.61","23.23","Compressed Air"
"2025-09-01","11:41:20.690 AM","25.76","97.227","36.179","0","24.96","23.61","23.21","Compressed Air"
"2025-09-01","11:41:20.938 AM","25.76","97.227","36.179","0","24.83","23.61","23.21","None"
"2025-09-01","11:41:21.197 AM","25.76","97.227","36.179","0","24.83","23.58","23.21","None"
"2025-09-01","11:41:21.440 AM","25.76","97.227","36.179","0","24.83","23.58","23.21","None"
"2025-09-01","11:41:21.693 AM","25.76","97.225","36.179","0","24.875","23.58","23.21","None"
"2025-09-01","11:41:21.950 AM","25.76","97.225","36.179","0","24.875","23.56","23.21","None"
"2025-09-01","11:41:22.195 AM","25.76","97.225","36.179","0","24.875","23.56","23.21","None"
"2025-09-01","11:41:22.445 AM","25.76","97.224","36.173","0","24.89","23.59","23.21","None"
"2025-09-01","11:41:22.698 AM","25.76","97.224","36.173","0","24.89","23.59","23.23","None"
"2025-09-01","11:41:22.951 AM","25.76","97.224","36.173","0","24.89","23.59","23.23","None"
"2025-09-01","11:41:23.200 AM","25.76","97.226","36.191","0","24.83","23.58","23.23","None"
"2025-09-01","11:41:23.447 AM","25.76","97.226","36.191","0","24.83","23.58","23.27","None"
"2025-09-01","11:41:23.699 AM","25.76","97.226","36.191","0","24.83","23.58","23.27","None"
"2025-09-01","11:41:23.946 AM","25.76","97.225","36.197","0","24.885","23.63","23.27","None"
"2025-09-01","11:41:24.235 AM","25.76","97.225","36.197","0","24.885","23.63","23.16","None"
"2025-09-01","11:41:24.456 AM","25.76","97.223","36.185","0","24.875","23.63","23.16","None"
"2025-09-01","11:41:24.702 AM","25.76","97.223","36.185","0","24.875","23.66","23.16","None"
"2025-09-01","11:41:24.951 AM","25.76","97.223","36.185","0","24.875","23.66","23.21","None"
"2025-09-01","11:41:25.208 AM","25.76","97.22","36.191","0","24.86","23.66","23.21","None"
"2025-09-01","11:41:25.451 AM","25.76","97.22","36.191","0","24.86","23.59","23.21","None"
"2025-09-01","11:41:25.708 AM","25.76","97.22","36.191","0","24.86","23.59","23.21","None"
"2025-09-01","11:41:25.980 AM","25.76","97.221","36.197","0","24.92","23.59","23.21","None"
"2025-09-01","11:41:26.246 AM","25.76","97.221","36.197","0","24.92","23.58","23.21","None"
"2025-09-01","11:41:26.501 AM","25.76","97.221","36.197","0","24.92","23.58","23.21","None"
"2025-09-01","11:41:26.747 AM","25.76","97.221","36.202","0","24.94","23.58","23.21","None"
"2025-09-01","11:41:26.994 AM","25.76","97.221","36.202","0","24.94","23.58","23.12","None"
"2025-09-01","11:41:27.245 AM","25.76","97.221","36.202","0","24.94","23.58","23.12","None"
"2025-09-01","11:41:27.502 AM","25.76","97.22","36.203","0","24.86","23.54","23.12","None"
"2025-09-01","11:41:27.769 AM","25.76","97.22","36.203","0","24.86","23.54","23.21","None"
"2025-09-01","11:41:28.007 AM","25.76","97.22","36.203","0","24.86","23.54","23.21","None"
"2025-09-01","11:41:28.271 AM","25.76","97.219","36.197","0","24.87","23.55","23.21","None"
"2025-09-01","11:41:28.551 AM","25.76","97.219","36.197","0","24.87","23.55","23.23","None"
"2025-09-01","11:41:28.778 AM","25.76","97.221","36.197","0","24.9","23.55","23.23","None"
"2025-09-01","11:41:29.020 AM","25.76","97.221","36.197","0","24.9","23.58","23.23","None"
"2025-09-01","11:41:29.273 AM","25.76","97.221","36.197","0","24.9","23.58","23.18","None"
"2025-09-01","11:41:29.516 AM","25.76","97.223","36.191","0","24.915","23.58","23.18","None"
"2025-09-01","11:41:29.770 AM","25.76","97.223","36.191","0","24.915","23.63","23.18","None"
"2025-09-01","11:41:30.019 AM","25.76","97.223","36.191","0","24.915","23.63","23.18","None"
"2025-09-01","11:41:30.268 AM","25.76","97.223","36.197","0","24.94","23.63","23.18","None"
"2025-09-01","11:41:30.516 AM","25.76","97.223","36.197","0","24.94","23.65","23.20","None"
"2025-09-01","11:41:30.785 AM","25.76","97.223","36.197","0","24.94","23.65","23.20","None"
"2025-09-01","11:41:31.038 AM","25.76","97.223","36.208","0","24.86","23.65","23.20","None"
"2025-09-01","11:41:31.293 AM","25.76","97.223","36.208","0","24.86","23.59","23.18","None"
"2025-09-01","11:41:31.533 AM","25.76","97.223","36.208","0","24.86","23.59","23.18","None"
"2025-09-01","11:41:31.783 AM","25.76","97.224","36.197","0","24.885","23.55","23.18","None"
"2025-09-01","11:41:32.033 AM","25.76","97.224","36.197","0","24.885","23.55","23.18","None"
"2025-09-01","11:41:32.284 AM","25.76","97.224","36.197","0","24.885","23.55","23.18","None"
"2025-09-01","11:41:32.597 AM","25.76","97.225","36.203","0","24.855","23.63","23.18","None"
"2025-09-01","11:41:32.816 AM","25.76","97.225","36.203","0","24.855","23.63","23.18","None"
"2025-09-01","11:41:33.050 AM","25.76","97.225","36.203","0","24.855","23.63","23.18","None"
"2025-09-01","11:41:33.305 AM","25.76","97.222","36.203","0","24.905","23.55","23.18","None"
"2025-09-01","11:41:33.555 AM","25.76","97.222","36.203","0","24.905","23.55","23.23","None"
"2025-09-01","11:41:33.811 AM","25.76","97.22","36.214","0","24.92","23.55","23.23","None"
"2025-09-01","11:41:34.053 AM","25.76","97.22","36.214","0","24.92","23.52","23.23","None"
"2025-09-01","11:41:34.305 AM","25.76","97.22","36.214","0","24.92","23.52","23.18","None"
"2025-09-01","11:41:34.555 AM","25.76","97.22","36.203","0","24.925","23.52","23.18","None"
"2025-09-01","11:41:34.807 AM","25.76","97.22","36.203","0","24.925","23.58","23.18","None"
"2025-09-01","11:41:35.059 AM","25.76","97.22","36.203","0","24.925","23.58","23.21","None"
"2025-09-01","11:41:35.317 AM","25.76","97.222","36.191","0","24.875","23.58","23.21","None"
"2025-09-01","11:41:35.569 AM","25.76","97.222","36.191","0","24.875","23.56","23.18","None"
"2025-09-01","11:41:35.819 AM","25.76","97.222","36.191","0","24.875","23.56","23.18","None"
"2025-09-01","11:41:36.082 AM","25.76","97.224","36.209","0","24.98","23.56","23.18","None"
"2025-09-01","11:41:36.323 AM","25.76","97.224","36.209","0","24.98","23.63","23.25","None"
"2025-09-01","11:41:36.580 AM","25.76","97.224","36.209","0","24.98","23.63","23.25","None"
"2025-09-01","11:41:36.878 AM","25.76","97.225","36.203","0","24.87","23.59","23.25","None"
"2025-09-01","11:41:37.090 AM","25.76","97.225","36.203","0","24.87","23.59","23.12","None"
"2025-09-01","11:41:37.347 AM","25.76","97.225","36.203","0","24.87","23.59","23.12","None"
"2025-09-01","11:41:37.589 AM","25.76","97.224","36.209","0","24.885","23.59","23.12","None"
"2025-09-01","11:41:37.838 AM","25.76","97.224","36.209","0","24.885","23.59","23.14","None"
"2025-09-01","11:41:38.088 AM","25.76","97.223","36.197","0","24.885","23.59","23.14","None"
"2025-09-01","11:41:38.341 AM","25.76","97.223","36.197","0","24.945","23.59","23.14","None"
"2025-09-01","11:41:38.587 AM","25.76","97.223","36.197","0","24.945","23.59","23.20","None"
"2025-09-01","11:41:38.847 AM","25.76","97.223","36.203","0","24.9","23.59","23.20","None"
"2025-09-01","11:41:39.113 AM","25.76","97.223","36.203","0","24.9","23.59","23.20","None"
"2025-09-01","11:41:39.351 AM","25.76","97.223","36.203","0","24.9","23.59","23.20","None"
"2025-09-01","11:41:39.609 AM","25.76","97.223","36.197","0","24.88","23.59","23.20","None"
"2025-09-01","11:41:39.864 AM","25.76","97.223","36.197","0","24.88","23.55","23.20","None"
"2025-09-01","11:41:40.101 AM","25.76","97.223","36.197","0","24.88","23.55","23.14","None"
"2025-09-01","11:41:40.358 AM","25.76","97.221","36.197","0","24.94","23.55","23.14","None"
"2025-09-01","11:41:40.606 AM","25.76","97.221","36.197","0","24.94","23.65","23.20","None"
"2025-09-01","11:41:40.859 AM","25.76","97.221","36.197","0","24.94","23.65","23.20","None"
"2025-09-01","11:41:41.155 AM","25.77","97.221","36.197","0","24.945","23.65","23.20","None"
"2025-09-01","11:41:41.369 AM","25.77","97.221","36.197","0","24.945","23.63","23.14","None"
"2025-09-01","11:41:41.611 AM","25.77","97.221","36.197","0","24.945","23.63","23.14","None"
"2025-09-01","11:41:41.861 AM","25.77","97.22","36.192","0","24.9","23.66","23.14","None"
"2025-09-01","11:41:42.118 AM","25.77","97.22","36.192","0","24.9","23.66","23.16","None"
"2025-09-01","11:41:42.367 AM","25.77","97.22","36.192","0","24.9","23.66","23.16","None"
"2025-09-01","11:41:42.628 AM","25.77","97.218","36.203","0","24.91","23.61","23.16","None"
"2025-09-01","11:41:42.881 AM","25.77","97.218","36.203","0","24.91","23.61","23.21","None"
"2025-09-01","11:41:43.129 AM","25.77","97.221","36.192","0","24.96","23.61","23.21","None"
"2025-09-01","11:41:43.384 AM","25.77","97.221","36.192","0","24.96","23.59","23.21","None"
"2025-09-01","11:41:43.627 AM","25.77","97.221","36.192","0","24.96","23.59","23.25","None"
"2025-09-01","11:41:43.880 AM","25.77","97.221","36.192","0","24.96","23.59","23.25","None"
"2025-09-01","11:41:44.133 AM","25.77","97.221","36.192","0","24.96","23.54","23.25","None"
"2025-09-01","11:41:44.382 AM","25.77","97.221","36.192","0","24.96","23.54","23.20","None"
"2025-09-01","11:41:44.628 AM","25.77","97.222","36.186","0","24.945","23.54","23.20","None"
"2025-09-01","11:41:44.887 AM","25.77","97.222","36.186","0","24.945","23.58","23.20","None"
"2025-09-01","11:41:45.146 AM","25.77","97.222","36.186","0","24.945","23.58","23.21","None"
"2025-09-01","11:41:45.441 AM","25.77","97.223","36.192","0","24.89","23.58","23.21","None"
"2025-09-01","11:41:45.647 AM","25.77","97.223","36.192","0","24.89","23.63","23.27","None"
"2025-09-01","11:41:45.895 AM","25.77","97.223","36.192","0","24.89","23.63","23.27","None"
"2025-09-01","11:41:46.169 AM","25.77","97.223","36.203","0","24.86","23.63","23.27","None"
"2025-09-01","11:41:46.422 AM","25.77","97.223","36.203","0","24.86","23.60","23.14","None"
"2025-09-01","11:41:46.668 AM","25.77","97.223","36.203","0","24.86","23.60","23.14","None"
"2025-09-01","11:41:46.909 AM","25.77","97.222","36.192","0","24.93","23.61","23.14","None"
"2025-09-01","11:41:47.160 AM","25.77","97.222","36.192","0","24.93","23.61","23.20","None"
"2025-09-01","11:41:47.413 AM","25.77","97.222","36.192","0","24.93","23.61","23.20","None"
"2025-09-01","11:41:47.660 AM","25.77","97.224","36.209","0","24.9","23.63","23.20","None"
"2025-09-01","11:41:47.914 AM","25.77","97.224","36.209","0","24.9","23.63","23.20","None"
"2025-09-01","11:41:48.174 AM","25.77","97.225","36.186","0","24.97","23.63","23.20","None"
"2025-09-01","11:41:48.422 AM","25.77","97.225","36.186","0","24.97","23.60","23.20","None"
"2025-09-01","11:41:48.698 AM","25.77","97.225","36.186","0","24.97","23.60","23.18","None"
"2025-09-01","11:41:48.950 AM","25.77","97.224","36.215","0","24.955","23.60","23.18","None"
"2025-09-01","11:41:49.210 AM","25.77","97.224","36.215","0","24.955","23.60","23.23","None"
"2025-09-01","11:41:49.457 AM","25.77","97.224","36.215","0","24.955","23.60","23.23","None"
"2025-09-01","11:41:49.746 AM","25.77","97.221","36.192","0","24.915","23.60","23.23","None"
"2025-09-01","11:41:49.976 AM","25.77","97.221","36.192","0","24.915","23.67","23.16","None"
"2025-09-01","11:41:50.217 AM","25.77","97.221","36.192","0","24.915","23.67","23.16","None"
"2025-09-01","11:41:50.464 AM","25.77","97.222","36.198","0","24.845","23.67","23.16","None"
"2025-09-01","11:41:50.718 AM","25.77","97.222","36.198","0","24.845","23.63","23.16","None"
"2025-09-01","11:41:50.964 AM","25.77","97.222","36.198","0","24.845","23.63","23.16","None"
"2025-09-01","11:41:51.213 AM","25.77","97.223","36.192","0","24.94","23.61","23.16","None"
"2025-09-01","11:41:51.466 AM","25.77","97.223","36.192","0","24.94","23.61","23.18","None"
"2025-09-01","11:41:51.714 AM","25.77","97.223","36.192","0","24.94","23.61","23.18","None"
"2025-09-01","11:41:51.963 AM","25.77","97.222","36.192","0","24.91","23.63","23.18","None"
"2025-09-01","11:41:52.216 AM","25.77","97.222","36.192","0","24.91","23.63","23.21","None"
"2025-09-01","11:41:52.474 AM","25.76","97.224","36.197","0","24.91","23.63","23.21","None"
"2025-09-01","11:41:52.722 AM","25.76","97.224","36.197","0","24.91","23.63","23.21","None"
"2025-09-01","11:41:52.984 AM","25.76","97.224","36.197","0","24.91","23.63","23.23","None"
"2025-09-01","11:41:53.218 AM","25.76","97.223","36.197","0","24.965","23.63","23.23","None"
"2025-09-01","11:41:53.477 AM","25.76","97.223","36.197","0","24.965","23.63","23.23","None"
"2025-09-01","11:41:53.768 AM","25.76","97.223","36.197","0","24.965","23.63","23.21","None"
"2025-09-01","11:41:53.981 AM","25.76","97.221","36.191","0","24.96","23.63","23.21","None"
"2025-09-01","11:41:54.237 AM","25.76","97.221","36.191","0","24.96","23.58","23.14","None"
"2025-09-01","11:41:54.494 AM","25.76","97.221","36.191","0","24.96","23.58","23.14","None"
"2025-09-01","11:41:54.786 AM","25.76","97.222","36.197","0","24.955","23.58","23.14","None"
"2025-09-01","11:41:55.017 AM","25.76","97.222","36.197","0","24.955","23.66","23.12","None"
"2025-09-01","11:41:55.267 AM","25.76","97.222","36.197","0","24.955","23.66","23.12","None"
"2025-09-01","11:41:55.519 AM","25.76","97.223","36.197","0","24.88","23.66","23.12","None"
"2025-09-01","11:41:55.768 AM","25.76","97.223","36.197","0","24.88","23.66","23.19","None"
"2025-09-01","11:41:56.018 AM","25.76","97.223","36.197","0","24.88","23.66","23.19","None"
"2025-09-01","11:41:56.265 AM","25.76","97.223","36.203","0","24.92","23.59","23.19","None"
"2025-09-01","11:41:56.519 AM","25.76","97.223","36.203","0","24.92","23.59","23.18","None"
"2025-09-01","11:41:56.788 AM","25.76","97.222","36.203","0","24.995","23.59","23.18","None"
"2025-09-01","11:41:57.033 AM","25.76","97.222","36.203","0","24.995","23.59","23.18","None"
"2025-09-01","11:41:57.285 AM","25.76","97.222","36.203","0","24.995","23.59","23.09","None"
"2025-09-01","11:41:57.532 AM","25.76","97.222","36.203","0","24.98","23.59","23.09","None"
"2025-09-01","11:41:57.781 AM","25.76","97.222","36.203","0","24.98","23.54","23.09","None"
"2025-09-01","11:41:58.064 AM","25.76","97.222","36.203","0","24.98","23.54","23.16","None"
"2025-09-01","11:41:58.289 AM","25.77","97.223","36.191","0","24.97","23.54","23.16","None"
"2025-09-01","11:41:58.538 AM","25.77","97.223","36.191","0","24.97","23.63","23.16","None"
"2025-09-01","11:41:58.786 AM","25.77","97.223","36.191","0","24.97","23.63","23.18","None"
"2025-09-01","11:41:59.040 AM","25.77","97.22","36.203","0","24.94","23.63","23.18","None"
"2025-09-01","11:41:59.299 AM","25.77","97.22","36.203","0","24.94","23.63","23.20","None"
"2025-09-01","11:41:59.535 AM","25.77","97.22","36.203","0","24.94","23.63","23.20","None"
"2025-09-01","11:41:59.789 AM","25.77","97.222","36.215","0","24.925","23.63","23.20","None"
"2025-09-01","11:42:00.059 AM","25.77","97.222","36.215","0","24.925","23.59","23.23","None"
"2025-09-01","11:42:00.291 AM","25.77","97.222","36.215","0","24.925","23.59","23.23","None"
"2025-09-01","11:42:00.556 AM","25.76","97.222","36.197","0","24.945","23.63","23.23","None"
"2025-09-01","11:42:00.791 AM","25.76","97.222","36.197","0","24.945","23.63","23.19","None"
"2025-09-01","11:42:01.053 AM","25.76","97.222","36.197","0","24.945","23.63","23.19","None"
"2025-09-01","11:42:01.304 AM","25.76","97.22","36.209","0","24.92","23.63","23.19","None"
"2025-09-01","11:42:01.549 AM","25.76","97.22","36.209","0","24.92","23.63","23.21","None"
"2025-09-01","11:42:01.799 AM","25.76","97.22","36.209","0","24.92","23.63","23.21","None"
"2025-09-01","11:42:02.086 AM","25.76","97.218","36.197","0","24.905","23.52","23.21","None"
"2025-09-01","11:42:02.309 AM","25.76","97.218","36.197","0","24.905","23.52","23.16","None"
"2025-09-01","11:42:02.565 AM","25.76","97.218","36.203","0","24.905","23.52","23.16","None"
"2025-09-01","11:42:02.818 AM","25.76","97.218","36.203","0","24.905","23.60","23.16","None"
"2025-09-01","11:42:03.065 AM","25.76","97.218","36.203","0","24.905","23.60","23.26","None"
"2025-09-01","11:42:03.324 AM","25.76","97.218","36.191","0","24.99","23.60","23.26","None"
"2025-09-01","11:42:03.566 AM","25.76","97.218","36.191","0","24.99","23.63","23.26","None"
"2025-09-01","11:42:03.821 AM","25.76","97.218","36.191","0","24.99","23.63","23.18","None"
"2025-09-01","11:42:04.073 AM","25.77","97.217","36.203","0","24.955","23.63","23.18","None"
"2025-09-01","11:42:04.324 AM","25.77","97.217","36.203","0","24.955","23.63","23.21","None"
"2025-09-01","11:42:04.576 AM","25.77","97.217","36.203","0","24.955","23.63","23.21","None"
"2025-09-01","11:42:04.822 AM","25.77","97.216","36.209","0","24.955","23.63","23.21","None"
"2025-09-01","11:42:05.073 AM","25.77","97.216","36.209","0","24.955","23.63","23.18","None"
"2025-09-01","11:42:05.324 AM","25.77","97.216","36.209","0","24.955","23.63","23.18","None"
"2025-09-01","11:42:05.577 AM","25.77","97.219","36.198","0","24.94","23.63","23.18","None"
"2025-09-01","11:42:05.831 AM","25.77","97.219","36.198","0","24.94","23.63","23.25","None"
"2025-09-01","11:42:06.093 AM","25.77","97.219","36.198","0","24.94","23.63","23.25","None"
"2025-09-01","11:42:06.376 AM","25.77","97.219","36.204","0","24.92","23.66","23.25","None"
"2025-09-01","11:42:06.608 AM","25.77","97.219","36.204","0","24.92","23.66","23.21","None"
"2025-09-01","11:42:06.866 AM","25.77","97.221","36.204","0","24.96","23.66","23.21","None"
"2025-09-01","11:42:07.127 AM","25.77","97.221","36.204","0","24.96","23.59","23.21","None"
"2025-09-01","11:42:07.363 AM","25.77","97.221","36.204","0","24.96","23.59","23.14","None"
"2025-09-01","11:42:07.626 AM","25.77","97.218","36.204","0","24.9","23.59","23.14","None"
"2025-09-01","11:42:07.861 AM","25.77","97.218","36.204","0","24.9","23.63","23.14","None"
"2025-09-01","11:42:08.129 AM","25.77","97.218","36.204","0","24.9","23.63","23.19","None"
"2025-09-01","11:42:08.365 AM","25.77","97.221","36.198","0","25.01","23.63","23.19","None"
"2025-09-01","11:42:08.621 AM","25.77","97.221","36.198","0","25.01","23.66","23.25","None"
"2025-09-01","11:42:08.872 AM","25.77","97.221","36.198","0","25.01","23.66","23.25","None"
"2025-09-01","11:42:09.126 AM","25.77","97.218","36.192","0","24.93","23.66","23.25","None"
"2025-09-01","11:42:09.379 AM","25.77","97.218","36.192","0","24.93","23.58","23.23","None"
"2025-09-01","11:42:09.624 AM","25.77","97.218","36.192","0","24.93","23.58","23.23","None"
"2025-09-01","11:42:09.891 AM","25.77","97.219","36.192","0","24.885","23.58","23.23","None"
"2025-09-01","11:42:10.126 AM","25.77","97.219","36.192","0","24.885","23.59","23.18","None"
"2025-09-01","11:42:10.436 AM","25.77","97.219","36.192","0","24.885","23.59","23.18","None"
"2025-09-01","11:42:10.633 AM","25.77","97.221","36.203","0","24.945","23.60","23.18","None"
"2025-09-01","11:42:10.896 AM","25.77","97.221","36.203","0","24.945","23.60","23.25","None"
"2025-09-01","11:42:11.132 AM","25.77","97.221","36.203","0","24.945","23.60","23.25","None"
"2025-09-01","11:42:11.398 AM","25.77","97.221","36.192","0","24.94","23.58","23.25","None"
"2025-09-01","11:42:11.642 AM","25.77","97.221","36.192","0","24.94","23.58","23.23","None"
"2025-09-01","11:42:11.891 AM","25.77","97.219","36.198","0","24.905","23.58","23.23","None"
"2025-09-01","11:42:12.142 AM","25.77","97.219","36.198","0","24.905","23.60","23.23","None"
"2025-09-01","11:42:12.395 AM","25.77","97.219","36.198","0","24.905","23.60","23.23","None"
"2025-09-01","11:42:12.644 AM","25.77","97.222","36.186","0","24.915","23.60","23.23","None"
"2025-09-01","11:42:12.894 AM","25.77","97.222","36.186","0","24.915","23.61","23.23","None"
"2025-09-01","11:42:13.142 AM","25.77","97.222","36.186","0","24.915","23.61","23.21","None"
"2025-09-01","11:42:13.396 AM","25.77","97.221","36.204","0","24.995","23.61","23.21","None"
"2025-09-01","11:42:13.642 AM","25.77","97.221","36.204","0","24.995","23.56","23.21","None"
"2025-09-01","11:42:13.897 AM","25.77","97.221","36.204","0","24.995","23.56","23.16","None"
"2025-09-01","11:42:14.145 AM","25.77","97.219","36.186","0","24.935","23.56","23.16","None"
"2025-09-01","11:42:14.396 AM","25.77","97.219","36.186","0","24.935","23.61","23.16","None"
"2025-09-01","11:42:14.679 AM","25.77","97.219","36.186","0","24.935","23.61","23.16","None"
"2025-09-01","11:42:14.902 AM","25.77","97.22","36.192","-0.02","24.925","23.61","23.16","None"
"2025-09-01","11:42:15.149 AM","25.77","97.22","36.192","-0.02","24.925","23.59","23.25","None"
"2025-09-01","11:42:15.400 AM","25.77","97.22","36.192","-0.02","24.925","23.59","23.25","None"
"2025-09-01","11:42:15.653 AM","25.76","97.217","36.186","-0.13","24.965","23.63","23.25","None"
"2025-09-01","11:42:15.899 AM","25.76","97.217","36.186","-0.13","24.965","23.63","23.19","None"
"2025-09-01","11:42:16.147 AM","25.76","97.217","36.186","-0.13","24.965","23.63","23.19","None"
"2025-09-01","11:42:16.400 AM","25.77","97.217","36.203","-0.211","24.97","23.63","23.19","None"
"2025-09-01","11:42:16.648 AM","25.77","97.217","36.203","-0.211","24.97","23.63","23.25","None"
"2025-09-01","11:42:16.901 AM","25.77","97.217","36.203","-0.211","24.97","23.63","23.25","None"
"2025-09-01","11:42:17.148 AM","25.77","97.22","36.192","-0.562","24.885","23.67","23.25","None"
"2025-09-01","11:42:17.400 AM","25.77","97.22","36.192","-0.562","24.885","23.67","23.18","None"
"2025-09-01","11:42:17.649 AM","25.77","97.215","36.18","-0.677","24.97","23.67","23.18","None"
"2025-09-01","11:42:17.900 AM","25.77","97.215","36.18","-0.677","24.97","23.67","23.18","None"
"2025-09-01","11:42:18.156 AM","25.77","97.215","36.18","-0.677","24.97","23.67","23.20","None"
"2025-09-01","11:42:18.411 AM","25.77","97.213","36.192","-0.824","24.955","23.67","23.20","None"
"2025-09-01","11:42:18.662 AM","25.77","97.213","36.192","-0.824","24.955","23.50","23.20","None"
"2025-09-01","11:42:18.974 AM","25.77","97.213","36.192","-0.824","24.955","23.50","23.19","None"
"2025-09-01","11:42:19.202 AM","25.77","97.213","36.187","-0.825","24.92","23.50","23.19","None"
"2025-09-01","11:42:19.449 AM","25.77","97.213","36.187","-0.825","24.92","23.63","23.18","None"
"2025-09-01","11:42:19.701 AM","25.77","97.213","36.187","-0.825","24.92","23.63","23.18","None"
"2025-09-01","11:42:19.946 AM","25.77","97.214","36.198","-0.684","24.93","23.63","23.18","None"
"2025-09-01","11:42:20.205 AM","25.77","97.214","36.198","-0.684","24.93","23.58","23.25","None"
"2025-09-01","11:42:20.448 AM","25.77","97.214","36.198","-0.684","24.93","23.58","23.25","None"
"2025-09-01","11:42:20.698 AM","25.78","97.215","36.187","-0.612","25","23.67","23.25","None"
"2025-09-01","11:42:20.948 AM","25.78","97.215","36.187","-0.612","25","23.67","23.23","None"
"2025-09-01","11:42:21.199 AM","25.78","97.215","36.187","-0.612","25","23.67","23.23","None"
"2025-09-01","11:42:21.455 AM","25.78","97.217","36.175","-0.668","24.9","23.60","23.23","None"
"2025-09-01","11:42:21.699 AM","25.78","97.217","36.175","-0.668","24.9","23.60","23.20","None"
"2025-09-01","11:42:21.949 AM","25.78","97.216","36.175","-0.72","24.94","23.60","23.20","None"
"2025-09-01","11:42:22.199 AM","25.78","97.216","36.175","-0.72","24.94","23.59","23.20","None"
"2025-09-01","11:42:22.450 AM","25.78","97.216","36.175","-0.72","24.94","23.59","23.18","None"
"2025-09-01","11:42:22.712 AM","25.78","97.217","36.181","-0.707","24.925","23.59","23.18","None"
"2025-09-01","11:42:22.965 AM","25.78","97.217","36.181","-0.707","24.925","23.60","23.18","None"
"2025-09-01","11:42:23.249 AM","25.78","97.217","36.181","-0.707","24.925","23.60","23.23","None"
"2025-09-01","11:42:23.495 AM","25.78","97.219","36.181","0","24.86","23.60","23.23","None"
"2025-09-01","11:42:23.751 AM","25.78","97.219","36.181","0","24.86","23.61","23.20","None"
"2025-09-01","11:42:24.002 AM","25.78","97.219","36.181","0","24.86","23.61","23.20","None"
"2025-09-01","11:42:24.251 AM","25.78","97.219","36.164","-0.001","25.01","23.61","23.20","None"
"2025-09-01","11:42:24.507 AM","25.78","97.219","36.164","-0.001","25.01","23.67","23.28","None"
"2025-09-01","11:42:24.756 AM","25.78","97.219","36.164","-0.001","25.01","23.67","23.28","None"
"2025-09-01","11:42:25.002 AM","25.78","97.22","36.17","0","24.91","23.67","23.28","None"
"2025-09-01","11:42:25.253 AM","25.78","97.22","36.17","0","24.91","23.67","23.23","None"
"2025-09-01","11:42:25.505 AM","25.78","97.22","36.17","0","24.91","23.67","23.23","None"
"2025-09-01","11:42:25.756 AM","25.78","97.219","36.164","0.001","24.945","23.63","23.23","None"
"2025-09-01","11:42:26.016 AM","25.78","97.219","36.164","0.001","24.945","23.63","23.23","None"
"2025-09-01","11:42:26.255 AM","25.78","97.219","36.164","0.001","24.945","23.63","23.23","None"
"2025-09-01","11:42:26.504 AM","25.78","97.221","36.158","0.001","24.95","23.69","23.23","None"
"2025-09-01","11:42:26.752 AM","25.78","97.221","36.158","0.001","24.95","23.69","23.21","None"
"2025-09-01","11:42:27.011 AM","25.78","97.222","36.164","0.001","24.955","23.69","23.21","None"
"2025-09-01","11:42:27.269 AM","25.78","97.222","36.164","0.001","24.955","23.66","23.21","None"
"2025-09-01","11:42:27.552 AM","25.78","97.222","36.164","0.001","24.955","23.66","23.26","None"
"2025-09-01","11:42:27.773 AM","25.78","97.223","36.158","0.002","24.905","23.66","23.26","None"
"2025-09-01","11:42:28.031 AM","25.78","97.223","36.158","0.002","24.905","23.63","23.26","None"
"2025-09-01","11:42:28.278 AM","25.78","97.223","36.158","0.002","24.905","23.63","23.19","None"
"2025-09-01","11:42:28.527 AM","25.78","97.219","36.158","0.002","24.86","23.63","23.19","None"
"2025-09-01","11:42:28.797 AM","25.78","97.219","36.158","0.002","24.86","23.66","23.21","None"
"2025-09-01","11:42:29.040 AM","25.78","97.219","36.158","0.002","24.86","23.66","23.21","None"
"2025-09-01","11:42:29.294 AM","25.78","97.221","36.17","0.002","24.935","23.66","23.21","None"
"2025-09-01","11:42:29.541 AM","25.78","97.221","36.17","0.002","24.935","23.63","23.08","None"
"2025-09-01","11:42:29.793 AM","25.78","97.221","36.17","0.002","24.935","23.63","23.08","None"
"2025-09-01","11:42:30.044 AM","25.78","97.223","36.158","0.002","24.945","23.63","23.08","None"
"2025-09-01","11:42:30.299 AM","25.78","97.223","36.158","0.002","24.945","23.63","23.20","None"
"2025-09-01","11:42:30.551 AM","25.78","97.223","36.158","0.002","24.945","23.63","23.20","None"
"2025-09-01","11:42:30.793 AM","25.78","97.219","36.152","0.003","24.93","23.65","23.20","None"
"2025-09-01","11:42:31.041 AM","25.78","97.219","36.152","0.003","24.93","23.65","23.18","None"
"2025-09-01","11:42:31.309 AM","25.78","97.22","36.164","0.003","24.99","23.65","23.18","None"
"2025-09-01","11:42:31.595 AM","25.78","97.22","36.164","0.003","24.99","23.69","23.18","None"
"2025-09-01","11:42:31.833 AM","25.78","97.22","36.164","0.003","24.99","23.69","23.23","None"
"2025-09-01","11:42:32.090 AM","25.78","97.222","36.147","0.003","24.915","23.69","23.23","None"
"2025-09-01","11:42:32.344 AM","25.78","97.222","36.147","0.003","24.915","23.74","23.23","None"
"2025-09-01","11:42:32.597 AM","25.78","97.222","36.147","0.003","24.915","23.74","23.14","None"
"2025-09-01","11:42:32.845 AM","25.78","97.225","36.158","0.003","24.96","23.74","23.14","None"
"2025-09-01","11:42:33.095 AM","25.78","97.225","36.158","0.003","24.96","23.60","23.21","None"
"2025-09-01","11:42:33.347 AM","25.78","97.225","36.158","0.003","24.96","23.60","23.21","None"
"2025-09-01","11:42:33.597 AM","25.78","97.225","36.164","0.003","24.9","23.60","23.21","None"
"2025-09-01","11:42:33.850 AM","25.78","97.225","36.164","0.003","24.9","23.59","23.21","None"
"2025-09-01","11:42:34.096 AM","25.78","97.225","36.164","0.003","24.9","23.59","23.21","None"
"2025-09-01","11:42:34.349 AM","25.78","97.228","36.164","0.004","24.925","23.69","23.21","None"
"2025-09-01","11:42:34.600 AM","25.78","97.228","36.164","0.004","24.925","23.69","23.16","None"
"2025-09-01","11:42:34.847 AM","25.78","97.228","36.164","0.004","24.925","23.69","23.16","None"
"2025-09-01","11:42:35.106 AM","25.78","97.224","36.164","0.004","24.94","23.63","23.16","None"
"2025-09-01","11:42:35.348 AM","25.78","97.224","36.164","0.004","24.94","23.63","23.14","None"
"2025-09-01","11:42:35.612 AM","25.78","97.223","36.158","0.004","24.96","23.63","23.14","None"
"2025-09-01","11:42:35.915 AM","25.78","97.223","36.158","0.004","24.96","23.63","23.14","None"
"2025-09-01","11:42:36.138 AM","25.78","97.223","36.158","0.004","24.96","23.63","23.19","None"
"2025-09-01","11:42:36.385 AM","25.78","97.222","36.158","0.004","24.94","23.63","23.19","None"
"2025-09-01","11:42:36.640 AM","25.78","97.222","36.158","0.004","24.94","23.60","23.19","None"
"2025-09-01","11:42:36.887 AM","25.78","97.222","36.158","0.004","24.94","23.60","23.21","None"
"2025-09-01","11:42:37.131 AM","25.78","97.221","36.158","0.004","24.94","23.60","23.21","None"
"2025-09-01","11:42:37.387 AM","25.78","97.221","36.158","0.004","24.94","23.70","23.18","None"
"2025-09-01","11:42:37.645 AM","25.78","97.221","36.158","0.004","24.94","23.70","23.18","None"
"2025-09-01","11:42:37.913 AM","25.78","97.22","36.158","0.004","24.96","23.70","23.18","None"
"2025-09-01","11:42:38.167 AM","25.78","97.22","36.158","0.004","24.96","23.61","23.18","None"
"2025-09-01","11:42:38.419 AM","25.78","97.22","36.158","0.004","24.96","23.61","23.18","None"
"2025-09-01","11:42:38.685 AM","25.78","97.222","36.158","0.004","24.895","23.60","23.18","None"
"2025-09-01","11:42:38.922 AM","25.78","97.222","36.158","0.004","24.895","23.60","23.14","None"
"2025-09-01","11:42:39.186 AM","25.78","97.222","36.158","0.004","24.895","23.60","23.14","None"
"2025-09-01","11:42:39.431 AM","25.78","97.222","36.164","0.004","24.99","23.63","23.14","None"
"2025-09-01","11:42:39.683 AM","25.78","97.222","36.164","0.004","24.99","23.63","23.20","None"
"2025-09-01","11:42:39.979 AM","25.78","97.223","36.164","0.004","24.93","23.63","23.20","None"
"2025-09-01","11:42:40.197 AM","25.78","97.223","36.164","0.004","24.93","23.63","23.20","None"
"2025-09-01","11:42:40.443 AM","25.78","97.223","36.164","0.004","24.93","23.63","23.18","None"
"2025-09-01","11:42:40.706 AM","25.78","97.219","36.164","0.004","24.95","23.63","23.18","None"
"2025-09-01","11:42:40.960 AM","25.78","97.219","36.164","0.004","24.95","23.65","23.18","None"
"2025-09-01","11:42:41.204 AM","25.78","97.219","36.164","0.004","24.95","23.65","23.14","None"
"2025-09-01","11:42:41.466 AM","25.77","97.218","36.164","0.004","24.945","23.65","23.14","None"
"2025-09-01","11:42:41.718 AM","25.77","97.218","36.164","0.004","24.945","23.60","23.21","None"
"2025-09-01","11:42:41.966 AM","25.77","97.218","36.164","0.004","24.945","23.60","23.21","None"
"2025-09-01","11:42:42.232 AM","25.77","97.22","36.158","0.004","24.985","23.60","23.21","None"
"2025-09-01","11:42:42.472 AM","25.77","97.22","36.158","0.004","24.985","23.63","23.20","None"
"2025-09-01","11:42:42.724 AM","25.77","97.22","36.158","0.004","24.985","23.63","23.20","None"
"2025-09-01","11:42:42.980 AM","25.77","97.218","36.181","0.004","24.92","23.60","23.20","None"
"2025-09-01","11:42:43.218 AM","25.77","97.218","36.181","0.004","24.92","23.60","23.20","None"
"2025-09-01","11:42:43.470 AM","25.77","97.218","36.181","0.004","24.92","23.60","23.20","None"
"2025-09-01","11:42:43.719 AM","25.78","97.22","36.158","0.004","24.98","23.56","23.20","None"
"2025-09-01","11:42:43.969 AM","25.78","97.22","36.158","0.004","24.98","23.56","23.14","None"
"2025-09-01","11:42:44.280 AM","25.77","97.217","36.175","0.004","24.96","23.56","23.14","None"
"2025-09-01","11:42:44.522 AM","25.77","97.217","36.175","0.004","24.96","23.59","23.14","None"
"2025-09-01","11:42:44.770 AM","25.77","97.217","36.175","0.004","24.96","23.59","23.19","None"
"2025-09-01","11:42:45.007 AM","25.78","97.219","36.169","0.004","24.935","23.59","23.19","None"
"2025-09-01","11:42:45.266 AM","25.78","97.219","36.169","0.004","24.935","23.70","23.19","None"
"2025-09-01","11:42:45.510 AM","25.78","97.219","36.169","0.004","24.935","23.70","23.12","None"
"2025-09-01","11:42:45.758 AM","25.78","97.22","36.17","0.004","24.885","23.70","23.12","None"
"2025-09-01","11:42:46.011 AM","25.78","97.22","36.17","0.004","24.885","23.66","23.16","None"
"2025-09-01","11:42:46.258 AM","25.78","97.22","36.17","0.004","24.885","23.66","23.16","None"
"2025-09-01","11:42:46.526 AM","25.78","97.223","36.175","0.004","24.98","23.66","23.16","None"
"2025-09-01","11:42:46.800 AM","25.78","97.223","36.175","0.004","24.98","23.72","23.21","None"
"2025-09-01","11:42:47.029 AM","25.78","97.223","36.175","0.004","24.98","23.72","23.21","None"
"2025-09-01","11:42:47.299 AM","25.78","97.221","36.176","0.004","25.02","23.72","23.21","None"
"2025-09-01","11:42:47.540 AM","25.78","97.221","36.176","0.004","25.02","23.63","23.23","None"
"2025-09-01","11:42:47.789 AM","25.78","97.221","36.176","0.004","25.02","23.63","23.23","None"
"2025-09-01","11:42:48.045 AM","25.78","97.217","36.164","0.004","24.9","23.63","23.23","None"
"2025-09-01","11:42:48.291 AM","25.78","97.217","36.164","0.004","24.9","23.63","23.20","None"
"2025-09-01","11:42:48.579 AM","25.78","97.217","36.164","0.004","24.9","23.63","23.20","None"
"2025-09-01","11:42:48.811 AM","25.77","97.219","36.175","0.004","25.005","23.63","23.20","None"
"2025-09-01","11:42:49.041 AM","25.77","97.219","36.175","0.004","25.005","23.63","23.14","None"
"2025-09-01","11:42:49.308 AM","25.77","97.217","36.187","0.004","24.915","23.63","23.14","None"
"2025-09-01","11:42:49.554 AM","25.77","97.217","36.187","0.004","24.915","23.60","23.14","None"
"2025-09-01","11:42:49.807 AM","25.77","97.217","36.187","0.004","24.915","23.60","23.18","None"
"2025-09-01","11:42:50.057 AM","25.77","97.218","36.169","0.004","24.96","23.60","23.18","None"
"2025-09-01","11:42:50.306 AM","25.77","97.218","36.169","0.004","24.96","23.63","23.18","None"
"2025-09-01","11:42:50.556 AM","25.77","97.218","36.169","0.004","24.96","23.63","23.18","None"
"2025-09-01","11:42:50.804 AM","25.78","97.22","36.175","0.004","24.96","23.63","23.18","None"
"2025-09-01","11:42:51.062 AM","25.78","97.22","36.175","0.004","24.96","23.66","23.20","None"
"2025-09-01","11:42:51.316 AM","25.78","97.22","36.175","0.004","24.96","23.66","23.20","None"
"2025-09-01","11:42:51.558 AM","25.78","97.22","36.187","0.004","24.975","23.66","23.20","None"
"2025-09-01","11:42:51.804 AM","25.78","97.22","36.187","0.004","24.975","23.59","23.14","None"
"2025-09-01","11:42:52.056 AM","25.78","97.22","36.187","0.004","24.975","23.59","23.14","None"
"2025-09-01","11:42:52.307 AM","25.78","97.221","36.198","0.004","24.995","23.59","23.14","None"
"2025-09-01","11:42:52.563 AM","25.78","97.221","36.198","0.004","24.995","23.60","23.12","None"
"2025-09-01","11:42:52.851 AM","25.78","97.221","36.198","0.004","24.995","23.60","23.12","None"
"2025-09-01","11:42:53.073 AM","25.78","97.218","36.181","0.004","24.98","23.66","23.12","None"
"2025-09-01","11:42:53.324 AM","25.78","97.218","36.181","0.004","24.98","23.66","23.21","None"
"2025-09-01","11:42:53.570 AM","25.78","97.218","36.181","0.004","24.98","23.66","23.21","None"
"2025-09-01","11:42:53.831 AM","25.78","97.215","36.187","0.004","24.935","23.58","23.21","None"
"2025-09-01","11:42:54.078 AM","25.78","97.215","36.187","0.004","24.935","23.58","23.28","None"
"2025-09-01","11:42:54.326 AM","25.78","97.217","36.181","0.004","25.01","23.58","23.28","None"
"2025-09-01","11:42:54.576 AM","25.78","97.217","36.181","0.004","25.01","23.58","23.28","None"
"2025-09-01","11:42:54.833 AM","25.78","97.217","36.181","0.004","25.01","23.58","23.18","None"
"2025-09-01","11:42:55.104 AM","25.78","97.218","36.187","0.004","24.935","23.58","23.18","None"
"2025-09-01","11:42:55.374 AM","25.78","97.218","36.187","0.004","24.935","23.63","23.18","None"
"2025-09-01","11:42:55.621 AM","25.78","97.218","36.187","0.004","24.935","23.63","23.18","None"
"2025-09-01","11:42:55.870 AM","25.78","97.219","36.193","0.004","25.005","23.63","23.18","None"
"2025-09-01","11:42:56.120 AM","25.78","97.219","36.193","0.004","25.005","23.60","23.19","None"
"2025-09-01","11:42:56.371 AM","25.78","97.219","36.193","0.004","25.005","23.60","23.19","None"
"2025-09-01","11:42:56.627 AM","25.78","97.216","36.187","0.004","24.95","23.60","23.19","None"
"2025-09-01","11:42:56.877 AM","25.78","97.216","36.187","0.004","24.95","23.59","23.21","None"
"2025-09-01","11:42:57.162 AM","25.78","97.216","36.187","0.004","24.95","23.59","23.21","None"
"2025-09-01","11:42:57.395 AM","25.78","97.215","36.193","0.004","24.995","23.63","23.21","None"
"2025-09-01","11:42:57.644 AM","25.78","97.215","36.193","0.004","24.995","23.63","23.18","None"
"2025-09-01","11:42:57.897 AM","25.78","97.215","36.193","0.004","24.995","23.63","23.18","None"
"2025-09-01","11:42:58.146 AM","25.78","97.218","36.187","0.004","24.925","23.58","23.18","None"
"2025-09-01","11:42:58.391 AM","25.78","97.218","36.187","0.004","24.925","23.58","23.23","None"
"2025-09-01","11:42:58.657 AM","25.78","97.216","36.187","0.004","24.92","23.58","23.23","None"
"2025-09-01","11:42:58.891 AM","25.78","97.216","36.187","0.004","24.92","23.52","23.23","None"
"2025-09-01","11:42:59.142 AM","25.78","97.216","36.187","0.004","24.92","23.52","23.21","None"
"2025-09-01","11:42:59.396 AM","25.78","97.215","36.181","0.004","24.95","23.52","23.21","None"
"2025-09-01","11:42:59.658 AM","25.78","97.215","36.181","0.004","24.95","23.63","23.21","None"
"2025-09-01","11:42:59.905 AM","25.78","97.215","36.181","0.004","24.95","23.63","23.21","None"
"2025-09-01","11:43:00.157 AM","25.78","97.216","36.181","0.004","24.98","23.63","23.21","None"
"2025-09-01","11:43:00.414 AM","25.78","97.216","36.181","0.004","24.98","23.60","23.13","None"
"2025-09-01","11:43:00.662 AM","25.78","97.216","36.181","0.004","24.98","23.60","23.13","None"
"2025-09-01","11:43:00.911 AM","25.77","97.218","36.175","0.004","25.02","23.60","23.13","None"
"2025-09-01","11:43:01.156 AM","25.77","97.218","36.175","0.004","25.02","23.60","23.20","None"
"2025-09-01","11:43:01.441 AM","25.77","97.218","36.175","0.004","25.02","23.60","23.20","None"
"2025-09-01","11:43:01.666 AM","25.78","97.217","36.181","0.004","24.96","23.63","23.20","None"
"2025-09-01","11:43:01.951 AM","25.78","97.217","36.181","0.004","24.96","23.63","23.20","None"
"2025-09-01","11:43:02.184 AM","25.78","97.217","36.181","0.004","24.96","23.63","23.20","Compressed Air"
"2025-09-01","11:43:02.429 AM","25.78","97.22","36.187","2.207","24.92","23.60","23.20","Compressed Air"
"2025-09-01","11:43:02.679 AM","25.78","97.22","36.187","2.207","24.92","23.60","23.26","Compressed Air"
"2025-09-01","11:43:02.928 AM","25.78","97.22","36.187","2.207","24.92","23.60","23.26","Compressed Air"
"2025-09-01","11:43:03.180 AM","25.77","97.221","36.175","1.205","24.92","23.60","23.26","Compressed Air"
"2025-09-01","11:43:03.436 AM","25.77","97.221","36.175","1.205","24.92","23.60","23.16","Compressed Air"
"2025-09-01","11:43:03.683 AM","25.77","97.219","36.186","1.174","24.895","23.60","23.16","Compressed Air"
"2025-09-01","11:43:03.941 AM","25.77","97.219","36.186","1.174","24.895","23.63","23.16","Compressed Air"
"2025-09-01","11:43:04.213 AM","25.77","97.219","36.186","1.174","24.895","23.63","23.25","Compressed Air"
"2025-09-01","11:43:04.454 AM","25.77","97.222","36.18","1.17","24.925","23.63","23.25","Compressed Air"
"2025-09-01","11:43:04.702 AM","25.77","97.222","36.18","1.17","24.925","23.52","23.25","Compressed Air"
"2025-09-01","11:43:04.943 AM","25.77","97.222","36.18","1.17","24.925","23.52","23.20","Compressed Air"
"2025-09-01","11:43:05.196 AM","25.77","97.22","36.198","1.168","24.89","23.52","23.20","Compressed Air"
"2025-09-01","11:43:05.482 AM","25.77","97.22","36.198","1.168","24.89","23.77","23.18","Compressed Air"
"2025-09-01","11:43:05.704 AM","25.77","97.22","36.198","1.168","24.89","23.77","23.18","Compressed Air"
"2025-09-01","11:43:05.952 AM","25.77","97.221","36.175","1.17","24.9","23.77","23.18","Compressed Air"
"2025-09-01","11:43:06.201 AM","25.77","97.221","36.175","1.17","24.9","23.66","23.13","Compressed Air"
"2025-09-01","11:43:06.465 AM","25.77","97.221","36.175","1.17","24.9","23.66","23.13","Compressed Air"
"2025-09-01","11:43:06.720 AM","25.77","97.22","36.192","1.172","24.92","23.59","23.13","Compressed Air"
"2025-09-01","11:43:06.964 AM","25.77","97.22","36.192","1.172","24.92","23.59","23.23","Compressed Air"
"2025-09-01","11:43:07.211 AM","25.77","97.22","36.192","1.172","24.92","23.59","23.23","Compressed Air"
"2025-09-01","11:43:07.465 AM","25.77","97.22","36.18","1.17","24.86","23.59","23.23","Compressed Air"
"2025-09-01","11:43:07.716 AM","25.77","97.22","36.18","1.17","24.86","23.59","23.20","Compressed Air"
"2025-09-01","11:43:07.971 AM","25.77","97.22","36.197","1.17","24.925","23.59","23.20","Compressed Air"
"2025-09-01","11:43:08.216 AM","25.77","97.22","36.197","1.17","24.925","23.58","23.20","Compressed Air"
"2025-09-01","11:43:08.485 AM","25.77","97.22","36.197","1.17","24.925","23.58","23.21","Compressed Air"
"2025-09-01","11:43:08.735 AM","25.77","97.221","36.209","1.17","24.925","23.58","23.21","Compressed Air"
"2025-09-01","11:43:08.981 AM","25.77","97.221","36.209","1.17","24.925","23.59","23.21","Compressed Air"
"2025-09-01","11:43:09.237 AM","25.77","97.221","36.209","1.17","24.925","23.59","23.16","Compressed Air"
"2025-09-01","11:43:09.484 AM","25.77","97.221","36.203","1.17","24.895","23.59","23.16","Compressed Air"
"2025-09-01","11:43:09.765 AM","25.77","97.221","36.203","1.17","24.895","23.71","23.16","Compressed Air"
"2025-09-01","11:43:09.991 AM","25.77","97.221","36.203","1.17","24.895","23.71","23.16","Compressed Air"
"2025-09-01","11:43:10.256 AM","25.77","97.219","36.186","1.168","24.85","23.71","23.16","Compressed Air"
"2025-09-01","11:43:10.505 AM","25.77","97.219","36.186","1.168","24.85","23.47","23.19","Compressed Air"
"2025-09-01","11:43:10.750 AM","25.77","97.219","36.186","1.168","24.85","23.47","23.19","Compressed Air"
"2025-09-01","11:43:11.011 AM","25.77","97.219","36.186","1.166","24.885","23.47","23.19","Compressed Air"
"2025-09-01","11:43:11.261 AM","25.77","97.219","36.186","1.166","24.885","23.58","23.19","Compressed Air"
"2025-09-01","11:43:11.509 AM","25.77","97.219","36.186","1.166","24.885","23.58","23.19","Compressed Air"
"2025-09-01","11:43:11.758 AM","25.77","97.221","36.192","1.169","24.885","23.55","23.19","Compressed Air"
"2025-09-01","11:43:12.005 AM","25.77","97.221","36.192","1.169","24.885","23.55","23.07","Compressed Air"
"2025-09-01","11:43:12.258 AM","25.77","97.221","36.192","1.169","24.885","23.55","23.07","Compressed Air"
"2025-09-01","11:43:12.509 AM","25.77","97.221","36.204","1.166","24.87","23.63","23.07","Compressed Air"
"2025-09-01","11:43:12.760 AM","25.77","97.221","36.204","1.166","24.87","23.63","23.20","Compressed Air"
"2025-09-01","11:43:13.005 AM","25.77","97.22","36.192","1.165","24.9","23.63","23.20","Compressed Air"
"2025-09-01","11:43:13.261 AM","25.77","97.22","36.192","1.165","24.9","23.45","23.20","Compressed Air"
"2025-09-01","11:43:13.517 AM","25.77","97.22","36.192","1.165","24.9","23.45","23.23","Compressed Air"
"2025-09-01","11:43:13.787 AM","25.78","97.22","36.198","1.167","24.89","23.45","23.23","Compressed Air"
"2025-09-01","11:43:14.091 AM","25.78","97.22","36.198","1.167","24.89","23.63","23.19","Compressed Air"
"2025-09-01","11:43:14.335 AM","25.78","97.22","36.198","1.167","24.89","23.63","23.19","Compressed Air"
"2025-09-01","11:43:14.594 AM","25.77","97.219","36.187","1.168","24.86","23.63","23.19","Compressed Air"
"2025-09-01","11:43:14.846 AM","25.77","97.219","36.187","1.168","24.86","23.66","23.20","Compressed Air"
"2025-09-01","11:43:15.094 AM","25.77","97.219","36.187","1.168","24.86","23.66","23.20","Compressed Air"
"2025-09-01","11:43:15.349 AM","25.78","97.218","36.193","1.17","24.865","23.67","23.20","Compressed Air"
"2025-09-01","11:43:15.589 AM","25.78","97.218","36.193","1.17","24.865","23.67","23.28","Compressed Air"
"2025-09-01","11:43:15.841 AM","25.78","97.218","36.193","1.17","24.865","23.67","23.28","Compressed Air"
"2025-09-01","11:43:16.094 AM","25.78","97.219","36.181","1.169","24.83","23.66","23.28","Compressed Air"
"2025-09-01","11:43:16.341 AM","25.78","97.219","36.181","1.169","24.83","23.66","23.20","Compressed Air"
"2025-09-01","11:43:16.589 AM","25.77","97.219","36.181","1.169","24.83","23.66","23.20","Compressed Air"
"2025-09-01","11:43:16.845 AM","25.77","97.219","36.181","1.17","24.855","23.71","23.20","Compressed Air"
"2025-09-01","11:43:17.106 AM","25.77","97.219","36.181","1.17","24.855","23.71","23.16","Compressed Air"
"2025-09-01","11:43:17.369 AM","25.77","97.219","36.187","1.17","24.825","23.71","23.16","Compressed Air"
"2025-09-01","11:43:17.608 AM","25.77","97.219","36.187","1.17","24.825","23.52","23.16","Compressed Air"
"2025-09-01","11:43:17.879 AM","25.77","97.219","36.187","1.17","24.825","23.52","23.18","Compressed Air"
"2025-09-01","11:43:18.146 AM","25.77","97.222","36.175","1.17","24.87","23.52","23.18","Compressed Air"
"2025-09-01","11:43:18.390 AM","25.77","97.222","36.175","1.17","24.87","23.63","23.14","Compressed Air"
"2025-09-01","11:43:18.628 AM","25.77","97.222","36.175","1.17","24.87","23.63","23.14","Compressed Air"
"2025-09-01","11:43:18.878 AM","25.77","97.219","36.18","1.169","24.85","23.63","23.14","Compressed Air"
"2025-09-01","11:43:19.126 AM","25.77","97.219","36.18","1.169","24.85","23.69","23.03","Compressed Air"
"2025-09-01","11:43:19.384 AM","25.77","97.219","36.18","1.169","24.85","23.69","23.03","Compressed Air"
"2025-09-01","11:43:19.625 AM","25.77","97.219","36.18","1.172","24.845","23.69","23.03","Compressed Air"
"2025-09-01","11:43:19.881 AM","25.77","97.219","36.18","1.172","24.845","23.70","23.23","Compressed Air"
"2025-09-01","11:43:20.125 AM","25.77","97.219","36.18","1.172","24.845","23.70","23.23","Compressed Air"
"2025-09-01","11:43:20.382 AM","25.77","97.219","36.186","1.171","24.86","23.54","23.23","Compressed Air"
"2025-09-01","11:43:20.660 AM","25.77","97.219","36.186","1.171","24.86","23.54","23.19","Compressed Air"
"2025-09-01","11:43:20.917 AM","25.77","97.218","36.174","1.172","24.815","23.54","23.19","Compressed Air"
"2025-09-01","11:43:21.192 AM","25.77","97.218","36.174","1.172","24.815","23.58","23.19","Compressed Air"
"2025-09-01","11:43:21.452 AM","25.77","97.218","36.174","1.172","24.815","23.58","23.16","Compressed Air"
"2025-09-01","11:43:21.724 AM","25.76","97.219","36.174","1.17","24.86","23.58","23.16","Compressed Air"
"2025-09-01","11:43:21.990 AM","25.76","97.219","36.174","1.17","24.86","23.65","23.18","Compressed Air"
"2025-09-01","11:43:22.243 AM","25.76","97.219","36.174","1.17","24.86","23.65","23.18","Compressed Air"
"2025-09-01","11:43:22.537 AM","25.76","97.22","36.168","1.171","24.9","23.65","23.18","Compressed Air"
"2025-09-01","11:43:22.753 AM","25.76","97.22","36.168","1.171","24.9","23.63","23.14","Compressed Air"
"2025-09-01","11:43:22.998 AM","25.76","97.22","36.168","1.171","24.9","23.63","23.14","Compressed Air"
"2025-09-01","11:43:23.255 AM","25.77","97.22","36.18","1.173","24.865","23.60","23.14","Compressed Air"
"2025-09-01","11:43:23.514 AM","25.77","97.22","36.18","1.173","24.865","23.60","23.10","Compressed Air"
"2025-09-01","11:43:23.766 AM","25.77","97.22","36.18","1.173","24.865","23.60","23.10","Compressed Air"
"2025-09-01","11:43:24.017 AM","25.77","97.22","36.186","1.172","24.895","23.61","23.10","Compressed Air"
"2025-09-01","11:43:24.260 AM","25.77","97.22","36.186","1.172","24.895","23.61","23.25","Compressed Air"
"2025-09-01","11:43:24.511 AM","25.77","97.219","36.175","1.17","24.86","23.61","23.25","Compressed Air"
"2025-09-01","11:43:24.760 AM","25.77","97.219","36.175","1.17","24.86","23.56","23.25","Compressed Air"
"2025-09-01","11:43:25.012 AM","25.77","97.219","36.175","1.17","24.86","23.56","23.20","Compressed Air"
"2025-09-01","11:43:25.270 AM","25.77","97.218","36.175","1.171","24.905","23.56","23.20","Compressed Air"
"2025-09-01","11:43:25.511 AM","25.77","97.218","36.175","1.171","24.905","23.66","23.20","Compressed Air"
"2025-09-01","11:43:25.777 AM","25.77","97.218","36.175","1.171","24.905","23.66","23.09","Compressed Air"
"2025-09-01","11:43:26.026 AM","25.77","97.218","36.175","1.172","24.88","23.66","23.09","Compressed Air"
"2025-09-01","11:43:26.278 AM","25.77","97.218","36.175","1.172","24.88","23.61","23.10","Compressed Air"
"2025-09-01","11:43:26.559 AM","25.77","97.218","36.175","1.172","24.88","23.61","23.10","Compressed Air"
"2025-09-01","11:43:26.787 AM","25.77","97.219","36.163","1.172","24.86","23.61","23.10","Compressed Air"
"2025-09-01","11:43:27.054 AM","25.77","97.219","36.163","1.172","24.86","23.63","23.09","Compressed Air"
"2025-09-01","11:43:27.288 AM","25.77","97.219","36.163","1.172","24.86","23.63","23.09","Compressed Air"
"2025-09-01","11:43:27.553 AM","25.77","97.218","36.163","1.173","24.775","23.63","23.09","Compressed Air"
"2025-09-01","11:43:27.794 AM","25.77","97.218","36.163","1.173","24.775","23.63","23.19","Compressed Air"
"2025-09-01","11:43:28.046 AM","25.77","97.218","36.163","1.173","24.775","23.63","23.19","Compressed Air"
"2025-09-01","11:43:28.296 AM","25.77","97.217","36.163","1.172","24.855","23.70","23.19","Compressed Air"
"2025-09-01","11:43:28.546 AM","25.77","97.217","36.163","1.172","24.855","23.70","23.10","Compressed Air"
"2025-09-01","11:43:28.795 AM","25.77","97.217","36.163","1.172","24.855","23.70","23.10","Compressed Air"
"2025-09-01","11:43:29.050 AM","25.77","97.218","36.157","1.174","24.79","23.65","23.10","Compressed Air"
"2025-09-01","11:43:29.297 AM","25.77","97.218","36.157","1.174","24.79","23.65","23.13","Compressed Air"
"2025-09-01","11:43:29.548 AM","25.77","97.218","36.18","1.172","24.855","23.65","23.13","Compressed Air"
"2025-09-01","11:43:29.795 AM","25.77","97.218","36.18","1.172","24.855","23.63","23.13","Compressed Air"
"2025-09-01","11:43:30.047 AM","25.77","97.218","36.18","1.172","24.855","23.63","23.12","Compressed Air"
"2025-09-01","11:43:30.317 AM","25.77","97.217","36.174","1.17","24.88","23.63","23.12","Compressed Air"
"2025-09-01","11:43:30.561 AM","25.77","97.217","36.174","1.17","24.88","23.61","23.12","Compressed Air"
"2025-09-01","11:43:30.847 AM","25.77","97.217","36.174","1.17","24.88","23.61","23.23","Compressed Air"
"2025-09-01","11:43:31.086 AM","25.77","97.218","36.186","1.169","24.925","23.61","23.23","Compressed Air"
"2025-09-01","11:43:31.339 AM","25.77","97.218","36.186","1.169","24.925","23.66","23.25","Compressed Air"
"2025-09-01","11:43:31.584 AM","25.77","97.218","36.186","1.169","24.925","23.66","23.25","Compressed Air"
"2025-09-01","11:43:31.831 AM","25.76","97.217","36.18","1.17","24.86","23.66","23.25","Compressed Air"
"2025-09-01","11:43:32.089 AM","25.76","97.217","36.18","1.17","24.86","23.52","23.23","Compressed Air"
"2025-09-01","11:43:32.340 AM","25.76","97.217","36.18","1.17","24.86","23.52","23.23","Compressed Air"
"2025-09-01","11:43:32.585 AM","25.76","97.22","36.18","0","24.815","23.63","23.23","Compressed Air"
"2025-09-01","11:43:32.834 AM","25.76","97.22","36.18","0","24.815","23.63","23.16","Compressed Air"
"2025-09-01","11:43:33.086 AM","25.76","97.22","36.18","0","24.815","23.63","23.16","Compressed Air"
"2025-09-01","11:43:33.338 AM","25.77","97.216","36.186","0","24.91","23.61","23.16","Compressed Air"
"2025-09-01","11:43:33.593 AM","25.77","97.216","36.186","0","24.91","23.61","23.18","Compressed Air"
"2025-09-01","11:43:33.836 AM","25.77","97.216","36.186","0","24.91","23.61","23.18","Compressed Air"
"2025-09-01","11:43:34.085 AM","25.77","97.217","36.18","0","24.895","23.67","23.18","Compressed Air"
"2025-09-01","11:43:34.337 AM","25.77","97.217","36.18","0","24.895","23.67","23.20","None"
"2025-09-01","11:43:34.595 AM","25.77","97.213","36.18","0","24.92","23.67","23.20","None"
"2025-09-01","11:43:34.884 AM","25.77","97.213","36.18","0","24.92","23.63","23.20","None"
"2025-09-01","11:43:35.107 AM","25.77","97.213","36.18","0","24.92","23.63","23.19","None"
"2025-09-01","11:43:35.356 AM","25.77","97.215","36.168","0","24.91","23.63","23.19","None"
"2025-09-01","11:43:35.603 AM","25.77","97.215","36.168","0","24.91","23.76","23.19","None"
"2025-09-01","11:43:35.854 AM","25.77","97.215","36.168","0","24.91","23.76","23.18","None"
"2025-09-01","11:43:36.114 AM","25.76","97.215","36.18","0","24.91","23.76","23.18","None"
"2025-09-01","11:43:36.372 AM","25.76","97.215","36.18","0","24.91","23.65","23.16","None"
"2025-09-01","11:43:36.625 AM","25.76","97.215","36.18","0","24.91","23.65","23.16","None"
"2025-09-01","11:43:36.881 AM","25.76","97.215","36.168","0","24.87","23.65","23.16","None"
"2025-09-01","11:43:37.147 AM","25.76","97.215","36.168","0","24.87","23.59","23.14","None"
"2025-09-01","11:43:37.408 AM","25.76","97.215","36.168","0","24.87","23.59","23.14","None"
"2025-09-01","11:43:37.646 AM","25.76","97.213","36.185","0","24.91","23.65","23.14","None"
"2025-09-01","11:43:37.891 AM","25.76","97.213","36.185","0","24.91","23.65","23.14","None"
"2025-09-01","11:43:38.139 AM","25.76","97.213","36.185","0","24.91","23.65","23.14","None"
"2025-09-01","11:43:38.393 AM","25.76","97.214","36.191","0","24.9","23.58","23.14","None"
"2025-09-01","11:43:38.662 AM","25.76","97.214","36.191","0","24.9","23.58","23.23","Compressed Air"
"2025-09-01","11:43:38.907 AM","25.76","97.215","36.191","1.78","24.915","23.58","23.23","Compressed Air"
"2025-09-01","11:43:39.194 AM","25.76","97.215","36.191","1.78","24.915","23.60","23.23","Compressed Air"
"2025-09-01","11:43:39.414 AM","25.76","97.215","36.191","1.78","24.915","23.60","23.21","Compressed Air"
"2025-09-01","11:43:39.673 AM","25.76","97.214","36.197","1.189","24.88","23.60","23.21","Compressed Air"
"2025-09-01","11:43:39.922 AM","25.76","97.214","36.197","1.189","24.88","23.63","23.21","Compressed Air"
"2025-09-01","11:43:40.169 AM","25.76","97.214","36.197","1.189","24.88","23.63","23.08","Compressed Air"
"2025-09-01","11:43:40.432 AM","25.76","97.218","36.203","1.163","24.88","23.63","23.08","Compressed Air"
"2025-09-01","11:43:40.668 AM","25.76","97.218","36.203","1.163","24.88","23.59","23.10","Compressed Air"
"2025-09-01","11:43:40.912 AM","25.76","97.218","36.203","1.163","24.88","23.59","23.10","Compressed Air"
"2025-09-01","11:43:41.180 AM","25.76","97.217","36.209","1.163","24.87","23.59","23.10","Compressed Air"
"2025-09-01","11:43:41.435 AM","25.76","97.217","36.209","1.163","24.87","23.58","23.09","Compressed Air"
"2025-09-01","11:43:41.679 AM","25.76","97.217","36.209","1.163","24.87","23.58","23.09","Compressed Air"
"2025-09-01","11:43:41.925 AM","25.76","97.218","36.197","1.166","24.845","23.60","23.09","Compressed Air"
"2025-09-01","11:43:42.178 AM","25.76","97.218","36.197","1.166","24.845","23.60","23.21","Compressed Air"
"2025-09-01","11:43:42.426 AM","25.76","97.218","36.197","1.166","24.845","23.60","23.21","Compressed Air"
"2025-09-01","11:43:42.680 AM","25.77","97.217","36.192","1.166","24.85","23.59","23.21","Compressed Air"
"2025-09-01","11:43:42.928 AM","25.77","97.217","36.192","1.166","24.85","23.59","23.19","Compressed Air"
"2025-09-01","11:43:43.175 AM","25.77","97.217","36.192","1.166","24.85","23.59","23.19","Compressed Air"
"2025-09-01","11:43:43.471 AM","25.77","97.216","36.192","1.166","24.805","23.70","23.19","Compressed Air"
"2025-09-01","11:43:43.694 AM","25.77","97.216","36.192","1.166","24.805","23.70","23.23","Compressed Air"
"2025-09-01","11:43:43.946 AM","25.77","97.213","36.18","1.168","24.84","23.70","23.23","Compressed Air"
"2025-09-01","11:43:44.199 AM","25.77","97.213","36.18","1.168","24.84","23.63","23.23","Compressed Air"
"2025-09-01","11:43:44.447 AM","25.77","97.213","36.18","1.168","24.84","23.63","23.12","Compressed Air"
"2025-09-01","11:43:44.701 AM","25.77","97.214","36.174","1.17","24.825","23.63","23.12","Compressed Air"
"2025-09-01","11:43:44.951 AM","25.77","97.214","36.174","1.17","24.825","23.54","23.12","Compressed Air"
"2025-09-01","11:43:45.198 AM","25.77","97.214","36.174","1.17","24.825","23.54","23.14","Compressed Air"
"2025-09-01","11:43:45.448 AM","25.77","97.214","36.163","1.169","24.84","23.54","23.14","Compressed Air"
"2025-09-01","11:43:45.701 AM","25.77","97.214","36.163","1.169","24.84","23.63","23.19","Compressed Air"
"2025-09-01","11:43:45.979 AM","25.77","97.214","36.163","1.169","24.84","23.63","23.19","Compressed Air"
"2025-09-01","11:43:46.244 AM","25.77","97.214","36.14","1.167","24.79","23.55","23.19","Compressed Air"
"2025-09-01","11:43:46.490 AM","25.77","97.214","36.14","1.167","24.79","23.55","23.14","Compressed Air"
"2025-09-01","11:43:46.737 AM","25.77","97.214","36.14","1.167","24.79","23.55","23.14","Compressed Air"
"2025-09-01","11:43:46.988 AM","25.77","97.214","36.117","1.169","24.85","23.67","23.14","Compressed Air"
"2025-09-01","11:43:47.238 AM","25.77","97.214","36.117","1.169","24.85","23.67","23.16","Compressed Air"
"2025-09-01","11:43:47.532 AM","25.77","97.214","36.117","1.169","24.85","23.67","23.16","Compressed Air"
"2025-09-01","11:43:47.752 AM","25.77","97.216","36.117","1.17","24.78","23.73","23.16","Compressed Air"
"2025-09-01","11:43:48.007 AM","25.77","97.216","36.117","1.17","24.78","23.73","23.14","Compressed Air"
"2025-09-01","11:43:48.261 AM","25.77","97.218","36.112","1.17","24.85","23.73","23.14","Compressed Air"
"2025-09-01","11:43:48.521 AM","25.77","97.218","36.112","1.17","24.85","23.66","23.14","Compressed Air"
"2025-09-01","11:43:48.771 AM","25.77","97.218","36.112","1.17","24.85","23.66","23.16","Compressed Air"
"2025-09-01","11:43:49.013 AM","25.77","97.217","36.117","1.17","24.735","23.66","23.16","Compressed Air"
"2025-09-01","11:43:49.266 AM","25.77","97.217","36.117","1.17","24.735","23.67","23.16","Compressed Air"
"2025-09-01","11:43:49.512 AM","25.77","97.217","36.117","1.17","24.735","23.67","23.16","Compressed Air"
"2025-09-01","11:43:49.765 AM","25.78","97.214","36.118","1.17","24.805","23.67","23.16","Compressed Air"
"2025-09-01","11:43:50.038 AM","25.78","97.214","36.118","1.17","24.805","23.73","23.12","Compressed Air"
"2025-09-01","11:43:50.301 AM","25.78","97.214","36.118","1.17","24.805","23.73","23.12","Compressed Air"
"2025-09-01","11:43:50.534 AM","25.78","97.215","36.112","1.17","24.795","23.73","23.12","Compressed Air"
"2025-09-01","11:43:50.779 AM","25.78","97.215","36.112","1.17","24.795","23.67","23.10","Compressed Air"
"2025-09-01","11:43:51.025 AM","25.78","97.215","36.112","1.17","24.795","23.67","23.10","Compressed Air"
"2025-09-01","11:43:51.281 AM","25.78","97.214","36.112","1.17","24.84","23.63","23.10","Compressed Air"
"2025-09-01","11:43:51.530 AM","25.78","97.214","36.112","1.17","24.84","23.63","23.12","Compressed Air"
"2025-09-01","11:43:51.812 AM","25.78","97.214","36.112","1.17","24.84","23.63","23.12","Compressed Air"
"2025-09-01","11:43:52.036 AM","25.78","97.215","36.118","1.172","24.79","23.63","23.12","Compressed Air"
"2025-09-01","11:43:52.289 AM","25.78","97.215","36.118","1.172","24.79","23.63","23.16","Compressed Air"
"2025-09-01","11:43:52.535 AM","25.78","97.215","36.118","1.172","24.79","23.63","23.16","Compressed Air"
"2025-09-01","11:43:52.782 AM","25.78","97.215","36.118","1.171","24.875","23.52","23.16","Compressed Air"
"2025-09-01","11:43:53.038 AM","25.78","97.215","36.118","1.171","24.875","23.52","23.05","Compressed Air"
"2025-09-01","11:43:53.290 AM","25.78","97.218","36.118","1.171","24.82","23.52","23.05","Compressed Air"
"2025-09-01","11:43:53.533 AM","25.78","97.218","36.118","1.171","24.82","23.72","23.05","Compressed Air"
"2025-09-01","11:43:53.783 AM","25.78","97.218","36.118","1.171","24.82","23.72","23.09","Compressed Air"
"2025-09-01","11:43:54.034 AM","25.78","97.219","36.118","1.171","24.815","23.72","23.09","Compressed Air"
"2025-09-01","11:43:54.286 AM","25.78","97.219","36.118","1.171","24.815","23.66","23.09","Compressed Air"
"2025-09-01","11:43:54.552 AM","25.78","97.219","36.118","1.171","24.815","23.66","23.07","Compressed Air"
"2025-09-01","11:43:54.798 AM","25.78","97.217","36.124","1.169","24.855","23.66","23.07","Compressed Air"
"2025-09-01","11:43:55.045 AM","25.78","97.217","36.124","1.169","24.855","23.65","23.14","Compressed Air"
"2025-09-01","11:43:55.298 AM","25.78","97.217","36.124","1.169","24.855","23.65","23.14","Compressed Air"
"2025-09-01","11:43:55.546 AM","25.78","97.216","36.095","1.17","24.8","23.65","23.14","Compressed Air"
"2025-09-01","11:43:55.798 AM","25.78","97.216","36.095","1.17","24.8","23.60","23.23","Compressed Air"
"2025-09-01","11:43:56.084 AM","25.78","97.216","36.095","1.17","24.8","23.60","23.23","Compressed Air"
"2025-09-01","11:43:56.306 AM","25.79","97.217","36.084","1.171","24.785","23.60","23.23","Compressed Air"
"2025-09-01","11:43:56.553 AM","25.79","97.217","36.084","1.171","24.785","23.52","23.09","Compressed Air"
"2025-09-01","11:43:56.811 AM","25.79","97.217","36.084","1.171","24.785","23.52","23.09","Compressed Air"
"2025-09-01","11:43:57.084 AM","25.79","97.22","36.067","1.172","24.78","23.65","23.09","Compressed Air"
"2025-09-01","11:43:57.357 AM","25.79","97.22","36.067","1.172","24.78","23.65","23.12","Compressed Air"
"2025-09-01","11:43:57.598 AM","25.79","97.216","36.05","1.17","24.775","23.65","23.12","Compressed Air"
"2025-09-01","11:43:57.848 AM","25.79","97.216","36.05","1.17","24.775","23.63","23.12","Compressed Air"
"2025-09-01","11:43:58.101 AM","25.79","97.216","36.05","1.17","24.775","23.63","23.30","Compressed Air"
"2025-09-01","11:43:58.349 AM","25.79","97.217","36.032","1.173","24.82","23.63","23.30","Compressed Air"
"2025-09-01","11:43:58.602 AM","25.79","97.217","36.032","1.173","24.82","23.71","23.30","Compressed Air"
"2025-09-01","11:43:58.849 AM","25.79","97.217","36.032","1.173","24.82","23.71","23.16","Compressed Air"
"2025-09-01","11:43:59.104 AM","25.79","97.218","36.021","1.17","24.77","23.71","23.16","Compressed Air"
"2025-09-01","11:43:59.350 AM","25.79","97.218","36.021","1.17","24.77","23.70","23.16","Compressed Air"
"2025-09-01","11:43:59.601 AM","25.79","97.218","36.021","1.17","24.77","23.70","23.16","Compressed Air"
"2025-09-01","11:43:59.853 AM","25.79","97.217","35.998","1.171","24.775","23.70","23.16","Compressed Air"
"2025-09-01","11:44:00.104 AM","25.79","97.217","35.998","1.171","24.775","23.63","23.14","Compressed Air"
"2025-09-01","11:44:00.388 AM","25.79","97.217","35.998","1.171","24.775","23.63","23.14","Compressed Air"
"2025-09-01","11:44:00.606 AM","25.79","97.217","35.998","1.173","24.88","23.63","23.14","Compressed Air"
"2025-09-01","11:44:00.859 AM","25.79","97.217","35.998","1.173","24.88","23.80","23.18","Compressed Air"
"2025-09-01","11:44:01.122 AM","25.79","97.217","35.998","1.173","24.88","23.80","23.18","Compressed Air"
"2025-09-01","11:44:01.377 AM","25.79","97.217","35.993","1.172","24.835","23.69","23.18","Compressed Air"
"2025-09-01","11:44:01.634 AM","25.79","97.217","35.993","1.172","24.835","23.69","23.28","Compressed Air"
"2025-09-01","11:44:01.879 AM","25.79","97.217","35.993","1.172","24.835","23.69","23.28","Compressed Air"
"2025-09-01","11:44:02.146 AM","25.79","97.216","36.004","1.171","24.825","23.61","23.28","Compressed Air"
"2025-09-01","11:44:02.378 AM","25.79","97.216","36.004","1.171","24.825","23.61","23.07","Compressed Air"
"2025-09-01","11:44:02.644 AM","25.79","97.212","35.998","1.173","24.825","23.61","23.07","Compressed Air"
"2025-09-01","11:44:02.884 AM","25.79","97.212","35.998","1.173","24.825","23.71","23.07","Compressed Air"
"2025-09-01","11:44:03.148 AM","25.79","97.212","35.998","1.173","24.825","23.71","23.25","Compressed Air"
"2025-09-01","11:44:03.389 AM","25.8","97.214","36.004","1.171","24.815","23.71","23.25","Compressed Air"
"2025-09-01","11:44:03.636 AM","25.8","97.214","36.004","1.171","24.815","23.80","23.25","Compressed Air"
"2025-09-01","11:44:03.886 AM","25.8","97.214","36.004","1.171","24.815","23.80","23.21","Compressed Air"
"2025-09-01","11:44:04.138 AM","25.8","97.213","36.027","1.173","24.815","23.80","23.21","Compressed Air"
"2025-09-01","11:44:04.387 AM","25.8","97.213","36.027","1.173","24.815","23.69","23.23","Compressed Air"
"2025-09-01","11:44:04.677 AM","25.8","97.213","36.027","1.173","24.815","23.69","23.23","Compressed Air"
"2025-09-01","11:44:04.892 AM","25.8","97.211","36.016","1.173","24.86","23.69","23.23","Compressed Air"
"2025-09-01","11:44:05.143 AM","25.8","97.211","36.016","1.173","24.86","23.67","23.09","Compressed Air"
"2025-09-01","11:44:05.391 AM","25.8","97.211","36.016","1.173","24.86","23.67","23.09","Compressed Air"
"2025-09-01","11:44:05.640 AM","25.8","97.213","36.039","1.173","24.73","23.67","23.09","Compressed Air"
"2025-09-01","11:44:05.896 AM","25.8","97.213","36.039","1.173","24.73","23.63","22.99","Compressed Air"
"2025-09-01","11:44:06.142 AM","25.8","97.213","36.039","1.173","24.73","23.63","22.99","Compressed Air"
"2025-09-01","11:44:06.391 AM","25.8","97.214","36.039","1.172","24.88","23.67","22.99","Compressed Air"
"2025-09-01","11:44:06.647 AM","25.8","97.214","36.039","1.172","24.88","23.67","23.16","Compressed Air"
"2025-09-01","11:44:06.896 AM","25.8","97.214","36.039","1.172","24.88","23.67","23.16","Compressed Air"
"2025-09-01","11:44:07.151 AM","25.8","97.216","36.045","1.174","24.83","23.69","23.16","Compressed Air"
"2025-09-01","11:44:07.415 AM","25.8","97.216","36.045","1.174","24.83","23.69","23.16","Compressed Air"
"2025-09-01","11:44:07.648 AM","25.81","97.216","36.051","1.174","24.815","23.69","23.16","Compressed Air"
"2025-09-01","11:44:07.910 AM","25.81","97.216","36.051","1.174","24.815","23.69","23.16","Compressed Air"
"2025-09-01","11:44:08.148 AM","25.81","97.216","36.051","1.174","24.815","23.69","23.25","Compressed Air"
"2025-09-01","11:44:08.409 AM","25.81","97.216","36.046","1.172","24.855","23.69","23.25","Compressed Air"
"2025-09-01","11:44:08.654 AM","25.81","97.216","36.046","1.172","24.855","23.84","23.25","Compressed Air"
"2025-09-01","11:44:08.940 AM","25.81","97.216","36.046","1.172","24.855","23.84","23.10","Compressed Air"
"2025-09-01","11:44:09.163 AM","25.81","97.214","36.051","0","24.84","23.84","23.10","Compressed Air"
"2025-09-01","11:44:09.434 AM","25.81","97.214","36.051","0","24.84","23.66","23.16","Compressed Air"
"2025-09-01","11:44:09.684 AM","25.81","97.214","36.051","0","24.84","23.66","23.16","Compressed Air"
"2025-09-01","11:44:09.933 AM","25.8","97.215","36.068","0","24.815","23.66","23.16","Compressed Air"
"2025-09-01","11:44:10.186 AM","25.8","97.215","36.068","0","24.815","23.70","23.20","Compressed Air"
"2025-09-01","11:44:10.453 AM","25.8","97.215","36.068","0","24.815","23.70","23.20","Compressed Air"
"2025-09-01","11:44:10.688 AM","25.8","97.213","36.062","0","24.815","23.63","23.20","Compressed Air"
"2025-09-01","11:44:10.958 AM","25.8","97.213","36.062","0","24.815","23.63","23.19","None"
"2025-09-01","11:44:11.207 AM","25.8","97.213","36.062","0","24.815","23.63","23.19","None"
"2025-09-01","11:44:11.449 AM","25.8","97.213","36.062","0","24.855","23.66","23.19","None"
"2025-09-01","11:44:11.700 AM","25.8","97.213","36.062","0","24.855","23.66","23.18","None"
"2025-09-01","11:44:11.958 AM","25.8","97.213","36.085","0","24.87","23.66","23.18","None"
"2025-09-01","11:44:12.219 AM","25.8","97.213","36.085","0","24.87","23.70","23.18","None"
"2025-09-01","11:44:12.464 AM","25.8","97.213","36.085","0","24.87","23.70","23.16","None"
"2025-09-01","11:44:12.715 AM","25.8","97.217","36.073","0","24.9","23.70","23.16","None"
"2025-09-01","11:44:12.962 AM","25.8","97.217","36.073","0","24.9","23.73","23.16","None"
"2025-09-01","11:44:13.261 AM","25.8","97.217","36.073","0","24.9","23.73","23.13","None"
"2025-09-01","11:44:13.489 AM","25.8","97.215","36.091","0","24.855","23.73","23.13","None"
"2025-09-01","11:44:13.751 AM","25.8","97.215","36.091","0","24.855","23.67","23.16","None"
"2025-09-01","11:44:14.005 AM","25.8","97.215","36.091","0","24.855","23.67","23.16","None"
"2025-09-01","11:44:14.253 AM","25.8","97.215","36.091","0","24.825","23.67","23.16","None"
"2025-09-01","11:44:14.522 AM","25.8","97.215","36.091","0","24.825","23.66","23.08","None"
"2025-09-01","11:44:14.753 AM","25.8","97.215","36.091","0","24.825","23.66","23.08","None"
"2025-09-01","11:44:15.024 AM","25.8","97.213","36.108","0","24.88","23.66","23.08","None"
"2025-09-01","11:44:15.266 AM","25.8","97.213","36.108","0","24.88","23.66","23.27","None"
"2025-09-01","11:44:15.517 AM","25.8","97.213","36.108","0","24.88","23.66","23.27","None"
"2025-09-01","11:44:15.763 AM","25.8","97.212","36.103","0","24.865","23.74","23.27","None"
"2025-09-01","11:44:16.019 AM","25.8","97.212","36.103","0","24.865","23.74","23.13","None"
"2025-09-01","11:44:16.265 AM","25.8","97.211","36.126","0","24.86","23.74","23.13","None"
"2025-09-01","11:44:16.524 AM","25.8","97.211","36.126","0","24.86","23.73","23.13","None"
"2025-09-01","11:44:16.786 AM","25.8","97.211","36.126","0","24.86","23.73","23.16","None"
"2025-09-01","11:44:17.034 AM","25.8","97.21","36.12","0","24.87","23.73","23.16","None"
"2025-09-01","11:44:17.284 AM","25.8","97.21","36.12","0","24.87","23.69","23.16","None"
"2025-09-01","11:44:17.569 AM","25.8","97.21","36.12","0","24.87","23.69","23.14","None"
"2025-09-01","11:44:17.790 AM","25.81","97.212","36.121","0","24.835","23.69","23.14","None"
"2025-09-01","11:44:18.042 AM","25.81","97.212","36.121","0","24.835","23.72","23.14","None"
"2025-09-01","11:44:18.291 AM","25.81","97.212","36.121","0","24.835","23.72","23.12","None"
"2025-09-01","11:44:18.536 AM","25.81","97.211","36.115","0","24.9","23.72","23.12","None"
"2025-09-01","11:44:18.790 AM","25.81","97.211","36.115","0","24.9","23.61","23.13","None"
"2025-09-01","11:44:19.035 AM","25.81","97.211","36.115","0","24.9","23.61","23.13","None"
"2025-09-01","11:44:19.290 AM","25.8","97.21","36.126","0","24.88","23.61","23.13","None"
"2025-09-01","11:44:19.564 AM","25.8","97.21","36.126","0","24.88","23.71","23.25","None"
"2025-09-01","11:44:19.798 AM","25.8","97.21","36.126","0","24.88","23.71","23.25","None"
"2025-09-01","11:44:20.056 AM","25.8","97.211","36.114","0","24.92","23.67","23.25","None"
"2025-09-01","11:44:20.309 AM","25.8","97.211","36.114","0","24.92","23.67","23.16","None"
"2025-09-01","11:44:20.555 AM","25.8","97.211","36.114","0","24.92","23.67","23.16","None"
"2025-09-01","11:44:20.807 AM","25.8","97.212","36.126","0","24.855","23.60","23.16","None"
"2025-09-01","11:44:21.069 AM","25.8","97.212","36.126","0","24.855","23.60","23.13","None"
"2025-09-01","11:44:21.320 AM","25.8","97.209","36.143","0","24.895","23.60","23.13","None"
"2025-09-01","11:44:21.567 AM","25.8","97.209","36.143","0","24.895","23.72","23.13","None"
"2025-09-01","11:44:21.872 AM","25.8","97.209","36.143","0","24.895","23.72","23.19","None"
"2025-09-01","11:44:22.094 AM","25.8","97.207","36.138","0","24.88","23.72","23.19","None"
"2025-09-01","11:44:22.341 AM","25.8","97.207","36.138","0","24.88","23.66","23.19","None"
"2025-09-01","11:44:22.596 AM","25.8","97.207","36.138","0","24.88","23.66","23.20","None"
"2025-09-01","11:44:22.838 AM","25.8","97.21","36.132","0","24.87","23.66","23.20","None"
"2025-09-01","11:44:23.090 AM","25.8","97.21","36.132","0","24.87","23.63","23.16","None"
"2025-09-01","11:44:23.344 AM","25.8","97.21","36.132","0","24.87","23.63","23.16","None"
"2025-09-01","11:44:23.589 AM","25.8","97.212","36.138","0","24.84","23.63","23.16","None"
"2025-09-01","11:44:23.846 AM","25.8","97.212","36.138","0","24.84","23.69","23.18","None"
"2025-09-01","11:44:24.100 AM","25.8","97.212","36.138","0","24.84","23.69","23.18","None"
"2025-09-01","11:44:24.359 AM","25.8","97.215","36.126","0","24.885","23.65","23.18","None"
"2025-09-01","11:44:24.605 AM","25.8","97.215","36.126","0","24.885","23.65","23.25","None"
"2025-09-01","11:44:24.856 AM","25.8","97.215","36.126","0","24.885","23.65","23.25","None"
"2025-09-01","11:44:25.110 AM","25.8","97.21","36.149","0","24.93","23.69","23.25","None"
"2025-09-01","11:44:25.354 AM","25.8","97.21","36.149","0","24.93","23.69","23.20","None"
"2025-09-01","11:44:25.605 AM","25.8","97.21","36.149","0","24.93","23.69","23.20","None"
"2025-09-01","11:44:25.899 AM","25.8","97.211","36.149","0","24.9","23.72","23.20","None"
"2025-09-01","11:44:26.113 AM","25.8","97.211","36.149","0","24.9","23.72","23.16","None"
"2025-09-01","11:44:26.364 AM","25.81","97.21","36.144","0","24.92","23.72","23.16","None"
"2025-09-01","11:44:26.615 AM","25.81","97.21","36.144","0","24.92","23.77","23.16","None"
"2025-09-01","11:44:26.862 AM","25.81","97.21","36.144","0","24.92","23.77","23.18","None"
"2025-09-01","11:44:27.133 AM","25.8","97.21","36.149","0","24.89","23.77","23.18","None"
"2025-09-01","11:44:27.366 AM","25.8","97.21","36.149","0","24.89","23.63","23.18","None"
"2025-09-01","11:44:27.636 AM","25.8","97.21","36.149","0","24.89","23.63","23.23","None"
"2025-09-01","11:44:27.881 AM","25.8","97.211","36.143","0","24.88","23.63","23.23","None"
"2025-09-01","11:44:28.129 AM","25.8","97.211","36.143","0","24.88","23.63","23.16","None"
"2025-09-01","11:44:28.382 AM","25.8","97.211","36.143","0","24.88","23.63","23.16","None"
"2025-09-01","11:44:28.641 AM","25.8","97.212","36.137","0","24.855","23.63","23.16","None"
"2025-09-01","11:44:28.907 AM","25.8","97.212","36.137","0","24.855","23.63","23.20","None"
"2025-09-01","11:44:29.137 AM","25.8","97.212","36.137","0","24.855","23.63","23.20","None"
"2025-09-01","11:44:29.389 AM","25.8","97.209","36.137","0","24.92","23.73","23.20","None"
"2025-09-01","11:44:29.649 AM","25.8","97.209","36.137","0","24.92","23.73","23.16","None"
"2025-09-01","11:44:29.896 AM","25.8","97.209","36.137","0","24.92","23.73","23.16","None"
"2025-09-01","11:44:30.178 AM","25.8","97.211","36.155","0","24.9","23.63","23.16","None"
"2025-09-01","11:44:30.415 AM","25.8","97.211","36.155","0","24.9","23.63","23.14","None"
"2025-09-01","11:44:30.659 AM","25.8","97.211","36.143","0","24.895","23.63","23.14","None"
"2025-09-01","11:44:30.913 AM","25.8","97.211","36.143","0","24.895","23.67","23.14","None"
"2025-09-01","11:44:31.159 AM","25.8","97.211","36.143","0","24.895","23.67","23.19","None"
"2025-09-01","11:44:31.422 AM","25.8","97.21","36.126","0","24.955","23.67","23.19","None"
"2025-09-01","11:44:31.658 AM","25.8","97.21","36.126","0","24.955","23.69","23.19","None"
"2025-09-01","11:44:31.918 AM","25.8","97.21","36.126","0","24.955","23.69","23.19","None"
"2025-09-01","11:44:32.165 AM","25.8","97.214","36.149","0","24.915","23.69","23.19","None"
"2025-09-01","11:44:32.411 AM","25.8","97.214","36.149","0","24.915","23.67","23.19","None"
"2025-09-01","11:44:32.668 AM","25.8","97.214","36.149","0","24.915","23.67","23.26","None"
"2025-09-01","11:44:32.929 AM","25.8","97.215","36.149","0","24.925","23.67","23.26","None"
"2025-09-01","11:44:33.173 AM","25.8","97.215","36.149","0","24.925","23.74","23.14","None"
"2025-09-01","11:44:33.424 AM","25.8","97.215","36.149","0","24.925","23.74","23.14","None"
"2025-09-01","11:44:33.674 AM","25.8","97.215","36.143","0","24.94","23.74","23.14","None"
"2025-09-01","11:44:33.935 AM","25.8","97.215","36.143","0","24.94","23.71","23.12","None"
"2025-09-01","11:44:34.180 AM","25.8","97.215","36.143","0","24.94","23.71","23.12","None"
"2025-09-01","11:44:34.465 AM","25.81","97.214","36.138","0","24.845","23.71","23.12","None"
"2025-09-01","11:44:34.683 AM","25.81","97.214","36.138","0","24.845","23.71","23.09","None"
"2025-09-01","11:44:34.934 AM","25.81","97.214","36.138","0","24.845","23.71","23.09","None"
"2025-09-01","11:44:35.181 AM","25.81","97.215","36.138","0","24.87","23.70","23.09","None"
"2025-09-01","11:44:35.434 AM","25.81","97.215","36.138","0","24.87","23.70","23.16","None"
"2025-09-01","11:44:35.688 AM","25.8","97.218","36.143","0","24.92","23.70","23.16","None"
"2025-09-01","11:44:35.942 AM","25.8","97.218","36.143","0","24.92","23.73","23.16","None"
"2025-09-01","11:44:36.180 AM","25.8","97.218","36.143","0","24.92","23.73","23.12","None"
"2025-09-01","11:44:36.435 AM","25.8","97.22","36.155","0","24.83","23.73","23.12","None"
"2025-09-01","11:44:36.710 AM","25.8","97.22","36.155","0","24.83","23.67","23.12","None"
"2025-09-01","11:44:36.987 AM","25.8","97.22","36.155","0","24.83","23.67","23.16","None"
"2025-09-01","11:44:37.234 AM","25.8","97.221","36.143","0","24.84","23.67","23.16","None"
"2025-09-01","11:44:37.484 AM","25.8","97.221","36.143","0","24.84","23.77","23.18","None"
"2025-09-01","11:44:37.730 AM","25.8","97.221","36.143","0","24.84","23.77","23.18","None"
"2025-09-01","11:44:37.984 AM","25.8","97.223","36.138","0","24.9","23.77","23.18","None"
"2025-09-01","11:44:38.234 AM","25.8","97.223","36.138","0","24.9","23.72","23.23","None"
"2025-09-01","11:44:38.514 AM","25.8","97.223","36.138","0","24.9","23.72","23.23","None"
"2025-09-01","11:44:38.735 AM","25.81","97.222","36.149","0","24.92","23.66","23.23","None"
"2025-09-01","11:44:38.985 AM","25.81","97.222","36.149","0","24.92","23.66","23.09","None"
"2025-09-01","11:44:39.236 AM","25.81","97.222","36.149","0","24.92","23.66","23.09","None"
"2025-09-01","11:44:39.484 AM","25.81","97.219","36.144","0","24.905","23.63","23.09","None"
"2025-09-01","11:44:39.739 AM","25.81","97.219","36.144","0","24.905","23.63","23.23","None"
"2025-09-01","11:44:39.996 AM","25.81","97.218","36.144","0","24.905","23.63","23.23","None"
"2025-09-01","11:44:40.243 AM","25.81","97.218","36.144","0","24.95","23.71","23.23","None"
"2025-09-01","11:44:40.517 AM","25.81","97.218","36.144","0","24.95","23.71","23.16","None"
"2025-09-01","11:44:40.771 AM","25.81","97.22","36.155","0","24.9","23.71","23.16","None"
"2025-09-01","11:44:41.050 AM","25.81","97.22","36.155","0","24.9","23.76","23.13","None"
"2025-09-01","11:44:41.307 AM","25.81","97.22","36.155","0","24.9","23.76","23.13","None"
"2025-09-01","11:44:41.582 AM","25.81","97.218","36.132","0","24.925","23.76","23.13","None"
"2025-09-01","11:44:41.850 AM","25.81","97.218","36.132","0","24.925","23.71","23.30","None"
"2025-09-01","11:44:42.117 AM","25.81","97.218","36.132","0","24.925","23.71","23.30","None"
"2025-09-01","11:44:42.393 AM","25.81","97.215","36.138","0","24.94","23.70","23.30","None"
"2025-09-01","11:44:42.636 AM","25.81","97.215","36.138","0","24.94","23.70","23.20","None"
"2025-09-01","11:44:42.916 AM","25.81","97.221","36.144","0","24.915","23.70","23.20","None"
"2025-09-01","11:44:43.142 AM","25.81","97.221","36.144","0","24.915","23.77","23.20","None"
"2025-09-01","11:44:43.414 AM","25.81","97.221","36.144","0","24.915","23.77","23.23","None"
"2025-09-01","11:44:43.643 AM","25.8","97.217","36.149","0","24.91","23.77","23.23","None"
"2025-09-01","11:44:43.906 AM","25.8","97.217","36.149","0","24.91","23.70","23.23","None"
"2025-09-01","11:44:44.158 AM","25.8","97.217","36.149","0","24.91","23.70","23.20","None"
"2025-09-01","11:44:44.415 AM","25.8","97.217","36.149","0","24.97","23.70","23.20","None"
"2025-09-01","11:44:44.656 AM","25.8","97.217","36.149","0","24.97","23.63","23.23","None"
"2025-09-01","11:44:44.913 AM","25.8","97.217","36.149","0","24.97","23.63","23.23","None"
"2025-09-01","11:44:45.173 AM","25.8","97.218","36.143","0","24.835","23.63","23.23","None"
"2025-09-01","11:44:45.418 AM","25.8","97.218","36.143","0","24.835","23.67","23.14","None"
"2025-09-01","11:44:45.671 AM","25.8","97.218","36.143","0","24.835","23.67","23.14","None"
"2025-09-01","11:44:45.921 AM","25.8","97.221","36.155","0","24.96","23.69","23.14","None"
"2025-09-01","11:44:46.171 AM","25.8","97.221","36.155","0","24.96","23.69","23.25","None"
"2025-09-01","11:44:46.418 AM","25.8","97.221","36.155","0","24.96","23.69","23.25","None"
"2025-09-01","11:44:46.671 AM","25.8","97.221","36.161","0","24.93","23.72","23.25","None"
"2025-09-01","11:44:46.931 AM","25.8","97.221","36.161","0","24.93","23.72","23.19","None"
"2025-09-01","11:44:47.201 AM","25.8","97.221","36.161","0","24.93","23.72","23.19","None"
"2025-09-01","11:44:47.440 AM","25.8","97.214","36.138","0","24.885","23.70","23.19","None"
"2025-09-01","11:44:47.701 AM","25.8","97.214","36.138","0","24.885","23.70","23.14","None"
"2025-09-01","11:44:47.942 AM","25.81","97.212","36.161","0","24.935","23.70","23.14","None"
"2025-09-01","11:44:48.197 AM","25.81","97.212","36.161","0","24.935","23.69","23.14","None"
"2025-09-01","11:44:48.453 AM","25.81","97.212","36.161","0","24.935","23.69","23.21","None"
"2025-09-01","11:44:48.693 AM","25.81","97.21","36.138","0","24.855","23.69","23.21","None"
"2025-09-01","11:44:48.942 AM","25.81","97.21","36.138","0","24.855","23.77","23.21","None"
"2025-09-01","11:44:49.188 AM","25.81","97.21","36.138","0","24.855","23.77","23.13","Argon"
"2025-09-01","11:44:49.440 AM","25.81","97.214","36.155","0.666","24.965","23.77","23.13","Argon"
"2025-09-01","11:44:49.693 AM","25.81","97.214","36.155","0.666","24.965","23.66","23.10","Argon"
"2025-09-01","11:44:49.942 AM","25.81","97.214","36.155","0.666","24.965","23.66","23.10","Argon"
"2025-09-01","11:44:50.190 AM","25.81","97.214","36.15","0.399","24.915","23.66","23.10","Argon"
"2025-09-01","11:44:50.445 AM","25.81","97.214","36.15","0.399","24.915","23.77","23.18","Argon"
"2025-09-01","11:44:50.713 AM","25.81","97.214","36.15","0.399","24.915","23.77","23.18","Argon"
"2025-09-01","11:44:50.949 AM","25.81","97.212","36.138","0.393","24.905","23.77","23.18","Argon"
"2025-09-01","11:44:51.245 AM","25.81","97.212","36.138","0.393","24.905","23.73","23.18","Argon"
"2025-09-01","11:44:51.462 AM","25.81","97.212","36.138","0.393","24.905","23.73","23.18","Argon"
"2025-09-01","11:44:51.728 AM","25.81","97.209","36.15","0.39","24.905","23.72","23.18","Argon"
"2025-09-01","11:44:51.977 AM","25.81","97.209","36.15","0.39","24.905","23.72","23.21","Argon"
"2025-09-01","11:44:52.225 AM","25.81","97.213","36.138","0.388","24.975","23.72","23.21","Argon"
"2025-09-01","11:44:52.483 AM","25.81","97.213","36.138","0.388","24.975","23.66","23.21","Argon"
"2025-09-01","11:44:52.723 AM","25.81","97.213","36.138","0.388","24.975","23.66","23.14","Argon"
"2025-09-01","11:44:52.976 AM","25.81","97.211","36.133","0.386","24.9","23.66","23.14","Argon"
"2025-09-01","11:44:53.281 AM","25.81","97.211","36.133","0.386","24.9","23.74","23.14","Argon"
"2025-09-01","11:44:53.482 AM","25.81","97.211","36.133","0.386","24.9","23.74","23.16","Argon"
"2025-09-01","11:44:53.728 AM","25.81","97.211","36.133","0.384","24.9","23.74","23.16","Argon"
"2025-09-01","11:44:53.979 AM","25.81","97.211","36.133","0.384","24.9","23.72","23.16","Argon"
"2025-09-01","11:44:54.247 AM","25.81","97.211","36.133","0.384","24.9","23.72","23.25","Argon"
"2025-09-01","11:44:54.493 AM","25.81","97.213","36.139","0.383","24.835","23.72","23.25","Argon"
"2025-09-01","11:44:54.739 AM","25.81","97.213","36.139","0.383","24.835","23.69","23.21","Argon"
"2025-09-01","11:44:54.988 AM","25.81","97.213","36.139","0.383","24.835","23.69","23.21","Argon"
"2025-09-01","11:44:55.240 AM","25.81","97.214","36.139","0.381","24.865","23.69","23.21","Argon"
"2025-09-01","11:44:55.542 AM","25.81","97.214","36.139","0.381","24.865","23.58","23.12","Argon"
"2025-09-01","11:44:55.760 AM","25.81","97.214","36.139","0.381","24.865","23.58","23.12","Argon"
"2025-09-01","11:44:56.011 AM","25.81","97.211","36.144","0.38","24.885","23.66","23.12","Argon"
"2025-09-01","11:44:56.263 AM","25.81","97.211","36.144","0.38","24.885","23.66","23.16","Argon"
"2025-09-01","11:44:56.514 AM","25.81","97.211","36.144","0.38","24.885","23.66","23.16","Argon"
"2025-09-01","11:44:56.766 AM","25.81","97.213","36.144","0.379","24.95","23.66","23.16","Argon"
"2025-09-01","11:44:57.010 AM","25.81","97.213","36.144","0.379","24.95","23.66","23.16","Argon"
"2025-09-01","11:44:57.260 AM","25.81","97.21","36.133","0.378","24.95","23.66","23.16","Argon"
"2025-09-01","11:44:57.516 AM","25.81","97.21","36.133","0.378","24.95","23.61","23.16","Argon"
"2025-09-01","11:44:57.766 AM","25.81","97.21","36.133","0.378","24.95","23.61","23.08","Argon"
"2025-09-01","11:44:58.019 AM","25.81","97.211","36.121","0.376","24.855","23.61","23.08","Argon"
"2025-09-01","11:44:58.274 AM","25.81","97.211","36.121","0.376","24.855","23.76","23.08","Argon"
"2025-09-01","11:44:58.523 AM","25.81","97.211","36.121","0.376","24.855","23.76","23.16","Argon"
"2025-09-01","11:44:58.773 AM","25.82","97.211","36.121","0.375","24.86","23.76","23.16","Argon"
"2025-09-01","11:44:59.024 AM","25.82","97.211","36.121","0.375","24.86","23.66","23.19","Argon"
"2025-09-01","11:44:59.280 AM","25.82","97.211","36.121","0.375","24.86","23.66","23.19","Argon"
"2025-09-01","11:44:59.525 AM","25.82","97.212","36.122","0.374","24.875","23.66","23.19","Argon"
"2025-09-01","11:44:59.810 AM","25.82","97.212","36.122","0.374","24.875","23.66","23.16","Argon"
"2025-09-01","11:45:00.033 AM","25.82","97.212","36.122","0.374","24.875","23.66","23.16","Argon"
"2025-09-01","11:45:00.294 AM","25.82","97.213","36.127","0.373","24.86","23.66","23.16","Argon"
"2025-09-01","11:45:00.545 AM","25.82","97.213","36.127","0.373","24.86","23.56","23.13","Argon"
"2025-09-01","11:45:00.793 AM","25.82","97.213","36.127","0.373","24.86","23.56","23.13","Argon"
"2025-09-01","11:45:01.047 AM","25.82","97.213","36.122","0.373","25.01","23.60","23.13","Argon"
"2025-09-01","11:45:01.293 AM","25.82","97.213","36.122","0.373","25.01","23.60","23.16","Argon"
"2025-09-01","11:45:01.545 AM","25.82","97.213","36.122","0.373","25.01","23.60","23.16","Argon"
"2025-09-01","11:45:01.799 AM","25.82","97.213","36.128","0.372","24.92","23.70","23.16","Argon"
"2025-09-01","11:45:02.050 AM","25.82","97.213","36.128","0.372","24.92","23.70","23.14","Argon"
"2025-09-01","11:45:02.295 AM","25.82","97.213","36.116","0.371","24.89","23.70","23.14","Argon"
"2025-09-01","11:45:02.554 AM","25.82","97.213","36.116","0.371","24.89","23.70","23.14","Argon"
"2025-09-01","11:45:02.811 AM","25.82","97.213","36.116","0.371","24.89","23.70","23.20","Argon"
"2025-09-01","11:45:03.064 AM","25.82","97.211","36.139","0.371","24.895","23.70","23.20","Argon"
"2025-09-01","11:45:03.315 AM","25.82","97.211","36.139","0.371","24.895","23.82","23.20","Argon"
"2025-09-01","11:45:03.558 AM","25.82","97.211","36.139","0.371","24.895","23.82","23.08","Argon"
"2025-09-01","11:45:03.844 AM","25.82","97.213","36.122","0.37","24.9","23.82","23.08","Argon"
"2025-09-01","11:45:04.068 AM","25.82","97.213","36.122","0.37","24.9","23.63","23.18","Argon"
"2025-09-01","11:45:04.326 AM","25.82","97.213","36.122","0.37","24.9","23.63","23.18","Argon"
"2025-09-01","11:45:04.584 AM","25.82","97.211","36.116","0.369","24.9","23.63","23.18","Argon"
"2025-09-01","11:45:04.829 AM","25.82","97.211","36.116","0.369","24.9","23.63","23.21","Argon"
"2025-09-01","11:45:05.082 AM","25.82","97.211","36.116","0.369","24.9","23.63","23.21","Argon"
"2025-09-01","11:45:05.331 AM","25.82","97.211","36.11","0.369","24.915","23.73","23.21","Argon"
"2025-09-01","11:45:05.581 AM","25.82","97.211","36.11","0.369","24.915","23.73","23.32","Argon"
"2025-09-01","11:45:05.833 AM","25.82","97.211","36.11","0.369","24.915","23.73","23.32","Argon"
"2025-09-01","11:45:06.087 AM","25.82","97.212","36.116","0.369","24.875","23.71","23.32","Argon"
"2025-09-01","11:45:06.341 AM","25.82","97.212","36.116","0.369","24.875","23.71","23.21","Argon"
"2025-09-01","11:45:06.592 AM","25.82","97.212","36.116","0.369","24.875","23.71","23.21","Argon"
"2025-09-01","11:45:06.848 AM","25.82","97.211","36.127","0.368","24.9","23.65","23.21","Argon"
"2025-09-01","11:45:07.096 AM","25.82","97.211","36.127","0.368","24.9","23.65","23.25","Argon"
"2025-09-01","11:45:07.347 AM","25.82","97.212","36.122","0.368","24.94","23.65","23.25","Argon"
"2025-09-01","11:45:07.596 AM","25.82","97.212","36.122","0.368","24.94","23.76","23.25","Argon"
"2025-09-01","11:45:07.850 AM","25.82","97.212","36.122","0.368","24.94","23.76","23.13","Argon"
"2025-09-01","11:45:08.134 AM","25.82","97.214","36.133","0.367","24.875","23.76","23.13","Argon"
"2025-09-01","11:45:08.357 AM","25.82","97.214","36.133","0.367","24.875","23.73","23.13","Argon"
"2025-09-01","11:45:08.607 AM","25.82","97.214","36.133","0.367","24.875","23.73","23.08","Argon"
"2025-09-01","11:45:08.858 AM","25.82","97.213","36.122","0.366","24.905","23.73","23.08","Argon"
"2025-09-01","11:45:09.118 AM","25.82","97.213","36.122","0.366","24.905","23.70","23.25","Argon"
"2025-09-01","11:45:09.374 AM","25.82","97.213","36.122","0.366","24.905","23.70","23.25","Argon"
"2025-09-01","11:45:09.624 AM","25.81","97.212","36.127","0.366","24.86","23.70","23.25","Argon"
"2025-09-01","11:45:09.868 AM","25.81","97.212","36.127","0.366","24.86","23.65","23.09","Argon"
"2025-09-01","11:45:10.122 AM","25.81","97.212","36.127","0.366","24.86","23.65","23.09","Argon"
"2025-09-01","11:45:10.374 AM","25.81","97.209","36.127","0.366","24.9","23.71","23.09","Argon"
"2025-09-01","11:45:10.623 AM","25.81","97.209","36.127","0.366","24.9","23.71","23.07","Argon"
"2025-09-01","11:45:10.882 AM","25.81","97.209","36.127","0.366","24.9","23.71","23.07","Argon"
"2025-09-01","11:45:11.123 AM","25.82","97.211","36.133","0.365","24.88","23.70","23.07","Argon"
"2025-09-01","11:45:11.383 AM","25.82","97.211","36.133","0.365","24.88","23.70","23.21","Argon"
"2025-09-01","11:45:11.629 AM","25.82","97.207","36.128","0.365","24.875","23.70","23.21","Argon"
"2025-09-01","11:45:11.900 AM","25.82","97.207","36.128","0.365","24.875","23.74","23.21","Argon"
"2025-09-01","11:45:12.153 AM","25.82","97.207","36.128","0.365","24.875","23.74","23.23","Argon"
"2025-09-01","11:45:12.435 AM","25.82","97.212","36.134","0.364","24.79","23.74","23.23","Argon"
"2025-09-01","11:45:12.678 AM","25.82","97.212","36.134","0.364","24.79","23.70","23.23","Argon"
"2025-09-01","11:45:12.939 AM","25.82","97.212","36.134","0.364","24.79","23.70","23.16","Argon"
"2025-09-01","11:45:13.191 AM","25.82","97.212","36.122","0.364","24.87","23.70","23.16","Argon"
"2025-09-01","11:45:13.440 AM","25.82","97.212","36.122","0.364","24.87","23.76","23.25","Argon"
"2025-09-01","11:45:13.696 AM","25.82","97.212","36.122","0.364","24.87","23.76","23.25","Argon"
"2025-09-01","11:45:13.939 AM","25.82","97.211","36.122","0.364","24.95","23.76","23.25","Argon"
"2025-09-01","11:45:14.190 AM","25.82","97.211","36.122","0.364","24.95","23.66","23.26","Argon"
"2025-09-01","11:45:14.441 AM","25.82","97.211","36.122","0.364","24.95","23.66","23.26","Argon"
"2025-09-01","11:45:14.690 AM","25.82","97.21","36.117","0.363","24.94","23.66","23.26","Argon"
"2025-09-01","11:45:14.943 AM","25.82","97.21","36.117","0.363","24.94","23.66","23.27","Argon"
"2025-09-01","11:45:15.190 AM","25.82","97.21","36.117","0.363","24.94","23.66","23.27","Argon"
"2025-09-01","11:45:15.443 AM","25.82","97.212","36.105","0.363","24.925","23.67","23.27","Argon"
"2025-09-01","11:45:15.704 AM","25.82","97.212","36.105","0.363","24.925","23.67","23.19","Argon"
"2025-09-01","11:45:15.956 AM","25.82","97.213","36.117","0.362","24.895","23.67","23.19","Argon"
"2025-09-01","11:45:16.207 AM","25.82","97.213","36.117","0.362","24.895","23.66","23.19","Argon"
"2025-09-01","11:45:16.457 AM","25.82","97.213","36.117","0.362","24.895","23.66","23.27","Argon"
"2025-09-01","11:45:16.755 AM","25.83","97.215","36.088","0.362","24.945","23.66","23.27","Argon"
"2025-09-01","11:45:16.978 AM","25.83","97.215","36.088","0.362","24.945","23.71","23.27","Argon"
"2025-09-01","11:45:17.229 AM","25.83","97.215","36.088","0.362","24.945","23.71","23.19","Argon"
"2025-09-01","11:45:17.475 AM","25.83","97.216","36.106","0.363","24.855","23.71","23.19","Argon"
"2025-09-01","11:45:17.724 AM","25.83","97.216","36.106","0.363","24.855","23.56","23.12","Argon"
"2025-09-01","11:45:17.980 AM","25.83","97.216","36.106","0.363","24.855","23.56","23.12","Argon"
"2025-09-01","11:45:18.227 AM","25.83","97.213","36.111","0.362","24.92","23.56","23.12","Argon"
"2025-09-01","11:45:18.478 AM","25.83","97.213","36.111","0.362","24.92","23.72","23.16","Argon"
"2025-09-01","11:45:18.737 AM","25.83","97.213","36.111","0.362","24.92","23.72","23.16","Argon"
"2025-09-01","11:45:18.996 AM","25.83","97.211","36.106","0.362","24.815","23.67","23.16","Argon"
"2025-09-01","11:45:19.239 AM","25.83","97.211","36.106","0.362","24.815","23.67","23.12","Argon"
"2025-09-01","11:45:19.496 AM","25.83","97.211","36.106","0.362","24.815","23.67","23.12","Argon"
"2025-09-01","11:45:19.746 AM","25.83","97.212","36.112","0","24.9","23.77","23.12","Argon"
"2025-09-01","11:45:19.998 AM","25.83","97.212","36.112","0","24.9","23.77","23.13","Argon"
"2025-09-01","11:45:20.246 AM","25.83","97.212","36.112","0","24.9","23.77","23.13","Argon"
"2025-09-01","11:45:20.496 AM","25.83","97.209","36.1","0","24.915","23.67","23.13","Argon"
"2025-09-01","11:45:20.793 AM","25.83","97.209","36.1","0","24.915","23.67","23.23","Argon"
"2025-09-01","11:45:21.003 AM","25.83","97.209","36.112","0","24.955","23.67","23.23","Argon"
"2025-09-01","11:45:21.252 AM","25.83","97.209","36.112","0","24.955","23.77","23.23","Argon"
"2025-09-01","11:45:21.516 AM","25.83","97.209","36.112","0","24.955","23.77","23.16","None"
"2025-09-01","11:45:21.764 AM","25.84","97.209","36.095","0","24.92","23.77","23.16","None"
"2025-09-01","11:45:22.015 AM","25.84","97.209","36.095","0","24.92","23.78","23.16","None"
"2025-09-01","11:45:22.274 AM","25.84","97.209","36.095","0","24.92","23.78","23.16","None"
"2025-09-01","11:45:22.532 AM","25.84","97.21","36.106","0","24.915","23.78","23.16","None"
"2025-09-01","11:45:22.779 AM","25.84","97.21","36.106","0","24.915","23.71","23.25","None"
"2025-09-01","11:45:23.032 AM","25.84","97.21","36.106","0","24.915","23.71","23.25","None"
"2025-09-01","11:45:23.283 AM","25.84","97.211","36.106","0","24.875","23.71","23.25","None"
"2025-09-01","11:45:23.532 AM","25.84","97.211","36.106","0","24.875","23.77","23.28","None"
"2025-09-01","11:45:23.787 AM","25.84","97.211","36.106","0","24.875","23.77","23.28","None"
"2025-09-01","11:45:24.036 AM","25.84","97.211","36.089","0","24.92","23.65","23.28","None"
"2025-09-01","11:45:24.280 AM","25.84","97.211","36.089","0","24.92","23.65","23.18","None"
"2025-09-01","11:45:24.531 AM","25.84","97.211","36.089","0","24.92","23.65","23.18","None"
"2025-09-01","11:45:24.781 AM","25.84","97.21","36.089","0","24.895","23.71","23.18","None"
"2025-09-01","11:45:25.079 AM","25.84","97.21","36.089","0","24.895","23.71","23.19","None"
"2025-09-01","11:45:25.305 AM","25.84","97.21","36.089","0","24.94","23.71","23.19","None"
"2025-09-01","11:45:25.558 AM","25.84","97.21","36.089","0","24.94","23.65","23.19","None"
"2025-09-01","11:45:25.806 AM","25.84","97.21","36.089","0","24.94","23.65","23.18","None"
"2025-09-01","11:45:26.075 AM","25.84","97.21","36.089","0","24.985","23.65","23.18","None"
"2025-09-01","11:45:26.323 AM","25.84","97.21","36.089","0","24.985","23.83","23.18","None"
"2025-09-01","11:45:26.566 AM","25.84","97.21","36.089","0","24.985","23.83","23.14","None"
"2025-09-01","11:45:26.818 AM","25.83","97.209","36.089","0","24.88","23.83","23.14","None"
"2025-09-01","11:45:27.068 AM","25.83","97.209","36.089","0","24.88","23.73","23.19","None"
"2025-09-01","11:45:27.319 AM","25.83","97.209","36.089","0","24.88","23.73","23.19","None"
"2025-09-01","11:45:27.570 AM","25.83","97.21","36.083","0","24.945","23.73","23.19","None"
"2025-09-01","11:45:27.819 AM","25.83","97.21","36.083","0","24.945","23.63","23.13","None"
"2025-09-01","11:45:28.069 AM","25.83","97.21","36.083","0","24.945","23.63","23.13","None"
"2025-09-01","11:45:28.319 AM","25.83","97.213","36.088","0","24.94","23.63","23.13","None"
"2025-09-01","11:45:28.568 AM","25.83","97.213","36.088","0","24.94","23.77","23.23","None"
"2025-09-01","11:45:28.822 AM","25.83","97.213","36.088","0","24.94","23.77","23.23","None"
"2025-09-01","11:45:29.070 AM","25.83","97.21","36.083","0","24.94","23.59","23.23","None"
"2025-09-01","11:45:29.363 AM","25.83","97.21","36.083","0","24.94","23.59","23.21","None"
"2025-09-01","11:45:29.576 AM","25.83","97.21","36.083","0","24.94","23.59","23.21","None"
"2025-09-01","11:45:29.832 AM","25.83","97.209","36.077","0","24.94","23.66","23.21","None"
"2025-09-01","11:45:30.074 AM","25.83","97.209","36.077","0","24.94","23.66","23.14","None"
"2025-09-01","11:45:30.325 AM","25.83","97.209","36.077","0","24.94","23.66","23.14","None"
"2025-09-01","11:45:30.575 AM","25.83","97.211","36.083","0","24.915","23.77","23.14","None"
"2025-09-01","11:45:30.824 AM","25.83","97.211","36.083","0","24.915","23.77","23.21","None"
"2025-09-01","11:45:31.082 AM","25.83","97.207","36.083","0","24.95","23.77","23.21","None"
"2025-09-01","11:45:31.353 AM","25.83","97.207","36.083","0","24.95","23.72","23.21","None"
"2025-09-01","11:45:31.615 AM","25.83","97.207","36.083","0","24.95","23.72","23.08","None"
"2025-09-01","11:45:31.846 AM","25.84","97.207","36.083","0","25.01","23.72","23.08","None"
"2025-09-01","11:45:32.136 AM","25.84","97.207","36.083","0","25.01","23.71","23.08","None"
"2025-09-01","11:45:32.345 AM","25.84","97.207","36.083","0","25.01","23.71","23.28","None"
"2025-09-01","11:45:32.616 AM","25.84","97.205","36.095","0","24.915","23.71","23.28","None"
"2025-09-01","11:45:32.851 AM","25.84","97.205","36.095","0","24.915","23.72","23.23","None"
"2025-09-01","11:45:33.103 AM","25.84","97.205","36.095","0","24.915","23.72","23.23","None"
"2025-09-01","11:45:33.356 AM","25.84","97.205","36.101","0","24.96","23.72","23.23","None"
"2025-09-01","11:45:33.656 AM","25.84","97.205","36.101","0","24.96","23.71","23.25","None"
"2025-09-01","11:45:33.888 AM","25.84","97.205","36.101","0","24.96","23.71","23.25","None"
"2025-09-01","11:45:34.150 AM","25.84","97.209","36.095","0","24.94","23.72","23.25","None"
"2025-09-01","11:45:34.413 AM","25.84","97.209","36.095","0","24.94","23.72","23.20","None"
"2025-09-01","11:45:34.653 AM","25.84","97.213","36.095","0","25.005","23.72","23.20","None"
"2025-09-01","11:45:34.905 AM","25.84","97.213","36.095","0","25.005","23.76","23.20","None"
"2025-09-01","11:45:35.157 AM","25.84","97.213","36.095","0","25.005","23.76","23.20","None"
"2025-09-01","11:45:35.414 AM","25.84","97.214","36.095","0","24.94","23.76","23.20","None"
"2025-09-01","11:45:35.660 AM","25.84","97.214","36.095","0","24.94","23.80","23.20","None"
"2025-09-01","11:45:35.923 AM","25.84","97.214","36.095","0","24.94","23.80","23.27","None"
"2025-09-01","11:45:36.184 AM","25.84","97.216","36.084","0","24.975","23.80","23.27","None"
"2025-09-01","11:45:36.425 AM","25.84","97.216","36.084","0","24.975","23.78","23.19","None"
"2025-09-01","11:45:36.678 AM","25.84","97.216","36.084","0","24.975","23.78","23.19","None"
"2025-09-01","11:45:36.934 AM","25.84","97.217","36.095","0","24.945","23.78","23.19","None"
"2025-09-01","11:45:37.178 AM","25.84","97.217","36.095","0","24.945","23.74","23.13","None"
"2025-09-01","11:45:37.471 AM","25.84","97.217","36.095","0","24.945","23.74","23.13","None"
"2025-09-01","11:45:37.688 AM","25.84","97.217","36.096","0","24.86","23.74","23.13","None"
"2025-09-01","11:45:38.001 AM","25.84","97.217","36.096","0","24.86","23.69","23.16","None"
"2025-09-01","11:45:38.188 AM","25.84","97.217","36.096","0","24.86","23.69","23.16","None"
"2025-09-01","11:45:38.461 AM","25.85","97.212","36.096","0","24.905","23.78","23.16","None"
"2025-09-01","11:45:38.712 AM","25.85","97.212","36.096","0","24.905","23.78","23.23","None"
"2025-09-01","11:45:38.962 AM","25.84","97.211","36.095","0","24.94","23.78","23.23","None"
"2025-09-01","11:45:39.217 AM","25.84","97.211","36.095","0","24.94","23.71","23.23","None"
"2025-09-01","11:45:39.479 AM","25.84","97.211","36.095","0","24.94","23.71","23.16","None"
"2025-09-01","11:45:39.735 AM","25.84","97.208","36.089","0","24.96","23.71","23.16","None"
"2025-09-01","11:45:39.980 AM","25.84","97.208","36.089","0","24.96","23.74","23.16","None"
"2025-09-01","11:45:40.223 AM","25.84","97.208","36.089","0","24.96","23.74","23.23","None"
"2025-09-01","11:45:40.479 AM","25.84","97.208","36.089","0","24.945","23.74","23.23","None"
"2025-09-01","11:45:40.731 AM","25.84","97.208","36.089","0","24.945","23.71","23.14","None"
"2025-09-01","11:45:40.989 AM","25.84","97.208","36.089","0","24.945","23.71","23.14","None"
"2025-09-01","11:45:41.228 AM","25.84","97.213","36.089","0","24.91","23.71","23.14","None"
"2025-09-01","11:45:41.477 AM","25.84","97.213","36.089","0","24.91","23.76","23.20","None"
"2025-09-01","11:45:41.729 AM","25.84","97.213","36.089","0","24.91","23.76","23.20","None"
"2025-09-01","11:45:41.990 AM","25.84","97.213","36.089","0","24.955","23.76","23.20","None"
"2025-09-01","11:45:42.318 AM","25.84","97.213","36.089","0","24.955","23.71","23.19","None"
"2025-09-01","11:45:42.516 AM","25.84","97.213","36.089","0","24.955","23.71","23.19","None"
"2025-09-01","11:45:42.764 AM","25.84","97.207","36.089","0","25.065","23.71","23.19","None"
"2025-09-01","11:45:43.012 AM","25.84","97.207","36.089","0","25.065","23.71","23.13","None"
"2025-09-01","11:45:43.262 AM","25.84","97.207","36.089","0","25.065","23.71","23.13","None"
"2025-09-01","11:45:43.517 AM","25.84","97.207","36.095","0","24.91","23.65","23.13","None"
"2025-09-01","11:45:43.765 AM","25.84","97.207","36.095","0","24.91","23.65","23.16","None"
"2025-09-01","11:45:44.012 AM","25.84","97.208","36.101","0","25","23.65","23.16","None"
"2025-09-01","11:45:44.262 AM","25.84","97.208","36.101","0","25","23.69","23.16","None"
"2025-09-01","11:45:44.512 AM","25.84","97.208","36.101","0","25","23.69","23.27","None"
"2025-09-01","11:45:44.781 AM","25.84","97.209","36.107","0","24.995","23.69","23.27","None"
"2025-09-01","11:45:45.023 AM","25.84","97.209","36.107","0","24.995","23.69","23.27","None"
"2025-09-01","11:45:45.276 AM","25.84","97.209","36.107","0","24.995","23.69","23.16","None"
"2025-09-01","11:45:45.523 AM","25.84","97.205","36.107","0","24.975","23.69","23.16","None"
"2025-09-01","11:45:45.775 AM","25.84","97.205","36.107","0","24.975","23.67","23.20","None"
"2025-09-01","11:45:46.027 AM","25.84","97.205","36.107","0","24.975","23.67","23.20","None"
"2025-09-01","11:45:46.311 AM","25.84","97.208","36.112","0","24.99","23.67","23.20","None"
"2025-09-01","11:45:46.532 AM","25.84","97.208","36.112","0","24.99","23.69","23.23","None"
"2025-09-01","11:45:46.792 AM","25.84","97.208","36.112","0","24.99","23.69","23.23","None"
"2025-09-01","11:45:47.048 AM","25.84","97.207","36.095","0","24.935","23.73","23.23","None"
"2025-09-01","11:45:47.296 AM","25.84","97.207","36.095","0","24.935","23.73","23.20","None"
"2025-09-01","11:45:47.550 AM","25.84","97.207","36.095","0","24.935","23.73","23.20","None"
"2025-09-01","11:45:47.794 AM","25.84","97.207","36.112","0","24.94","23.76","23.20","None"
"2025-09-01","11:45:48.044 AM","25.84","97.207","36.112","0","24.94","23.76","23.19","None"
"2025-09-01","11:45:48.299 AM","25.84","97.207","36.112","0","24.94","23.76","23.19","None"
"2025-09-01","11:45:48.545 AM","25.84","97.208","36.107","0","24.925","23.74","23.19","None"
"2025-09-01","11:45:48.800 AM","25.84","97.208","36.107","0","24.925","23.74","23.26","None"
"2025-09-01","11:45:49.057 AM","25.84","97.207","36.101","0","25","23.74","23.26","None"
"2025-09-01","11:45:49.312 AM","25.84","97.207","36.101","0","25","23.76","23.26","None"
"2025-09-01","11:45:49.558 AM","25.84","97.207","36.101","0","25","23.76","23.19","None"
"2025-09-01","11:45:49.813 AM","25.84","97.205","36.112","0","24.98","23.76","23.19","None"
"2025-09-01","11:45:50.063 AM","25.84","97.205","36.112","0","24.98","23.69","23.19","None"
"2025-09-01","11:45:50.311 AM","25.84","97.205","36.112","0","24.98","23.69","23.23","None"
"2025-09-01","11:45:50.593 AM","25.83","97.207","36.1","0","24.955","23.69","23.23","None"
"2025-09-01","11:45:50.822 AM","25.83","97.207","36.1","0","24.955","23.63","23.21","None"
"2025-09-01","11:45:51.068 AM","25.83","97.207","36.1","0","24.955","23.63","23.21","None"
"2025-09-01","11:45:51.318 AM","25.84","97.208","36.106","0","24.91","23.63","23.21","None"
"2025-09-01","11:45:51.568 AM","25.84","97.208","36.106","0","24.91","23.73","23.26","None"
"2025-09-01","11:45:51.817 AM","25.84","97.208","36.106","0","24.91","23.73","23.26","None"
"2025-09-01","11:45:52.066 AM","25.84","97.209","36.106","0","24.985","23.72","23.26","None"
"2025-09-01","11:45:52.317 AM","25.84","97.209","36.106","0","24.985","23.72","23.16","None"
"2025-09-01","11:45:52.575 AM","25.84","97.209","36.106","0","24.985","23.72","23.16","None"
"2025-09-01","11:45:52.825 AM","25.84","97.208","36.101","0","24.915","23.73","23.16","None"
"2025-09-01","11:45:53.067 AM","25.84","97.208","36.101","0","24.915","23.73","23.23","None"
"2025-09-01","11:45:53.321 AM","25.84","97.208","36.101","0","24.915","23.73","23.23","None"
"2025-09-01","11:45:53.580 AM","25.84","97.212","36.107","0","24.98","23.74","23.23","None"
"2025-09-01","11:45:53.830 AM","25.84","97.212","36.107","0","24.98","23.74","23.20","None"
"2025-09-01","11:45:54.080 AM","25.85","97.214","36.096","0","25.03","23.74","23.20","None"
"2025-09-01","11:45:54.330 AM","25.85","97.214","36.096","0","25.03","23.73","23.20","None"
"2025-09-01","11:45:54.585 AM","25.85","97.214","36.096","0","25.03","23.73","23.23","None"
"2025-09-01","11:45:54.869 AM","25.85","97.212","36.102","0","25","23.73","23.23","None"
"2025-09-01","11:45:55.088 AM","25.85","97.212","36.102","0","25","23.71","23.23","None"
"2025-09-01","11:45:55.338 AM","25.85","97.212","36.102","0","25","23.71","23.20","None"
"2025-09-01","11:45:55.619 AM","25.85","97.209","36.096","0","24.975","23.71","23.20","None"
"2025-09-01","11:45:55.852 AM","25.85","97.209","36.096","0","24.975","23.71","23.26","None"
"2025-09-01","11:45:56.099 AM","25.85","97.209","36.096","0","24.975","23.71","23.26","None"
"2025-09-01","11:45:56.356 AM","25.85","97.205","36.096","0","24.94","23.71","23.26","None"
"2025-09-01","11:45:56.605 AM","25.85","97.205","36.096","0","24.94","23.63","23.21","None"
"2025-09-01","11:45:56.856 AM","25.85","97.205","36.096","0","24.94","23.63","23.21","None"
"2025-09-01","11:45:57.108 AM","25.84","97.204","36.095","0","25.02","23.73","23.21","None"
"2025-09-01","11:45:57.362 AM","25.84","97.204","36.095","0","25.02","23.73","23.26","None"
"2025-09-01","11:45:57.629 AM","25.84","97.204","36.095","0","25.02","23.73","23.26","None"
"2025-09-01","11:45:57.861 AM","25.84","97.205","36.113","0","24.945","23.72","23.26","None"
"2025-09-01","11:45:58.124 AM","25.84","97.205","36.113","0","24.945","23.72","23.23","None"
"2025-09-01","11:45:58.360 AM","25.84","97.205","36.113","0","24.945","23.72","23.23","None"
"2025-09-01","11:45:58.626 AM","25.84","97.206","36.089","0","24.955","23.80","23.23","None"
"2025-09-01","11:45:58.861 AM","25.84","97.206","36.089","0","24.955","23.80","23.16","None"
"2025-09-01","11:45:59.154 AM","25.84","97.202","36.107","0","24.975","23.80","23.16","None"
"2025-09-01","11:45:59.377 AM","25.84","97.202","36.107","0","24.975","23.69","23.16","None"
"2025-09-01","11:45:59.633 AM","25.84","97.202","36.107","0","24.975","23.69","23.21","None"
"2025-09-01","11:45:59.891 AM","25.84","97.203","36.101","0","24.995","23.69","23.21","None"
"2025-09-01","11:46:00.140 AM","25.84","97.203","36.101","0","24.995","23.76","23.21","None"
"2025-09-01","11:46:00.399 AM","25.84","97.203","36.101","0","24.995","23.76","23.21","None"
"2025-09-01","11:46:00.641 AM","25.84","97.209","36.118","0","24.965","23.76","23.21","None"
"2025-09-01","11:46:00.892 AM","25.84","97.209","36.118","0","24.965","23.73","23.19","None"
"2025-09-01","11:46:01.140 AM","25.84","97.209","36.118","0","24.965","23.73","23.19","None"
"2025-09-01","11:46:01.392 AM","25.84","97.21","36.113","0","24.945","23.73","23.19","None"
"2025-09-01","11:46:01.639 AM","25.84","97.21","36.113","0","24.945","23.73","23.18","None"
"2025-09-01","11:46:01.895 AM","25.84","97.21","36.113","0","24.945","23.73","23.18","None"
"2025-09-01","11:46:02.147 AM","25.84","97.21","36.107","0","24.94","23.82","23.18","None"
"2025-09-01","11:46:02.397 AM","25.84","97.21","36.107","0","24.94","23.82","23.21","None"
"2025-09-01","11:46:02.639 AM","25.84","97.21","36.107","0","24.94","23.82","23.21","None"
"2025-09-01","11:46:02.891 AM","25.84","97.211","36.101","0","25.055","23.80","23.21","None"
"2025-09-01","11:46:03.138 AM","25.84","97.211","36.101","0","25.055","23.80","23.23","None"
"2025-09-01","11:46:03.427 AM","25.84","97.21","36.101","0","25.055","23.80","23.23","None"
"2025-09-01","11:46:03.648 AM","25.84","97.21","36.101","0.001","24.98","23.74","23.23","None"
"2025-09-01","11:46:03.897 AM","25.84","97.21","36.101","0.001","24.98","23.74","23.26","None"
"2025-09-01","11:46:04.145 AM","25.84","97.209","36.107","0","24.96","23.74","23.26","None"
"2025-09-01","11:46:04.404 AM","25.84","97.209","36.107","0","24.96","23.74","23.26","None"
"2025-09-01","11:46:04.664 AM","25.84","97.209","36.107","0","24.96","23.74","23.23","None"
"2025-09-01","11:46:04.905 AM","25.84","97.207","36.095","0.001","24.955","23.74","23.23","None"
"2025-09-01","11:46:05.157 AM","25.84","97.207","36.095","0.001","24.955","23.73","23.23","None"
"2025-09-01","11:46:05.408 AM","25.84","97.207","36.095","0.001","24.955","23.73","23.20","None"
"2025-09-01","11:46:05.659 AM","25.84","97.209","36.101","0.001","25.005","23.73","23.20","None"
"2025-09-01","11:46:05.912 AM","25.84","97.209","36.101","0.001","25.005","23.71","23.28","None"
"2025-09-01","11:46:06.157 AM","25.84","97.209","36.101","0.001","25.005","23.71","23.28","None"
"2025-09-01","11:46:06.409 AM","25.84","97.211","36.095","0","25.085","23.71","23.28","None"
"2025-09-01","11:46:06.672 AM","25.84","97.211","36.095","0","25.085","23.69","23.23","None"
"2025-09-01","11:46:06.926 AM","25.84","97.211","36.095","0","25.085","23.69","23.23","None"
"2025-09-01","11:46:07.177 AM","25.84","97.214","36.101","0.001","24.925","23.78","23.23","None"
"2025-09-01","11:46:07.425 AM","25.84","97.214","36.101","0.001","24.925","23.78","23.26","None"
"2025-09-01","11:46:07.738 AM","25.84","97.214","36.101","0.001","24.925","23.78","23.26","None"
"2025-09-01","11:46:07.956 AM","25.84","97.215","36.09","0.001","24.98","23.70","23.26","None"
"2025-09-01","11:46:08.240 AM","25.84","97.215","36.09","0.001","24.98","23.70","23.13","None"
"2025-09-01","11:46:08.469 AM","25.84","97.221","36.095","0.001","24.975","23.70","23.13","None"
"2025-09-01","11:46:08.741 AM","25.84","97.221","36.095","0.001","24.975","23.80","23.13","None"
"2025-09-01","11:46:08.985 AM","25.84","97.221","36.095","0.001","24.975","23.80","23.23","None"
"2025-09-01","11:46:09.228 AM","25.84","97.22","36.095","0.001","25","23.80","23.23","None"
"2025-09-01","11:46:09.480 AM","25.84","97.22","36.095","0.001","25","23.71","23.23","None"
"2025-09-01","11:46:09.748 AM","25.84","97.22","36.095","0.001","25","23.71","23.16","None"
"2025-09-01","11:46:09.998 AM","25.85","97.219","36.107","0","24.92","23.71","23.16","None"
"2025-09-01","11:46:10.243 AM","25.85","97.219","36.107","0","24.92","23.71","23.21","None"
"2025-09-01","11:46:10.494 AM","25.85","97.219","36.107","0","24.92","23.71","23.21","None"
"2025-09-01","11:46:10.743 AM","25.85","97.219","36.102","0.001","24.97","23.71","23.21","None"
"2025-09-01","11:46:11.012 AM","25.85","97.219","36.102","0.001","24.97","23.76","23.16","None"
"2025-09-01","11:46:11.262 AM","25.85","97.219","36.102","0.001","24.97","23.76","23.16","None"
"2025-09-01","11:46:11.509 AM","25.85","97.218","36.096","0.001","24.935","23.83","23.16","None"
"2025-09-01","11:46:11.760 AM","25.85","97.218","36.096","0.001","24.935","23.83","23.18","None"
"2025-09-01","11:46:12.045 AM","25.85","97.218","36.096","0.001","24.935","23.83","23.18","None"
"2025-09-01","11:46:12.268 AM","25.85","97.217","36.084","0.001","25.015","23.70","23.18","None"
"2025-09-01","11:46:12.515 AM","25.85","97.217","36.084","0.001","25.015","23.70","23.19","None"
"2025-09-01","11:46:12.770 AM","25.85","97.214","36.085","0.001","25.005","23.70","23.19","None"
"2025-09-01","11:46:13.042 AM","25.85","97.214","36.085","0.001","25.005","23.73","23.19","None"
"2025-09-01","11:46:13.281 AM","25.85","97.214","36.085","0.001","25.005","23.73","23.30","None"
"2025-09-01","11:46:13.529 AM","25.85","97.213","36.096","0.001","25","23.73","23.30","None"
"2025-09-01","11:46:13.778 AM","25.85","97.213","36.096","0.001","25","23.73","23.30","None"
"2025-09-01","11:46:14.036 AM","25.85","97.213","36.096","0.001","25","23.73","23.20","None"
"2025-09-01","11:46:14.283 AM","25.85","97.211","36.085","0.001","24.98","23.73","23.20","None"
"2025-09-01","11:46:14.535 AM","25.85","97.211","36.085","0.001","24.98","23.65","23.16","None"
"2025-09-01","11:46:14.783 AM","25.85","97.211","36.085","0.001","24.98","23.65","23.16","None"
"2025-09-01","11:46:15.031 AM","25.85","97.212","36.084","0.001","24.95","23.65","23.16","None"
"2025-09-01","11:46:15.281 AM","25.85","97.212","36.084","0.001","24.95","23.73","23.23","None"
"2025-09-01","11:46:15.540 AM","25.85","97.212","36.084","0.001","24.95","23.73","23.23","None"
"2025-09-01","11:46:15.799 AM","25.85","97.211","36.079","0.001","24.975","23.71","23.23","None"
"2025-09-01","11:46:16.043 AM","25.85","97.211","36.079","0.001","24.975","23.71","23.20","None"
"2025-09-01","11:46:16.332 AM","25.85","97.211","36.079","0.001","24.975","23.71","23.20","None"
"2025-09-01","11:46:16.557 AM","25.85","97.21","36.084","0.001","24.98","23.71","23.20","None"
"2025-09-01","11:46:16.808 AM","25.85","97.21","36.084","0.001","24.98","23.71","23.14","None"
"2025-09-01","11:46:17.054 AM","25.85","97.21","36.079","0.001","24.98","23.71","23.14","None"
"2025-09-01","11:46:17.306 AM","25.85","97.21","36.079","0.001","24.96","23.76","23.14","None"
"2025-09-01","11:46:17.554 AM","25.85","97.21","36.079","0.001","24.96","23.76","23.19","None"
"2025-09-01","11:46:17.808 AM","25.85","97.207","36.085","0.001","24.955","23.76","23.19","None"
"2025-09-01","11:46:18.066 AM","25.85","97.207","36.085","0.001","24.955","23.72","23.19","None"
"2025-09-01","11:46:18.320 AM","25.85","97.207","36.085","0.001","24.955","23.72","23.16","None"
"2025-09-01","11:46:18.568 AM","25.85","97.206","36.079","0.001","24.98","23.72","23.16","None"
"2025-09-01","11:46:18.814 AM","25.85","97.206","36.079","0.001","24.98","23.76","23.16","None"
"2025-09-01","11:46:19.067 AM","25.85","97.206","36.079","0.001","24.98","23.76","23.19","None"
"2025-09-01","11:46:19.317 AM","25.85","97.207","36.085","0.001","24.92","23.76","23.19","None"
"2025-09-01","11:46:19.568 AM","25.85","97.207","36.085","0.001","24.92","23.66","23.23","None"
"2025-09-01","11:46:19.816 AM","25.85","97.207","36.085","0.001","24.92","23.66","23.23","None"
"2025-09-01","11:46:20.073 AM","25.85","97.208","36.067","0.001","24.945","23.66","23.23","None"
"2025-09-01","11:46:20.331 AM","25.85","97.208","36.067","0.001","24.945","23.76","23.20","None"
"2025-09-01","11:46:20.611 AM","25.85","97.208","36.067","0.001","24.945","23.76","23.20","None"
"2025-09-01","11:46:20.856 AM","25.85","97.209","36.079","0.001","24.97","23.66","23.20","None"
"2025-09-01","11:46:21.111 AM","25.85","97.209","36.079","0.001","24.97","23.66","23.13","None"
"2025-09-01","11:46:21.373 AM","25.85","97.215","36.079","0.001","24.97","23.66","23.13","None"
"2025-09-01","11:46:21.623 AM","25.85","97.215","36.079","0.001","24.975","23.76","23.13","None"
"2025-09-01","11:46:21.877 AM","25.85","97.215","36.079","0.001","24.975","23.76","23.13","None"
"2025-09-01","11:46:22.118 AM","25.85","97.21","36.074","0.001","24.98","23.76","23.13","None"
"2025-09-01","11:46:22.372 AM","25.85","97.21","36.074","0.001","24.98","23.71","23.13","None"
"2025-09-01","11:46:22.625 AM","25.85","97.21","36.074","0.001","24.98","23.71","23.19","None"
"2025-09-01","11:46:22.874 AM","25.85","97.213","36.068","0.001","25.04","23.71","23.19","None"
"2025-09-01","11:46:23.128 AM","25.85","97.213","36.068","0.001","25.04","23.74","23.19","None"
"2025-09-01","11:46:23.383 AM","25.85","97.213","36.068","0.001","25.04","23.74","23.19","None"
"2025-09-01","11:46:23.642 AM","25.85","97.213","36.091","0.001","25.02","23.74","23.19","None"
"2025-09-01","11:46:23.910 AM","25.85","97.213","36.091","0.001","25.02","23.73","23.21","None"
"2025-09-01","11:46:24.138 AM","25.85","97.213","36.091","0.001","25.02","23.73","23.21","None"
"2025-09-01","11:46:24.412 AM","25.85","97.212","36.079","0.001","24.975","23.73","23.21","None"
"2025-09-01","11:46:24.647 AM","25.85","97.212","36.079","0.001","24.975","23.70","23.18","None"
"2025-09-01","11:46:25.898 AM","25.85","97.21","36.079","0.001","24.995","23.71","23.12","None"
"2025-09-01","11:46:28.424 AM","25.84","97.209","36.084","0.001","25","23.69","23.20","None"
"2025-09-01","11:46:32.111 AM","25.85","97.209","36.09","0.001","24.97","23.71","23.18","None"
"2025-09-01","11:46:38.800 AM","25.85","97.21","36.096","0.001","24.995","23.76","23.13","None"
"2025-09-01","11:46:43.136 AM","25.86","97.205","36.091","0.001","24.955","23.70","23.14","None"
"2025-09-01","11:46:43.371 AM","25.86","97.205","36.091","0.001","24.955","23.70","23.23","None"
"2025-09-01","11:46:43.605 AM","25.86","97.205","36.091","0.001","24.955","23.70","23.23","None"
"2025-09-01","11:46:43.864 AM","25.85","97.208","36.079","0.001","24.945","23.71","23.23","None"
"2025-09-01","11:46:44.103 AM","25.85","97.208","36.079","0.001","24.945","23.71","23.20","None"
"2025-09-01","11:46:44.356 AM","25.85","97.208","36.079","0.001","24.945","23.71","23.20","None"
"2025-09-01","11:46:44.609 AM","25.85","97.209","36.073","0.001","24.995","23.73","23.20","None"
"2025-09-01","11:46:44.863 AM","25.85","97.209","36.073","0.001","24.995","23.73","23.08","None"
"2025-09-01","11:46:45.140 AM","25.85","97.208","36.085","0.001","24.945","23.73","23.08","None"
"2025-09-01","11:46:45.361 AM","25.85","97.208","36.085","0.001","24.945","23.74","23.08","None"
"2025-09-01","11:46:45.626 AM","25.85","97.208","36.085","0.001","24.945","23.74","23.20","None"
"2025-09-01","11:46:45.874 AM","25.85","97.207","36.096","0.001","25.08","23.74","23.20","None"
"2025-09-01","11:46:46.118 AM","25.85","97.207","36.096","0.001","25.08","23.73","23.20","None"
"2025-09-01","11:46:46.373 AM","25.85","97.207","36.096","0.001","25.08","23.73","23.28","None"
"2025-09-01","11:46:46.623 AM","25.86","97.207","36.091","0.001","24.96","23.73","23.28","None"
"2025-09-01","11:46:46.874 AM","25.86","97.207","36.091","0.001","24.96","23.72","23.20","None"
"2025-09-01","11:46:47.125 AM","25.86","97.207","36.091","0.001","24.96","23.72","23.20","None"
"2025-09-01","11:46:47.375 AM","25.86","97.207","36.08","0.001","25.04","23.72","23.20","None"