Frequency (Hz)	Level (dB)
1.345825	-88.674911
2.691650	-88.490379
4.037476	-87.861732
5.383301	-87.368637
6.729126	-86.016106
8.074951	-84.362854
9.420776	-81.331207
10.766602	-77.233826
12.112427	-76.375160
13.458252	-74.765068
14.804077	-73.643486
16.149902	-73.494926
17.495728	-73.805145
18.841553	-74.103371
20.187378	-76.870689
21.533203	-75.147438
22.879028	-73.373558
24.224854	-76.160690
25.570679	-74.663803
26.916504	-74.187630
28.262329	-74.290237
29.608154	-71.216446
30.953979	-75.389587
32.299805	-73.849487
33.645630	-73.559151
34.991455	-71.494270
36.337280	-70.335587
37.683105	-70.089302
39.028931	-68.915176
40.374756	-68.658882
41.720581	-68.844955
43.066406	-69.083496
44.412231	-68.576187
45.758057	-69.955208
47.103882	-69.289558
48.449707	-68.726486
49.795532	-67.505119
51.141357	-66.603729
52.487183	-67.481377
53.833008	-66.485825
55.178833	-65.639153
56.524658	-65.515533
57.870483	-63.437870
59.216309	-63.280422
60.562134	-64.878304
61.907959	-63.141300
63.253784	-63.802971
64.599609	-65.610413
65.945435	-67.853035
67.291260	-67.993561
68.637085	-70.889473
69.982910	-66.773109
71.328735	-67.692757
72.674561	-66.194778
74.020386	-64.679146
75.366211	-64.357529
76.712036	-66.206322
78.057861	-66.254524
79.403687	-66.658928
80.749512	-65.585472
82.095337	-65.891838
83.441162	-65.093658
84.786987	-64.367119
86.132812	-63.643875
87.478638	-63.992004
88.824463	-65.303772
90.170288	-64.925163
91.516113	-64.519859
92.861938	-59.530033
94.207764	-59.361908
95.553589	-64.773163
96.899414	-66.967606
98.245239	-67.871201
99.591064	-67.358101
100.936890	-67.024727
102.282715	-67.198967
103.628540	-65.589188
104.974365	-67.146530
106.320190	-66.023682
107.666016	-67.335228
109.011841	-68.498657
110.357666	-68.674675
111.703491	-67.197876
113.049316	-65.640793
114.395142	-64.268593
115.740967	-68.107544
117.086792	-68.787598
118.432617	-65.373917
119.778442	-68.623833
121.124268	-69.746353
122.470093	-69.127350
123.815918	-70.154976
125.161743	-70.212097
126.507568	-69.482635
127.853394	-70.258942
129.199219	-71.058266
130.545044	-70.715309
131.890869	-71.365120
133.236694	-71.274300
134.582520	-71.752991
135.928345	-71.357002
137.274170	-71.696823
138.619995	-73.298904
139.965820	-72.156151
141.311646	-72.459854
142.657471	-72.183586
144.003296	-71.679321
145.349121	-69.490746
146.694946	-69.959824
148.040771	-70.771698
149.386597	-69.894691
150.732422	-69.984093
152.078247	-69.483795
153.424072	-69.970383
154.769897	-70.540154
156.115723	-69.471619
157.461548	-69.339508
158.807373	-70.503479
160.153198	-72.041061
161.499023	-72.138489
162.844849	-71.799767
164.190674	-71.492371
165.536499	-72.413048
166.882324	-72.854668
168.228149	-72.252129
169.573975	-72.294357
170.919800	-72.384827
172.265625	-72.587135
173.611450	-72.898750
174.957275	-72.687523
176.303101	-72.438240
177.648926	-72.170647
178.994751	-71.968948
180.340576	-71.195763
181.686401	-73.138542
183.032227	-73.152840
184.378052	-73.010887
185.723877	-72.639580
187.069702	-73.152344
188.415527	-74.905182
189.761353	-73.511391
191.107178	-73.626236
192.453003	-73.473015
193.798828	-73.935356
195.144653	-73.971947
196.490479	-74.471817
197.836304	-73.709137
199.182129	-74.875809
200.527954	-74.540375
201.873779	-73.494896
203.219604	-75.183838
204.565430	-73.723755
205.911255	-73.261337
207.257080	-74.523521
208.602905	-74.407043
209.948730	-73.578186
211.294556	-74.508949
212.640381	-74.560898
213.986206	-74.753624
215.332031	-74.203728
216.677856	-75.482811
218.023682	-75.119896
219.369507	-75.781181
220.715332	-74.987724
222.061157	-76.022171
223.406982	-74.475212
224.752808	-75.382027
226.098633	-74.725487
227.444458	-74.576569
228.790283	-74.474052
230.136108	-74.248497
231.481934	-74.550652
232.827759	-75.846329
234.173584	-74.279221
235.519409	-75.666077
236.865234	-74.832283
238.211060	-75.218857
239.556885	-75.024529
240.902710	-75.025452
242.248535	-75.664864
243.594360	-74.998444
244.940186	-75.118073
246.286011	-75.129166
247.631836	-74.887917
248.977661	-74.960556
250.323486	-76.014618
251.669312	-74.862823
253.015137	-75.481628
254.360962	-74.781647
255.706787	-74.887512
257.052612	-75.525574
258.398438	-75.718010
259.744263	-75.760185
261.090088	-75.692795
262.435913	-75.069069
263.781738	-76.265022
265.127563	-74.644493
266.473389	-75.415657
267.819214	-74.397614
269.165039	-74.154037
270.510864	-76.138817
271.856689	-76.082352
273.202515	-75.295830
274.548340	-75.557884
275.894165	-75.088768
277.239990	-74.920158
278.585815	-73.901123
279.931641	-75.055183
281.277466	-74.319969
282.623291	-72.686943
283.969116	-74.584435
285.314941	-75.413437
286.660767	-75.153679
288.006592	-75.897797
289.352417	-75.495071
290.698242	-75.312317
292.044067	-74.924675
293.389893	-74.151207
294.735718	-73.570892
296.081543	-74.944275
297.427368	-74.877640
298.773193	-74.184143
300.119019	-74.575119
301.464844	-76.195709
302.810669	-74.994850
304.156494	-74.521317
305.502319	-74.892639
306.848145	-75.901703
308.193970	-74.470078
309.539795	-74.994217
310.885620	-74.933952
312.231445	-75.650719
313.577271	-75.236198
314.923096	-75.974121
316.268921	-74.674103
317.614746	-74.955704
318.960571	-74.366676
320.306396	-74.209831
321.652222	-74.068207
322.998047	-74.271797
324.343872	-75.263733
325.689697	-75.498322
327.035522	-74.758873
328.381348	-76.209450
329.727173	-75.980469
331.072998	-74.427605
332.418823	-74.673241
333.764648	-74.792061
335.110474	-74.669319
336.456299	-74.363297
337.802124	-73.908791
339.147949	-74.542435
340.493774	-74.387093
341.839600	-75.273544
343.185425	-74.747093
344.531250	-73.882980
345.877075	-74.497200
347.222900	-73.865562
348.568726	-73.371513
349.914551	-73.653740
351.260376	-73.408577
352.606201	-72.691353
353.952026	-73.982788
355.297852	-73.497375
356.643677	-73.267265
357.989502	-73.455444
359.335327	-73.426994
360.681152	-73.216682
362.026978	-73.254616
363.372803	-73.637024
364.718628	-73.504036
366.064453	-72.997375
367.410278	-73.935852
368.756104	-73.593964
370.101929	-72.622444
371.447754	-73.904442
372.793579	-73.026611
374.139404	-73.592873
375.485229	-73.773727
376.831055	-73.953796
378.176880	-72.592560
379.522705	-72.582115
380.868530	-72.415619
382.214355	-71.597450
383.560181	-73.277451
384.906006	-73.796761
386.251831	-73.357475
387.597656	-73.258911
388.943481	-72.827385
390.289307	-73.030792
391.635132	-73.265182
392.980957	-73.392479
394.326782	-73.114212
395.672607	-73.213585
397.018433	-71.862854
398.364258	-72.447319
399.710083	-72.768074
401.055908	-72.111519
402.401733	-71.528999
403.747559	-71.920006
405.093384	-71.976189
406.439209	-72.140396
407.785034	-72.148186
409.130859	-71.864960
410.476685	-72.777512
411.822510	-71.773643
413.168335	-71.918030
414.514160	-73.170059
415.859985	-72.313255
417.205811	-71.307892
418.551636	-72.504486
419.897461	-72.564240
421.243286	-71.438530
422.589111	-70.752205
423.934937	-71.142769
425.280762	-72.172592
426.626587	-70.276001
427.972412	-71.791603
429.318237	-71.203026
430.664062	-70.790817
432.009888	-70.515327
433.355713	-70.292534
434.701538	-69.967712
436.047363	-68.366737
437.393188	-70.599045
438.739014	-70.158524
440.084839	-71.038582
441.430664	-70.441185
442.776489	-70.762505
444.122314	-70.704689
445.468140	-70.026337
446.813965	-69.225525
448.159790	-70.034149
449.505615	-69.627869
450.851440	-69.479401
452.197266	-69.695732
453.543091	-68.007187
454.888916	-69.135880
456.234741	-68.426407
457.580566	-69.709160
458.926392	-69.578339
460.272217	-68.405937
461.618042	-68.686127
462.963867	-69.305107
464.309692	-68.823975
465.655518	-68.527542
467.001343	-68.523468
468.347168	-69.029045
469.692993	-68.136337
471.038818	-69.208488
472.384644	-67.877449
473.730469	-67.169235
475.076294	-68.478722
476.422119	-67.926193
477.767944	-67.538116
479.113770	-67.609787
480.459595	-67.582176
481.805420	-68.144882
483.151245	-68.068848
484.497070	-65.910194
485.842896	-66.385330
487.188721	-66.361656
488.534546	-65.536880
489.880371	-66.099739
491.226196	-67.265747
492.572021	-66.622047
493.917847	-67.806450
495.263672	-66.691460
496.609497	-65.572380
497.955322	-67.673843
499.301147	-66.165657
500.646973	-65.174278
501.992798	-64.723495
503.338623	-65.906738
504.684448	-66.180450
506.030273	-64.434654
507.376099	-65.402092
508.721924	-64.002304
510.067749	-65.036766
511.413574	-64.328629
512.759399	-64.381027
514.105225	-63.423920
515.451050	-63.171074
516.796875	-63.179543
518.142700	-63.674179
519.488525	-63.629856
520.834351	-64.206787
522.180176	-63.370327
523.526001	-63.179779
524.871826	-62.587624
526.217651	-61.537521
527.563477	-61.253819
528.909302	-62.642265
530.255127	-61.474194
531.600952	-61.934387
532.946777	-61.579636
534.292603	-62.537895
535.638428	-62.303329
536.984253	-60.248505
538.330078	-60.230118
539.675903	-61.840328
541.021729	-61.441956
542.367554	-60.867611
543.713379	-61.636139
545.059204	-59.750019
546.405029	-59.535439
547.750854	-61.366611
549.096680	-60.924450
550.442505	-59.326893
551.788330	-59.898449
553.134155	-59.940639
554.479980	-59.378437
555.825806	-58.154579
557.171631	-58.659538
558.517456	-61.308758
559.863281	-59.801983
561.209106	-59.151493
562.554932	-59.581676
563.900757	-59.060005
565.246582	-59.572617
566.592407	-59.591579
567.938232	-58.959007
569.284058	-58.498356
570.629883	-59.549442
571.975708	-59.674961
573.321533	-57.991909
574.667358	-58.921295
576.013184	-59.885483
577.359009	-58.876087
578.704834	-60.244793
580.050659	-58.951260
581.396484	-58.689686
582.742310	-59.196053
584.088135	-60.597694
585.433960	-58.633999
586.779785	-58.906052
588.125610	-59.728493
589.471436	-60.892868
590.817261	-60.989353
592.163086	-60.231049
593.508911	-59.854218
594.854736	-58.835609
596.200562	-59.622166
597.546387	-60.189041
598.892212	-60.922894
600.238037	-60.313606
601.583862	-61.109051
602.929688	-59.280704
604.275513	-60.203690
605.621338	-60.236977
606.967163	-61.582119
608.312988	-60.770748
609.658813	-60.035473
611.004639	-60.963776
612.350464	-61.104912
613.696289	-61.548897
615.042114	-61.960896
616.387939	-61.142422
617.733765	-61.818218
619.079590	-61.123196
620.425415	-62.029152
621.771240	-61.665249
623.117065	-62.772717
624.462891	-63.123543
625.808716	-62.472332
627.154541	-61.823662
628.500366	-62.969669
629.846191	-62.951210
631.192017	-62.537193
632.537842	-63.076122
633.883667	-62.642735
635.229492	-62.412071
636.575317	-63.536205
637.921143	-63.207527
639.266968	-63.505730
640.612793	-63.817768
641.958618	-64.295174
643.304443	-63.542168
644.650269	-63.915649
645.996094	-64.178818
647.341919	-63.309650
648.687744	-64.191032
650.033569	-65.885368
651.379395	-64.092880
652.725220	-64.696991
654.071045	-65.122078
655.416870	-65.747826
656.762695	-65.025200
658.108521	-64.633385
659.454346	-65.034698
660.800171	-65.734535
662.145996	-65.052071
663.491821	-65.621758
664.837646	-66.859924
666.183472	-65.200348
667.529297	-65.264198
668.875122	-65.006805
670.220947	-66.464455
671.566772	-66.184395
672.912598	-66.915039
674.258423	-65.106262
675.604248	-64.774155
676.950073	-66.665344
678.295898	-65.965881
679.641724	-64.401840
680.987549	-66.112885
682.333374	-66.248672
683.679199	-65.706085
685.025024	-66.569710
686.370850	-66.645752
687.716675	-67.138107
689.062500	-68.129890
690.408325	-66.833405
691.754150	-66.092628
693.099976	-67.155632
694.445801	-67.233047
695.791626	-67.449715
697.137451	-66.909531
698.483276	-66.374603
699.829102	-66.354713
701.174927	-67.073997
702.520752	-67.751968
703.866577	-66.706848
705.212402	-67.627075
706.558228	-67.577682
707.904053	-67.263855
709.249878	-67.466888
710.595703	-66.967384
711.941528	-67.708191
713.287354	-68.808311
714.633179	-67.899139
715.979004	-68.538788
717.324829	-67.935188
718.670654	-68.152489
720.016479	-67.490646
721.362305	-68.394356
722.708130	-68.355263
724.053955	-68.306305
725.399780	-68.685760
726.745605	-68.539642
728.091431	-67.861488
729.437256	-67.245995
730.783081	-68.401657
732.128906	-68.068634
733.474731	-67.670120
734.820557	-67.563797
736.166382	-68.406403
737.512207	-68.429535
738.858032	-67.453888
740.203857	-68.666565
741.549683	-68.221748
742.895508	-67.389328
744.241333	-68.197990
745.587158	-69.072220
746.932983	-67.974144
748.278809	-67.424217
749.624634	-68.201851
750.970459	-67.747765
752.316284	-68.368210
753.662109	-68.601257
755.007935	-68.115982
756.353760	-68.392555
757.699585	-68.626556
759.045410	-67.539291
760.391235	-68.399666
761.737061	-67.999268
763.082886	-68.048332
764.428711	-67.860413
765.774536	-68.430939
767.120361	-67.302063
768.466187	-68.319031
769.812012	-67.949776
771.157837	-68.155327
772.503662	-68.877785
773.849487	-69.015266
775.195312	-68.940193
776.541138	-68.098824
777.886963	-68.250343
779.232788	-69.045738
780.578613	-69.610718
781.924438	-69.012230
783.270264	-68.034325
784.616089	-68.320602
785.961914	-68.210655
787.307739	-69.085373
788.653564	-68.572151
789.999390	-68.089775
791.345215	-70.118141
792.691040	-67.820969
794.036865	-68.551819
795.382690	-68.257484
796.728516	-69.107430
798.074341	-68.643867
799.420166	-67.989716
800.765991	-68.623192
802.111816	-68.306702
803.457642	-67.688957
804.803467	-69.020630
806.149292	-68.572807
807.495117	-68.715622
808.840942	-68.391136
810.186768	-68.140900
811.532593	-69.547180
812.878418	-68.072098
814.224243	-68.092484
815.570068	-68.578804
816.915894	-68.037445
818.261719	-68.451202
819.607544	-68.482361
820.953369	-68.200821
822.299194	-67.843048
823.645020	-68.275276
824.990845	-68.500099
826.336670	-67.704262
827.682495	-68.068481
829.028320	-68.480698
830.374146	-67.980728
831.719971	-69.032883
833.065796	-69.236984
834.411621	-68.467545
835.757446	-68.358536
837.103271	-67.316444
838.449097	-69.643333
839.794922	-68.574089
841.140747	-67.888123
842.486572	-68.503120
843.832397	-67.817345
845.178223	-68.955429
846.524048	-68.040070
847.869873	-68.047501
849.215698	-68.066757
850.561523	-68.310478
851.907349	-68.206146
853.253174	-68.582977
854.598999	-67.556824
855.944824	-68.002693
857.290649	-67.658607
858.636475	-68.513451
859.982300	-68.037811
861.328125	-67.759247
862.673950	-67.833336
864.019775	-67.795158
865.365601	-67.891701
866.711426	-68.572075
868.057251	-68.428352
869.403076	-68.164467
870.748901	-68.502968
872.094727	-67.475510
873.440552	-66.835983
874.786377	-68.533035
876.132202	-67.133492
877.478027	-67.092827
878.823853	-66.796898
880.169678	-66.991432
881.515503	-67.092468
882.861328	-67.739655
884.207153	-68.193382
885.552979	-66.849739
886.898804	-67.493668
888.244629	-67.158981
889.590454	-66.640160
890.936279	-66.886421
892.282104	-66.923157
893.627930	-66.399261
894.973755	-67.362137
896.319580	-67.268402
897.665405	-66.363594
899.011230	-65.550201
900.357056	-66.323181
901.702881	-66.160957
903.048706	-66.329102
904.394531	-67.216805
905.740356	-66.758492
907.086182	-66.202072
908.432007	-66.567230
909.777832	-66.429054
911.123657	-67.555756
912.469482	-66.126839
913.815308	-65.733406
915.161133	-65.941872
916.506958	-65.414276
917.852783	-66.814262
919.198608	-67.169235
920.544434	-66.982986
921.890259	-65.806137
923.236084	-66.365234
924.581909	-65.906075
925.927734	-65.674995
927.273560	-65.458244
928.619385	-65.906998
929.965210	-65.560226
931.311035	-66.387115
932.656860	-65.082817
934.002686	-65.804451
935.348511	-65.516289
936.694336	-65.700279
938.040161	-64.568451
939.385986	-63.676773
940.731812	-64.073044
942.077637	-64.459175
943.423462	-65.054672
944.769287	-64.776024
946.115112	-64.897545
947.460938	-64.737083
948.806763	-64.080505
950.152588	-63.900967
951.498413	-65.213547
952.844238	-65.036842
954.190063	-64.484268
955.535889	-64.237892
956.881714	-64.475304
958.227539	-65.584305
959.573364	-65.665810
960.919189	-63.399300
962.265015	-63.645947
963.610840	-65.079849
964.956665	-63.497593
966.302490	-63.120758
967.648315	-63.991417
968.994141	-63.160530
970.339966	-62.580257
971.685791	-63.254322
973.031616	-63.484848
974.377441	-62.913406
975.723267	-62.724510
977.069092	-62.773567
978.414917	-62.760609
979.760742	-62.169773
981.106567	-63.038811
982.452393	-62.948700
983.798218	-61.298958
985.144043	-62.873363
986.489868	-61.121895
987.835693	-61.633228
989.181519	-61.939621
990.527344	-62.070007
991.873169	-61.572254
993.218994	-62.367771
994.564819	-60.687466
995.910645	-60.939590
997.256470	-61.938568
998.602295	-60.998531
999.948120	-60.464817
1001.293945	-59.822414
1002.639771	-60.710930
1003.985596	-60.621887
1005.331421	-61.216408
1006.677246	-60.135960
1008.023071	-59.783554
1009.368896	-60.314835
1010.714722	-60.633682
1012.060547	-59.006138
1013.406372	-59.737244
1014.752197	-58.939354
1016.098022	-59.509407
1017.443848	-58.603798
1018.789673	-58.339550
1020.135498	-59.055565
1021.481323	-60.270332
1022.827148	-58.411652
1024.172974	-57.227348
1025.518799	-58.291302
1026.864624	-57.824715
1028.210449	-57.719044
1029.556274	-58.081238
1030.902100	-57.819271
1032.247925	-57.884884
1033.593750	-57.503086
1034.939575	-57.220341
1036.285400	-56.397762
1037.631226	-57.245174
1038.977051	-57.333801
1040.322876	-56.358196
1041.668701	-56.585190
1043.014526	-57.027962
1044.360352	-56.523708
1045.706177	-56.250496
1047.052002	-55.276844
1048.397827	-55.087730
1049.743652	-55.401798
1051.089478	-55.392860
1052.435303	-54.696144
1053.781128	-53.983837
1055.126953	-54.730942
1056.472778	-54.372696
1057.818604	-54.187557
1059.164429	-53.042213
1060.510254	-53.472897
1061.856079	-53.563267
1063.201904	-53.400467
1064.547729	-53.974113
1065.893555	-53.443981
1067.239380	-52.949902
1068.585205	-51.868362
1069.931030	-52.052822
1071.276855	-52.329025
1072.622681	-52.360142
1073.968506	-52.097301
1075.314331	-53.032410
1076.660156	-54.064159
1078.005981	-52.956818
1079.351807	-51.215454
1080.697632	-51.218342
1082.043457	-51.237072
1083.389282	-50.884686
1084.735107	-50.642551
1086.080933	-50.362888
1087.426758	-51.350555
1088.772583	-51.208702
1090.118408	-51.636425
1091.464233	-50.486401
1092.810059	-50.466969
1094.155884	-50.972466
1095.501709	-51.137154
1096.847534	-51.558689
1098.193359	-51.143482
1099.539185	-50.579178
1100.885010	-49.869751
1102.230835	-50.407784
1103.576660	-51.443398
1104.922485	-51.700989
1106.268311	-51.123821
1107.614136	-51.393639
1108.959961	-52.339638
1110.305786	-51.794567
1111.651611	-52.570946
1112.997437	-51.957607
1114.343262	-51.862919
1115.689087	-51.205246
1117.034912	-52.088741
1118.380737	-53.044724
1119.726562	-53.712563
1121.072388	-52.567665
1122.418213	-52.426178
1123.764038	-53.092060
1125.109863	-53.231804
1126.455688	-53.327583
1127.801514	-52.704411
1129.147339	-53.223148
1130.493164	-53.194164
1131.838989	-53.862770
1133.184814	-53.839588
1134.530640	-53.792446
1135.876465	-53.826015
1137.222290	-54.381428
1138.568115	-54.113613
1139.913940	-53.543018
1141.259766	-55.719128
1142.605591	-55.558556
1143.951416	-55.961288
1145.297241	-55.189423
1146.643066	-55.275169
1147.988892	-55.261635
1149.334717	-55.917561
1150.680542	-55.885262
1152.026367	-56.415844
1153.372192	-56.047050
1154.718018	-56.279560
1156.063843	-56.311909
1157.409668	-55.961098
1158.755493	-56.495811
1160.101318	-56.803944
1161.447144	-56.682522
1162.792969	-57.338543
1164.138794	-56.180923
1165.484619	-57.442417
1166.830444	-57.323120
1168.176270	-57.230503
1169.522095	-56.319027
1170.867920	-56.957638
1172.213745	-57.369156
1173.559570	-57.875088
1174.905396	-58.058884
1176.251221	-57.780083
1177.597046	-57.958508
1178.942871	-57.953495
1180.288696	-58.233131
1181.634521	-57.691967
1182.980347	-58.329266
1184.326172	-58.465488
1185.671997	-58.089005
1187.017822	-59.500340
1188.363647	-58.308239
1189.709473	-59.019306
1191.055298	-57.933659
1192.401123	-58.996586
1193.746948	-58.331928
1195.092773	-59.339111
1196.438599	-58.798279
1197.784424	-58.728851
1199.130249	-58.356030
1200.476074	-58.725246
1201.821899	-58.622467
1203.167725	-59.495567
1204.513550	-59.155693
1205.859375	-60.543148
1207.205200	-59.522049
1208.551025	-59.432095
1209.896851	-60.441833
1211.242676	-60.694912
1212.588501	-59.561096
1213.934326	-59.682972
1215.280151	-59.144718
1216.625977	-60.232784
1217.971802	-59.639084
1219.317627	-60.370075
1220.663452	-60.097839
1222.009277	-60.013119
1223.355103	-60.274151
1224.700928	-59.644184
1226.046753	-59.028008
1227.392578	-61.238972
1228.738403	-60.615429
1230.084229	-60.953739
1231.430054	-61.034927
1232.775879	-61.096535
1234.121704	-60.730896
1235.467529	-61.046967
1236.813354	-60.879101
1238.159180	-60.628147
1239.505005	-61.569885
1240.850830	-59.455505
1242.196655	-60.338524
1243.542480	-60.721397
1244.888306	-61.073376
1246.234131	-61.371399
1247.579956	-60.561970
1248.925781	-60.671722
1250.271606	-60.693317
1251.617432	-61.315941
1252.963257	-61.040077
1254.309082	-61.074368
1255.654907	-61.186718
1257.000732	-60.084492
1258.346558	-61.846138
1259.692383	-61.237556
1261.038208	-61.531731
1262.384033	-62.131069
1263.729858	-60.721142
1265.075684	-60.850960
1266.421509	-61.587990
1267.767334	-61.992466
1269.113159	-61.298656
1270.458984	-61.358864
1271.804810	-62.274765
1273.150635	-61.455410
1274.496460	-61.215935
1275.842285	-61.298416
1277.188110	-61.088367
1278.533936	-62.360245
1279.879761	-61.937260
1281.225586	-61.607307
1282.571411	-61.312649
1283.917236	-61.284954
1285.263062	-60.934540
1286.608887	-62.052979
1287.954712	-62.055763
1289.300537	-61.113605
1290.646362	-61.684914
1291.992188	-62.262863
1293.338013	-61.865479
1294.683838	-61.999664
1296.029663	-61.779831
1297.375488	-61.654316
1298.721313	-61.591610
1300.067139	-62.084724
1301.412964	-62.134785
1302.758789	-61.929337
1304.104614	-61.972393
1305.450439	-61.529095
1306.796265	-61.847458
1308.142090	-61.077332
1309.487915	-61.225410
1310.833740	-62.080170
1312.179565	-61.928829
1313.525391	-60.528950
1314.871216	-62.103809
1316.217041	-61.488483
1317.562866	-61.353882
1318.908691	-61.217850
1320.254517	-62.123291
1321.600342	-61.353569
1322.946167	-63.106754
1324.291992	-62.520962
1325.637817	-62.484631
1326.983643	-61.655106
1328.329468	-62.067062
1329.675293	-62.443359
1331.021118	-62.292389
1332.366943	-62.256752
1333.712769	-62.474403
1335.058594	-61.806137
1336.404419	-62.512482
1337.750244	-61.508179
1339.096069	-60.916939
1340.441895	-61.803616
1341.787720	-61.041286
1343.133545	-61.044994
1344.479370	-62.234409
1345.825195	-61.576096
1347.171021	-61.263111
1348.516846	-61.721348
1349.862671	-61.699230
1351.208496	-61.576897
1352.554321	-61.702827
1353.900146	-62.794712
1355.245972	-61.340450
1356.591797	-62.513199
1357.937622	-61.882000
1359.283447	-61.343178
1360.629272	-60.716927
1361.975098	-61.538330
1363.320923	-63.823330
1364.666748	-62.206364
1366.012573	-61.933865
1367.358398	-60.640671
1368.704224	-61.244072
1370.050049	-62.030434
1371.395874	-61.304081
1372.741699	-62.245762
1374.087524	-62.734093
1375.433350	-62.456402
1376.779175	-61.913933
1378.125000	-61.284199
1379.470825	-60.606709
1380.816650	-61.011086
1382.162476	-60.258884
1383.508301	-61.745892
1384.854126	-62.001472
1386.199951	-60.150845
1387.545776	-60.763821
1388.891602	-61.478138
1390.237427	-61.420769
1391.583252	-61.064999
1392.929077	-61.669800
1394.274902	-61.556049
1395.620728	-61.266811
1396.966553	-61.122929
1398.312378	-61.348114
1399.658203	-60.587540
1401.004028	-60.615307
1402.349854	-60.472534
1403.695679	-60.365211
1405.041504	-60.738819
1406.387329	-61.146713
1407.733154	-60.850502
1409.078979	-61.444420
1410.424805	-61.280560
1411.770630	-61.272274
1413.116455	-60.457260
1414.462280	-61.024529
1415.808105	-60.073029
1417.153931	-60.947510
1418.499756	-60.206810
1419.845581	-60.964890
1421.191406	-60.870926
1422.537231	-61.063313
1423.883057	-61.063763
1425.228882	-60.858635
1426.574707	-60.444851
1427.920532	-59.020046
1429.266357	-60.618427
1430.612183	-61.978161
1431.958008	-60.081646
1433.303833	-61.295181
1434.649658	-60.413506
1435.995483	-59.974590
1437.341309	-60.303619
1438.687134	-59.833996
1440.032959	-59.485317
1441.378784	-58.757591
1442.724609	-58.862656
1444.070435	-59.498341
1445.416260	-59.853127
1446.762085	-59.912266
1448.107910	-59.211666
1449.453735	-59.026569
1450.799561	-60.191463
1452.145386	-60.245956
1453.491211	-59.742577
1454.837036	-59.122707
1456.182861	-59.245602
1457.528687	-59.975872
1458.874512	-60.241753
1460.220337	-58.782162
1461.566162	-57.910793
1462.911987	-59.286976
1464.257812	-60.638844
1465.603638	-59.614166
1466.949463	-59.278511
1468.295288	-59.265079
1469.641113	-59.518864
1470.986938	-58.503052
1472.332764	-58.189472
1473.678589	-56.911846
1475.024414	-58.395557
1476.370239	-59.444904
1477.716064	-57.846352
1479.061890	-57.589664
1480.407715	-57.721035
1481.753540	-57.972389
1483.099365	-58.388088
1484.445190	-57.758495
1485.791016	-58.408108
1487.136841	-58.739033
1488.482666	-58.146347
1489.828491	-58.528343
1491.174316	-57.721855
1492.520142	-57.265697
1493.865967	-58.211971
1495.211792	-57.985054
1496.557617	-58.105606
1497.903442	-57.396149
1499.249268	-56.372932
1500.595093	-57.950779
1501.940918	-58.979946
1503.286743	-56.964745
1504.632568	-57.759247
1505.978394	-56.172993
1507.324219	-56.444221
1508.670044	-57.262531
1510.015869	-55.952461
1511.361694	-55.778004
1512.707520	-57.577793
1514.053345	-56.880939
1515.399170	-54.890408
1516.744995	-55.682026
1518.090820	-54.981911
1519.436646	-54.479660
1520.782471	-54.870056
1522.128296	-55.537708
1523.474121	-56.484032
1524.819946	-54.811363
1526.165771	-55.120033
1527.511597	-55.393456
1528.857422	-56.338417
1530.203247	-55.116642
1531.549072	-55.089523
1532.894897	-55.054939
1534.240723	-55.358646
1535.586548	-54.689285
1536.932373	-53.873707
1538.278198	-55.282558
1539.624023	-54.725494
1540.969849	-54.837761
1542.315674	-54.030388
1543.661499	-53.047218
1545.007324	-53.534733
1546.353149	-53.347225
1547.698975	-52.963730
1549.044800	-52.339382
1550.390625	-52.490421
1551.736450	-51.986176
1553.082275	-53.970619
1554.428101	-53.053429
1555.773926	-53.325317
1557.119751	-53.054478
1558.465576	-51.784492
1559.811401	-52.487915
1561.157227	-51.153500
1562.503052	-52.318523
1563.848877	-52.319653
1565.194702	-52.592556
1566.540527	-51.540661
1567.886353	-51.701431
1569.232178	-50.533092
1570.578003	-51.392071
1571.923828	-50.845146
1573.269653	-50.407291
1574.615479	-51.266384
1575.961304	-49.678135
1577.307129	-51.543755
1578.652954	-50.328274
1579.998779	-50.455826
1581.344604	-50.374466
1582.690430	-49.174778
1584.036255	-49.878098
1585.382080	-49.565502
1586.727905	-49.948322
1588.073730	-48.883591
1589.419556	-47.726902
1590.765381	-49.898499
1592.111206	-49.192085
1593.457031	-48.451790
1594.802856	-48.387791
1596.148682	-48.706718
1597.494507	-47.539005
1598.840332	-47.795902
1600.186157	-48.445152
1601.531982	-47.489876
1602.877808	-47.935482
1604.223633	-47.664577
1605.569458	-47.633442
1606.915283	-46.574127
1608.261108	-46.655106
1609.606934	-46.399837
1610.952759	-44.805893
1612.298584	-45.742359
1613.644409	-46.513062
1614.990234	-45.654739
1616.336060	-45.760944
1617.681885	-46.430840
1619.027710	-45.242584
1620.373535	-45.144821
1621.719360	-45.593899
1623.065186	-45.744404
1624.411011	-45.760056
1625.756836	-45.189400
1627.102661	-45.799202
1628.448486	-44.709599
1629.794312	-44.640224
1631.140137	-44.684509
1632.485962	-46.216251
1633.831787	-44.463345
1635.177612	-44.393711
1636.523438	-45.750069
1637.869263	-45.620865
1639.215088	-44.978516
1640.560913	-45.135086
1641.906738	-45.379650
1643.252563	-45.151848
1644.598389	-45.257977
1645.944214	-45.110550
1647.290039	-45.534206
1648.635864	-46.589096
1649.981689	-46.679470
1651.327515	-46.656086
1652.673340	-47.236343
1654.019165	-47.547920
1655.364990	-46.588398
1656.710815	-46.772221
1658.056641	-46.689308
1659.402466	-47.522308
1660.748291	-46.815323
1662.094116	-47.752747
1663.439941	-48.255630
1664.785767	-47.682785
1666.131592	-47.890926
1667.477417	-47.526085
1668.823242	-48.775600
1670.169067	-48.647346
1671.514893	-49.083481
1672.860718	-48.691822
1674.206543	-50.389427
1675.552368	-49.289555
1676.898193	-49.035419
1678.244019	-48.325123
1679.589844	-49.593681
1680.935669	-50.303577
1682.281494	-50.470093
1683.627319	-49.754799
1684.973145	-50.108940
1686.318970	-49.493752
1687.664795	-50.932220
1689.010620	-50.384254
1690.356445	-51.836720
1691.702271	-50.948845
1693.048096	-50.463627
1694.393921	-51.180763
1695.739746	-51.103828
1697.085571	-51.114101
1698.431396	-51.311256
1699.777222	-52.325665
1701.123047	-52.841148
1702.468872	-51.947079
1703.814697	-51.842697
1705.160522	-51.473869
1706.506348	-52.889225
1707.852173	-51.342060
1709.197998	-51.514866
1710.543823	-51.763668
1711.889648	-51.646614
1713.235474	-52.237442
1714.581299	-53.455830
1715.927124	-52.276257
1717.272949	-51.738140
1718.618774	-51.961391
1719.964600	-52.326153
1721.310425	-52.615582
1722.656250	-52.741749
1724.002075	-52.772110
1725.347900	-52.839573
1726.693726	-52.513287
1728.039551	-52.725281
1729.385376	-53.211906
1730.731201	-53.575672
1732.077026	-54.050449
1733.422852	-54.208523
1734.768677	-54.415047
1736.114502	-53.571251
1737.460327	-53.955692
1738.806152	-54.331207
1740.151978	-53.521778
1741.497803	-53.883091
1742.843628	-54.019241
1744.189453	-54.406876
1745.535278	-55.801426
1746.881104	-54.780445
1748.226929	-53.858444
1749.572754	-54.343914
1750.918579	-54.804344
1752.264404	-54.779366
1753.610229	-54.691933
1754.956055	-53.858650
1756.301880	-54.280922
1757.647705	-54.787449
1758.993530	-54.602364
1760.339355	-54.346836
1761.685181	-55.672070
1763.031006	-54.850365
1764.376831	-55.185295
1765.722656	-55.334694
1767.068481	-55.367737
1768.414307	-56.376339
1769.760132	-55.279190
1771.105957	-55.019535
1772.451782	-55.270275
1773.797607	-55.872139
1775.143433	-55.602333
1776.489258	-55.315273
1777.835083	-54.985882
1779.180908	-55.549213
1780.526733	-55.485115
1781.872559	-55.618877
1783.218384	-56.954323
1784.564209	-55.485466
1785.910034	-56.021606
1787.255859	-55.269520
1788.601685	-56.195011
1789.947510	-55.501133
1791.293335	-56.166039
1792.639160	-55.995636
1793.984985	-56.932758
1795.330811	-56.519672
1796.676636	-55.692524
1798.022461	-57.335438
1799.368286	-56.906246
1800.714111	-55.620586
1802.059937	-56.498341
1803.405762	-56.875641
1804.751587	-56.587200
1806.097412	-56.162567
1807.443237	-56.147045
1808.789062	-56.497459
1810.134888	-56.438774
1811.480713	-55.382790
1812.826538	-57.102543
1814.172363	-56.784229
1815.518188	-56.877926
1816.864014	-56.667320
1818.209839	-56.074539
1819.555664	-57.072166
1820.901489	-56.534210
1822.247314	-56.843170
1823.593140	-56.885357
1824.938965	-57.474434
1826.284790	-57.177555
1827.630615	-58.886677
1828.976440	-58.061066
1830.322266	-57.571892
1831.668091	-56.405365
1833.013916	-55.965153
1834.359741	-56.740562
1835.705566	-56.969158
1837.051392	-57.035759
1838.397217	-57.566856
1839.743042	-57.444881
1841.088867	-57.020473
1842.434692	-56.728008
1843.780518	-56.266628
1845.126343	-57.115719
1846.472168	-57.819202
1847.817993	-57.373463
1849.163818	-57.190453
1850.509644	-57.405975
1851.855469	-57.531281
1853.201294	-57.853214
1854.547119	-57.077766
1855.892944	-56.491890
1857.238770	-56.314568
1858.584595	-57.073193
1859.930420	-55.996559
1861.276245	-57.943630
1862.622070	-56.760399
1863.967896	-57.854935
1865.313721	-57.073975
1866.659546	-56.738705
1868.005371	-57.114834
1869.351196	-57.148418
1870.697021	-57.632698
1872.042847	-56.723148
1873.388672	-56.582191
1874.734497	-56.989872
1876.080322	-57.023449
1877.426147	-57.338032
1878.771973	-58.007973
1880.117798	-56.070030
1881.463623	-57.636791
1882.809448	-57.224724
1884.155273	-58.402321
1885.501099	-56.853310
1886.846924	-57.747826
1888.192749	-58.392456
1889.538574	-56.911240
1890.884399	-57.475342
1892.230225	-58.532501
1893.576050	-56.454296
1894.921875	-57.542007
1896.267700	-57.744850
1897.613525	-56.883541
1898.959351	-57.678040
1900.305176	-57.472893
1901.651001	-57.664757
1902.996826	-57.955742
1904.342651	-57.436447
1905.688477	-57.400826
1907.034302	-57.936207
1908.380127	-57.426495
1909.725952	-57.704372
1911.071777	-57.482304
1912.417603	-57.377357
1913.763428	-57.209362
1915.109253	-57.873325
1916.455078	-56.876591
1917.800903	-57.112923
1919.146729	-56.601261
1920.492554	-57.530079
1921.838379	-57.191196
1923.184204	-57.165234
1924.530029	-57.944252
1925.875854	-55.983204
1927.221680	-56.587429
1928.567505	-57.816864
1929.913330	-57.772030
1931.259155	-57.438946
1932.604980	-56.566097
1933.950806	-56.102474
1935.296631	-57.477566
1936.642456	-57.155399
1937.988281	-57.756676
1939.334106	-56.806843
1940.679932	-55.971935
1942.025757	-57.095196
1943.371582	-57.334244
1944.717407	-56.801373
1946.063232	-57.497791
1947.409058	-57.388771
1948.754883	-56.331116
1950.100708	-56.908615
1951.446533	-56.355511
1952.792358	-56.663029
1954.138184	-56.947136
1955.484009	-55.584366
1956.829834	-57.028923
1958.175659	-56.562332
1959.521484	-56.464928
1960.867310	-58.260769
1962.213135	-56.930374
1963.558960	-56.286587
1964.904785	-56.777908
1966.250610	-55.447937
1967.596436	-56.564011
1968.942261	-56.168941
1970.288086	-56.561069
1971.633911	-56.232605
1972.979736	-56.620728
1974.325562	-57.103687
1975.671387	-56.281300
1977.017212	-56.780602
1978.363037	-56.762619
1979.708862	-57.173912
1981.054688	-56.842216
1982.400513	-55.468632
1983.746338	-55.783436
1985.092163	-55.530857
1986.437988	-55.443760
1987.783813	-56.592621
1989.129639	-56.193954
1990.475464	-55.572803
1991.821289	-57.376667
1993.167114	-56.259605
1994.512939	-56.527378
1995.858765	-55.509106
1997.204590	-56.289467
1998.550415	-55.475731
1999.896240	-56.370319
2001.242065	-55.867226
2002.587891	-56.260960
2003.933716	-55.876743
2005.279541	-55.587200
2006.625366	-55.816521
2007.971191	-55.657894
2009.317017	-56.078209
2010.662842	-55.313946
2012.008667	-55.751484
2013.354492	-55.568882
2014.700317	-56.013027
2016.046143	-54.977821
2017.391968	-55.821899
2018.737793	-55.610538
2020.083618	-54.605675
2021.429443	-53.519650
2022.775269	-54.681240
2024.121094	-53.879974
2025.466919	-54.712769
2026.812744	-54.647938
2028.158569	-54.672237
2029.504395	-54.205090
2030.850220	-55.116943
2032.196045	-54.546925
2033.541870	-54.645321
2034.887695	-53.964043
2036.233521	-54.025555
2037.579346	-53.731678
2038.925171	-53.881481
2040.270996	-54.493191
2041.616821	-54.745285
2042.962646	-53.725410
2044.308472	-54.136921
2045.654297	-53.800175
2047.000122	-53.634121
2048.345947	-53.569790
2049.691772	-53.647682
2051.037598	-53.712124
2052.383423	-54.003918
2053.729248	-53.781143
2055.075073	-53.684628
2056.420898	-52.746540
2057.766724	-53.074684
2059.112549	-53.094841
2060.458374	-52.406929
2061.804199	-53.191719
2063.150024	-53.769516
2064.495850	-52.513794
2065.841675	-53.370209
2067.187500	-53.292736
2068.533325	-52.412464
2069.879150	-53.329185
2071.224976	-52.188843
2072.570801	-52.524570
2073.916626	-52.379353
2075.262451	-53.105419
2076.608276	-52.180412
2077.954102	-52.958359
2079.299927	-52.225899
2080.645752	-52.321606
2081.991577	-51.336441
2083.337402	-51.486420
2084.683228	-51.519936
2086.029053	-50.429188
2087.374878	-50.672977
2088.720703	-51.590042
2090.066528	-51.260426
2091.412354	-50.374050
2092.758179	-51.531757
2094.104004	-50.412907
2095.449829	-50.584156
2096.795654	-49.635864
2098.141479	-50.472248
2099.487305	-50.295799
2100.833130	-50.407528
2102.178955	-50.580696
2103.524780	-50.442066
2104.870605	-50.594574
2106.216431	-49.265106
2107.562256	-48.757927
2108.908081	-48.471844
2110.253906	-48.312817
2111.599731	-49.780388
2112.945557	-49.108662
2114.291382	-49.387398
2115.637207	-48.435982
2116.983032	-49.106503
2118.328857	-47.615101
2119.674683	-48.081799
2121.020508	-48.722343
2122.366333	-49.410461
2123.712158	-48.569138
2125.057983	-47.532269
2126.403809	-46.709091
2127.749634	-47.818501
2129.095459	-47.262802
2130.441284	-47.291466
2131.787109	-46.618210
2133.132935	-46.225220
2134.478760	-46.145420
2135.824585	-46.471375
2137.170410	-47.109619
2138.516235	-46.284164
2139.862061	-45.347713
2141.207886	-45.651943
2142.553711	-46.664474
2143.899536	-45.070492
2145.245361	-46.097668
2146.591187	-44.680943
2147.937012	-44.292423
2149.282837	-45.768871
2150.628662	-45.052872
2151.974487	-43.997986
2153.320312	-43.757099
2154.666138	-44.326920
2156.011963	-43.194805
2157.357788	-44.368912
2158.703613	-42.268871
2160.049438	-43.637711
2161.395264	-45.056065
2162.741089	-44.558990
2164.086914	-43.886372
2165.432739	-44.059502
2166.778564	-43.024952
2168.124390	-43.918255
2169.470215	-42.938183
2170.816040	-44.589008
2172.161865	-42.730656
2173.507690	-42.461777
2174.853516	-42.697163
2176.199341	-42.737938
2177.545166	-43.109825
2178.890991	-42.066425
2180.236816	-42.485638
2181.582642	-43.786896
2182.928467	-43.688339
2184.274292	-44.090424
2185.620117	-42.904663
2186.965942	-42.409550
2188.311768	-42.074776
2189.657593	-43.059177
2191.003418	-44.117073
2192.349243	-43.557625
2193.695068	-44.437065
2195.040894	-43.882599
2196.386719	-43.642426
2197.732544	-44.572956
2199.078369	-43.729610
2200.424194	-45.493591
2201.770020	-44.168762
2203.115845	-44.837017
2204.461670	-44.921036
2205.807495	-45.986290
2207.153320	-45.566166
2208.499146	-45.066799
2209.844971	-46.308689
2211.190796	-45.016201
2212.536621	-45.304432
2213.882446	-46.008640
2215.228271	-46.728848
2216.574097	-47.187698
2217.919922	-46.697609
2219.265747	-47.163849
2220.611572	-47.151585
2221.957397	-47.481293
2223.303223	-47.914307
2224.649048	-47.485691
2225.994873	-47.298553
2227.340698	-47.838200
2228.686523	-47.904705
2230.032349	-47.531361
2231.378174	-47.061710
2232.723999	-47.831345
2234.069824	-48.546219
2235.415649	-49.000957
2236.761475	-48.941982
2238.107300	-48.747574
2239.453125	-49.797348
2240.798950	-48.472244
2242.144775	-49.424259
2243.490601	-49.861187
2244.836426	-49.781250
2246.182251	-49.207630
2247.528076	-50.599010
2248.873901	-49.876865
2250.219727	-50.104370
2251.565552	-51.039597
2252.911377	-50.793575
2254.257202	-51.481815
2255.603027	-50.444859
2256.948853	-51.015694
2258.294678	-50.768917
2259.640503	-50.136372
2260.986328	-50.556828
2262.332153	-51.678097
2263.677979	-51.033775
2265.023804	-50.426178
2266.369629	-50.098274
2267.715454	-51.608006
2269.061279	-52.483952
2270.407104	-52.284527
2271.752930	-51.806332
2273.098755	-51.891304
2274.444580	-52.087540
2275.790405	-52.166908
2277.136230	-52.164463
2278.482056	-51.723629
2279.827881	-51.826973
2281.173706	-52.203991
2282.519531	-52.125076
2283.865356	-52.159222
2285.211182	-52.849918
2286.557007	-52.889099
2287.902832	-52.498905
2289.248657	-53.161247
2290.594482	-52.464794
2291.940308	-53.259830
2293.286133	-53.312675
2294.631958	-53.172081
2295.977783	-53.339699
2297.323608	-53.814022
2298.669434	-53.796734
2300.015259	-53.345257
2301.361084	-53.232441
2302.706909	-54.078457
2304.052734	-53.994118
2305.398560	-54.424393
2306.744385	-54.998524
2308.090210	-53.898907
2309.436035	-55.361622
2310.781860	-53.895615
2312.127686	-53.938313
2313.473511	-53.844410
2314.819336	-54.674458
2316.165161	-54.017097
2317.510986	-55.070885
2318.856812	-55.096180
2320.202637	-54.356457
2321.548462	-54.456177
2322.894287	-55.107685
2324.240112	-56.163120
2325.585938	-55.639984
2326.931763	-55.901718
2328.277588	-55.168396
2329.623413	-55.540779
2330.969238	-54.738266
2332.315063	-55.251797
2333.660889	-56.056103
2335.006714	-55.336319
2336.352539	-55.031532
2337.698364	-56.425880
2339.044189	-55.394688
2340.390015	-55.201904
2341.735840	-54.061100
2343.081665	-56.130726
2344.427490	-56.179310
2345.773315	-56.823818
2347.119141	-56.502964
2348.464966	-56.233692
2349.810791	-55.479126
2351.156616	-55.313797
2352.502441	-55.524025
2353.848267	-54.633167
2355.194092	-55.637848
2356.539917	-56.598537
2357.885742	-56.165100
2359.231567	-56.192307
2360.577393	-56.885906
2361.923218	-56.556183
2363.269043	-56.784882
2364.614868	-55.713242
2365.960693	-57.184586
2367.306519	-56.452763
2368.652344	-57.050194
2369.998169	-56.710178
2371.343994	-56.429115
2372.689819	-57.211739
2374.035645	-57.613487
2375.381470	-56.525608
2376.727295	-57.379868
2378.073120	-55.928963
2379.418945	-57.010654
2380.764771	-56.568974
2382.110596	-58.155876
2383.456421	-57.494755
2384.802246	-57.249603
2386.148071	-57.072914
2387.493896	-56.201992
2388.839722	-57.862099
2390.185547	-57.496536
2391.531372	-56.834114
2392.877197	-56.320183
2394.223022	-56.217487
2395.568848	-57.306923
2396.914673	-57.745262
2398.260498	-56.754467
2399.606323	-57.488445
2400.952148	-57.323555
2402.297974	-56.807743
2403.643799	-57.213696
2404.989624	-57.115135
2406.335449	-57.730370
2407.681274	-58.082874
2409.027100	-57.260742
2410.372925	-57.231628
2411.718750	-56.838779
2413.064575	-57.299385
2414.410400	-56.437996
2415.756226	-56.209743
2417.102051	-57.139328
2418.447876	-56.472740
2419.793701	-56.961918
2421.139526	-57.436817
2422.485352	-57.213615
2423.831177	-57.354950
2425.177002	-56.975727
2426.522827	-57.854557
2427.868652	-57.598465
2429.214478	-57.248077
2430.560303	-58.347969
2431.906128	-56.962818
2433.251953	-57.504940
2434.597778	-57.155815
2435.943604	-56.893791
2437.289429	-57.736416
2438.635254	-57.000885
2439.981079	-57.044117
2441.326904	-58.192429
2442.672729	-58.425751
2444.018555	-56.516357
2445.364380	-57.522671
2446.710205	-58.003971
2448.056030	-58.403141
2449.401855	-58.798767
2450.747681	-57.695038
2452.093506	-56.981060
2453.439331	-57.993458
2454.785156	-57.807125
2456.130981	-57.393837
2457.476807	-56.654800
2458.822632	-56.928352
2460.168457	-56.742237
2461.514282	-58.223331
2462.860107	-57.374168
2464.205933	-57.249641
2465.551758	-56.880943
2466.897583	-57.565044
2468.243408	-56.518009
2469.589233	-58.109436
2470.935059	-56.858639
2472.280884	-57.113361
2473.626709	-57.286423
2474.972534	-56.480148
2476.318359	-56.938633
2477.664185	-57.620026
2479.010010	-56.389713
2480.355835	-57.099308
2481.701660	-55.865257
2483.047485	-57.808296
2484.393311	-57.641651
2485.739136	-56.973400
2487.084961	-56.681423
2488.430786	-57.357937
2489.776611	-56.968624
2491.122437	-56.673073
2492.468262	-56.693550
2493.814087	-57.282784
2495.159912	-57.537064
2496.505737	-57.695068
2497.851562	-57.113567
2499.197388	-56.260418
2500.543213	-56.230030
2501.889038	-56.433468
2503.234863	-56.635979
2504.580688	-56.818993
2505.926514	-56.981384
2507.272339	-56.904305
2508.618164	-57.080650
2509.963989	-57.137135
2511.309814	-55.923992
2512.655640	-58.005718
2514.001465	-56.100151
2515.347290	-56.184334
2516.693115	-55.746529
2518.038940	-56.421230
2519.384766	-55.653568
2520.730591	-56.189903
2522.076416	-56.715008
2523.422241	-56.564426
2524.768066	-55.549721
2526.113892	-55.879803
2527.459717	-56.254265
2528.805542	-55.351196
2530.151367	-55.992981
2531.497192	-56.592648
2532.843018	-56.281010
2534.188843	-55.884842
2535.534668	-56.506428
2536.880493	-56.739925
2538.226318	-55.286800
2539.572144	-55.684486
2540.917969	-55.530037
2542.263794	-55.769478
2543.609619	-55.599457
2544.955444	-55.010498
2546.301270	-54.857075
2547.647095	-55.939026
2548.992920	-56.658192
2550.338745	-55.807747
2551.684570	-55.942265
2553.030396	-56.618565
2554.376221	-56.326149
2555.722046	-54.894741
2557.067871	-55.256676
2558.413696	-55.751225
2559.759521	-54.976822
2561.105347	-54.112362
2562.451172	-54.694263
2563.796997	-55.293472
2565.142822	-54.938927
2566.488647	-54.684837
2567.834473	-55.065327
2569.180298	-54.927868
2570.526123	-54.276711
2571.871948	-54.087303
2573.217773	-55.683960
2574.563599	-55.422619
2575.909424	-55.729942
2577.255249	-54.745079
2578.601074	-54.955513
2579.946899	-54.946110
2581.292725	-54.429699
2582.638550	-53.685699
2583.984375	-54.360535
2585.330200	-54.554245
2586.676025	-54.348053
2588.021851	-53.990509
2589.367676	-54.685375
2590.713501	-54.832401
2592.059326	-54.141003
2593.405151	-53.418430
2594.750977	-53.787300
2596.096802	-54.900078
2597.442627	-54.704041
2598.788452	-53.208111
2600.134277	-53.073750
2601.480103	-53.101833
2602.825928	-52.347706
2604.171753	-53.065193
2605.517578	-51.899887
2606.863403	-52.182888
2608.209229	-52.684807
2609.555054	-52.128735
2610.900879	-53.106312
2612.246704	-52.258194
2613.592529	-52.792839
2614.938354	-51.504498
2616.284180	-51.620293
2617.630005	-51.431801
2618.975830	-52.963326
2620.321655	-53.475800
2621.667480	-51.862419
2623.013306	-52.725613
2624.359131	-51.737728
2625.704956	-51.277775
2627.050781	-50.509472
2628.396606	-51.287746
2629.742432	-50.155994
2631.088257	-50.284908
2632.434082	-50.394753
2633.779907	-50.276474
2635.125732	-49.874714
2636.471558	-49.961445
2637.817383	-49.496510
2639.163208	-50.310032
2640.509033	-50.287930
2641.854858	-48.935509
2643.200684	-49.774044
2644.546509	-50.786179
2645.892334	-49.490692
2647.238159	-49.351250
2648.583984	-49.179882
2649.929810	-50.013084
2651.275635	-48.674065
2652.621460	-48.632256
2653.967285	-49.588261
2655.313110	-49.314323
2656.658936	-47.999962
2658.004761	-47.785309
2659.350586	-48.733017
2660.696411	-48.888126
2662.042236	-47.301853
2663.388062	-48.825653
2664.733887	-48.485878
2666.079712	-46.670994
2667.425537	-47.027264
2668.771362	-47.272564
2670.117188	-47.629288
2671.463013	-46.523617
2672.808838	-46.247395
2674.154663	-46.033684
2675.500488	-46.143337
2676.846313	-46.519154
2678.192139	-45.995949
2679.537964	-44.775543
2680.883789	-46.061703
2682.229614	-44.913994
2683.575439	-45.250385
2684.921265	-44.634258
2686.267090	-44.298759
2687.612915	-43.998039
2688.958740	-45.480316
2690.304565	-45.326893
2691.650391	-43.861336
2692.996216	-42.342731
2694.342041	-43.263824
2695.687866	-42.447441
2697.033691	-42.683239
2698.379517	-43.593842
2699.725342	-42.121845
2701.071167	-42.670555
2702.416992	-41.767780
2703.762817	-42.347858
2705.108643	-43.259022
2706.454468	-42.129318
2707.800293	-40.815868
2709.146118	-40.814976
2710.491943	-41.453869
2711.837769	-40.990009
2713.183594	-40.922836
2714.529419	-41.541409
2715.875244	-41.547134
2717.221069	-41.738163
2718.566895	-42.013298
2719.912720	-41.454639
2721.258545	-41.314888
2722.604370	-41.561275
2723.950195	-42.418724
2725.296021	-41.197636
2726.641846	-42.052933
2727.987671	-43.013901
2729.333496	-43.250568
2730.679321	-42.345840
2732.025146	-43.298489
2733.370972	-44.323311
2734.716797	-44.654736
2736.062622	-44.122635
2737.408447	-44.032547
2738.754272	-44.400864
2740.100098	-44.359539
2741.445923	-44.716019
2742.791748	-44.874279
2744.137573	-44.992401
2745.483398	-44.815697
2746.829224	-46.605534
2748.175049	-46.581814
2749.520874	-44.977871
2750.866699	-45.485146
2752.212524	-46.556198
2753.558350	-46.012199
2754.904175	-47.545704
2756.250000	-48.155243
2757.595825	-47.750626
2758.941650	-47.427422
2760.287476	-47.041584
2761.633301	-47.051113
2762.979126	-48.438614
2764.324951	-48.262646
2765.670776	-48.588650
2767.016602	-48.715927
2768.362427	-49.129875
2769.708252	-49.838837
2771.054077	-48.410912
2772.399902	-49.159901
2773.745728	-48.856800
2775.091553	-49.920540
2776.437378	-49.609337
2777.783203	-50.394989
2779.129028	-50.171326
2780.474854	-50.631294
2781.820679	-50.601578
2783.166504	-50.365097
2784.512329	-50.166965
2785.858154	-49.793842
2787.203979	-50.419369
2788.549805	-50.511093
2789.895630	-50.296146
2791.241455	-49.974094
2792.587280	-51.557549
2793.933105	-51.442467
2795.278931	-51.431313
2796.624756	-51.771328
2797.970581	-51.977139
2799.316406	-51.257984
2800.662231	-51.732986
2802.008057	-51.789284
2803.353882	-51.791691
2804.699707	-52.249756
2806.045532	-52.256138
2807.391357	-52.240578
2808.737183	-52.385250
2810.083008	-53.315720
2811.428833	-53.343121
2812.774658	-51.187099
2814.120483	-53.019936
2815.466309	-52.536980
2816.812134	-52.805038
2818.157959	-53.363541
2819.503784	-52.513256
2820.849609	-53.032898
2822.195435	-54.032612
2823.541260	-53.562248
2824.887085	-55.365269
2826.232910	-53.393837
2827.578735	-53.713551
2828.924561	-52.295197
2830.270386	-53.836979
2831.616211	-55.025105
2832.962036	-54.647404
2834.307861	-52.832001
2835.653687	-53.691280
2836.999512	-54.232487
2838.345337	-54.949127
2839.691162	-53.825249
2841.036987	-53.637245
2842.382812	-53.805504
2843.728638	-54.968040
2845.074463	-54.860970
2846.420288	-55.080921
2847.766113	-55.214840
2849.111938	-54.159554
2850.457764	-54.131947
2851.803589	-54.544220
2853.149414	-53.738995
2854.495239	-55.090603
2855.841064	-55.916828
2857.186890	-54.323887
2858.532715	-55.482155
2859.878540	-55.070644
2861.224365	-54.668049
2862.570190	-56.571884
2863.916016	-55.083431
2865.261841	-55.749737
2866.607666	-55.694202
2867.953491	-57.068462
2869.299316	-54.714340
2870.645142	-55.146656
2871.990967	-55.472340
2873.336792	-55.534214
2874.682617	-56.406960
2876.028442	-56.494228
2877.374268	-55.044266
2878.720093	-54.766285
2880.065918	-55.842720
2881.411743	-55.414921
2882.757568	-55.659626
2884.103394	-55.612774
2885.449219	-56.374992
2886.795044	-56.929981
2888.140869	-55.850471
2889.486694	-56.191910
2890.832520	-56.353199
2892.178345	-55.584385
2893.524170	-56.248554
2894.869995	-56.971577
2896.215820	-55.774517
2897.561646	-55.897499
2898.907471	-56.009308
2900.253296	-55.850067
2901.599121	-56.102470
2902.944946	-56.855530
2904.290771	-56.371151
2905.636597	-56.863758
2906.982422	-56.497269
2908.328247	-56.879822
2909.674072	-56.601318
2911.019897	-56.329269
2912.365723	-56.683647
2913.711548	-56.151405
2915.057373	-56.334015
2916.403198	-56.325306
2917.749023	-57.738148
2919.094849	-56.722668
2920.440674	-56.057575
2921.786499	-57.056866
2923.132324	-56.361820
2924.478149	-56.728752
2925.823975	-56.547550
2927.169800	-55.747318
2928.515625	-56.614880
2929.861450	-56.401104
2931.207275	-57.822979
2932.553101	-57.420834
2933.898926	-55.934330
2935.244751	-57.530510
2936.590576	-58.166950
2937.936401	-57.213604
2939.282227	-56.662220
2940.628052	-58.701096
2941.973877	-57.613480
2943.319702	-55.863285
2944.665527	-57.304775
2946.011353	-56.572075
2947.357178	-56.783478
2948.703003	-58.127563
2950.048828	-57.773079
2951.394653	-58.272301
2952.740479	-57.649685
2954.086304	-57.772621
2955.432129	-57.931179
2956.777954	-57.911118
2958.123779	-56.495102
2959.469604	-57.533718
2960.815430	-56.942783
2962.161255	-57.619350
2963.507080	-56.529987
2964.852905	-57.686554
2966.198730	-58.546360
2967.544556	-56.957581
2968.890381	-58.468418
2970.236206	-56.927315
2971.582031	-57.351284
2972.927856	-56.602524
2974.273682	-56.567287
2975.619507	-57.799885
2976.965332	-58.282795
2978.311157	-58.423058
2979.656982	-56.734524
2981.002808	-57.250984
2982.348633	-56.728237
2983.694458	-56.976799
2985.040283	-58.305260
2986.386108	-57.112343
2987.731934	-56.460850
2989.077759	-56.708523
2990.423584	-56.446049
2991.769409	-57.162281
2993.115234	-55.990170
2994.461060	-57.261993
2995.806885	-56.161629
2997.152710	-56.719677
2998.498535	-58.516628
2999.844360	-58.396374
3001.190186	-56.381714
3002.536011	-56.911827
3003.881836	-57.325878
3005.227661	-58.463154
3006.573486	-57.339149
3007.919312	-57.452988
3009.265137	-56.558647
3010.610962	-56.740879
3011.956787	-56.887562
3013.302612	-57.512901
3014.648438	-57.917553
3015.994263	-56.386017
3017.340088	-56.484745
3018.685913	-58.119778
3020.031738	-57.871513
3021.377563	-57.846878
3022.723389	-56.907967
3024.069214	-57.386513
3025.415039	-58.010597
3026.760864	-56.668507
3028.106689	-56.622669
3029.452515	-56.350494
3030.798340	-55.455067
3032.144165	-57.067017
3033.489990	-55.690094
3034.835815	-56.463684
3036.181641	-57.060570
3037.527466	-55.809910
3038.873291	-55.861164
3040.219116	-56.945621
3041.564941	-57.434990
3042.910767	-57.007671
3044.256592	-55.984982
3045.602417	-56.100521
3046.948242	-56.690586
3048.294067	-56.652485
3049.639893	-56.678619
3050.985718	-55.741047
3052.331543	-56.311653
3053.677368	-55.959496
3055.023193	-55.460964
3056.369019	-54.913921
3057.714844	-55.281456
3059.060669	-54.925747
3060.406494	-55.194027
3061.752319	-56.550919
3063.098145	-54.499653
3064.443970	-54.681038
3065.789795	-55.847111
3067.135620	-56.223255
3068.481445	-54.084873
3069.827271	-55.006058
3071.173096	-55.166447
3072.518921	-54.778961
3073.864746	-54.742775
3075.210571	-55.748409
3076.556396	-55.324776
3077.902222	-54.414249
3079.248047	-55.475979
3080.593872	-55.571022
3081.939697	-55.618816
3083.285522	-54.781738
3084.631348	-55.342125
3085.977173	-55.804497
3087.322998	-55.079227
3088.668823	-54.488506
3090.014648	-55.525459
3091.360474	-54.653111
3092.706299	-54.580738
3094.052124	-55.046185
3095.397949	-55.533257
3096.743774	-53.884560
3098.089600	-55.527817
3099.435425	-55.053013
3100.781250	-54.035217
3102.127075	-53.379761
3103.472900	-53.780605
3104.818726	-55.342991
3106.164551	-54.158604
3107.510376	-55.551414
3108.856201	-53.998222
3110.202026	-54.063179
3111.547852	-54.535538
3112.893677	-54.124424
3114.239502	-54.395142
3115.585327	-54.922993
3116.931152	-53.302486
3118.276978	-53.653107
3119.622803	-53.220821
3120.968628	-52.840874
3122.314453	-53.226646
3123.660278	-53.430599
3125.006104	-52.549480
3126.351929	-52.921631
3127.697754	-52.129578
3129.043579	-52.813274
3130.389404	-52.803101
3131.735229	-51.669815
3133.081055	-52.526920
3134.426880	-52.606609
3135.772705	-52.643566
3137.118530	-52.102348
3138.464355	-52.670486
3139.810181	-51.786579
3141.156006	-51.436310
3142.501831	-52.040344
3143.847656	-52.306690
3145.193481	-52.442913
3146.539307	-51.576893
3147.885132	-51.796295
3149.230957	-51.611343
3150.576782	-50.659702
3151.922607	-50.907051
3153.268433	-50.963181
3154.614258	-50.423363
3155.960083	-51.032627
3157.305908	-50.384022
3158.651733	-50.063152
3159.997559	-49.869175
3161.343384	-50.101879
3162.689209	-51.873138
3164.035034	-50.324184
3165.380859	-50.448116
3166.726685	-49.501293
3168.072510	-50.619213
3169.418335	-49.560650
3170.764160	-49.401722
3172.109985	-49.524323
3173.455811	-48.868862
3174.801636	-48.977406
3176.147461	-48.225723
3177.493286	-49.648891
3178.839111	-48.570415
3180.184937	-48.728733
3181.530762	-47.761715
3182.876587	-48.308586
3184.222412	-47.040054
3185.568237	-47.895569
3186.914062	-48.026615
3188.259888	-47.732674
3189.605713	-47.977600
3190.951538	-47.285583
3192.297363	-47.236755
3193.643188	-48.449749
3194.989014	-47.597305
3196.334839	-47.121357
3197.680664	-47.221306
3199.026489	-45.749107
3200.372314	-45.974976
3201.718140	-46.118042
3203.063965	-45.525261
3204.409790	-45.936363
3205.755615	-45.635265
3207.101440	-44.937702
3208.447266	-44.106277
3209.793091	-45.173355
3211.138916	-44.038570
3212.484741	-43.479675
3213.830566	-43.318066
3215.176392	-44.325729
3216.522217	-43.928555
3217.868042	-43.829834
3219.213867	-43.087597
3220.559692	-43.800510
3221.905518	-42.996918
3223.251343	-42.145817
3224.597168	-42.145393
3225.942993	-42.119999
3227.288818	-42.448872
3228.634644	-42.462646
3229.980469	-42.236656
3231.326294	-41.469135
3232.672119	-41.145729
3234.017944	-39.858128
3235.363770	-40.926338
3236.709595	-41.992496
3238.055420	-41.271667
3239.401245	-41.291710
3240.747070	-41.033745
3242.092896	-39.938866
3243.438721	-41.619247
3244.784546	-40.540337
3246.130371	-41.210049
3247.476196	-40.326588
3248.822021	-39.742760
3250.167847	-41.081139
3251.513672	-40.980907
3252.859497	-41.402721
3254.205322	-41.051376
3255.551147	-41.862068
3256.896973	-41.582058
3258.242798	-40.900314
3259.588623	-41.135967
3260.934448	-41.620678
3262.280273	-41.573750
3263.626099	-41.756863
3264.971924	-42.296982
3266.317749	-42.517181
3267.663574	-41.713760
3269.009399	-43.776695
3270.355225	-42.800739
3271.701050	-43.376549
3273.046875	-43.850147
3274.392700	-43.721584
3275.738525	-44.939537
3277.084351	-44.459213
3278.430176	-44.031036
3279.776001	-45.882282
3281.121826	-44.660347
3282.467651	-46.401173
3283.813477	-44.745686
3285.159302	-45.487488
3286.505127	-45.913338
3287.850952	-45.593296
3289.196777	-45.834362
3290.542603	-46.371437
3291.888428	-47.607407
3293.234253	-46.579002
3294.580078	-46.933575
3295.925903	-46.389919
3297.271729	-46.544876
3298.617554	-46.461510
3299.963379	-47.404388
3301.309204	-47.953674
3302.655029	-47.835297
3304.000854	-46.922749
3305.346680	-47.781097
3306.692505	-48.265713
3308.038330	-48.394222
3309.384155	-48.226276
3310.729980	-48.588467
3312.075806	-48.480087
3313.421631	-47.438995
3314.767456	-48.889954
3316.113281	-49.530811
3317.459106	-49.121162
3318.804932	-49.446957
3320.150757	-49.779755
3321.496582	-49.781895
3322.842407	-49.157425
3324.188232	-48.994164
3325.534058	-50.014000
3326.879883	-48.713428
3328.225708	-50.046459
3329.571533	-49.081352
3330.917358	-49.615437
3332.263184	-49.721779
3333.609009	-49.924980
3334.954834	-50.288174
3336.300659	-49.567219
3337.646484	-50.909237
3338.992310	-51.231380
3340.338135	-51.166599
3341.683960	-51.421757
3343.029785	-50.925316
3344.375610	-52.147717
3345.721436	-50.711258
3347.067261	-51.344139
3348.413086	-51.215160
3349.758911	-51.147629
3351.104736	-50.853455
3352.450562	-51.506233
3353.796387	-51.745899
3355.142212	-52.152050
3356.488037	-52.618938
3357.833862	-52.677425
3359.179688	-52.528000
3360.525513	-52.002831
3361.871338	-52.489388
3363.217163	-54.082981
3364.562988	-52.626854
3365.908813	-52.427677
3367.254639	-53.517712
3368.600464	-52.915310
3369.946289	-52.874386
3371.292114	-53.481274
3372.637939	-53.204025
3373.983765	-53.216209
3375.329590	-53.098495
3376.675415	-52.026031
3378.021240	-52.188358
3379.367065	-52.190498
3380.712891	-52.707447
3382.058716	-53.455715
3383.404541	-52.404251
3384.750366	-53.956387
3386.096191	-53.341114
3387.442017	-52.695858
3388.787842	-53.599243
3390.133667	-53.468155
3391.479492	-53.544552
3392.825317	-53.089848
3394.171143	-52.981144
3395.516968	-52.922871
3396.862793	-52.432953
3398.208618	-53.938026
3399.554443	-54.064590
3400.900269	-54.027203
3402.246094	-54.204540
3403.591919	-54.459213
3404.937744	-54.366997
3406.283569	-54.167778
3407.629395	-54.597485
3408.975220	-52.756565
3410.321045	-54.777225
3411.666870	-54.017841
3413.012695	-53.921124
3414.358521	-55.335285
3415.704346	-54.588779
3417.050171	-54.699940
3418.395996	-54.228153
3419.741821	-54.504261
3421.087646	-54.016705
3422.433472	-54.401855
3423.779297	-54.610733
3425.125122	-55.016621
3426.470947	-54.257446
3427.816772	-54.690838
3429.162598	-54.847099
3430.508423	-54.339802
3431.854248	-53.988895
3433.200073	-53.529037
3434.545898	-55.230751
3435.891724	-54.263412
3437.237549	-53.708237
3438.583374	-54.086834
3439.929199	-55.068829
3441.275024	-54.237053
3442.620850	-54.989674
3443.966675	-54.453751
3445.312500	-55.260025
3446.658325	-54.182762
3448.004150	-54.357094
3449.349976	-54.137600
3450.695801	-55.069420
3452.041626	-55.097446
3453.387451	-55.262852
3454.733276	-55.150627
3456.079102	-54.406471
3457.424927	-55.880569
3458.770752	-55.232674
3460.116577	-55.532314
3461.462402	-54.817860
3462.808228	-54.833580
3464.154053	-55.216579
3465.499878	-55.536556
3466.845703	-55.247730
3468.191528	-54.433350
3469.537354	-54.512569
3470.883179	-55.251205
3472.229004	-55.644798
3473.574829	-55.411964
3474.920654	-55.783676
3476.266479	-55.610065
3477.612305	-55.250984
3478.958130	-55.017490
3480.303955	-55.182400
3481.649780	-55.340748
3482.995605	-55.335892
3484.341431	-54.395214
3485.687256	-54.361233
3487.033081	-54.965633
3488.378906	-55.776398
3489.724731	-54.643402
3491.070557	-54.889275
3492.416382	-55.797920
3493.762207	-55.672386
3495.108032	-55.798157
3496.453857	-56.522770
3497.799683	-55.249172
3499.145508	-54.982285
3500.491333	-56.133686
3501.837158	-55.084255
3503.182983	-55.921829
3504.528809	-54.781155
3505.874634	-55.256859
3507.220459	-55.714096
3508.566284	-55.896286
3509.912109	-54.571278
3511.257935	-55.586506
3512.603760	-55.774349
3513.949585	-54.581940
3515.295410	-54.154922
3516.641235	-55.094116
3517.987061	-55.008419
3519.332886	-54.101574
3520.678711	-55.328632
3522.024536	-55.940807
3523.370361	-54.506290
3524.716187	-54.547882
3526.062012	-54.670921
3527.407837	-55.613117
3528.753662	-54.737122
3530.099487	-55.862793
3531.445312	-56.909740
3532.791138	-54.857944
3534.136963	-54.044621
3535.482788	-55.125126
3536.828613	-55.130016
3538.174438	-55.475273
3539.520264	-54.622025
3540.866089	-53.956257
3542.211914	-54.713242
3543.557739	-54.441067
3544.903564	-54.514664
3546.249390	-54.913910
3547.595215	-54.932049
3548.941040	-55.642521
3550.286865	-54.346569
3551.632690	-53.949802
3552.978516	-53.132996
3554.324341	-54.407101
3555.670166	-54.540844
3557.015991	-54.603344
3558.361816	-55.179260
3559.707642	-55.287640
3561.053467	-55.147243
3562.399292	-54.221466
3563.745117	-54.826210
3565.090942	-54.734619
3566.436768	-54.014477
3567.782593	-54.138176
3569.128418	-54.707653
3570.474243	-54.608391
3571.820068	-53.157475
3573.165894	-55.045708
3574.511719	-53.115303
3575.857544	-54.847897
3577.203369	-55.143093
3578.549194	-54.271572
3579.895020	-53.057327
3581.240845	-53.094204
3582.586670	-53.428593
3583.932495	-54.238159
3585.278320	-54.849514
3586.624146	-54.332821
3587.969971	-53.641811
3589.315796	-53.881557
3590.661621	-54.071175
3592.007446	-52.969505
3593.353271	-54.293903
3594.699097	-52.436127
3596.044922	-53.517143
3597.390747	-53.703892
3598.736572	-54.147202
3600.082397	-54.060837
3601.428223	-53.157978
3602.774048	-53.142334
3604.119873	-53.854698
3605.465698	-53.176609
3606.811523	-53.299507
3608.157349	-53.367867
3609.503174	-52.827251
3610.848999	-53.167534
3612.194824	-53.022926
3613.540649	-53.236603
3614.886475	-53.361736
3616.232300	-53.028709
3617.578125	-52.968910
3618.923950	-53.441292
3620.269775	-54.226280
3621.615601	-52.702106
3622.961426	-52.294930
3624.307251	-51.549595
3625.653076	-51.519390
3626.998901	-51.879692
3628.344727	-52.032921
3629.690552	-52.217583
3631.036377	-53.825382
3632.382202	-52.442425
3633.728027	-52.724163
3635.073853	-53.586796
3636.419678	-53.091377
3637.765503	-52.079811
3639.111328	-52.987186
3640.457153	-51.924732
3641.802979	-51.795731
3643.148804	-51.736507
3644.494629	-51.405743
3645.840454	-50.776573
3647.186279	-52.307030
3648.532104	-50.795158
3649.877930	-51.317242
3651.223755	-51.174904
3652.569580	-51.618221
3653.915405	-51.483177
3655.261230	-50.142410
3656.607056	-52.096630
3657.952881	-52.370461
3659.298706	-50.766167
3660.644531	-50.068710
3661.990356	-51.074474
3663.336182	-50.376232
3664.682007	-50.673035
3666.027832	-50.797382
3667.373657	-50.531574
3668.719482	-50.494961
3670.065308	-49.827431
3671.411133	-51.349373
3672.756958	-50.126133
3674.102783	-49.557766
3675.448608	-50.134918
3676.794434	-48.900902
3678.140259	-49.963280
3679.486084	-50.111797
3680.831909	-50.821671
3682.177734	-49.072998
3683.523560	-48.526463
3684.869385	-49.424591
3686.215210	-49.156208
3687.561035	-49.540588
3688.906860	-49.546913
3690.252686	-49.619366
3691.598511	-48.808151
3692.944336	-48.864513
3694.290161	-48.496246
3695.635986	-48.820969
3696.981812	-48.893051
3698.327637	-48.978851
3699.673462	-48.309139
3701.019287	-49.160961
3702.365112	-49.213322
3703.710938	-47.570404
3705.056763	-47.815048
3706.402588	-47.893364
3707.748413	-48.091770
3709.094238	-48.670162
3710.440063	-47.249519
3711.785889	-47.071728
3713.131714	-47.982216
3714.477539	-47.497437
3715.823364	-46.798264
3717.169189	-46.571472
3718.515015	-46.515591
3719.860840	-46.095104
3721.206665	-46.714634
3722.552490	-46.051109
3723.898315	-45.998840
3725.244141	-45.247952
3726.589966	-46.074368
3727.935791	-46.729759
3729.281616	-44.644699
3730.627441	-45.646130
3731.973267	-44.910030
3733.319092	-44.323872
3734.664917	-45.157879
3736.010742	-44.418911
3737.356567	-45.581863
3738.702393	-44.740974
3740.048218	-45.209579
3741.394043	-44.935692
3742.739868	-44.052738
3744.085693	-43.513275
3745.431519	-43.639580
3746.777344	-43.755779
3748.123169	-44.396393
3749.468994	-42.744606
3750.814819	-42.993645
3752.160645	-42.742107
3753.506470	-43.852749
3754.852295	-42.016457
3756.198120	-43.007298
3757.543945	-42.681740
3758.889771	-41.807320
3760.235596	-42.744225
3761.581421	-42.885399
3762.927246	-41.882854
3764.273071	-43.429359
3765.618896	-43.297321
3766.964722	-43.422783
3768.310547	-42.036396
3769.656372	-42.501553
3771.002197	-42.857964
3772.348022	-41.103584
3773.693848	-41.554470
3775.039673	-41.720177
3776.385498	-42.291771
3777.731323	-42.744053
3779.077148	-43.621933
3780.422974	-41.516956
3781.768799	-41.254410
3783.114624	-40.478745
3784.460449	-41.082512
3785.806274	-42.954716
3787.152100	-42.246544
3788.497925	-41.744858
3789.843750	-42.244320
3791.189575	-42.791744
3792.535400	-41.866798
3793.881226	-41.466045
3795.227051	-43.153912
3796.572876	-41.708626
3797.918701	-43.871353
3799.264526	-42.744667
3800.610352	-42.083622
3801.956177	-41.931049
3803.302002	-42.900436
3804.647827	-42.553410
3805.993652	-42.746700
3807.339478	-42.860977
3808.685303	-43.254051
3810.031128	-43.403015
3811.376953	-43.696407
3812.722778	-43.898079
3814.068604	-43.118240
3815.414429	-44.918713
3816.760254	-44.005402
3818.106079	-44.274548
3819.451904	-43.872383
3820.797729	-44.624477
3822.143555	-44.498108
3823.489380	-44.677467
3824.835205	-44.837807
3826.181030	-45.569401
3827.526855	-45.492138
3828.872681	-45.997238
3830.218506	-46.349709
3831.564331	-45.510044
3832.910156	-46.459927
3834.255981	-46.206692
3835.601807	-47.137886
3836.947632	-46.902042
3838.293457	-46.707901
3839.639282	-46.126041
3840.985107	-46.695614
3842.330933	-47.199368
3843.676758	-47.779350
3845.022583	-47.666599
3846.368408	-46.530937
3847.714233	-47.140533
3849.060059	-47.815323
3850.405884	-47.135014
3851.751709	-47.172478
3853.097534	-47.936245
3854.443359	-49.267689
3855.789185	-48.110958
3857.135010	-48.601204
3858.480835	-49.401825
3859.826660	-48.748241
3861.172485	-48.280640
3862.518311	-48.890556
3863.864136	-50.363537
3865.209961	-49.611107
3866.555786	-48.837639
3867.901611	-48.727951
3869.247437	-48.734898
3870.593262	-49.632896
3871.939087	-49.698246
3873.284912	-49.752266
3874.630737	-49.728737
3875.976562	-50.488411
3877.322388	-49.431099
3878.668213	-49.567944
3880.014038	-49.924229
3881.359863	-48.835819
3882.705688	-49.440968
3884.051514	-49.579597
3885.397339	-49.692047
3886.743164	-49.770557
3888.088989	-50.881752
3889.434814	-50.256134
3890.780640	-49.339317
3892.126465	-50.071766
3893.472290	-50.365524
3894.818115	-49.568089
3896.163940	-51.361485
3897.509766	-51.003098
3898.855591	-50.936813
3900.201416	-51.338528
3901.547241	-50.580933
3902.893066	-51.095924
3904.238892	-50.779613
3905.584717	-51.501545
3906.930542	-51.763012
3908.276367	-51.821049
3909.622192	-51.705788
3910.968018	-52.591801
3912.313843	-51.840885
3913.659668	-51.634262
3915.005493	-51.928062
3916.351318	-51.187096
3917.697144	-51.176495
3919.042969	-51.469673
3920.388794	-52.164509
3921.734619	-51.529655
3923.080444	-52.482414
3924.426270	-52.323372
3925.772095	-51.643803
3927.117920	-51.865482
3928.463745	-51.621876
3929.809570	-53.418480
3931.155396	-52.919434
3932.501221	-52.382919
3933.847046	-53.349480
3935.192871	-51.931072
3936.538696	-51.762817
3937.884521	-54.075752
3939.230347	-53.528679
3940.576172	-53.086590
3941.921997	-52.766548
3943.267822	-53.146439
3944.613647	-53.998604
3945.959473	-53.088032
3947.305298	-52.193375
3948.651123	-52.936661
3949.996948	-53.880039
3951.342773	-53.314747
3952.688599	-52.125481
3954.034424	-52.814610
3955.380249	-53.443592
3956.726074	-53.194626
3958.071899	-54.058571
3959.417725	-53.271599
3960.763550	-53.067257
3962.109375	-54.290600
3963.455200	-54.074635
3964.801025	-54.140621
3966.146851	-53.367168
3967.492676	-53.182404
3968.838501	-54.841316
3970.184326	-54.144417
3971.530151	-53.006218
3972.875977	-52.824749
3974.221802	-53.621174
3975.567627	-54.487202
3976.913452	-54.813255
3978.259277	-54.226341
3979.605103	-54.140598
3980.950928	-54.144344
3982.296753	-54.123802
3983.642578	-54.558350
3984.988403	-54.668049
3986.334229	-53.755836
3987.680054	-54.179966
3989.025879	-54.203926
3990.371704	-55.448895
3991.717529	-54.378117
3993.063354	-54.704178
3994.409180	-53.958878
3995.755005	-53.699924
3997.100830	-53.798775
3998.446655	-54.473709
3999.792480	-54.713223
4001.138306	-54.383114
4002.484131	-55.230965
4003.829956	-54.785831
4005.175781	-55.203255
4006.521606	-54.578548
4007.867432	-53.937546
4009.213257	-55.443447
4010.559082	-56.436100
4011.904907	-54.791756
4013.250732	-54.709461
4014.596558	-55.661446
4015.942383	-54.825279
4017.288208	-55.636574
4018.634033	-56.808853
4019.979858	-55.289711
4021.325684	-54.683182
4022.671509	-55.261787
4024.017334	-54.741695
4025.363159	-54.905544
4026.708984	-54.964149
4028.054810	-56.318634
4029.400635	-55.918236
4030.746460	-54.773602
4032.092285	-54.861675
4033.438110	-54.710274
4034.783936	-56.288689
4036.129761	-56.247070
4037.475586	-55.950420
4038.821411	-55.530842
4040.167236	-57.055592
4041.513062	-56.255081
4042.858887	-56.328697
4044.204712	-55.190945
4045.550537	-55.594212
4046.896362	-55.599434
4048.242188	-54.642349
4049.588013	-55.879398
4050.933838	-54.662872
4052.279663	-55.898769
4053.625488	-55.143990
4054.971313	-55.479839
4056.317139	-54.142666
4057.662964	-54.841896
4059.008789	-56.045166
4060.354614	-55.028465
4061.700439	-56.058624
4063.046265	-56.621010
4064.392090	-55.787323
4065.737915	-55.922874
4067.083740	-54.896011
4068.429565	-55.717583
4069.775391	-55.323593
4071.121216	-54.958969
4072.467041	-55.509556
4073.812866	-55.246834
4075.158691	-56.172264
4076.504517	-55.958847
4077.850342	-55.621449
4079.196167	-56.852505
4080.541992	-55.444309
4081.887817	-55.120899
4083.233643	-55.696079
4084.579468	-55.410435
4085.925293	-55.468040
4087.271118	-56.044548
4088.616943	-55.805973
4089.962769	-56.015087
4091.308594	-55.819347
4092.654419	-56.832661
4094.000244	-56.956501
4095.346069	-55.478397
4096.691895	-55.453827
4098.037720	-56.107655
4099.383545	-57.077141
4100.729370	-55.261768
4102.075195	-55.618698
4103.421021	-56.379440
4104.766846	-56.298008
4106.112671	-56.339993
4107.458496	-56.295853
4108.804321	-55.598881
4110.150146	-55.769371
4111.495972	-55.551514
4112.841797	-56.756840
4114.187622	-55.813660
4115.533447	-56.367458
4116.879272	-55.668976
4118.225098	-56.221302
4119.570923	-55.429012
4120.916748	-56.329918
4122.262573	-57.040707
4123.608398	-55.008427
4124.954224	-55.198639
4126.300049	-55.631107
4127.645874	-56.234543
4128.991699	-56.699314
4130.337524	-55.570606
4131.683350	-55.807720
4133.029175	-55.653259
4134.375000	-55.811882
4135.720825	-55.633663
4137.066650	-55.705593
4138.412476	-56.538170
4139.758301	-55.166134
4141.104126	-56.090134
4142.449951	-55.396599
4143.795776	-54.098316
4145.141602	-55.626919
4146.487427	-55.427540
4147.833252	-55.507523
4149.179077	-55.019489
4150.524902	-55.120945
4151.870728	-55.560860
4153.216553	-54.994732
4154.562378	-55.799709
4155.908203	-55.712116
4157.254028	-55.660583
4158.599854	-55.513218
4159.945679	-54.892590
4161.291504	-55.338520
4162.637329	-55.681976
4163.983154	-55.418522
4165.328979	-55.982319
4166.674805	-55.506306
4168.020630	-55.145340
4169.366455	-55.544670
4170.712280	-54.967621
4172.058105	-55.607800
4173.403931	-54.099865
4174.749756	-55.346325
4176.095581	-55.180508
4177.441406	-55.400341
4178.787231	-55.337944
4180.133057	-55.428364
4181.478882	-54.916912
4182.824707	-54.315208
4184.170532	-54.317940
4185.516357	-54.430744
4186.862183	-54.454422
4188.208008	-55.491821
4189.553833	-54.305775
4190.899658	-53.663151
4192.245483	-53.859909
4193.591309	-53.511665
4194.937134	-54.646912
4196.282959	-54.821510
4197.628784	-54.966057
4198.974609	-54.500202
4200.320435	-53.874813
4201.666260	-54.030499
4203.012085	-53.389801
4204.357910	-54.293156
4205.703735	-54.609985
4207.049561	-55.091961
4208.395386	-54.293667
4209.741211	-53.299393
4211.087036	-54.371021
4212.432861	-53.444069
4213.778687	-52.628269
4215.124512	-53.311256
4216.470337	-54.545147
4217.816162	-54.140060
4219.161987	-53.274765
4220.507812	-52.740681
4221.853638	-53.103115
4223.199463	-52.731266
4224.545288	-52.979515
4225.891113	-53.547211
4227.236938	-52.513554
4228.582764	-53.070065
4229.928589	-53.915134
4231.274414	-53.779293
4232.620239	-52.618534
4233.966064	-52.143539
4235.311890	-52.473740
4236.657715	-51.900383
4238.003540	-53.122089
4239.349365	-51.708794
4240.695190	-52.076706
4242.041016	-52.858833
4243.386841	-52.433262
4244.732666	-50.869247
4246.078491	-52.076653
4247.424316	-51.923168
4248.770142	-50.510525
4250.115967	-52.768219
4251.461792	-51.760799
4252.807617	-51.163200
4254.153442	-51.951595
4255.499268	-52.603825
4256.845093	-51.882053
4258.190918	-51.225334
4259.536743	-50.918041
4260.882568	-50.144001
4262.228394	-50.613724
4263.574219	-51.276279
4264.920044	-50.974262
4266.265869	-50.566273
4267.611694	-51.312355
4268.957520	-50.713692
4270.303345	-49.272831
4271.649170	-49.634052
4272.994995	-49.586357
4274.340820	-49.440792
4275.686646	-49.376556
4277.032471	-48.993488
4278.378296	-49.208607
4279.724121	-49.412823
4281.069946	-49.098083
4282.415771	-48.671227
4283.761597	-49.061100
4285.107422	-49.711143
4286.453247	-48.211826
4287.799072	-49.176987
4289.144897	-48.790169
4290.490723	-48.259457
4291.836548	-47.722816
4293.182373	-47.765049
4294.528198	-47.436680
4295.874023	-49.123398
4297.219849	-47.027294
4298.565674	-46.891788
4299.911499	-47.593624
4301.257324	-47.648163
4302.603149	-47.379791
4303.948975	-47.527061
4305.294800	-47.583015
4306.640625	-47.426983
4307.986450	-45.752544
4309.332275	-46.515110
4310.678101	-47.366894
4312.023926	-46.726078
4313.369751	-45.818161
4314.715576	-45.500191
4316.061401	-45.929440
4317.407227	-45.884716
4318.753052	-45.567089
4320.098877	-46.177364
4321.444702	-46.159798
4322.790527	-46.311993
4324.136353	-45.796413
4325.482178	-46.236504
4326.828003	-45.246586
4328.173828	-45.756794
4329.519653	-46.529476
4330.865479	-44.566742
4332.211304	-46.346714
4333.557129	-45.686241
4334.902954	-45.561317
4336.248779	-45.447441
4337.594604	-45.169205
4338.940430	-45.357189
4340.286255	-45.945309
4341.632080	-45.978466
4342.977905	-45.576736
4344.323730	-45.994171
4345.669556	-46.491581
4347.015381	-45.809196
4348.361206	-46.123486
4349.707031	-46.521336
4351.052856	-46.124249
4352.398682	-45.804676
4353.744507	-46.906479
4355.090332	-48.412773
4356.436157	-48.539909
4357.781982	-46.708298
4359.127808	-48.080956
4360.473633	-49.644878
4361.819458	-49.160725
4363.165283	-47.881432
4364.511108	-47.853806
4365.856934	-48.905579
4367.202759	-48.656178
4368.548584	-47.609570
4369.894409	-47.665813
4371.240234	-48.321289
4372.586060	-49.338463
4373.931885	-49.371887
4375.277710	-49.855549
4376.623535	-48.902046
4377.969360	-49.833130
4379.315186	-49.537048
4380.661011	-49.823769
4382.006836	-49.467934
4383.352661	-50.176430
4384.698486	-50.374718
4386.044312	-49.808170
4387.390137	-50.789490
4388.735962	-49.765751
4390.081787	-50.960285
4391.427612	-51.056488
4392.773438	-50.392498
4394.119263	-51.120300
4395.465088	-51.272648
4396.810913	-51.555744
4398.156738	-51.366543
4399.502563	-52.786266
4400.848389	-52.497982
4402.194214	-52.991074
4403.540039	-53.170113
4404.885864	-52.645008
4406.231689	-52.223080
4407.577515	-53.465199
4408.923340	-53.004375
4410.269165	-54.186348
4411.614990	-52.612820
4412.960815	-53.597885
4414.306641	-54.245270
4415.652466	-53.735420
4416.998291	-53.765484
4418.344116	-52.882671
4419.689941	-54.202515
4421.035767	-53.339085
4422.381592	-53.710209
4423.727417	-54.536694
4425.073242	-53.845158
4426.419067	-53.930065
4427.764893	-55.803452
4429.110718	-54.659290
4430.456543	-54.818848
4431.802368	-54.631966
4433.148193	-55.033432
4434.494019	-55.164169
4435.839844	-54.496155
4437.185669	-55.925724
4438.531494	-55.141708
4439.877319	-55.784569
4441.223145	-55.639893
4442.568970	-55.564476
4443.914795	-56.679016
4445.260620	-57.357136
4446.606445	-56.825165
4447.952271	-57.039577
4449.298096	-55.861996
4450.643921	-55.744797
4451.989746	-56.546844
4453.335571	-55.666016
4454.681396	-57.533173
4456.027222	-56.026253
4457.373047	-56.816265
4458.718872	-56.413734
4460.064697	-56.896297
4461.410522	-57.009460
4462.756348	-56.929443
4464.102173	-56.953655
4465.447998	-57.718506
4466.793823	-56.635517
4468.139648	-56.142876
4469.485474	-56.080849
4470.831299	-57.525703
4472.177124	-57.521904
4473.522949	-58.111664
4474.868774	-57.306835
4476.214600	-57.025902
4477.560425	-58.247562
4478.906250	-57.522770
4480.252075	-57.037334
4481.597900	-57.204601
4482.943726	-57.571396
4484.289551	-58.022221
4485.635376	-58.147121
4486.981201	-58.318825
4488.327026	-57.629169
4489.672852	-58.754509
4491.018677	-59.205868
4492.364502	-59.061489
4493.710327	-59.190514
4495.056152	-59.084843
4496.401978	-58.638676
4497.747803	-59.821014
4499.093628	-57.267883
4500.439453	-57.888428
4501.785278	-58.089302
4503.131104	-59.259552
4504.476929	-58.192413
4505.822754	-58.535583
4507.168579	-59.980766
4508.514404	-58.305157
4509.860229	-58.558510
4511.206055	-60.463066
4512.551880	-60.204121
4513.897705	-58.259274
4515.243530	-59.093132
4516.589355	-59.058849
4517.935181	-60.209850
4519.281006	-58.509094
4520.626831	-58.346054
4521.972656	-58.866432
4523.318481	-59.361839
4524.664307	-60.078133
4526.010132	-59.948040
4527.355957	-59.403229
4528.701782	-60.129925
4530.047607	-60.717216
4531.393433	-59.026005
4532.739258	-59.716255
4534.085083	-60.245792
4535.430908	-59.974125
4536.776733	-60.382805
4538.122559	-59.453156
4539.468384	-60.271805
4540.814209	-60.441757
4542.160034	-60.588081
4543.505859	-60.289757
4544.851685	-59.921314
4546.197510	-60.317276
4547.543335	-60.944622
4548.889160	-60.454250
4550.234985	-59.971367
4551.580811	-60.592426
4552.926636	-60.811031
4554.272461	-60.837055
4555.618286	-61.174755
4556.964111	-61.002560
4558.309937	-61.305672
4559.655762	-61.357849
4561.001587	-59.993191
4562.347412	-60.426083
4563.693237	-60.471401
4565.039062	-60.212452
4566.384888	-61.489304
4567.730713	-61.787388
4569.076538	-60.258667
4570.422363	-60.531628
4571.768188	-60.833736
4573.114014	-60.097996
4574.459839	-60.908161
4575.805664	-60.442410
4577.151489	-61.266998
4578.497314	-61.437656
4579.843140	-60.398289
4581.188965	-61.125435
4582.534790	-60.970287
4583.880615	-61.139484
4585.226440	-61.166954
4586.572266	-60.389210
4587.918091	-62.203869
4589.263916	-61.826042
4590.609741	-60.600376
4591.955566	-62.181656
4593.301392	-61.608513
4594.647217	-62.712376
4595.993042	-62.551273
4597.338867	-60.598701
4598.684692	-60.707176
4600.030518	-61.397781
4601.376343	-61.120716
4602.722168	-60.698071
4604.067993	-60.648376
4605.413818	-61.039326
4606.759644	-62.609360
4608.105469	-61.326233
4609.451294	-60.800995
4610.797119	-61.402184
4612.142944	-61.702316
4613.488770	-60.388260
4614.834595	-61.587555
4616.180420	-62.036457
4617.526245	-60.981510
4618.872070	-61.686474
4620.217896	-60.776218
4621.563721	-60.638157
4622.909546	-61.758259
4624.255371	-61.427299
4625.601196	-61.701015
4626.947021	-61.142174
4628.292847	-61.090988
4629.638672	-61.801357
4630.984497	-61.243465
4632.330322	-62.181168
4633.676147	-61.865036
4635.021973	-61.491653
4636.367798	-60.822227
4637.713623	-60.921711
4639.059448	-61.708607
4640.405273	-62.151871
4641.751099	-60.264301
4643.096924	-61.007423
4644.442749	-60.727020
4645.788574	-61.509323
4647.134399	-61.563217
4648.480225	-60.770012
4649.826050	-61.918736
4651.171875	-62.334404
4652.517700	-61.084812
4653.863525	-60.577824
4655.209351	-61.221634
4656.555176	-61.389454
4657.901001	-60.365383
4659.246826	-61.290852
4660.592651	-60.879574
4661.938477	-62.360897
4663.284302	-60.789806
4664.630127	-60.586582
4665.975952	-60.184032
4667.321777	-60.946491
4668.667603	-61.435379
4670.013428	-61.900650
4671.359253	-61.793831
4672.705078	-61.674885
4674.050903	-62.508198
4675.396729	-60.990856
4676.742554	-62.121067
4678.088379	-62.152702
4679.434204	-62.182911
4680.780029	-60.615967
4682.125854	-61.161701
4683.471680	-61.084827
4684.817505	-61.187016
4686.163330	-61.209877
4687.509155	-60.855804
4688.854980	-60.142014
4690.200806	-60.273144
4691.546631	-61.136471
4692.892456	-61.068581
4694.238281	-61.406719
4695.584106	-59.886635
4696.929932	-60.888569
4698.275757	-60.511787
4699.621582	-59.024998
4700.967407	-59.737595
4702.313232	-60.662888
4703.659058	-61.457352
4705.004883	-60.540112
4706.350708	-59.853424
4707.696533	-59.728821
4709.042358	-60.146263
4710.388184	-60.516167
4711.734009	-59.456314
4713.079834	-59.731678
4714.425659	-60.533741
4715.771484	-60.267384
4717.117310	-59.984108
4718.463135	-60.311111
4719.808960	-60.751442
4721.154785	-61.174644
4722.500610	-59.963467
4723.846436	-59.586498
4725.192261	-61.548115
4726.538086	-60.380283
4727.883911	-59.599915
4729.229736	-59.272831
4730.575562	-59.268353
4731.921387	-59.609951
4733.267212	-59.642826
4734.613037	-59.419327
4735.958862	-60.533619
4737.304688	-58.953579
4738.650513	-58.383053
4739.996338	-59.244076
4741.342163	-59.683109
4742.687988	-58.217247
4744.033813	-58.254433
4745.379639	-59.298847
4746.725464	-59.615170
4748.071289	-60.214432
4749.417114	-59.432766
4750.762939	-59.658974
4752.108765	-58.709118
4753.454590	-58.248909
4754.800415	-58.397472
4756.146240	-58.718353
4757.492065	-58.244110
4758.837891	-59.261803
4760.183716	-59.789867
4761.529541	-59.717937
4762.875366	-58.286011
4764.221191	-57.870575
4765.567017	-58.127853
4766.912842	-57.741589
4768.258667	-57.751389
4769.604492	-58.209675
4770.950317	-56.719841
4772.296143	-58.229038
4773.641968	-57.952984
4774.987793	-57.386177
4776.333618	-57.118099
4777.679443	-57.986607
4779.025269	-57.234264
4780.371094	-56.755299
4781.716919	-56.402557
4783.062744	-57.325565
4784.408569	-57.270821
4785.754395	-57.284454
4787.100220	-56.264206
4788.446045	-55.553787
4789.791870	-57.388702
4791.137695	-57.146980
4792.483521	-56.223591
4793.829346	-56.233986
4795.175171	-55.058594
4796.520996	-55.094692
4797.866821	-56.903442
4799.212646	-55.982735
4800.558472	-56.474964
4801.904297	-55.548534
4803.250122	-54.517010
4804.595947	-56.579807
4805.941772	-55.360477
4807.287598	-54.884903
4808.633423	-54.583317
4809.979248	-56.195911
4811.325073	-54.851921
4812.670898	-54.100086
4814.016724	-54.218361
4815.362549	-54.046749
4816.708374	-54.478104
4818.054199	-54.353100
4819.400024	-53.762985
4820.745850	-54.615238
4822.091675	-53.300541
4823.437500	-53.390293
4824.783325	-53.099632
4826.129150	-53.329689
4827.474976	-52.984329
4828.820801	-52.710579
4830.166626	-52.906052
4831.512451	-54.153519
4832.858276	-52.401371
4834.204102	-52.411201
4835.549927	-52.266903
4836.895752	-52.183365
4838.241577	-51.791756
4839.587402	-52.903904
4840.933228	-52.736649
4842.279053	-52.106213
4843.624878	-51.302513
4844.970703	-51.362404
4846.316528	-51.610386
4847.662354	-50.457294
4849.008179	-51.401516
4850.354004	-52.062855
4851.699829	-51.456043
4853.045654	-51.238995
4854.391479	-50.574486
4855.737305	-49.870468
4857.083130	-50.890457
4858.428955	-51.278069
4859.774780	-50.578121
4861.120605	-50.042538
4862.466431	-50.933041
4863.812256	-50.908455
4865.158081	-51.452152
4866.503906	-50.274147
4867.849731	-50.764523
4869.195557	-50.181499
4870.541382	-50.405998
4871.887207	-50.296959
4873.233032	-50.516670
4874.578857	-50.151527
4875.924683	-50.762543
4877.270508	-51.060940
4878.616333	-51.981361
4879.962158	-51.512657
4881.307983	-51.327454
4882.653809	-52.182758
4883.999634	-51.285572
4885.345459	-50.686329
4886.691284	-51.136509
4888.037109	-52.232784
4889.382935	-51.531578
4890.728760	-51.756805
4892.074585	-52.474224
4893.420410	-52.474941
4894.766235	-52.203972
4896.112061	-52.927273
4897.457886	-52.832962
4898.803711	-52.995625
4900.149536	-52.720921
4901.495361	-53.657761
4902.841187	-53.597126
4904.187012	-54.230278
4905.532837	-53.831039
4906.878662	-54.015774
4908.224487	-54.601849
4909.570312	-53.492641
4910.916138	-52.896084
4912.261963	-54.936634
4913.607788	-55.038570
4914.953613	-53.972656
4916.299438	-54.315788
4917.645264	-55.638004
4918.991089	-55.424789
4920.336914	-55.874565
4921.682739	-55.153992
4923.028564	-55.411106
4924.374390	-56.085182
4925.720215	-54.982635
4927.066040	-55.561844
4928.411865	-56.854126
4929.757690	-55.958652
4931.103516	-56.102951
4932.449341	-56.835674
4933.795166	-56.176369
4935.140991	-56.690769
4936.486816	-55.968971
4937.832642	-57.160854
4939.178467	-57.619751
4940.524292	-57.869579
4941.870117	-58.412769
4943.215942	-57.360661
4944.561768	-57.058472
4945.907593	-58.165966
4947.253418	-57.937088
4948.599243	-58.075981
4949.945068	-58.407494
4951.290894	-57.557961
4952.636719	-59.410652
4953.982544	-57.566761
4955.328369	-58.025509
4956.674194	-59.368511
4958.020020	-58.718418
4959.365845	-58.249454
4960.711670	-58.674885
4962.057495	-58.647404
4963.403320	-59.201313
4964.749146	-58.005024
4966.094971	-59.261456
4967.440796	-59.976582
4968.786621	-60.730694
4970.132446	-60.106602
4971.478271	-59.055824
4972.824097	-59.210938
4974.169922	-59.905193
4975.515747	-58.938671
4976.861572	-59.410740
4978.207397	-59.113617
4979.553223	-60.184875
4980.899048	-61.021912
4982.244873	-59.698700
4983.590698	-60.879948
4984.936523	-61.565937
4986.282349	-61.333115
4987.628174	-61.561729
4988.973999	-60.127350
4990.319824	-60.093670
4991.665649	-60.106113
4993.011475	-61.199265
4994.357300	-61.107204
4995.703125	-59.896347
4997.048950	-61.455273
4998.394775	-60.557941
4999.740601	-62.077545
5001.086426	-61.598370
5002.432251	-62.467941
5003.778076	-61.491478
5005.123901	-62.622723
5006.469727	-63.714733
5007.815552	-61.535522
5009.161377	-60.506878
5010.507202	-62.951954
5011.853027	-62.015335
5013.198853	-61.965801
5014.544678	-61.378975
5015.890503	-62.105076
5017.236328	-62.360138
5018.582153	-61.647495
5019.927979	-62.423767
5021.273804	-62.203918
5022.619629	-61.929886
5023.965454	-61.740887
5025.311279	-63.856255
5026.657104	-62.777771
5028.002930	-63.200653
5029.348755	-63.308704
5030.694580	-63.369434
5032.040405	-63.172626
5033.386230	-63.468132
5034.732056	-62.836029
5036.077881	-62.755543
5037.423706	-62.315483
5038.769531	-62.602013
5040.115356	-62.766495
5041.461182	-64.144852
5042.807007	-63.862423
5044.152832	-62.840916
5045.498657	-63.912971
5046.844482	-63.928875
5048.190308	-64.465431
5049.536133	-63.203381
5050.881958	-63.341507
5052.227783	-63.932770
5053.573608	-62.913757
5054.919434	-64.840309
5056.265259	-64.032944
5057.611084	-63.600933
5058.956909	-64.345695
5060.302734	-64.065712
5061.648560	-64.662186
5062.994385	-64.038063
5064.340210	-64.518524
5065.686035	-63.539452
5067.031860	-63.770401
5068.377686	-64.607620
5069.723511	-64.515068
5071.069336	-64.819138
5072.415161	-64.001534
5073.760986	-64.615158
5075.106812	-64.663155
5076.452637	-63.907688
5077.798462	-64.430725
5079.144287	-64.215576
5080.490112	-65.364876
5081.835938	-64.552834
5083.181763	-64.895683
5084.527588	-63.935081
5085.873413	-63.409985
5087.219238	-64.076912
5088.565063	-64.896591
5089.910889	-63.923153
5091.256714	-64.557899
5092.602539	-64.943787
5093.948364	-64.522316
5095.294189	-64.651619
5096.640015	-64.314293
5097.985840	-64.453354
5099.331665	-64.015121
5100.677490	-64.447922
5102.023315	-65.073982
5103.369141	-64.396645
5104.714966	-64.557426
5106.060791	-64.069832
5107.406616	-64.884872
5108.752441	-65.525597
5110.098267	-65.625145
5111.444092	-66.114609
5112.789917	-63.959934
5114.135742	-64.847992
5115.481567	-65.070526
5116.827393	-66.275215
5118.173218	-66.382996
5119.519043	-65.459160
5120.864868	-66.048096
5122.210693	-64.859352
5123.556519	-65.445015
5124.902344	-65.657951
5126.248169	-65.289993
5127.593994	-64.182541
5128.939819	-65.430679
5130.285645	-64.697121
5131.631470	-66.165436
5132.977295	-64.751755
5134.323120	-64.794228
5135.668945	-65.239517
5137.014771	-65.515182
5138.360596	-65.430336
5139.706421	-65.190651
5141.052246	-65.203529
5142.398071	-65.521851
5143.743896	-65.084412
5145.089722	-65.042870
5146.435547	-66.027130
5147.781372	-65.325851
5149.127197	-65.616501
5150.473022	-65.665176
5151.818848	-66.173187
5153.164673	-65.398956
5154.510498	-66.102631
5155.856323	-66.305199
5157.202148	-66.523918
5158.547974	-65.982437
5159.893799	-66.331139
5161.239624	-65.586517
5162.585449	-65.145271
5163.931274	-65.369080
5165.277100	-65.746613
5166.622925	-65.861572
5167.968750	-66.046066
5169.314575	-66.887527
5170.660400	-65.153725
5172.006226	-65.027580
5173.352051	-65.778984
5174.697876	-65.717239
5176.043701	-65.805176
5177.389526	-66.203369
5178.735352	-66.105316
5180.081177	-66.655800
5181.427002	-65.346771
5182.772827	-66.084846
5184.118652	-65.519913
5185.464478	-65.647385
5186.810303	-65.350876
5188.156128	-65.455421
5189.501953	-66.028984
5190.847778	-65.370079
5192.193604	-65.517151
5193.539429	-65.081085
5194.885254	-65.873749
5196.231079	-65.458710
5197.576904	-64.682587
5198.922729	-64.050446
5200.268555	-65.119789
5201.614380	-66.253029
5202.960205	-65.788574
5204.306030	-66.413124
5205.651855	-65.425606
5206.997681	-64.623772
5208.343506	-64.190567
5209.689331	-65.544113
5211.035156	-64.443817
5212.380981	-65.482285
5213.726807	-64.752853
5215.072632	-64.740219
5216.418457	-64.324371
5217.764282	-64.178139
5219.110107	-65.054985
5220.455933	-65.772751
5221.801758	-65.566246
5223.147583	-64.972374
5224.493408	-65.312157
5225.839233	-64.567245
5227.185059	-64.433662
5228.530884	-65.508057
5229.876709	-65.092743
5231.222534	-65.262093
5232.568359	-64.797661
5233.914185	-65.112305
5235.260010	-63.509224
5236.605835	-65.047302
5237.951660	-64.180878
5239.297485	-64.872154
5240.643311	-64.140976
5241.989136	-63.948318
5243.334961	-64.133713
5244.680786	-64.923035
5246.026611	-64.262695
5247.372437	-65.254982
5248.718262	-64.444649
5250.064087	-64.255577
5251.409912	-64.408340
5252.755737	-64.436050
5254.101562	-64.375793
5255.447388	-64.371803
5256.793213	-63.823952
5258.139038	-63.323334
5259.484863	-63.203220
5260.830688	-63.767521
5262.176514	-64.244751
5263.522339	-63.135445
5264.868164	-63.174133
5266.213989	-64.490479
5267.559814	-64.476677
5268.905640	-63.402397
5270.251465	-62.710854
5271.597290	-63.247696
5272.943115	-63.406281
5274.288940	-63.181023
5275.634766	-64.051651
5276.980591	-63.117180
5278.326416	-62.919388
5279.672241	-62.061977
5281.018066	-62.649559
5282.363892	-63.615318
5283.709717	-62.952381
5285.055542	-61.913090
5286.401367	-62.116238
5287.747192	-62.845188
5289.093018	-62.938591
5290.438843	-62.451080
5291.784668	-61.589596
5293.130493	-63.425880
5294.476318	-61.878227
5295.822144	-62.635418
5297.167969	-62.301609
5298.513794	-62.537800
5299.859619	-60.943367
5301.205444	-62.939976
5302.551270	-61.536133
5303.897095	-60.540855
5305.242920	-61.504028
5306.588745	-60.851028
5307.934570	-61.477039
5309.280396	-61.118023
5310.626221	-60.604324
5311.972046	-60.754860
5313.317871	-61.445377
5314.663696	-60.769512
5316.009521	-60.953766
5317.355347	-61.982780
5318.701172	-60.958363
5320.046997	-61.214619
5321.392822	-60.555416
5322.738647	-60.231850
5324.084473	-60.561321
5325.430298	-60.673878
5326.776123	-61.238930
5328.121948	-59.705853
5329.467773	-59.818619
5330.813599	-59.337101
5332.159424	-61.368618
5333.505249	-61.044823
5334.851074	-59.882118
5336.196899	-58.979652
5337.542725	-59.125675
5338.888550	-58.892021
5340.234375	-59.081654
5341.580200	-58.837944
5342.926025	-60.495693
5344.271851	-58.942131
5345.617676	-58.079891
5346.963501	-59.220428
5348.309326	-58.733158
5349.655151	-58.162170
5351.000977	-58.001976
5352.346802	-57.985493
5353.692627	-58.156403
5355.038452	-57.544338
5356.384277	-57.960098
5357.730103	-58.224812
5359.075928	-57.578247
5360.421753	-58.065689
5361.767578	-56.302227
5363.113403	-56.719402
5364.459229	-56.217541
5365.805054	-56.996048
5367.150879	-56.626682
5368.496704	-56.654385
5369.842529	-56.145973
5371.188354	-56.902714
5372.534180	-56.943066
5373.880005	-57.029938
5375.225830	-56.606571
5376.571655	-55.615227
5377.917480	-56.185421
5379.263306	-56.001877
5380.609131	-55.895451
5381.954956	-56.680878
5383.300781	-56.949677
5384.646606	-55.394207
5385.992432	-55.016109
5387.338257	-55.198708
5388.684082	-55.578430
5390.029907	-53.809944
5391.375732	-54.517162
5392.721558	-54.427311
5394.067383	-54.609650
5395.413208	-54.246567
5396.759033	-54.450512
5398.104858	-54.929813
5399.450684	-54.149731
5400.796509	-54.282734
5402.142334	-55.384686
5403.488159	-54.830627
5404.833984	-54.415222
5406.179810	-54.867970
5407.525635	-54.694687
5408.871460	-54.729748
5410.217285	-54.442932
5411.563110	-54.310577
5412.908936	-54.496525
5414.254761	-54.530869
5415.600586	-54.792286
5416.946411	-55.945530
5418.292236	-54.065746
5419.638062	-54.430214
5420.983887	-55.059544
5422.329712	-55.614407
5423.675537	-56.367538
5425.021362	-54.560986
5426.367188	-54.256901
5427.713013	-55.237411
5429.058838	-56.066410
5430.404663	-55.664894
5431.750488	-56.471424
5433.096313	-56.350117
5434.442139	-57.017433
5435.787964	-55.880463
5437.133789	-56.199028
5438.479614	-58.518608
5439.825439	-58.550297
5441.171265	-58.059250
5442.517090	-56.467911
5443.862915	-57.216270
5445.208740	-57.311073
5446.554565	-57.874115
5447.900391	-57.863609
5449.246216	-58.013054
5450.592041	-59.010292
5451.937866	-58.464607
5453.283691	-58.905613
5454.629517	-58.083916
5455.975342	-58.810146
5457.321167	-58.654186
5458.666992	-60.242191
5460.012817	-59.032486
5461.358643	-59.142765
5462.704468	-60.200027
5464.050293	-60.245708
5465.396118	-59.379883
5466.741943	-59.535263
5468.087769	-60.694618
5469.433594	-60.768970
5470.779419	-60.608150
5472.125244	-60.213085
5473.471069	-61.800064
5474.816895	-60.772949
5476.162720	-59.961578
5477.508545	-60.737995
5478.854370	-61.408672
5480.200195	-61.218609
5481.546021	-61.205200
5482.891846	-61.881256
5484.237671	-62.206470
5485.583496	-60.674355
5486.929321	-60.503464
5488.275146	-60.997093
5489.620972	-62.095791
5490.966797	-63.023006
5492.312622	-62.971577
5493.658447	-61.797798
5495.004272	-61.624912
5496.350098	-62.463692
5497.695923	-61.842503
5499.041748	-62.337353
5500.387573	-61.842354
5501.733398	-62.944447
5503.079224	-63.154087
5504.425049	-62.172413
5505.770874	-62.249733
5507.116699	-63.343048
5508.462524	-63.344929
5509.808350	-62.523434
5511.154175	-63.444080
5512.500000	-64.291290
5513.845825	-63.745663
5515.191650	-63.764702
5516.537476	-63.481861
5517.883301	-63.561657
5519.229126	-63.960049
5520.574951	-63.527119
5521.920776	-63.537003
5523.266602	-63.428223
5524.612427	-64.181427
5525.958252	-63.326653
5527.304077	-62.958309
5528.649902	-64.794601
5529.995728	-64.582169
5531.341553	-63.811954
5532.687378	-64.613876
5534.033203	-64.254143
5535.379028	-64.823395
5536.724854	-65.127823
5538.070679	-65.128639
5539.416504	-64.948227
5540.762329	-65.254280
5542.108154	-64.528893
5543.453979	-64.735451
5544.799805	-65.028183
5546.145630	-64.595528
5547.491455	-64.964165
5548.837280	-65.108093
5550.183105	-65.415596
5551.528931	-66.278656
5552.874756	-65.752876
5554.220581	-64.772888
5555.566406	-64.019943
5556.912231	-65.483429
5558.258057	-66.313156
5559.603882	-65.838928
5560.949707	-65.441780
5562.295532	-65.521133
5563.641357	-65.730164
5564.987183	-65.437180
5566.333008	-65.662994
5567.678833	-65.627327
5569.024658	-65.966217
5570.370483	-65.509720
5571.716309	-66.342537
5573.062134	-66.000954
5574.407959	-66.038742
5575.753784	-65.804222
5577.099609	-65.781715
5578.445435	-66.773727
5579.791260	-65.367798
5581.137085	-66.581924
5582.482910	-66.842896
5583.828735	-66.574669
5585.174561	-66.350624
5586.520386	-66.910538
5587.866211	-66.631653
5589.212036	-67.069168
5590.557861	-66.879684
5591.903687	-67.099297
5593.249512	-66.474091
5594.595337	-66.268112
5595.941162	-66.973282
5597.286987	-67.576767
5598.632812	-66.238190
5599.978638	-66.624603
5601.324463	-67.079941
5602.670288	-66.976631
5604.016113	-65.952309
5605.361938	-66.599396
5606.707764	-67.225662
5608.053589	-66.569992
5609.399414	-67.106407
5610.745239	-66.412712
5612.091064	-65.893738
5613.436890	-67.114311
5614.782715	-67.311234
5616.128540	-67.035141
5617.474365	-66.819603
5618.820190	-66.965775
5620.166016	-68.063026
5621.511841	-66.014732
5622.857666	-67.341545
5624.203491	-67.455711
5625.549316	-67.446030
5626.895142	-67.399719
5628.240967	-66.689819
5629.586792	-67.595100
5630.932617	-67.468475
5632.278442	-67.456650
5633.624268	-68.434746
5634.970093	-67.189476
5636.315918	-66.473129
5637.661743	-67.927849
5639.007568	-68.500130
5640.353394	-68.395866
5641.699219	-67.962875
5643.045044	-68.013245
5644.390869	-67.648773
5645.736694	-68.207085
5647.082520	-67.374763
5648.428345	-67.210846
5649.774170	-67.070549
5651.119995	-67.541336
5652.465820	-69.042046
5653.811646	-67.821770
5655.157471	-67.373283
5656.503296	-68.123291
5657.849121	-66.756165
5659.194946	-67.683273
5660.540771	-66.956192
5661.886597	-67.604637
5663.232422	-67.920830
5664.578247	-68.611504
5665.924072	-67.966156
5667.269897	-67.252594
5668.615723	-68.020592
5669.961548	-67.537743
5671.307373	-68.372864
5672.653198	-68.268257
5673.999023	-68.925545
5675.344849	-66.677826
5676.690674	-68.508385
5678.036499	-67.485176
5679.382324	-67.743134
5680.728149	-67.404495
5682.073975	-67.892982
5683.419800	-68.232628
5684.765625	-68.090706
5686.111450	-68.244209
5687.457275	-68.860733
5688.803101	-68.362976
5690.148926	-68.557022
5691.494751	-68.154686
5692.840576	-68.557762
5694.186401	-67.466728
5695.532227	-67.650444
5696.878052	-67.539375
5698.223877	-68.253616
5699.569702	-68.154915
5700.915527	-68.416481
5702.261353	-67.784943
5703.607178	-68.654190
5704.953003	-67.649734
5706.298828	-67.643913
5707.644653	-67.005226
5708.990479	-67.265259
5710.336304	-67.908188
5711.682129	-67.813972
5713.027954	-67.227203
5714.373779	-67.306129
5715.719604	-67.298889
5717.065430	-68.717644
5718.411255	-68.667122
5719.757080	-67.037292
5721.102905	-67.211548
5722.448730	-67.962242
5723.794556	-68.284035
5725.140381	-67.222725
5726.486206	-67.361107
5727.832031	-66.774673
5729.177856	-67.345001
5730.523682	-68.432869
5731.869507	-67.153244
5733.215332	-67.010788
5734.561157	-67.931015
5735.906982	-67.944771
5737.252808	-66.652344
5738.598633	-67.445824
5739.944458	-67.566719
5741.290283	-67.114754
5742.636108	-66.296654
5743.981934	-67.503181
5745.327759	-66.653465
5746.673584	-68.274315
5748.019409	-67.881599
5749.365234	-67.441208
5750.711060	-66.520599
5752.056885	-68.004509
5753.402710	-67.408936
5754.748535	-66.666290
5756.094360	-66.693741
5757.440186	-67.344673
5758.786011	-67.694908
5760.131836	-66.625824
5761.477661	-67.720963
5762.823486	-66.922829
5764.169312	-67.070183
5765.515137	-66.720078
5766.860962	-66.918648
5768.206787	-67.376068
5769.552612	-66.814476
5770.898438	-66.534660
5772.244263	-66.159111
5773.590088	-68.261482
5774.935913	-67.698776
5776.281738	-65.362671
5777.627563	-64.530876
5778.973389	-65.692879
5780.319214	-66.567833
5781.665039	-66.011307
5783.010864	-66.492081
5784.356689	-66.208183
5785.702515	-66.306938
5787.048340	-65.454918
5788.394165	-65.747208
5789.739990	-66.999100
5791.085815	-66.467484
5792.431641	-65.224495
5793.777466	-65.624001
5795.123291	-64.819473
5796.469116	-65.916718
5797.814941	-65.593491
5799.160767	-65.111603
5800.506592	-66.641502
5801.852417	-64.647697
5803.198242	-66.545456
5804.544067	-66.218048
5805.889893	-64.870872
5807.235718	-66.061760
5808.581543	-66.495697
5809.927368	-65.169533
5811.273193	-64.742981
5812.619019	-65.032692
5813.964844	-64.761978
5815.310669	-65.456856
5816.656494	-65.638680
5818.002319	-64.298851
5819.348145	-65.309784
5820.693970	-64.780609
5822.039795	-65.219849
5823.385620	-65.063568
5824.731445	-64.554810
5826.077271	-64.085030
5827.423096	-63.659149
5828.768921	-64.693092
5830.114746	-64.858673
5831.460571	-64.757034
5832.806396	-64.175987
5834.152222	-63.110935
5835.498047	-63.500546
5836.843872	-64.038948
5838.189697	-63.821423
5839.535522	-63.859718
5840.881348	-63.661102
5842.227173	-64.029861
5843.572998	-63.590908
5844.918823	-63.419537
5846.264648	-62.598164
5847.610474	-63.177326
5848.956299	-63.137306
5850.302124	-62.005280
5851.647949	-63.234627
5852.993774	-63.926121
5854.339600	-63.057213
5855.685425	-62.622616
5857.031250	-62.470718
5858.377075	-61.823898
5859.722900	-62.465637
5861.068726	-62.417366
5862.414551	-61.998501
5863.760376	-61.544140
5865.106201	-62.381573
5866.452026	-62.350964
5867.797852	-62.660805
5869.143677	-61.199928
5870.489502	-61.133602
5871.835327	-60.942287
5873.181152	-61.375629
5874.526978	-61.227547
5875.872803	-61.759274
5877.218628	-61.279953
5878.564453	-61.402569
5879.910278	-61.105076
5881.256104	-62.160057
5882.601929	-61.446247
5883.947754	-59.865810
5885.293579	-61.274906
5886.639404	-60.723763
5887.985229	-60.321373
5889.331055	-61.351425
5890.676880	-60.681999
5892.022705	-60.738674
5893.368530	-60.503468
5894.714355	-59.725357
5896.060181	-60.306004
5897.406006	-59.968243
5898.751831	-59.609695
5900.097656	-59.405403
5901.443481	-60.599606
5902.789307	-59.159687
5904.135132	-58.842129
5905.480957	-59.700050
5906.826782	-60.083076
5908.172607	-58.792263
5909.518433	-58.582615
5910.864258	-58.241108
5912.210083	-58.864403
5913.555908	-59.735428
5914.901733	-58.216686
5916.247559	-59.051739
5917.593384	-57.694988
5918.939209	-56.635868
5920.285034	-58.297226
5921.630859	-57.939289
5922.976685	-57.558971
5924.322510	-58.511379
5925.668335	-58.317020
5927.014160	-57.778030
5928.359985	-55.945107
5929.705811	-57.136158
5931.051636	-58.226254
5932.397461	-57.533440
5933.743286	-59.068974
5935.089111	-57.736462
5936.434937	-58.170979
5937.780762	-58.176380
5939.126587	-57.547157
5940.472412	-58.258202
5941.818237	-58.041756
5943.164062	-57.818272
5944.509888	-58.259197
5945.855713	-57.723396
5947.201538	-57.681587
5948.547363	-57.065105
5949.893188	-56.693039
5951.239014	-57.996437
5952.584839	-57.799347
5953.930664	-58.188698
5955.276489	-58.309242
5956.622314	-59.393505
5957.968140	-58.085537
5959.313965	-59.301758
5960.659790	-58.455902
5962.005615	-58.073589
5963.351440	-57.688896
5964.697266	-58.492485
5966.043091	-58.587322
5967.388916	-58.728531
5968.734741	-59.188782
5970.080566	-58.251534
5971.426392	-58.821629
5972.772217	-59.378994
5974.118042	-59.925556
5975.463867	-59.045898
5976.809692	-58.994152
5978.155518	-58.969131
5979.501343	-60.085026
5980.847168	-59.965965
5982.192993	-60.106106
5983.538818	-59.929310
5984.884644	-60.609390
5986.230469	-60.382286
5987.576294	-60.123737
5988.922119	-62.833725
5990.267944	-62.028137
5991.613770	-60.719852
5992.959595	-59.012421
5994.305420	-59.945320
5995.651245	-60.815315
5996.997070	-61.526787
5998.342896	-61.517708
5999.688721	-61.524109
6001.034546	-61.624886
6002.380371	-61.753109
6003.726196	-62.754501
6005.072021	-63.696880
6006.417847	-61.979733
6007.763672	-61.685734
6009.109497	-61.658543
6010.455322	-62.404263
6011.801147	-62.636379
6013.146973	-62.202644
6014.492798	-62.290951
6015.838623	-61.801132
6017.184448	-62.445660
6018.530273	-62.774929
6019.876099	-63.182899
6021.221924	-62.801441
6022.567749	-63.435612
6023.913574	-63.693428
6025.259399	-63.919342
6026.605225	-63.639523
6027.951050	-63.644978
6029.296875	-62.859936
6030.642700	-62.857658
6031.988525	-63.535244
6033.334351	-63.817074
6034.680176	-64.222343
6036.026001	-63.931328
6037.371826	-64.602127
6038.717651	-64.374451
6040.063477	-64.073967
6041.409302	-64.033417
6042.755127	-64.967682
6044.100952	-65.787903
6045.446777	-64.189781
6046.792603	-63.028576
6048.138428	-64.250473
6049.484253	-63.977161
6050.830078	-65.047981
6052.175903	-64.710373
6053.521729	-65.479645
6054.867554	-64.870331
6056.213379	-64.714325
6057.559204	-64.450882
6058.905029	-65.689857
6060.250854	-64.758682
6061.596680	-65.783890
6062.942505	-64.912292
6064.288330	-65.873856
6065.634155	-66.226097
6066.979980	-66.240479
6068.325806	-66.699875
6069.671631	-66.514595
6071.017456	-66.795876
6072.363281	-64.683556
6073.709106	-66.439049
6075.054932	-65.928238
6076.400757	-65.206718
6077.746582	-66.308914
6079.092407	-66.544914
6080.438232	-67.504044
6081.784058	-66.438881
6083.129883	-67.102676
6084.475708	-66.818825
6085.821533	-65.697319
6087.167358	-67.183830
6088.513184	-66.350548
6089.859009	-65.753761
6091.204834	-66.140457
6092.550659	-67.219994
6093.896484	-66.443085
6095.242310	-67.709831
6096.588135	-66.221069
6097.933960	-66.082985
6099.279785	-67.372574
6100.625610	-67.818405
6101.971436	-66.317192
6103.317261	-67.905960
6104.663086	-67.003235
6106.008911	-67.022835
6107.354736	-66.917831
6108.700562	-68.472359
6110.046387	-68.143608
6111.392212	-66.227776
6112.738037	-66.947426
6114.083862	-67.530502
6115.429688	-67.753609
6116.775513	-67.367569
6118.121338	-68.894371
6119.467163	-68.560616
6120.812988	-68.183746
6122.158813	-67.965492
6123.504639	-69.463043
6124.850464	-68.018883
6126.196289	-66.202209
6127.542114	-66.872299
6128.887939	-67.408058
6130.233765	-68.795731
6131.579590	-67.770866
6132.925415	-68.092796
6134.271240	-68.239624
6135.617065	-68.383484
6136.962891	-67.279762
6138.308716	-68.437729
6139.654541	-67.750839
6141.000366	-68.428925
6142.346191	-68.556076
6143.692017	-69.259010
6145.037842	-67.023689
6146.383667	-67.643471
6147.729492	-69.257423
6149.075317	-68.518967
6150.421143	-67.941917
6151.766968	-68.296043
6153.112793	-67.984970
6154.458618	-67.762253
6155.804443	-67.765038
6157.150269	-68.849182
6158.496094	-67.812492
6159.841919	-68.203712
6161.187744	-69.172562
6162.533569	-68.691666
6163.879395	-68.408226
6165.225220	-68.298447
6166.571045	-69.606567
6167.916870	-69.987595
6169.262695	-68.307190
6170.608521	-68.982460
6171.954346	-67.396362
6173.300171	-69.260574
6174.645996	-69.051003
6175.991821	-68.854195
6177.337646	-68.305092
6178.683472	-68.955322
6180.029297	-68.863358
6181.375122	-69.000313
6182.720947	-68.919792
6184.066772	-70.391464
6185.412598	-69.194794
6186.758423	-68.380196
6188.104248	-69.905701
6189.450073	-67.954697
6190.795898	-70.208504
6192.141724	-69.285782
6193.487549	-70.706177
6194.833374	-68.364952
6196.179199	-70.299606
6197.525024	-68.423897
6198.870850	-68.533669
6200.216675	-68.834541
6201.562500	-68.948875
6202.908325	-69.250244
6204.254150	-69.516197
6205.599976	-68.780487
6206.945801	-69.299606
6208.291626	-68.707466
6209.637451	-69.097610
6210.983276	-68.880142
6212.329102	-68.602821
6213.674927	-69.908585
6215.020752	-68.930656
6216.366577	-67.886414
6217.712402	-67.890068
6219.058228	-68.761818
6220.404053	-69.122017
6221.749878	-69.696480
6223.095703	-69.798714
6224.441528	-70.012085
6225.787354	-69.034027
6227.133179	-70.010742
6228.479004	-69.243523
6229.824829	-69.972488
6231.170654	-70.026863
6232.516479	-68.897446
6233.862305	-69.019249
6235.208130	-69.642403
6236.553955	-69.791908
6237.899780	-69.010162
6239.245605	-69.287277
6240.591431	-68.924240
6241.937256	-68.225464
6243.283081	-68.976540
6244.628906	-68.922623
6245.974731	-68.845612
6247.320557	-68.825554
6248.666382	-68.617203
6250.012207	-68.798859
6251.358032	-68.796097
6252.703857	-68.998108
6254.049683	-68.713158
6255.395508	-69.107544
6256.741333	-68.237617
6258.087158	-69.306740
6259.432983	-69.135178
6260.778809	-68.409882
6262.124634	-68.919151
6263.470459	-69.289856
6264.816284	-68.250343
6266.162109	-68.560936
6267.507935	-68.254219
6268.853760	-68.966553
6270.199585	-68.712334
6271.545410	-68.621239
6272.891235	-69.591965
6274.237061	-67.941956
6275.582886	-68.457680
6276.928711	-69.094452
6278.274536	-67.964447
6279.620361	-67.824341
6280.966187	-69.345245
6282.312012	-67.358116
6283.657837	-68.722626
6285.003662	-68.358986
6286.349487	-68.156067
6287.695312	-68.210526
6289.041138	-68.393280
6290.386963	-68.800049
6291.732788	-68.659409
6293.078613	-68.152336
6294.424438	-67.406532
6295.770264	-68.374344
6297.116089	-68.134483
6298.461914	-67.191193
6299.807739	-67.992607
6301.153564	-67.926430
6302.499390	-68.528168
6303.845215	-68.424240
6305.191040	-67.725929
6306.536865	-67.837982
6307.882690	-69.134102
6309.228516	-69.300529
6310.574341	-68.467926
6311.920166	-68.089149
6313.265991	-68.104691
6314.611816	-68.640953
6315.957642	-67.953941
6317.303467	-67.586273
6318.649292	-67.613060
6319.995117	-66.294922
6321.340942	-67.713737
6322.686768	-67.607018
6324.032593	-67.899536
6325.378418	-67.890045
6326.724243	-68.236137
6328.070068	-66.575928
6329.415894	-66.954620
6330.761719	-67.333191
6332.107544	-66.194481
6333.453369	-66.563942
6334.799194	-66.496475
6336.145020	-67.000153
6337.490845	-66.798546
6338.836670	-67.637688
6340.182495	-67.389862
6341.528320	-66.414246
6342.874146	-67.138481
6344.219971	-66.830940
6345.565796	-66.749733
6346.911621	-66.997856
6348.257446	-66.888069
6349.603271	-66.663750
6350.949097	-66.006660
6352.294922	-65.303391
6353.640747	-66.013908
6354.986572	-66.975258
6356.332397	-65.767960
6357.678223	-66.283676
6359.024048	-65.749916
6360.369873	-66.127403
6361.715698	-66.306816
6363.061523	-66.170609
6364.407349	-66.022537
6365.753174	-66.180870
6367.098999	-64.559982
6368.444824	-64.737541
6369.790649	-65.558067
6371.136475	-64.653687
6372.482300	-65.034584
6373.828125	-65.702934
6375.173950	-65.962631
6376.519775	-64.892921
6377.865601	-65.251938
6379.211426	-64.525520
6380.557251	-64.770256
6381.903076	-66.087807
6383.248901	-65.516426
6384.594727	-65.414955
6385.940552	-65.435150
6387.286377	-64.628639
6388.632202	-64.874329
6389.978027	-65.053658
6391.323853	-64.397026
6392.669678	-64.415245
6394.015503	-63.838215
6395.361328	-63.566879
6396.707153	-64.460815
6398.052979	-63.996086
6399.398804	-63.727962
6400.744629	-63.149452
6402.090454	-63.125450
6403.436279	-63.098537
6404.782104	-63.629253
6406.127930	-62.704449
6407.473755	-62.652130
6408.819580	-63.001183
6410.165405	-62.716465
6411.511230	-62.565113
6412.857056	-62.512779
6414.202881	-62.223610
6415.548706	-63.776955
6416.894531	-62.887032
6418.240356	-62.113426
6419.586182	-62.623604
6420.932007	-62.213512
6422.277832	-63.754757
6423.623657	-63.397842
6424.969482	-62.389889
6426.315308	-62.658989
6427.661133	-62.413891
6429.006958	-62.168419
6430.352783	-61.457508
6431.698608	-61.232994
6433.044434	-61.890446
6434.390259	-62.526867
6435.736084	-61.756004
6437.081909	-61.383717
6438.427734	-62.070389
6439.773560	-62.159065
6441.119385	-60.139309
6442.465210	-60.947483
6443.811035	-60.865898
6445.156860	-60.161015
6446.502686	-60.824883
6447.848511	-60.619865
6449.194336	-59.951187
6450.540161	-61.002865
6451.885986	-60.780098
6453.231812	-60.835503
6454.577637	-61.869171
6455.923462	-60.365108
6457.269287	-59.534767
6458.615112	-59.730198
6459.960938	-60.972527
6461.306763	-59.021034
6462.652588	-59.576916
6463.998413	-59.873802
6465.344238	-59.242085
6466.690063	-59.911629
6468.035889	-59.425858
6469.381714	-60.722637
6470.727539	-59.727829
6472.073364	-60.937603
6473.419189	-59.319233
6474.765015	-59.063271
6476.110840	-59.352329
6477.456665	-59.996029
6478.802490	-60.051849
6480.148315	-60.411579
6481.494141	-60.750828
6482.839966	-58.826115
6484.185791	-60.016495
6485.531616	-59.319565
6486.877441	-58.720726
6488.223267	-60.063400
6489.569092	-60.218082
6490.914917	-58.817051
6492.260742	-60.557674
6493.606567	-60.473087
6494.952393	-60.167847
6496.298218	-60.274837
6497.644043	-59.449471
6498.989868	-59.135345
6500.335693	-59.092781
6501.681519	-59.537193
6503.027344	-61.162514
6504.373169	-62.068707
6505.718994	-61.036789
6507.064819	-60.824245
6508.410645	-61.763817
6509.756470	-60.746948
6511.102295	-61.858768
6512.448120	-60.656845
6513.793945	-61.419315
6515.139771	-61.053013
6516.485596	-60.680309
6517.831421	-60.853271
6519.177246	-62.153347
6520.523071	-61.262115
6521.868896	-61.101280
6523.214722	-61.187462
6524.560547	-61.395500
6525.906372	-62.181515
6527.252197	-61.202412
6528.598022	-61.280743
6529.943848	-61.385464
6531.289673	-61.672977
6532.635498	-62.617592
6533.981323	-61.515686
6535.327148	-62.352997
6536.672974	-62.644249
6538.018799	-63.146530
6539.364624	-63.122974
6540.710449	-62.320835
6542.056274	-63.073330
6543.402100	-61.811726
6544.747925	-62.180347
6546.093750	-62.390095
6547.439575	-63.453026
6548.785400	-62.554317
6550.131226	-62.990128
6551.477051	-63.236889
6552.822876	-63.743553
6554.168701	-63.962135
6555.514526	-63.405502
6556.860352	-64.065079
6558.206177	-64.176842
6559.552002	-64.091499
6560.897827	-64.422951
6562.243652	-64.863525
6563.589478	-64.135696
6564.935303	-64.842911
6566.281128	-64.816704
6567.626953	-63.923561
6568.972778	-63.427681
6570.318604	-64.497467
6571.664429	-64.827301
6573.010254	-64.036125
6574.356079	-64.952454
6575.701904	-64.935242
6577.047729	-64.812943
6578.393555	-65.553963
6579.739380	-64.541252
6581.085205	-65.314110
6582.431030	-64.893295
6583.776855	-64.573982
6585.122681	-64.905708
6586.468506	-63.962147
6587.814331	-65.066307
6589.160156	-65.883728
6590.505981	-65.823013
6591.851807	-66.107735
6593.197632	-66.508072
6594.543457	-65.896294
6595.889282	-66.088478
6597.235107	-65.615547
6598.580933	-66.358116
6599.926758	-65.870720
6601.272583	-67.064507
6602.618408	-66.952644
6603.964233	-66.519081
6605.310059	-66.752151
6606.655884	-66.330116
6608.001709	-66.482399
6609.347534	-65.966919
6610.693359	-65.994873
6612.039185	-65.847855
6613.385010	-65.597740
6614.730835	-66.490929
6616.076660	-65.688034
6617.422485	-66.745117
6618.768311	-66.179077
6620.114136	-67.122391
6621.459961	-67.090614
6622.805786	-66.907379
6624.151611	-66.642570
6625.497437	-65.650551
6626.843262	-66.631210
6628.189087	-67.264694
6629.534912	-67.765152
6630.880737	-67.425293
6632.226562	-67.429672
6633.572388	-66.978020
6634.918213	-67.413071
6636.264038	-67.182922
6637.609863	-68.597084
6638.955688	-67.377541
6640.301514	-68.339149
6641.647339	-67.251701
6642.993164	-67.944206
6644.338989	-67.714668
6645.684814	-67.375099
6647.030640	-67.891022
6648.376465	-67.837410
6649.722290	-67.968102
6651.068115	-67.024590
6652.413940	-67.743576
6653.759766	-68.485077
6655.105591	-67.624382
6656.451416	-67.634865
6657.797241	-67.290932
6659.143066	-67.741615
6660.488892	-67.850868
6661.834717	-68.284271
6663.180542	-67.830605
6664.526367	-67.818962
6665.872192	-67.301796
6667.218018	-67.999054
6668.563843	-67.507011
6669.909668	-68.468597
6671.255493	-68.620834
6672.601318	-67.353310
6673.947144	-68.633041
6675.292969	-68.988632
6676.638794	-68.899277
6677.984619	-68.426895
6679.330444	-69.010544
6680.676270	-67.981926
6682.022095	-67.778023
6683.367920	-67.713028
6684.713745	-67.722313
6686.059570	-68.412155
6687.405396	-68.097435
6688.751221	-68.566444
6690.097046	-67.267685
6691.442871	-68.039787
6692.788696	-67.937157
6694.134521	-68.380875
6695.480347	-68.080498
6696.826172	-67.164772
6698.171997	-68.431480
6699.517822	-68.253891
6700.863647	-69.090996
6702.209473	-68.930939
6703.555298	-68.937935
6704.901123	-67.712173
6706.246948	-70.282196
6707.592773	-70.249878
6708.938599	-69.106155
6710.284424	-67.705162
6711.630249	-69.237785
6712.976074	-67.471596
6714.321899	-68.729454
6715.667725	-68.962776
6717.013550	-68.172394
6718.359375	-68.762779
6719.705200	-69.371742
6721.051025	-68.218102
6722.396851	-67.981911
6723.742676	-68.044899
6725.088501	-68.875023
6726.434326	-68.670921
6727.780151	-68.886345
6729.125977	-68.864395
6730.471802	-69.117683
6731.817627	-68.627350
6733.163452	-69.192940
6734.509277	-68.732635
6735.855103	-68.783844
6737.200928	-68.791039
6738.546753	-68.678566
6739.892578	-69.218613
6741.238403	-69.186951
6742.584229	-67.777664
6743.930054	-69.693138
6745.275879	-69.574776
6746.621704	-69.151291
6747.967529	-69.252747
6749.313354	-68.454033
6750.659180	-68.222527
6752.005005	-68.751587
6753.350830	-68.740295
6754.696655	-69.045479
6756.042480	-68.307098
6757.388306	-68.197838
6758.734131	-68.539474
6760.079956	-69.053741
6761.425781	-68.280365
6762.771606	-68.489799
6764.117432	-69.430862
6765.463257	-69.392166
6766.809082	-69.256523
6768.154907	-68.743149
6769.500732	-68.458458
6770.846558	-68.502274
6772.192383	-68.455421
6773.538208	-67.759735
6774.884033	-68.531967
6776.229858	-69.179451
6777.575684	-68.933136
6778.921509	-68.855576
6780.267334	-68.388870
6781.613159	-68.547791
6782.958984	-68.769905
6784.304810	-68.934784
6785.650635	-68.611038
6786.996460	-69.133781
6788.342285	-68.948975
6789.688110	-68.860321
6791.033936	-67.530769
6792.379761	-69.170372
6793.725586	-68.066887
6795.071411	-69.035263
6796.417236	-68.878220
6797.763062	-68.128448
6799.108887	-67.545837
6800.454712	-68.021637
6801.800537	-68.134132
6803.146362	-68.714561
6804.492188	-68.657578
6805.838013	-69.055634
6807.183838	-68.401939
6808.529663	-67.660240
6809.875488	-68.295326
6811.221313	-67.618507
6812.567139	-67.981117
6813.912964	-67.831779
6815.258789	-68.111488
6816.604614	-67.055641
6817.950439	-67.837509
6819.296265	-68.368637
6820.642090	-67.868668
6821.987915	-67.682152
6823.333740	-67.679672
6824.679565	-68.590279
6826.025391	-67.069130
6827.371216	-67.567001
6828.717041	-67.512375
6830.062866	-67.587311
6831.408691	-67.336945
6832.754517	-67.043839
6834.100342	-67.549149
6835.446167	-68.138397
6836.791992	-67.141327
6838.137817	-67.778107
6839.483643	-67.123840
6840.829468	-67.703690
6842.175293	-67.115509
6843.521118	-68.324425
6844.866943	-66.716789
6846.212769	-66.213997
6847.558594	-67.798790
6848.904419	-67.427200
6850.250244	-66.477020
6851.596069	-68.033440
6852.941895	-66.518852
6854.287720	-66.975159
6855.633545	-67.039680
6856.979370	-67.243065
6858.325195	-67.690636
6859.671021	-67.418037
6861.016846	-67.632217
6862.362671	-67.286873
6863.708496	-67.059052
6865.054321	-66.572502
6866.400146	-66.334305
6867.745972	-67.855286
6869.091797	-66.766037
6870.437622	-66.487175
6871.783447	-65.628738
6873.129272	-66.275620
6874.475098	-65.471962
6875.820923	-65.125031
6877.166748	-66.570801
6878.512573	-65.496147
6879.858398	-65.867966
6881.204224	-67.086861
6882.550049	-66.906166
6883.895874	-65.994576
6885.241699	-66.348213
6886.587524	-66.832779
6887.933350	-64.831398
6889.279175	-65.919571
6890.625000	-65.409836
6891.970825	-65.111259
6893.316650	-64.889397
6894.662476	-65.288597
6896.008301	-66.277016
6897.354126	-65.959038
6898.699951	-66.317986
6900.045776	-64.453629
6901.391602	-64.914810
6902.737427	-65.613304
6904.083252	-65.969536
6905.429077	-64.489372
6906.774902	-65.124413
6908.120728	-65.015297
6909.466553	-64.740906
6910.812378	-65.510406
6912.158203	-64.386787
6913.504028	-63.747177
6914.849854	-65.691902
6916.195679	-64.556328
6917.541504	-64.374275
6918.887329	-63.962570
6920.233154	-64.327881
6921.578979	-65.501091
6922.924805	-64.261497
6924.270630	-63.361156
6925.616455	-64.029877
6926.962280	-65.018127
6928.308105	-64.351974
6929.653931	-63.517235
6930.999756	-64.553253
6932.345581	-63.506668
6933.691406	-63.280067
6935.037231	-63.448048
6936.383057	-62.527882
6937.728882	-62.316978
6939.074707	-62.222984
6940.420532	-63.088367
6941.766357	-62.938251
6943.112183	-64.141151
6944.458008	-62.335369
6945.803833	-62.849812
6947.149658	-62.451904
6948.495483	-62.510559
6949.841309	-61.676270
6951.187134	-62.040482
6952.532959	-61.364468
6953.878784	-62.043922
6955.224609	-62.203106
6956.570435	-62.165642
6957.916260	-62.212921
6959.262085	-62.381561
6960.607910	-61.577663
6961.953735	-61.108543
6963.299561	-61.845871
6964.645386	-61.564236
6965.991211	-61.912724
6967.337036	-61.537724
6968.682861	-60.985798
6970.028687	-62.109982
6971.374512	-60.359615
6972.720337	-61.659264
6974.066162	-60.796955
6975.411987	-60.806728
6976.757812	-61.072289
6978.103638	-61.113094
6979.449463	-61.177338
6980.795288	-60.246326
6982.141113	-60.032845
6983.486938	-60.157974
6984.832764	-60.563419
6986.178589	-60.972763
6987.524414	-59.587692
6988.870239	-60.242664
6990.216064	-60.228924
6991.561890	-59.441414
6992.907715	-59.025009
6994.253540	-60.623066
6995.599365	-59.085575
6996.945190	-59.771324
6998.291016	-59.956345
6999.636841	-59.775291
7000.982666	-58.916725
7002.328491	-60.915245
7003.674316	-59.875729
7005.020142	-61.012329
7006.365967	-59.443806
7007.711792	-58.892109
7009.057617	-59.311066
7010.403442	-58.159718
7011.749268	-58.812057
7013.095093	-59.407024
7014.440918	-59.421120
7015.786743	-59.360920
7017.132568	-59.356236
7018.478394	-58.831421
7019.824219	-58.978512
7021.170044	-59.735744
7022.515869	-60.226055
7023.861694	-59.982643
7025.207520	-60.102589
7026.553345	-59.683300
7027.899170	-58.871632
7029.244995	-60.509621
7030.590820	-59.865437
7031.936646	-58.915123
7033.282471	-58.816864
7034.628296	-59.208633
7035.974121	-59.769466
7037.319946	-60.365128
7038.665771	-60.070435
7040.011597	-59.569500
7041.357422	-59.648918
7042.703247	-59.426300
7044.049072	-59.047604
7045.394897	-59.530670
7046.740723	-60.285851
7048.086548	-61.035637
7049.432373	-60.075829
7050.778198	-60.583691
7052.124023	-60.441013
7053.469849	-59.697666
7054.815674	-61.319481
7056.161499	-60.585243
7057.507324	-61.074135
7058.853149	-61.428162
7060.198975	-61.201878
7061.544800	-61.867500
7062.890625	-60.531055
7064.236450	-60.752251
7065.582275	-61.822983
7066.928101	-61.141342
7068.273926	-61.114346
7069.619751	-60.977482
7070.965576	-61.130672
7072.311401	-61.211498
7073.657227	-61.900127
7075.003052	-61.013329
7076.348877	-61.993336
7077.694702	-61.825733
7079.040527	-61.459068
7080.386353	-62.024952
7081.732178	-61.073502
7083.078003	-63.131664
7084.423828	-61.424675
7085.769653	-61.385921
7087.115479	-62.485924
7088.461304	-63.041344
7089.807129	-62.467407
7091.152954	-62.137020
7092.498779	-62.815414
7093.844604	-62.087952
7095.190430	-62.546867
7096.536255	-63.464607
7097.882080	-62.773079
7099.227905	-62.728054
7100.573730	-64.017586
7101.919556	-63.382793
7103.265381	-62.662926
7104.611206	-63.152615
7105.957031	-63.203911
7107.302856	-63.285900
7108.648682	-63.545475
7109.994507	-63.743427
7111.340332	-63.692822
7112.686157	-63.529476
7114.031982	-63.497665
7115.377808	-62.692272
7116.723633	-62.895008
7118.069458	-63.591881
7119.415283	-63.510002
7120.761108	-63.369148
7122.106934	-63.492592
7123.452759	-63.749722
7124.798584	-64.483017
7126.144409	-64.385788
7127.490234	-63.929070
7128.836060	-63.752296
7130.181885	-64.717506
7131.527710	-64.822639
7132.873535	-65.071892
7134.219360	-65.526726
7135.565186	-65.282654
7136.911011	-63.472179
7138.256836	-65.228455
7139.602661	-64.717766
7140.948486	-64.191513
7142.294312	-65.504440
7143.640137	-65.371368
7144.985962	-64.877899
7146.331787	-64.849632
7147.677612	-65.181007
7149.023438	-64.706886
7150.369263	-65.665108
7151.715088	-63.708397
7153.060913	-66.406090
7154.406738	-64.990952
7155.752563	-64.222527
7157.098389	-65.955612
7158.444214	-65.440384
7159.790039	-65.508934
7161.135864	-65.063126
7162.481689	-66.128311
7163.827515	-65.858627
7165.173340	-64.031013
7166.519165	-65.134087
7167.864990	-65.533691
7169.210815	-65.025230
7170.556641	-65.993927
7171.902466	-66.453644
7173.248291	-65.927643
7174.594116	-65.868835
7175.939941	-65.282112
7177.285767	-65.551300
7178.631592	-64.836388
7179.977417	-66.117859
7181.323242	-65.663445
7182.669067	-66.610725
7184.014893	-66.428070
7185.360718	-65.991745
7186.706543	-65.638680
7188.052368	-65.591347
7189.398193	-65.923584
7190.744019	-66.649261
7192.089844	-66.145660
7193.435669	-66.034836
7194.781494	-66.409447
7196.127319	-65.156036
7197.473145	-65.306854
7198.818970	-66.467484
7200.164795	-65.375938
7201.510620	-66.663506
7202.856445	-67.237556
7204.202271	-65.100212
7205.548096	-65.775681
7206.893921	-67.640945
7208.239746	-66.538322
7209.585571	-66.176483
7210.931396	-67.099876
7212.277222	-66.802040
7213.623047	-66.680458
7214.968872	-65.955833
7216.314697	-65.128899
7217.660522	-65.229523
7219.006348	-67.661598
7220.352173	-67.057350
7221.697998	-66.112312
7223.043823	-66.590500
7224.389648	-66.083832
7225.735474	-67.182587
7227.081299	-67.090981
7228.427124	-66.001564
7229.772949	-66.913055
7231.118774	-67.146530
7232.464600	-67.263626
7233.810425	-67.950218
7235.156250	-66.529564
7236.502075	-66.696297
7237.847900	-67.687119
7239.193726	-67.105171
7240.539551	-67.436951
7241.885376	-67.561188
7243.231201	-66.033516
7244.577026	-66.421097
7245.922852	-66.793770
7247.268677	-65.965874
7248.614502	-66.561424
7249.960327	-67.419128
7251.306152	-67.136253
7252.651978	-67.134232
7253.997803	-66.883942
7255.343628	-68.105225
7256.689453	-67.999748
7258.035278	-65.469452
7259.381104	-65.215401
7260.726929	-67.947044
7262.072754	-67.116539
7263.418579	-65.642189
7264.764404	-66.440117
7266.110229	-66.342194
7267.456055	-67.660835
7268.801880	-67.640724
7270.147705	-65.816383
7271.493530	-67.141891
7272.839355	-67.692329
7274.185181	-67.346825
7275.531006	-67.102776
7276.876831	-67.003365
7278.222656	-66.636520
7279.568481	-67.127563
7280.914307	-66.956741
7282.260132	-66.179520
7283.605957	-66.497665
7284.951782	-67.038506
7286.297607	-67.062065
7287.643433	-65.926277
7288.989258	-66.291382
7290.335083	-65.939072
7291.680908	-66.642982
7293.026733	-66.871712
7294.372559	-66.348473
7295.718384	-66.696373
7297.064209	-66.895309
7298.410034	-66.211487
7299.755859	-66.047653
7301.101685	-65.885994
7302.447510	-66.632126
7303.793335	-65.863548
7305.139160	-66.209389
7306.484985	-66.591270
7307.830811	-65.101967
7309.176636	-66.557098
7310.522461	-67.025085
7311.868286	-67.010010
7313.214111	-66.093430
7314.559937	-66.189804
7315.905762	-67.038429
7317.251587	-65.243637
7318.597412	-66.218262
7319.943237	-66.206787
7321.289062	-66.429779
7322.634888	-66.720032
7323.980713	-66.870445
7325.326538	-66.793671
7326.672363	-66.559258
7328.018188	-65.597755
7329.364014	-66.308174
7330.709839	-66.493523
7332.055664	-65.812386
7333.401489	-65.137054
7334.747314	-65.525337
7336.093140	-66.124451
7337.438965	-65.917664
7338.784790	-65.239075
7340.130615	-65.185028
7341.476440	-65.978462
7342.822266	-65.310768
7344.168091	-64.547562
7345.513916	-65.683067
7346.859741	-66.667107
7348.205566	-65.639038
7349.551392	-66.115654
7350.897217	-66.549393
7352.243042	-65.546364
7353.588867	-65.722656
7354.934692	-64.769348
7356.280518	-66.301109
7357.626343	-65.888077
7358.972168	-65.617195
7360.317993	-64.687325
7361.663818	-65.951576
7363.009644	-64.702820
7364.355469	-65.024994
7365.701294	-65.415825
7367.047119	-65.603058
7368.392944	-66.022942
7369.738770	-65.328056
7371.084595	-64.818657
7372.430420	-64.686287
7373.776245	-64.553741
7375.122070	-65.017265
7376.467896	-64.680962
7377.813721	-63.926907
7379.159546	-64.359558
7380.505371	-64.691231
7381.851196	-64.200386
7383.197021	-64.199814
7384.542847	-64.501015
7385.888672	-64.456902
7387.234497	-64.523628
7388.580322	-63.990990
7389.926147	-64.333275
7391.271973	-64.192047
7392.617798	-64.186218
7393.963623	-63.925701
7395.309448	-64.399178
7396.655273	-63.851635
7398.001099	-64.525558
7399.346924	-63.448555
7400.692749	-63.454720
7402.038574	-63.241699
7403.384399	-64.355225
7404.730225	-64.136238
7406.076050	-64.391846
7407.421875	-64.077347
7408.767700	-63.324108
7410.113525	-62.919113
7411.459351	-62.723938
7412.805176	-63.609234
7414.151001	-63.643780
7415.496826	-62.116783
7416.842651	-62.480553
7418.188477	-62.838699
7419.534302	-63.169575
7420.880127	-62.425831
7422.225952	-63.370922
7423.571777	-63.350601
7424.917603	-63.904686
7426.263428	-63.216782
7427.609253	-62.452175
7428.955078	-63.614128
7430.300903	-62.553474
7431.646729	-62.860600
7432.992554	-63.511917
7434.338379	-62.787174
7435.684204	-62.098656
7437.030029	-61.808956
7438.375854	-62.160179
7439.721680	-62.797771
7441.067505	-62.180149
7442.413330	-61.907043
7443.759155	-63.020027
7445.104980	-61.338734
7446.450806	-63.289825
7447.796631	-62.184258
7449.142456	-61.071098
7450.488281	-60.698822
7451.834106	-61.567589
7453.179932	-61.257755
7454.525757	-61.321468
7455.871582	-61.096058
7457.217407	-60.663918
7458.563232	-60.198414
7459.909058	-60.496410
7461.254883	-60.422852
7462.600708	-60.712109
7463.946533	-60.046528
7465.292358	-60.443859
7466.638184	-60.430931
7467.984009	-60.367683
7469.329834	-60.687073
7470.675659	-60.285515
7472.021484	-60.303425
7473.367310	-59.400005
7474.713135	-60.173229
7476.058960	-59.628601
7477.404785	-59.682526
7478.750610	-60.055424
7480.096436	-59.068283
7481.442261	-59.293034
7482.788086	-59.615231
7484.133911	-60.035126
7485.479736	-59.628757
7486.825562	-59.497841
7488.171387	-59.847782
7489.517212	-59.048889
7490.863037	-58.884907
7492.208862	-58.595329
7493.554688	-58.640583
7494.900513	-59.100834
7496.246338	-58.231342
7497.592163	-57.023388
7498.937988	-58.883064
7500.283813	-57.865208
7501.629639	-59.312408
7502.975464	-57.756046
7504.321289	-57.816601
7505.667114	-58.526344
7507.012939	-57.650589
7508.358765	-58.332886
7509.704590	-58.073826
7511.050415	-57.030746
7512.396240	-57.727577
7513.742065	-58.237026
7515.087891	-57.417728
7516.433716	-59.560051
7517.779541	-58.115417
7519.125366	-58.137321
7520.471191	-57.134842
7521.817017	-56.259827
7523.162842	-56.943733
7524.508667	-57.070148
7525.854492	-57.789577
7527.200317	-57.341782
7528.546143	-56.624584
7529.891968	-57.214657
7531.237793	-57.854454
7532.583618	-57.490620
7533.929443	-56.502186
7535.275269	-57.169971
7536.621094	-56.540092
7537.966919	-57.219524
7539.312744	-56.908470
7540.658569	-58.249893
7542.004395	-56.859253
7543.350220	-56.451847
7544.696045	-57.040382
7546.041870	-57.086250
7547.387695	-56.648338
7548.733521	-56.694782
7550.079346	-56.135307
7551.425171	-56.912308
7552.770996	-57.546806
7554.116821	-56.158699
7555.462646	-56.772297
7556.808472	-57.561684
7558.154297	-56.599384
7559.500122	-56.725479
7560.845947	-56.695015
7562.191772	-57.778645
7563.537598	-57.564854
7564.883423	-57.683098
7566.229248	-57.652958
7567.575073	-57.094406
7568.920898	-57.432770
7570.266724	-57.082073
7571.612549	-57.188282
7572.958374	-57.753376
7574.304199	-58.082207
7575.650024	-57.747864
7576.995850	-57.579010
7578.341675	-56.926342
7579.687500	-57.439934
7581.033325	-58.056507
7582.379150	-57.346287
7583.724976	-58.228832
7585.070801	-58.791733
7586.416626	-59.380161
7587.762451	-57.812168
7589.108276	-58.291603
7590.454102	-59.221199
7591.799927	-59.176723
7593.145752	-58.104263
7594.491577	-58.815399
7595.837402	-58.214157
7597.183228	-58.386093
7598.529053	-58.687531
7599.874878	-59.385586
7601.220703	-59.045776
7602.566528	-57.562294
7603.912354	-59.452671
7605.258179	-59.040733
7606.604004	-58.453438
7607.949829	-59.589069
7609.295654	-59.272255
7610.641479	-59.365402
7611.987305	-58.457882
7613.333130	-58.658600
7614.678955	-58.978962
7616.024780	-58.663555
7617.370605	-59.342472
7618.716431	-59.614922
7620.062256	-59.786072
7621.408081	-59.571362
7622.753906	-60.495255
7624.099731	-60.114613
7625.445557	-60.501041
7626.791382	-59.658043
7628.137207	-59.918716
7629.483032	-60.291122
7630.828857	-60.278706
7632.174683	-59.921665
7633.520508	-60.293400
7634.866333	-59.110054
7636.212158	-60.327454
7637.557983	-60.326794
7638.903809	-60.748226
7640.249634	-60.741688
7641.595459	-61.534729
7642.941284	-60.627609
7644.287109	-61.476585
7645.632935	-60.481262
7646.978760	-59.748562
7648.324585	-60.242496
7649.670410	-60.171040
7651.016235	-60.879169
7652.362061	-62.067646
7653.707886	-61.305218
7655.053711	-60.171215
7656.399536	-61.280102
7657.745361	-60.680943
7659.091187	-60.858540
7660.437012	-61.164822
7661.782837	-62.478836
7663.128662	-61.293060
7664.474487	-61.476665
7665.820312	-62.210201
7667.166138	-62.189892
7668.511963	-61.223698
7669.857788	-61.085709
7671.203613	-61.671761
7672.549438	-60.570629
7673.895264	-61.539757
7675.241089	-61.051090
7676.586914	-63.011673
7677.932739	-62.160248
7679.278564	-61.752399
7680.624390	-61.958874
7681.970215	-61.319309
7683.316040	-60.905285
7684.661865	-62.323799
7686.007690	-62.830482
7687.353516	-62.212112
7688.699341	-61.748024
7690.045166	-62.063423
7691.390991	-61.479168
7692.736816	-62.054756
7694.082642	-61.805622
7695.428467	-61.514160
7696.774292	-61.884892
7698.120117	-62.278248
7699.465942	-62.047020
7700.811768	-61.949814
7702.157593	-62.167953
7703.503418	-62.912327
7704.849243	-61.588806
7706.195068	-62.398262
7707.540894	-62.144833
7708.886719	-62.286758
7710.232544	-61.541611
7711.578369	-62.856716
7712.924194	-62.643063
7714.270020	-62.277538
7715.615845	-62.115097
7716.961670	-61.911926
7718.307495	-62.355289
7719.653320	-61.707764
7720.999146	-62.997215
7722.344971	-63.882809
7723.690796	-63.049347
7725.036621	-62.272224
7726.382446	-62.092716
7727.728271	-62.591270
7729.074097	-61.445358
7730.419922	-62.203316
7731.765747	-62.585026
7733.111572	-62.370861
7734.457397	-63.208458
7735.803223	-61.920444
7737.149048	-61.237003
7738.494873	-61.213959
7739.840698	-62.885399
7741.186523	-63.035137
7742.532349	-62.916164
7743.878174	-62.565502
7745.223999	-62.332813
7746.569824	-62.371544
7747.915649	-62.483692
7749.261475	-62.169106
7750.607300	-61.930576
7751.953125	-63.452194
7753.298950	-62.136150
7754.644775	-61.859035
7755.990601	-62.375179
7757.336426	-62.214806
7758.682251	-61.854053
7760.028076	-62.754032
7761.373901	-62.184853
7762.719727	-63.154697
7764.065552	-63.355480
7765.411377	-61.755322
7766.757202	-62.244629
7768.103027	-62.942890
7769.448853	-63.397106
7770.794678	-63.050232
7772.140503	-61.202370
7773.486328	-62.525425
7774.832153	-61.653778
7776.177979	-62.388626
7777.523804	-62.779083
7778.869629	-61.467937
7780.215454	-62.096680
7781.561279	-63.085697
7782.907104	-62.772137
7784.252930	-62.106049
7785.598755	-62.315323
7786.944580	-62.705658
7788.290405	-62.892796
7789.636230	-62.191040
7790.982056	-61.354954
7792.327881	-61.693813
7793.673706	-62.072803
7795.019531	-62.401344
7796.365356	-61.503551
7797.711182	-61.542889
7799.057007	-61.351387
7800.402832	-61.846218
7801.748657	-61.747528
7803.094482	-63.598179
7804.440308	-62.062946
7805.786133	-62.538269
7807.131958	-62.411705
7808.477783	-61.443638
7809.823608	-62.307964
7811.169434	-61.978786
7812.515259	-62.091030
7813.861084	-62.187801
7815.206909	-61.512871
7816.552734	-62.711456
7817.898560	-62.424679
7819.244385	-61.814747
7820.590210	-62.258015
7821.936035	-61.892330
7823.281860	-61.113644
7824.627686	-62.301422
7825.973511	-61.081573
7827.319336	-62.025257
7828.665161	-62.260349
7830.010986	-61.781860
7831.356812	-61.477379
7832.702637	-60.790253
7834.048462	-61.797089
7835.394287	-61.005840
7836.740112	-60.942905
7838.085938	-61.555676
7839.431763	-62.071434
7840.777588	-61.295780
7842.123413	-61.246017
7843.469238	-61.409668
7844.815063	-62.008530
7846.160889	-61.615162
7847.506714	-60.481735
7848.852539	-61.028839
7850.198364	-60.600212
7851.544189	-60.873768
7852.890015	-62.061180
7854.235840	-60.546322
7855.581665	-59.655842
7856.927490	-60.891933
7858.273315	-60.794968
7859.619141	-60.245296
7860.964966	-60.926392
7862.310791	-60.714108
7863.656616	-62.013908
7865.002441	-60.958958
7866.348267	-60.142811
7867.694092	-60.360878
7869.039917	-60.054382
7870.385742	-60.110748
7871.731567	-61.053490
7873.077393	-59.849789
7874.423218	-60.177258
7875.769043	-59.349983
7877.114868	-59.743015
7878.460693	-59.305496
7879.806519	-60.555519
7881.152344	-60.341831
7882.498169	-60.157539
7883.843994	-61.484131
7885.189819	-59.506645
7886.535645	-60.422783
7887.881470	-59.816479
7889.227295	-59.661156
7890.573120	-58.557514
7891.918945	-59.608479
7893.264771	-60.085888
7894.610596	-60.219631
7895.956421	-59.224186
7897.302246	-59.440285
7898.648071	-59.117191
7899.993896	-58.637115
7901.339722	-59.046074
7902.685547	-60.232197
7904.031372	-59.383175
7905.377197	-58.717846
7906.723022	-58.652622
7908.068848	-59.532692
7909.414673	-58.806839
7910.760498	-57.631603
7912.106323	-58.174873
7913.452148	-59.900578
7914.797974	-58.248009
7916.143799	-56.984558
7917.489624	-59.320827
7918.835449	-57.530895
7920.181274	-59.178509
7921.527100	-57.565544
7922.872925	-58.166687
7924.218750	-57.860985
7925.564575	-57.836651
7926.910400	-58.107738
7928.256226	-58.206764
7929.602051	-58.481171
7930.947876	-57.312542
7932.293701	-56.948921
7933.639526	-57.511093
7934.985352	-58.708549
7936.331177	-58.421566
7937.677002	-57.366737
7939.022827	-58.651237
7940.368652	-57.131126
7941.714478	-57.516369
7943.060303	-56.964722
7944.406128	-57.527027
7945.751953	-58.062824
7947.097778	-57.973042
7948.443604	-57.097176
7949.789429	-56.631367
7951.135254	-57.119080
7952.481079	-56.734550
7953.826904	-58.341877
7955.172729	-56.852833
7956.518555	-57.517754
7957.864380	-56.579487
7959.210205	-57.425079
7960.556030	-56.329731
7961.901855	-56.402531
7963.247681	-56.484818
7964.593506	-56.003716
7965.939331	-57.653725
7967.285156	-56.925411
7968.630981	-56.034283
7969.976807	-55.965729
7971.322632	-54.864838
7972.668457	-55.328686
7974.014282	-55.241993
7975.360107	-55.933643
7976.705933	-55.945190
7978.051758	-55.649895
7979.397583	-56.375221
7980.743408	-55.976616
7982.089233	-55.562820
7983.435059	-55.234535
7984.780884	-56.079571
7986.126709	-55.635651
7987.472534	-56.051743
7988.818359	-55.506279
7990.164185	-54.924850
7991.510010	-55.721466
7992.855835	-55.405701
7994.201660	-54.558723
7995.547485	-55.340382
7996.893311	-54.929352
7998.239136	-54.669910
7999.584961	-55.196472
8000.930786	-55.732868
8002.276611	-54.305676
8003.622437	-55.016792
8004.968262	-54.159138
8006.314087	-54.700352
8007.659912	-56.087967
8009.005737	-55.257397
8010.351562	-55.027077
8011.697388	-54.573647
8013.043213	-54.477486
8014.389038	-54.995495
8015.734863	-55.401863
8017.080688	-54.428894
8018.426514	-54.339523
8019.772339	-54.674198
8021.118164	-54.606140
8022.463989	-56.896637
8023.809814	-56.417519
8025.155640	-55.115025
8026.501465	-54.385921
8027.847290	-56.214790
8029.193115	-54.466595
8030.538940	-54.569450
8031.884766	-55.010818
8033.230591	-55.375011
8034.576416	-54.414509
8035.922241	-53.812912
8037.268066	-55.865372
8038.613892	-54.381165
8039.959717	-54.657394
8041.305542	-56.375027
8042.651367	-56.080185
8043.997192	-55.821865
8045.343018	-55.008884
8046.688843	-54.509274
8048.034668	-54.341846
8049.380493	-55.257523
8050.726318	-55.570736
8052.072144	-56.354095
8053.417969	-55.082653
8054.763794	-54.217041
8056.109619	-55.912197
8057.455444	-55.814697
8058.801270	-55.668674
8060.147095	-55.129082
8061.492920	-55.497181
8062.838745	-55.589375
8064.184570	-56.040573
8065.530396	-55.915821
8066.876221	-55.725658
8068.222046	-54.436497
8069.567871	-55.835037
8070.913696	-55.863762
8072.259521	-56.914616
8073.605347	-56.335060
8074.951172	-56.923706
8076.296997	-55.937599
8077.642822	-56.170879
8078.988647	-56.810513
8080.334473	-55.527645
8081.680298	-56.736320
8083.026123	-56.195385
8084.371948	-56.142834
8085.717773	-56.309845
8087.063599	-55.715729
8088.409424	-56.226444
8089.755249	-55.673756
8091.101074	-57.821606
8092.446899	-56.469391
8093.792725	-57.747391
8095.138550	-57.657860
8096.484375	-56.972122
8097.830200	-56.473240
8099.176025	-57.492142
8100.521851	-56.997925
8101.867676	-56.642780
8103.213501	-56.425426
8104.559326	-56.404217
8105.905151	-57.804600
8107.250977	-57.364498
8108.596802	-56.322697
8109.942627	-57.188816
8111.288452	-56.931164
8112.634277	-57.152248
8113.980103	-57.515171
8115.325928	-57.484211
8116.671753	-56.816502
8118.017578	-57.590034
8119.363403	-57.179691
8120.709229	-57.039005
8122.055054	-57.534779
8123.400879	-57.686756
8124.746704	-57.152203
8126.092529	-57.326866
8127.438354	-58.104332
8128.784180	-58.435265
8130.130005	-57.059467
8131.475830	-57.803032
8132.821655	-57.439934
8134.167480	-58.611523
8135.513306	-57.547264
8136.859131	-57.024719
8138.204956	-58.327904
8139.550781	-57.513416
8140.896606	-57.519238
8142.242432	-58.624119
8143.588257	-58.081627
8144.934082	-57.126034
8146.279907	-58.133324
8147.625732	-58.216095
8148.971558	-58.386257
8150.317383	-57.667084
8151.663208	-58.695393
8153.009033	-58.105633
8154.354858	-58.315941
8155.700684	-57.090252
8157.046509	-58.128151
8158.392334	-56.908550
8159.738159	-57.604122
8161.083984	-58.294189
8162.429810	-57.827282
8163.775635	-58.462055
8165.121460	-59.308102
8166.467285	-58.956039
8167.813110	-59.366974
8169.158936	-58.909340
8170.504761	-58.055202
8171.850586	-58.984100
8173.196411	-60.348881
8174.542236	-59.376656
8175.888062	-57.935200
8177.233887	-58.859695
8178.579712	-59.214489
8179.925537	-58.823524
8181.271362	-58.973736
8182.617188	-58.129177
8183.963013	-58.744812
8185.308838	-58.773533
8186.654663	-56.681126
8188.000488	-58.606419
8189.346313	-58.562778
8190.692139	-58.948685
8192.037964	-58.108742
8193.383789	-58.326740
8194.729614	-58.270195
8196.075439	-58.315083
8197.421265	-58.536766
8198.767090	-58.032612
8200.112915	-58.721851
8201.458740	-58.587208
8202.804565	-58.240288
8204.150391	-59.729996
8205.496216	-58.970169
8206.842041	-57.961288
8208.187866	-57.255074
8209.533691	-58.990757
8210.879517	-60.002815
8212.225342	-59.516861
8213.571167	-57.769501
8214.916992	-57.988052
8216.262817	-58.914997
8217.608643	-59.100697
8218.954468	-59.330864
8220.300293	-59.598278
8221.646118	-58.964630
8222.991943	-57.544106
8224.337769	-58.666409
8225.683594	-60.193272
8227.029419	-58.810364
8228.375244	-58.987885
8229.721069	-58.971767
8231.066895	-57.102337
8232.412720	-58.986229
8233.758545	-58.439358
8235.104370	-59.282097
8236.450195	-59.237240
8237.796021	-58.989296
8239.141846	-59.178986
8240.487671	-59.259609
8241.833496	-60.060040
8243.179321	-58.559422
8244.525146	-58.649197
8245.870972	-58.651791
8247.216797	-58.536594
8248.562622	-58.125874
8249.908447	-58.297337
8251.254272	-58.772865
8252.600098	-58.090061
8253.945923	-58.836967
8255.291748	-59.602844
8256.637573	-59.652279
8257.983398	-58.310165
8259.329224	-59.175667
8260.675049	-58.802258
8262.020874	-59.362015
8263.366699	-58.577480
8264.712524	-58.472492
8266.058350	-59.378593
8267.404175	-60.192219
8268.750000	-59.562397
8270.095825	-58.923534
8271.441650	-58.960106
8272.787476	-57.980175
8274.133301	-58.606297
8275.479126	-59.974701
8276.824951	-59.416149
8278.170776	-57.531319
8279.516602	-58.681286
8280.862427	-57.972805
8282.208252	-57.811306
8283.554077	-58.884605
8284.899902	-59.328156
8286.245728	-57.641525
8287.591553	-58.739067
8288.937378	-58.778877
8290.283203	-57.309975
8291.629028	-58.419010
8292.974854	-58.215820
8294.320679	-58.643921
8295.666504	-57.783634
8297.012329	-57.865551
8298.358154	-57.875843
8299.703979	-58.603477
8301.049805	-58.685108
8302.395630	-58.072670
8303.741455	-58.585602
8305.087280	-58.449574
8306.433105	-58.796619
8307.778931	-58.936924
8309.124756	-57.958591
8310.470581	-57.813847
8311.816406	-58.473904
8313.162231	-58.067120
8314.508057	-57.941158
8315.853882	-58.281216
8317.199707	-57.707424
8318.545532	-58.244911
8319.891357	-58.466091
8321.237183	-58.306072
8322.583008	-58.658791
8323.928833	-57.540661
8325.274658	-57.502132
8326.620483	-56.375561
8327.966309	-57.321217
8329.312134	-56.815022
8330.657959	-57.233639
8332.003784	-57.913734
8333.349609	-57.728596
8334.695435	-58.178516
8336.041260	-56.906437
8337.387085	-57.143505
8338.732910	-57.107872
8340.078735	-58.411377
8341.424561	-58.078091
8342.770386	-56.708130
8344.116211	-57.215137
8345.462036	-56.932877
8346.807861	-57.726589
8348.153687	-57.902065
8349.499512	-57.699600
8350.845337	-57.611153
8352.191162	-57.092846
8353.536987	-56.726505
8354.882812	-56.890076
8356.228638	-57.700085
8357.574463	-56.608551
8358.920288	-56.778053
8360.266113	-57.411942
8361.611938	-57.164448
8362.957764	-56.629021
8364.303589	-56.395142
8365.649414	-56.001019
8366.995239	-56.998222
8368.341064	-57.967724
8369.686890	-57.369125
8371.032715	-56.535572
8372.378540	-57.594227
8373.724365	-57.490948
8375.070190	-57.572735
8376.416016	-57.012680
8377.761841	-55.969460
8379.107666	-57.523808
8380.453491	-57.388638
8381.799316	-56.914402
8383.145142	-56.730198
8384.490967	-56.102444
8385.836792	-56.311295
8387.182617	-57.269165
8388.528442	-56.558437
8389.874268	-57.158585
8391.220093	-56.668526
8392.565918	-56.552170
8393.911743	-57.207970
8395.257568	-56.864124
8396.603394	-57.090176
8397.949219	-57.138931
8399.295044	-57.424595
8400.640869	-56.648018
8401.986694	-56.096134
8403.332520	-57.012089
8404.678345	-56.819164
8406.024170	-58.022049
8407.369995	-57.669857
8408.715820	-57.955448
8410.061646	-57.418198
8411.407471	-56.844093
8412.753296	-55.975494
8414.099121	-57.191055
8415.444946	-57.702255
8416.790771	-57.075634
8418.136597	-56.435818
8419.482422	-57.024754
8420.828247	-57.334000
8422.174072	-56.041645
8423.519897	-56.772125
8424.865723	-57.100140
8426.211548	-57.742790
8427.557373	-57.224899
8428.903198	-57.432171
8430.249023	-56.098598
8431.594849	-56.595360
8432.940674	-57.216648
8434.286499	-57.206821
8435.632324	-58.224857
8436.978149	-56.787155
8438.323975	-56.512062
8439.669800	-56.784702
8441.015625	-58.214230
8442.361450	-57.937759
8443.707275	-57.565113
8445.053101	-57.712223
8446.398926	-57.891525
8447.744751	-57.221149
8449.090576	-56.973957
8450.436401	-57.826550
8451.782227	-57.485321
8453.128052	-57.827797
8454.473877	-58.306000
8455.819702	-58.252499
8457.165527	-58.718792
8458.511353	-57.734352
8459.857178	-58.712784
8461.203003	-58.795818
8462.548828	-58.329525
8463.894653	-58.598335
8465.240479	-58.175564
8466.586304	-58.384594
8467.932129	-58.213741
8469.277954	-58.357716
8470.623779	-58.113422
8471.969604	-58.852375
8473.315430	-58.355526
8474.661255	-57.800129
8476.007080	-58.325226
8477.352905	-57.694904
8478.698730	-59.287216
8480.044556	-59.060268
8481.390381	-59.577209
8482.736206	-58.464870
8484.082031	-58.998329
8485.427856	-60.251522
8486.773682	-59.299675
8488.119507	-59.563663
8489.465332	-58.898468
8490.811157	-59.233074
8492.156982	-58.322826
8493.502808	-59.361099
8494.848633	-59.534805
8496.194458	-59.782394
8497.540283	-59.347153
8498.886108	-58.921459
8500.231934	-58.366859
8501.577759	-58.884434
8502.923584	-59.544582
8504.269409	-60.186844
8505.615234	-59.317417
8506.961060	-59.574879
8508.306885	-59.450050
8509.652710	-58.740562
8510.998535	-59.717308
8512.344360	-59.082069
8513.690186	-58.811157
8515.036011	-59.357559
8516.381836	-59.894073
8517.727661	-59.834694
8519.073486	-60.482201
8520.419312	-59.334805
8521.765137	-60.457565
8523.110962	-60.866329
8524.456787	-59.159592
8525.802612	-60.220898
8527.148438	-59.119576
8528.494263	-61.128204
8529.840088	-59.805473
8531.185913	-60.091393
8532.531738	-59.320610
8533.877563	-61.375046
8535.223389	-58.907257
8536.569214	-60.260853
8537.915039	-60.009411
8539.260864	-60.058464
8540.606689	-61.218052
8541.952515	-60.186504
8543.298340	-60.375591
8544.644165	-59.632320
8545.989990	-61.011951
8547.335815	-60.416748
8548.681641	-60.337036
8550.027466	-59.891209
8551.373291	-60.868252
8552.719116	-61.195648
8554.064941	-60.755409
8555.410767	-60.561821
8556.756592	-61.326668
8558.102417	-61.216927
8559.448242	-60.985352
8560.794067	-60.880527
8562.139893	-59.972080
8563.485718	-60.985039
8564.831543	-60.907890
8566.177368	-60.731449
8567.523193	-62.305492
8568.869019	-61.999477
8570.214844	-61.939758
8571.560669	-61.500370
8572.906494	-61.195023
8574.252319	-60.745197
8575.598145	-61.280510
8576.943970	-61.962574
8578.289795	-62.181713
8579.635620	-61.442532
8580.981445	-61.951931
8582.327271	-61.794022
8583.673096	-61.049263
8585.018921	-61.067696
8586.364746	-60.725395
8587.710571	-60.900494
8589.056396	-62.015026
8590.402222	-60.698608
8591.748047	-61.496387
8593.093872	-60.758392
8594.439697	-61.029850
8595.785522	-62.243176
8597.131348	-61.970875
8598.477173	-61.107399
8599.822998	-60.910030
8601.168823	-60.679970
8602.514648	-60.848068
8603.860474	-61.716908
8605.206299	-61.128105
8606.552124	-61.948032
8607.897949	-60.691120
8609.243774	-62.182835
8610.589600	-61.929352
8611.935425	-61.791370
8613.281250	-60.986847
8614.627075	-60.974419
8615.972900	-62.309101
8617.318726	-62.132198
8618.664551	-61.413040
8620.010376	-61.742760
8621.356201	-61.242405
8622.702026	-61.298523
8624.047852	-62.284611
8625.393677	-61.733669
8626.739502	-60.982624
8628.085327	-60.432682
8629.431152	-61.257637
8630.776978	-62.774921
8632.122803	-61.932564
8633.468628	-61.625298
8634.814453	-62.784100
8636.160278	-62.091690
8637.506104	-60.794987
8638.851929	-61.947037
8640.197754	-62.119976
8641.543579	-61.185379
8642.889404	-61.123703
8644.235229	-61.626003
8645.581055	-60.932915
8646.926880	-61.490013
8648.272705	-61.885136
8649.618530	-61.073112
8650.964355	-61.805588
8652.310181	-61.116875
8653.656006	-62.226891
8655.001831	-62.195553
8656.347656	-62.492146
8657.693481	-62.762276
8659.039307	-61.592930
8660.385132	-61.706520
8661.730957	-62.253773
8663.076782	-62.495735
8664.422607	-62.193569
8665.768433	-61.459408
8667.114258	-61.091114
8668.460083	-60.867794
8669.805908	-61.782722
8671.151733	-61.140388
8672.497559	-61.700134
8673.843384	-61.411877
8675.189209	-62.721317
8676.535034	-62.709713
8677.880859	-60.650803
8679.226685	-60.356144
8680.572510	-61.559319
8681.918335	-61.415924
8683.264160	-61.176170
8684.609985	-60.972733
8685.955811	-62.178345
8687.301636	-61.076756
8688.647461	-61.432793
8689.993286	-60.707703
8691.339111	-61.446606
8692.684937	-60.514774
8694.030762	-62.551167
8695.376587	-61.879406
8696.722412	-61.205952
8698.068237	-61.551380
8699.414062	-61.011688
8700.759888	-61.946106
8702.105713	-63.010258
8703.451538	-62.743366
8704.797363	-61.177708
8706.143188	-61.373943
8707.489014	-62.099094
8708.834839	-62.764893
8710.180664	-62.193790
8711.526489	-61.967239
8712.872314	-62.159622
8714.218140	-60.828915
8715.563965	-61.790077
8716.909790	-61.215649
8718.255615	-62.934307
8719.601440	-61.843445
8720.947266	-62.116703
8722.293091	-61.489281
8723.638916	-61.033051
8724.984741	-60.851360
8726.330566	-61.136333
8727.676392	-60.507484
8729.022217	-61.226925
8730.368042	-60.919781
8731.713867	-61.033886
8733.059692	-60.695564
8734.405518	-61.165173
8735.751343	-60.651028
8737.097168	-60.161850
8738.442993	-61.257309
8739.788818	-60.479031
8741.134644	-60.933479
8742.480469	-61.618385
8743.826294	-61.174656
8745.172119	-60.651379
8746.517944	-60.005424
8747.863770	-60.648167
8749.209595	-59.523785
8750.555420	-60.938396
8751.901245	-60.206501
8753.247070	-61.624294
8754.592896	-61.454075
8755.938721	-60.536583
8757.284546	-60.154331
8758.630371	-59.966660
8759.976196	-61.035358
8761.322021	-60.075516
8762.667847	-60.313694
8764.013672	-61.208794
8765.359497	-59.715519
8766.705322	-60.307518
8768.051147	-59.880901
8769.396973	-59.596943
8770.742798	-60.828720
8772.088623	-60.265568
8773.434448	-60.826351
8774.780273	-60.574093
8776.126099	-60.406563
8777.471924	-61.028156
8778.817749	-60.901066
8780.163574	-59.681259
8781.509399	-59.776890
8782.855225	-60.576057
8784.201050	-60.151562
8785.546875	-59.901211
8786.892700	-59.659134
8788.238525	-59.592533
8789.584351	-59.701599
8790.930176	-59.391300
8792.276001	-59.749729
8793.621826	-59.918201
8794.967651	-60.065552
8796.313477	-60.435871
8797.659302	-60.573406
8799.005127	-59.926414
8800.350952	-59.626747
8801.696777	-60.563744
8803.042603	-59.633034
8804.388428	-59.037556
8805.734253	-60.832989
8807.080078	-61.318455
8808.425903	-59.445740
8809.771729	-60.407230
8811.117554	-60.317425
8812.463379	-59.836739
8813.809204	-60.348412
8815.155029	-58.985435
8816.500854	-60.788704
8817.846680	-59.720230
8819.192505	-59.865025
8820.538330	-59.491108
8821.884155	-59.683960
8823.229980	-59.911484
8824.575806	-59.383781
8825.921631	-60.814255
8827.267456	-60.260735
8828.613281	-59.455559
8829.959106	-60.335091
8831.304932	-60.542328
8832.650757	-60.943386
8833.996582	-61.017937
8835.342407	-60.497746
8836.688232	-60.962116
8838.034058	-59.561695
8839.379883	-59.935196
8840.725708	-59.761192
8842.071533	-59.204426
8843.417358	-60.681789
8844.763184	-60.603992
8846.109009	-60.608341
8847.454834	-60.366077
8848.800659	-60.265846
8850.146484	-60.411400
8851.492310	-60.351871
8852.838135	-60.207340
8854.183960	-60.344643
8855.529785	-60.508564
8856.875610	-61.219852
8858.221436	-60.882866
8859.567261	-60.440304
8860.913086	-61.562519
8862.258911	-60.369198
8863.604736	-61.216167
8864.950562	-60.342724
8866.296387	-61.282791
8867.642212	-60.816437
8868.988037	-61.490032
8870.333862	-60.744183
8871.679688	-59.711712
8873.025513	-60.780170
8874.371338	-60.738342
8875.717163	-61.251686
8877.062988	-61.095547
8878.408813	-61.924137
8879.754639	-60.720322
8881.100464	-61.108566
8882.446289	-61.969009
8883.792114	-62.173229
8885.137939	-61.031296
8886.483765	-62.041771
8887.829590	-63.356613
8889.175415	-61.880909
8890.521240	-61.801548
8891.867065	-62.577942
8893.212891	-62.511375
8894.558716	-63.021698
8895.904541	-62.712952
8897.250366	-63.404968
8898.596191	-62.697613
8899.942017	-62.457569
8901.287842	-60.771961
8902.633667	-63.265404
8903.979492	-62.314465
8905.325317	-63.575874
8906.671143	-62.702240
8908.016968	-63.172287
8909.362793	-63.177563
8910.708618	-61.628811
8912.054443	-62.264595
8913.400269	-62.572102
8914.746094	-62.797489
8916.091919	-62.662865
8917.437744	-62.184208
8918.783569	-62.283718
8920.129395	-62.742191
8921.475220	-63.677631
8922.821045	-63.722794
8924.166870	-63.844543
8925.512695	-63.376415
8926.858521	-64.175575
8928.204346	-63.843502
8929.550171	-63.227787
8930.895996	-63.770115
8932.241821	-63.917374
8933.587646	-63.507339
8934.933472	-64.200310
8936.279297	-63.671158
8937.625122	-64.775139
8938.970947	-64.136993
8940.316772	-64.674721
8941.662598	-63.953297
8943.008423	-64.023720
8944.354248	-63.777294
8945.700073	-64.801735
8947.045898	-64.078362
8948.391724	-64.301849
8949.737549	-64.634918
8951.083374	-64.614220
8952.429199	-65.597794
8953.775024	-64.228157
8955.120850	-64.808975
8956.466675	-63.285557
8957.812500	-65.348282
8959.158325	-64.418030
8960.504150	-66.158264
8961.849976	-64.518578
8963.195801	-64.903923
8964.541626	-65.254349
8965.887451	-65.620514
8967.233276	-64.906464
8968.579102	-65.731331
8969.924927	-65.524147
8971.270752	-64.838127
8972.616577	-66.374298
8973.962402	-65.601303
8975.308228	-65.349678
8976.654053	-66.286880
8977.999878	-65.363777
8979.345703	-65.925522
8980.691528	-66.608894
8982.037354	-66.190842
8983.383179	-66.313408
8984.729004	-67.491226
8986.074829	-66.883644
8987.420654	-65.277390
8988.766479	-66.177994
8990.112305	-65.274391
8991.458130	-65.565239
8992.803955	-65.874931
8994.149780	-66.667984
8995.495605	-65.651749
8996.841431	-66.396065
8998.187256	-66.014420
8999.533081	-67.666794
9000.878906	-65.791023
9002.224731	-67.234764
9003.570557	-67.742630
9004.916382	-65.851051
9006.262207	-67.002670
9007.608032	-68.698860
9008.953857	-68.173225
9010.299683	-66.358177
9011.645508	-66.917564
9012.991333	-66.553093
9014.337158	-67.082123
9015.682983	-67.309372
9017.028809	-67.353554
9018.374634	-67.966599
9019.720459	-68.036949
9021.066284	-68.327957
9022.412109	-66.725739
9023.757935	-66.604828
9025.103760	-67.191628
9026.449585	-67.209068
9027.795410	-67.783699
9029.141235	-68.009819
9030.487061	-67.605247
9031.832886	-67.729645
9033.178711	-66.920860
9034.524536	-67.815323
9035.870361	-68.787292
9037.216187	-68.124374
9038.562012	-67.673355
9039.907837	-68.478836
9041.253662	-68.348831
9042.599487	-66.931747
9043.945312	-67.325966
9045.291138	-67.971382
9046.636963	-68.826927
9047.982788	-68.526367
9049.328613	-66.594963
9050.674438	-68.007530
9052.020264	-67.836121
9053.366089	-68.861511
9054.711914	-68.976265
9056.057739	-67.862885
9057.403564	-67.599579
9058.749390	-69.230530
9060.095215	-67.903923
9061.441040	-68.584656
9062.786865	-68.769165
9064.132690	-67.632263
9065.478516	-68.999649
9066.824341	-67.427147
9068.170166	-67.668251
9069.515991	-69.240028
9070.861816	-68.541512
9072.207642	-68.910683
9073.553467	-68.561806
9074.899292	-68.381516
9076.245117	-67.818924
9077.590942	-68.411575
9078.936768	-68.612686
9080.282593	-68.959877
9081.628418	-68.038155
9082.974243	-68.348640
9084.320068	-68.799904
9085.665894	-68.129715
9087.011719	-67.630157
9088.357544	-68.306290
9089.703369	-68.109337
9091.049194	-67.959518
9092.395020	-69.154526
9093.740845	-68.384636
9095.086670	-68.100044
9096.432495	-69.923561
9097.778320	-69.176704
9099.124146	-70.310493
9100.469971	-69.160538
9101.815796	-68.626740
9103.161621	-68.403267
9104.507446	-68.067062
9105.853271	-68.460007
9107.199097	-69.136642
9108.544922	-68.502373
9109.890747	-68.165771
9111.236572	-68.295357
9112.582397	-69.126633
9113.928223	-67.931969
9115.274048	-68.598854
9116.619873	-68.899719
9117.965698	-68.128136
9119.311523	-69.295189
9120.657349	-69.820129
9122.003174	-69.720634
9123.348999	-68.999153
9124.694824	-67.755157
9126.040649	-68.922745
9127.386475	-68.886253
9128.732300	-69.225952
9130.078125	-68.325241
9131.423950	-68.676552
9132.769775	-69.223633
9134.115601	-69.971130
9135.461426	-68.558975
9136.807251	-68.637970
9138.153076	-68.443840
9139.498901	-69.273087
9140.844727	-68.304436
9142.190552	-69.302650
9143.536377	-68.269295
9144.882202	-68.285538
9146.228027	-68.645744
9147.573853	-68.810265
9148.919678	-68.207489
9150.265503	-69.533218
9151.611328	-68.457756
9152.957153	-69.117027
9154.302979	-68.516418
9155.648804	-68.299118
9156.994629	-67.766060
9158.340454	-68.398941
9159.686279	-67.447083
9161.032104	-67.976303
9162.377930	-68.159790
9163.723755	-68.394569
9165.069580	-67.521858
9166.415405	-68.121498
9167.761230	-67.774231
9169.107056	-68.332695
9170.452881	-68.178459
9171.798706	-67.937645
9173.144531	-68.198624
9174.490356	-68.702934
9175.836182	-68.313560
9177.182007	-67.439171
9178.527832	-69.112656
9179.873657	-67.989822
9181.219482	-68.450653
9182.565308	-68.763062
9183.911133	-68.616455
9185.256958	-69.012024
9186.602783	-68.928040
9187.948608	-68.837128
9189.294434	-68.986626
9190.640259	-68.812042
9191.986084	-67.756981
9193.331909	-67.931648
9194.677734	-68.441490
9196.023560	-68.834862
9197.369385	-68.531509
9198.715210	-68.649002
9200.061035	-68.198746
9201.406860	-67.319069
9202.752686	-68.424278
9204.098511	-67.222046
9205.444336	-66.885246
9206.790161	-66.953995
9208.135986	-68.501747
9209.481812	-67.279907
9210.827637	-67.196892
9212.173462	-68.018127
9213.519287	-67.704193
9214.865112	-67.258102
9216.210938	-67.564079
9217.556763	-67.203064
9218.902588	-66.636253
9220.248413	-68.225006
9221.594238	-68.540337
9222.940063	-67.095352
9224.285889	-66.605522
9225.631714	-67.343010
9226.977539	-67.582809
9228.323364	-67.038521
9229.669189	-66.393005
9231.015015	-67.575172
9232.360840	-66.808617
9233.706665	-67.326927
9235.052490	-66.650009
9236.398315	-66.099792
9237.744141	-66.388046
9239.089966	-66.513977
9240.435791	-65.849236
9241.781616	-66.394180
9243.127441	-67.273155
9244.473267	-66.532440
9245.819092	-66.662468
9247.164917	-66.361038
9248.510742	-66.708282
9249.856567	-66.076637
9251.202393	-65.939865
9252.548218	-66.633575
9253.894043	-65.944656
9255.239868	-66.611748
9256.585693	-66.435265
9257.931519	-66.343018
9259.277344	-66.038010
9260.623169	-66.858650
9261.968994	-66.439346
9263.314819	-65.893311
9264.660645	-66.902267
9266.006470	-66.258286
9267.352295	-65.866615
9268.698120	-65.873123
9270.043945	-66.983276
9271.389771	-63.845047
9272.735596	-65.599045
9274.081421	-65.699013
9275.427246	-66.227104
9276.773071	-66.030907
9278.118896	-64.699669
9279.464722	-66.191467
9280.810547	-66.175110
9282.156372	-64.532005
9283.502197	-64.781471
9284.848022	-64.418350
9286.193848	-64.837517
9287.539673	-65.097839
9288.885498	-66.225578
9290.231323	-64.930969
9291.577148	-64.883575
9292.922974	-64.119560
9294.268799	-64.529854
9295.614624	-64.982224
9296.960449	-64.842651
9298.306274	-64.222542
9299.652100	-66.270630
9300.997925	-65.017014
9302.343750	-64.451607
9303.689575	-63.611893
9305.035400	-65.048653
9306.381226	-64.435959
9307.727051	-65.160492
9309.072876	-64.469185
9310.418701	-63.603714
9311.764526	-64.261864
9313.110352	-64.691971
9314.456177	-64.438889
9315.802002	-64.629021
9317.147827	-64.810684
9318.493652	-65.162521
9319.839478	-64.408325
9321.185303	-64.593857
9322.531128	-64.890900
9323.876953	-63.984829
9325.222778	-63.778160
9326.568604	-63.689281
9327.914429	-64.357849
9329.260254	-64.311043
9330.606079	-65.023720
9331.951904	-63.792770
9333.297729	-64.964798
9334.643555	-64.612015
9335.989380	-65.089134
9337.335205	-65.158081
9338.681030	-65.167900
9340.026855	-64.593063
9341.372681	-64.624542
9342.718506	-65.049385
9344.064331	-65.507507
9345.410156	-65.919525
9346.755981	-65.452423
9348.101807	-65.319374
9349.447632	-65.492996
9350.793457	-64.854706
9352.139282	-65.379753
9353.485107	-66.182915
9354.830933	-65.269066
9356.176758	-65.951141
9357.522583	-64.971939
9358.868408	-65.725571
9360.214233	-65.535080
9361.560059	-66.455383
9362.905884	-66.466660
9364.251709	-66.100082
9365.597534	-64.862946
9366.943359	-65.699509
9368.289185	-65.703430
9369.635010	-65.847557
9370.980835	-66.048958
9372.326660	-66.143593
9373.672485	-67.075684
9375.018311	-66.175453
9376.364136	-65.997833
9377.709961	-67.271255
9379.055786	-67.376526
9380.401611	-66.684280
9381.747437	-68.058685
9383.093262	-68.411415
9384.439087	-66.575264
9385.784912	-66.658813
9387.130737	-67.802856
9388.476562	-67.203850
9389.822388	-67.007515
9391.168213	-68.184875
9392.514038	-68.944016
9393.859863	-67.677734
9395.205688	-67.296844
9396.551514	-68.270309
9397.897339	-67.709892
9399.243164	-67.944664
9400.588989	-68.163307
9401.934814	-68.250740
9403.280640	-68.454948
9404.626465	-68.885292
9405.972290	-68.269890
9407.318115	-67.961487
9408.663940	-67.999397
9410.009766	-69.544434
9411.355591	-69.555939
9412.701416	-69.529221
9414.047241	-69.097649
9415.393066	-68.346741
9416.738892	-69.861542
9418.084717	-69.736694
9419.430542	-69.906670
9420.776367	-69.063675
9422.122192	-69.314354
9423.468018	-70.765160
9424.813843	-70.529709
9426.159668	-69.894295
9427.505493	-70.618187
9428.851318	-69.726593
9430.197144	-71.028168
9431.542969	-70.479088
9432.888794	-71.392670
9434.234619	-71.768127
9435.580444	-70.372353
9436.926270	-71.461296
9438.272095	-70.614708
9439.617920	-70.919029
9440.963745	-70.793961
9442.309570	-70.530067
9443.655396	-72.569214
9445.001221	-71.509445
9446.347046	-71.174019
9447.692871	-71.341156
9449.038696	-71.611130
9450.384521	-71.214401
9451.730347	-71.393005
9453.076172	-71.689407
9454.421997	-71.628899
9455.767822	-70.903618
9457.113647	-72.402763
9458.459473	-72.038048
9459.805298	-71.173904
9461.151123	-72.453316
9462.496948	-71.598068
9463.842773	-72.163696
9465.188599	-72.516335
9466.534424	-72.578743
9467.880249	-73.117172
9469.226074	-73.676857
9470.571899	-72.757957
9471.917725	-73.660416
9473.263550	-72.601501
9474.609375	-72.714241
9475.955200	-73.909393
9477.301025	-73.483566
9478.646851	-73.115280
9479.992676	-72.238808
9481.338501	-72.928322
9482.684326	-73.141739
9484.030151	-71.986145
9485.375977	-73.976440
9486.721802	-72.880196
9488.067627	-73.344025
9489.413452	-73.670639
9490.759277	-74.785637
9492.105103	-74.752258
9493.450928	-73.991661
9494.796753	-73.731018
9496.142578	-74.111732
9497.488403	-74.189018
9498.834229	-74.822968
9500.180054	-74.112396
9501.525879	-74.446228
9502.871704	-74.835571
9504.217529	-74.718155
9505.563354	-73.845314
9506.909180	-73.931885
9508.255005	-74.073242
9509.600830	-74.045761
9510.946655	-73.645325
9512.292480	-73.836708
9513.638306	-75.031425
9514.984131	-73.844368
9516.329956	-74.131538
9517.675781	-74.699112
9519.021606	-75.044815
9520.367432	-73.656158
9521.713257	-75.206734
9523.059082	-74.645782
9524.404907	-74.413429
9525.750732	-75.295639
9527.096558	-75.016769
9528.442383	-75.331894
9529.788208	-75.545303
9531.134033	-75.207085
9532.479858	-74.684792
9533.825684	-74.757088
9535.171509	-75.617218
9536.517334	-75.057037
9537.863159	-75.486671
9539.208984	-75.024719
9540.554810	-74.606903
9541.900635	-75.673241
9543.246460	-74.995773
9544.592285	-75.004753
9545.938110	-76.292122
9547.283936	-74.747589
9548.629761	-74.983627
9549.975586	-76.973648
9551.321411	-76.294991
9552.667236	-75.347229
9554.013062	-76.097244
9555.358887	-76.086937
9556.704712	-76.471214
9558.050537	-76.065605
9559.396362	-76.433441
9560.742188	-77.205696
9562.088013	-75.407516
9563.433838	-76.244492
9564.779663	-75.150856
9566.125488	-76.411110
9567.471313	-76.645096
9568.817139	-75.203362
9570.162964	-76.217270
9571.508789	-77.389381
9572.854614	-76.690895
9574.200439	-77.843735
9575.546265	-76.667015
9576.892090	-76.821808
9578.237915	-77.138702
9579.583740	-76.677017
9580.929565	-77.709358
9582.275391	-77.365532
9583.621216	-76.887810
9584.967041	-77.082176
9586.312866	-76.932510
9587.658691	-76.477448
9589.004517	-77.086479
9590.350342	-76.209534
9591.696167	-77.355766
9593.041992	-76.794579
9594.387817	-76.716080
9595.733643	-77.014961
9597.079468	-77.763512
9598.425293	-77.145622
9599.771118	-77.616219
9601.116943	-76.940918
9602.462769	-76.850960
9603.808594	-76.583282
9605.154419	-77.051132
9606.500244	-78.011215
9607.846069	-77.317474
9609.191895	-76.668663
9610.537720	-77.382492
9611.883545	-76.846649
9613.229370	-77.736679
9614.575195	-77.519089
9615.921021	-77.638008
9617.266846	-77.770142
9618.612671	-76.751389
9619.958496	-76.993156
9621.304321	-77.736763
9622.650146	-77.248978
9623.995972	-78.044502
9625.341797	-77.093086
9626.687622	-77.682129
9628.033447	-76.833862
9629.379272	-76.890350
9630.725098	-77.083351
9632.070923	-77.870438
9633.416748	-77.620705
9634.762573	-77.453262
9636.108398	-77.319084
9637.454224	-77.414001
9638.800049	-77.737518
9640.145874	-76.682182
9641.491699	-77.563164
9642.837524	-77.065765
9644.183350	-77.596336
9645.529175	-77.500816
9646.875000	-77.369049
9648.220825	-77.937462
9649.566650	-77.690559
9650.912476	-77.555618
9652.258301	-76.410149
9653.604126	-76.704010
9654.949951	-77.846199
9656.295776	-77.591942
9657.641602	-78.237457
9658.987427	-77.828194
9660.333252	-77.785591
9661.679077	-77.624298
9663.024902	-77.455086
9664.370728	-78.065018
9665.716553	-77.357826
9667.062378	-75.967781
9668.408203	-77.365013
9669.754028	-78.259491
9671.099854	-77.979446
9672.445679	-78.306152
9673.791504	-77.474777
9675.137329	-77.488068
9676.483154	-77.922981
9677.828979	-78.091019
9679.174805	-77.593231
9680.520630	-76.724541
9681.866455	-78.036774
9683.212280	-77.291527
9684.558105	-77.015999
9685.903931	-76.711739
9687.249756	-78.022316
9688.595581	-77.578712
9689.941406	-77.910637
9691.287231	-76.857773
9692.633057	-77.097076
9693.978882	-77.057014
9695.324707	-77.345245
9696.670532	-78.397209
9698.016357	-77.681389
9699.362183	-78.163094
9700.708008	-76.336876
9702.053833	-77.193146
9703.399658	-78.205215
9704.745483	-77.243111
9706.091309	-77.154129
9707.437134	-77.199203
9708.782959	-78.851639
9710.128784	-75.761993
9711.474609	-76.598801
9712.820435	-78.006378
9714.166260	-77.585968
9715.512085	-77.276604
9716.857910	-77.217949
9718.203735	-77.622917
9719.549561	-77.346062
9720.895386	-76.528946
9722.241211	-76.740494
9723.587036	-76.855629
9724.932861	-76.140015
9726.278687	-77.557869
9727.624512	-76.980461
9728.970337	-76.361679
9730.316162	-75.797150
9731.661987	-76.466103
9733.007812	-76.571739
9734.353638	-76.912148
9735.699463	-77.754929
9737.045288	-77.730354
9738.391113	-76.333443
9739.736938	-77.081902
9741.082764	-76.863380
9742.428589	-77.804993
9743.774414	-76.048843
9745.120239	-76.860298
9746.466064	-76.172203
9747.811890	-76.327232
9749.157715	-75.872528
9750.503540	-77.413712
9751.849365	-76.642197
9753.195190	-76.452980
9754.541016	-76.574409
9755.886841	-76.702499
9757.232666	-76.585999
9758.578491	-77.017853
9759.924316	-76.784973
9761.270142	-76.886627
9762.615967	-76.158714
9763.961792	-76.387291
9765.307617	-75.241905
9766.653442	-76.613747
9767.999268	-76.534241
9769.345093	-75.665504
9770.690918	-75.798454
9772.036743	-76.059822
9773.382568	-74.640099
9774.728394	-75.029297
9776.074219	-76.355843
9777.420044	-75.475464
9778.765869	-75.601151
9780.111694	-75.432503
9781.457520	-75.284576
9782.803345	-75.363785
9784.149170	-75.109726
9785.494995	-75.618500
9786.840820	-74.609238
9788.186646	-74.387070
9789.532471	-75.215691
9790.878296	-75.312477
9792.224121	-75.485313
9793.569946	-75.311981
9794.915771	-75.553734
9796.261597	-75.484383
9797.607422	-74.969025
9798.953247	-75.418549
9800.299072	-74.726837
9801.644897	-74.156586
9802.990723	-74.757256
9804.336548	-74.532082
9805.682373	-75.274803
9807.028198	-75.119606
9808.374023	-75.602722
9809.719849	-73.618355
9811.065674	-73.588310
9812.411499	-75.040535
9813.757324	-74.546875
9815.103149	-74.111031
9816.448975	-74.829315
9817.794800	-74.894501
9819.140625	-73.882256
9820.486450	-74.277328
9821.832275	-73.974213
9823.178101	-73.981506
9824.523926	-74.163910
9825.869751	-75.047752
9827.215576	-73.406181
9828.561401	-74.240669
9829.907227	-73.935822
9831.253052	-74.247086
9832.598877	-73.951935
9833.944702	-74.656364
9835.290527	-73.445374
9836.636353	-73.767342
9837.982178	-74.288338
9839.328003	-74.933838
9840.673828	-74.656532
9842.019653	-74.994102
9843.365479	-74.828026
9844.711304	-73.660698
9846.057129	-73.339828
9847.402954	-73.860352
9848.748779	-73.986176
9850.094604	-73.508812
9851.440430	-74.428009
9852.786255	-74.912224
9854.132080	-74.218674
9855.477905	-74.662857
9856.823730	-73.558502
9858.169556	-74.628548
9859.515381	-74.492027
9860.861206	-74.432571
9862.207031	-75.760452
9863.552856	-75.566910
9864.898682	-74.600342
9866.244507	-74.814827
9867.590332	-75.259033
9868.936157	-75.023849
9870.281982	-75.196579
9871.627808	-74.489204
9872.973633	-74.854713
9874.319458	-75.238792
9875.665283	-74.526855
9877.011108	-75.121147
9878.356934	-75.540611
9879.702759	-75.591095
9881.048584	-76.887810
9882.394409	-76.280251
9883.740234	-76.478203
9885.086060	-76.398468
9886.431885	-75.805374
9887.777710	-76.780563
9889.123535	-76.587799
9890.469360	-76.626236
9891.815186	-77.729774
9893.161011	-76.811684
9894.506836	-76.686592
9895.852661	-77.785713
9897.198486	-76.978203
9898.544312	-77.108597
9899.890137	-76.713882
9901.235962	-77.298462
9902.581787	-77.865974
9903.927612	-78.285271
9905.273438	-78.473625
9906.619263	-78.205154
9907.965088	-77.945839
9909.310913	-77.585823
9910.656738	-78.502174
9912.002563	-78.216621
9913.348389	-77.824516
9914.694214	-78.243034
9916.040039	-78.762009
9917.385864	-78.579323
9918.731689	-78.958405
9920.077515	-79.220123
9921.423340	-78.810349
9922.769165	-79.566277
9924.114990	-78.783707
9925.460815	-79.285217
9926.806641	-79.872322
9928.152466	-79.781456
9929.498291	-79.900818
9930.844116	-80.197670
9932.189941	-80.350471
9933.535767	-80.132675
9934.881592	-81.340553
9936.227417	-81.145630
9937.573242	-81.585503
9938.919067	-81.118652
9940.264893	-80.082558
9941.610718	-81.729279
9942.956543	-80.754524
9944.302368	-81.009102
9945.648193	-81.553429
9946.994019	-82.154823
9948.339844	-80.675011
9949.685669	-82.381706
9951.031494	-82.218109
9952.377319	-82.158142
9953.723145	-82.022385
9955.068970	-83.038803
9956.414795	-82.155380
9957.760620	-82.812073
9959.106445	-84.155281
9960.452271	-83.104576
9961.798096	-83.103592
9963.143921	-82.435089
9964.489746	-83.205978
9965.835571	-84.185265
9967.181396	-84.611839
9968.527222	-83.585373
9969.873047	-83.593086
9971.218872	-83.631943
9972.564697	-83.082291
9973.910522	-83.661102
9975.256348	-83.720253
9976.602173	-84.201057
9977.947998	-83.961105
9979.293823	-84.168724
9980.639648	-84.712303
9981.985474	-84.677834
9983.331299	-83.865364
9984.677124	-84.201118
9986.022949	-84.744904
9987.368774	-84.603027
9988.714600	-84.651329
9990.060425	-84.428917
9991.406250	-84.796738
9992.752075	-85.033981
9994.097900	-84.886131
9995.443726	-84.872849
9996.789551	-84.871262
9998.135376	-85.254089
9999.481201	-86.439384
10000.827026	-86.575638
10002.172852	-84.750511
10003.518677	-85.402885
10004.864502	-85.681015
10006.210327	-85.713890
10007.556152	-86.329216
10008.901978	-85.542732
10010.247803	-85.777733
10011.593628	-85.223503
10012.939453	-85.859856
10014.285278	-85.775345
10015.631104	-86.594551
10016.976929	-86.206886
10018.322754	-86.224449
10019.668579	-87.086349
10021.014404	-86.571060
10022.360229	-86.222565
10023.706055	-86.810539
10025.051880	-87.969650
10026.397705	-86.466362
10027.743530	-87.163437
10029.089355	-88.076454
10030.435181	-87.907028
10031.781006	-87.406303
10033.126831	-87.636230
10034.472656	-86.923897
10035.818481	-87.705788
10037.164307	-88.264046
10038.510132	-88.397392
10039.855957	-88.150558
10041.201782	-88.701630
10042.547607	-88.540741
10043.893433	-88.777863
10045.239258	-88.291504
10046.585083	-88.478142
10047.930908	-88.675117
10049.276733	-88.045517
10050.622559	-88.346573
10051.968384	-89.280159
10053.314209	-88.619583
10054.660034	-88.901611
10056.005859	-89.438164
10057.351685	-88.129852
10058.697510	-88.793205
10060.043335	-89.322243
10061.389160	-89.349510
10062.734985	-87.943527
10064.080811	-88.884018
10065.426636	-89.088997
10066.772461	-87.901985
10068.118286	-89.985909
10069.464111	-89.755058
10070.809937	-88.458450
10072.155762	-89.644890
10073.501587	-89.595093
10074.847412	-89.237152
10076.193237	-89.814598
10077.539062	-88.467232
10078.884888	-89.492126
10080.230713	-89.544830
10081.576538	-88.636177
10082.922363	-89.521469
10084.268188	-89.807045
10085.614014	-90.240044
10086.959839	-89.546257
10088.305664	-90.015289
10089.651489	-89.522346
10090.997314	-89.854279
10092.343140	-90.522919
10093.688965	-90.050453
10095.034790	-90.154999
10096.380615	-90.165131
10097.726440	-89.805946
10099.072266	-90.033424
10100.418091	-90.850769
10101.763916	-89.689987
10103.109741	-91.334900
10104.455566	-90.563469
10105.801392	-89.817413
10107.147217	-90.721939
10108.493042	-89.811829
10109.838867	-90.332825
10111.184692	-90.081345
10112.530518	-89.230644
10113.876343	-89.373451
10115.222168	-90.318054
10116.567993	-90.760948
10117.913818	-90.431313
10119.259644	-90.963661
10120.605469	-90.996941
10121.951294	-91.625870
10123.297119	-90.756310
10124.642944	-91.713593
10125.988770	-91.832405
10127.334595	-91.740738
10128.680420	-90.691528
10130.026245	-92.416946
10131.372070	-90.743454
10132.717896	-90.517998
10134.063721	-90.536003
10135.409546	-91.765709
10136.755371	-90.738167
10138.101196	-91.317268
10139.447021	-90.811066
10140.792847	-91.210083
10142.138672	-91.552345
10143.484497	-91.952492
10144.830322	-92.834595
10146.176147	-91.248917
10147.521973	-91.161652
10148.867798	-91.873672
10150.213623	-91.261757
10151.559448	-91.115875
10152.905273	-90.629883
10154.251099	-91.972214
10155.596924	-91.755524
10156.942749	-91.015694
10158.288574	-91.966583
10159.634399	-91.901215
10160.980225	-91.233315
10162.326050	-92.293358
10163.671875	-93.139786
10165.017700	-91.061440
10166.363525	-91.129036
10167.709351	-92.183792
10169.055176	-92.162178
10170.401001	-92.733627
10171.746826	-91.733086
10173.092651	-92.722717
10174.438477	-91.909813
10175.784302	-93.127098
10177.130127	-92.008156
10178.475952	-91.618019
10179.821777	-92.610733
10181.167603	-93.625610
10182.513428	-92.756660
10183.859253	-92.720993
10185.205078	-92.453178
10186.550903	-91.991730
10187.896729	-92.404961
10189.242554	-92.186180
10190.588379	-92.047440
10191.934204	-92.768921
10193.280029	-93.194763
10194.625854	-92.116043
10195.971680	-91.447800
10197.317505	-92.176315
10198.663330	-92.005272
10200.009155	-92.979172
10201.354980	-92.766693
10202.700806	-93.409958
10204.046631	-92.133034
10205.392456	-92.374199
10206.738281	-93.433792
10208.084106	-91.726364
10209.429932	-91.835213
10210.775757	-93.721413
10212.121582	-93.326279
10213.467407	-92.391151
10214.813232	-93.031532
10216.159058	-92.479355
10217.504883	-93.778000
10218.850708	-93.080612
10220.196533	-92.433640
10221.542358	-92.616920
10222.888184	-92.685989
10224.234009	-92.518547
10225.579834	-92.826843
10226.925659	-93.735443
10228.271484	-92.501030
10229.617310	-91.852791
10230.963135	-92.943275
10232.308960	-92.973351
10233.654785	-93.316063
10235.000610	-93.258484
10236.346436	-92.870529
10237.692261	-92.909302
10239.038086	-93.041977
10240.383911	-93.026436
10241.729736	-93.208969
10243.075562	-93.198746
10244.421387	-92.880905
10245.767212	-92.866333
10247.113037	-92.596512
10248.458862	-92.853508
10249.804688	-94.203346
10251.150513	-92.860970
10252.496338	-92.777405
10253.842163	-94.030182
10255.187988	-93.773842
10256.533813	-93.881821
10257.879639	-92.492188
10259.225464	-94.088646
10260.571289	-92.383232
10261.917114	-92.265350
10263.262939	-93.174408
10264.608765	-93.525276
10265.954590	-93.218781
10267.300415	-92.982430
10268.646240	-92.746918
10269.992065	-93.465767
10271.337891	-93.328979
10272.683716	-92.869553
10274.029541	-93.019356
10275.375366	-92.497353
10276.721191	-93.240395
10278.067017	-92.636734
10279.412842	-94.125282
10280.758667	-92.932571
10282.104492	-92.845329
10283.450317	-93.684929
10284.796143	-93.141243
10286.141968	-92.954239
10287.487793	-92.806320
10288.833618	-93.060089
10290.179443	-93.234436
10291.525269	-93.467377
10292.871094	-93.461052
10294.216919	-93.181030
10295.562744	-92.533577
10296.908569	-93.748283
10298.254395	-93.533073
10299.600220	-92.485947
10300.946045	-92.378502
10302.291870	-93.196503
10303.637695	-92.169083
10304.983521	-93.198837
10306.329346	-93.367668
10307.675171	-92.369080
10309.020996	-93.412155
10310.366821	-93.710602
10311.712646	-92.766808
10313.058472	-92.558144
10314.404297	-92.808411
10315.750122	-93.567589
10317.095947	-93.065582
10318.441772	-92.041466
10319.787598	-92.454842
10321.133423	-92.806160
10322.479248	-93.361198
10323.825073	-92.953949
10325.170898	-92.645836
10326.516724	-93.035774
10327.862549	-92.189972
10329.208374	-93.668335
10330.554199	-92.809227
10331.900024	-93.400719
10333.245850	-93.215660
10334.591675	-92.876633
10335.937500	-92.983223
10337.283325	-92.970810
10338.629150	-92.800812
10339.974976	-93.954231
10341.320801	-92.642189
10342.666626	-92.859253
10344.012451	-92.736542
10345.358276	-93.168816
10346.704102	-92.812737
10348.049927	-91.996910
10349.395752	-92.928284
10350.741577	-92.126572
10352.087402	-93.167053
10353.433228	-92.464439
10354.779053	-93.327248
10356.124878	-93.432930
10357.470703	-92.788940
10358.816528	-92.980934
10360.162354	-93.130402
10361.508179	-93.873108
10362.854004	-92.360115
10364.199829	-92.205505
10365.545654	-94.103783
10366.891479	-92.711807
10368.237305	-93.306084
10369.583130	-92.789528
10370.928955	-93.826881
10372.274780	-92.881378
10373.620605	-92.605484
10374.966431	-92.801514
10376.312256	-93.960602
10377.658081	-92.685089
10379.003906	-93.346031
10380.349731	-94.125847
10381.695557	-94.268600
10383.041382	-93.356880
10384.387207	-92.438927
10385.733032	-93.137886
10387.078857	-93.495300
10388.424683	-92.938873
10389.770508	-93.766747
10391.116333	-93.957581
10392.462158	-93.608635
10393.807983	-92.735443
10395.153809	-93.687103
10396.499634	-94.346535
10397.845459	-94.205414
10399.191284	-93.283195
10400.537109	-93.706299
10401.882935	-93.607758
10403.228760	-94.017998
10404.574585	-94.358299
10405.920410	-94.210510
10407.266235	-94.232430
10408.612061	-93.914497
10409.957886	-94.028107
10411.303711	-94.481369
10412.649536	-94.431870
10413.995361	-94.832642
10415.341187	-94.517075
10416.687012	-94.858727
10418.032837	-94.866661
10419.378662	-95.122131
10420.724487	-94.967987
10422.070312	-94.958282
10423.416138	-95.276299
10424.761963	-95.644478
10426.107788	-94.557587
10427.453613	-95.732918
10428.799438	-95.866272
10430.145264	-95.473282
10431.491089	-94.528564
10432.836914	-95.156731
10434.182739	-95.459595
10435.528564	-95.496689
10436.874390	-95.309456
10438.220215	-95.307388
10439.566040	-95.729141
10440.911865	-95.763878
10442.257690	-95.364822
10443.603516	-96.127762
10444.949341	-95.869972
10446.295166	-95.670311
10447.640991	-95.888535
10448.986816	-96.080963
10450.332642	-96.249146
10451.678467	-96.048958
10453.024292	-95.884369
10454.370117	-95.814697
10455.715942	-95.868065
10457.061768	-95.700462
10458.407593	-95.914032
10459.753418	-96.212044
10461.099243	-96.058235
10462.445068	-96.168510
10463.790894	-96.212669
10465.136719	-96.416199
10466.482544	-96.127357
10467.828369	-95.898666
10469.174194	-96.478363
10470.520020	-96.305496
10471.865845	-96.204140
10473.211670	-96.121910
10474.557495	-96.502457
10475.903320	-96.557983
10477.249146	-96.407669
10478.594971	-96.070847
10479.940796	-95.839516
10481.286621	-96.365051
10482.632446	-95.940895
10483.978271	-96.226303
10485.324097	-96.371590
10486.669922	-96.338928
10488.015747	-96.222214
10489.361572	-96.478302
10490.707397	-96.275375
10492.053223	-96.443527
10493.399048	-96.496162
10494.744873	-96.500565
10496.090698	-96.607635
10497.436523	-96.352547
10498.782349	-96.630058
10500.128174	-96.343102
10501.473999	-96.664230
10502.819824	-96.671387
10504.165649	-96.752876
10505.511475	-96.205177
10506.857300	-96.104210
10508.203125	-96.349060
10509.548950	-96.586967
10510.894775	-96.315620
10512.240601	-96.738495
10513.586426	-96.499382
10514.932251	-96.456825
10516.278076	-96.790657
10517.623901	-96.842674
10518.969727	-96.562614
10520.315552	-96.559517
10521.661377	-96.220161
10523.007202	-96.525558
10524.353027	-96.591362
10525.698853	-96.707176
10527.044678	-96.348267
10528.390503	-96.354866
10529.736328	-96.523994
10531.082153	-96.435516
10532.427979	-96.750488
10533.773804	-96.441879
10535.119629	-96.847008
10536.465454	-96.479156
10537.811279	-96.442459
10539.157104	-96.448318
10540.502930	-96.658966
10541.848755	-96.429237
10543.194580	-96.539062
10544.540405	-96.785049
10545.886230	-96.622955
10547.232056	-96.673019
10548.577881	-96.712036
10549.923706	-96.637985
10551.269531	-96.469170
10552.615356	-96.587959
10553.961182	-96.609886
10555.307007	-96.548706
10556.652832	-96.481071
10557.998657	-96.741798
10559.344482	-96.671272
10560.690308	-96.676857
10562.036133	-96.557144
10563.381958	-96.603760
10564.727783	-96.636536
10566.073608	-96.784729
10567.419434	-96.667152
10568.765259	-96.667595
10570.111084	-96.600319
10571.456909	-96.662460
10572.802734	-96.770691
10574.148560	-96.599289
10575.494385	-96.593864
10576.840210	-96.698059
10578.186035	-96.710793
10579.531860	-96.729057
10580.877686	-96.792236
10582.223511	-96.734070
10583.569336	-96.714813
10584.915161	-96.814651
10586.260986	-96.751526
10587.606812	-96.714020
10588.952637	-96.622787
10590.298462	-96.714569
10591.644287	-96.714401
10592.990112	-96.784912
10594.335938	-96.747826
10595.681763	-96.664421
10597.027588	-96.695892
10598.373413	-96.692848
10599.719238	-96.753845
10601.065063	-96.756569
10602.410889	-96.734032
10603.756714	-96.727188
10605.102539	-96.730301
10606.448364	-96.750839
10607.794189	-96.638283
10609.140015	-96.725029
10610.485840	-96.709717
10611.831665	-96.768845
10613.177490	-96.707321
10614.523315	-96.780579
10615.869141	-96.764038
10617.214966	-96.788437
10618.560791	-96.867943
10619.906616	-96.729630
10621.252441	-96.793823
10622.598267	-96.800133
10623.944092	-96.786346
10625.289917	-96.764908
10626.635742	-96.798210
10627.981567	-96.807159
10629.327393	-96.737976
10630.673218	-96.683586
10632.019043	-96.776382
10633.364868	-96.800117
10634.710693	-96.782722
10636.056519	-96.766167
10637.402344	-96.777046
10638.748169	-96.777077
10640.093994	-96.721481
10641.439819	-96.838806
10642.785645	-96.765732
10644.131470	-96.844940
10645.477295	-96.760628
10646.823120	-96.761856
10648.168945	-96.839996
10649.514771	-96.852600
10650.860596	-96.805717
10652.206421	-96.849739
10653.552246	-96.821953
10654.898071	-96.801842
10656.243896	-96.771652
10657.589722	-96.817284
10658.935547	-96.781273
10660.281372	-96.808792
10661.627197	-96.818871
10662.973022	-96.831963
10664.318848	-96.764801
10665.664673	-96.805183
10667.010498	-96.799423
10668.356323	-96.793060
10669.702148	-96.805359
10671.047974	-96.809456
10672.393799	-96.800613
10673.739624	-96.788414
10675.085449	-96.774971
10676.431274	-96.759750
10677.777100	-96.788147
10679.122925	-96.830223
10680.468750	-96.810425
10681.814575	-96.788399
10683.160400	-96.831070
10684.506226	-96.812904
10685.852051	-96.834755
10687.197876	-96.833115
10688.543701	-96.834129
10689.889526	-96.791718
10691.235352	-96.805603
10692.581177	-96.806419
10693.927002	-96.815598
10695.272827	-96.815117
10696.618652	-96.846680
10697.964478	-96.829445
10699.310303	-96.813202
10700.656128	-96.815651
10702.001953	-96.846481
10703.347778	-96.818481
10704.693604	-96.845032
10706.039429	-96.819641
10707.385254	-96.841019
10708.731079	-96.843513
10710.076904	-96.842995
10711.422729	-96.825302
10712.768555	-96.813850
10714.114380	-96.834267
10715.460205	-96.843277
10716.806030	-96.811172
10718.151855	-96.838661
10719.497681	-96.820831
10720.843506	-96.829323
10722.189331	-96.842461
10723.535156	-96.821335
10724.880981	-96.813423
10726.226807	-96.820496
10727.572632	-96.834023
10728.918457	-96.833305
10730.264282	-96.853836
10731.610107	-96.837967
10732.955933	-96.837051
10734.301758	-96.838539
10735.647583	-96.849342
10736.993408	-96.828201
10738.339233	-96.835228
10739.685059	-96.835503
10741.030884	-96.852997
10742.376709	-96.836945
10743.722534	-96.847809
10745.068359	-96.855148
10746.414185	-96.843201
10747.760010	-96.849510
10749.105835	-96.849731
10750.451660	-96.843224
10751.797485	-96.841675
10753.143311	-96.838699
10754.489136	-96.841278
10755.834961	-96.847481
10757.180786	-96.847916
10758.526611	-96.845169
10759.872437	-96.847527
10761.218262	-96.846062
10762.564087	-96.848450
10763.909912	-96.839287
10765.255737	-96.853546
10766.601562	-96.852448
10767.947388	-96.847458
10769.293213	-96.852478
10770.639038	-96.847275
10771.984863	-96.850395
10773.330688	-96.854202
10774.676514	-96.853096
10776.022339	-96.859352
10777.368164	-96.847794
10778.713989	-96.856766
10780.059814	-96.855148
10781.405640	-96.855095
10782.751465	-96.856880
10784.097290	-96.854050
10785.443115	-96.856750
10786.788940	-96.856705
10788.134766	-96.857422
10789.480591	-96.856422
10790.826416	-96.861130
10792.172241	-96.856857
10793.518066	-96.857208
10794.863892	-96.858131
10796.209717	-96.860603
10797.555542	-96.860992
10798.901367	-96.860741
10800.247192	-96.861069
10801.593018	-96.861809
10802.938843	-96.860985
10804.284668	-96.862633
10805.630493	-96.862152
10806.976318	-96.862267
10808.322144	-96.865005
10809.667969	-96.863380
10811.013794	-96.861427
10812.359619	-96.863068
10813.705444	-96.867249
10815.051270	-96.865364
10816.397095	-96.866638
10817.742920	-96.867653
10819.088745	-96.867073
10820.434570	-96.865250
10821.780396	-96.865723
10823.126221	-96.866592
10824.472046	-96.868080
10825.817871	-96.867516
10827.163696	-96.867760
10828.509521	-96.867867
10829.855347	-96.869736
10831.201172	-96.867836
10832.546997	-96.869644
10833.892822	-96.869751
10835.238647	-96.869652
10836.584473	-96.870514
10837.930298	-96.869797
10839.276123	-96.870544
10840.621948	-96.870636
10841.967773	-96.870811
10843.313599	-96.872200
10844.659424	-96.871864
10846.005249	-96.872185
10847.351074	-96.873260
10848.696899	-96.873283
10850.042725	-96.873253
10851.388550	-96.873962
10852.734375	-96.874214
10854.080200	-96.873657
10855.426025	-96.874138
10856.771851	-96.874886
10858.117676	-96.874779
10859.463501	-96.874977
10860.809326	-96.875496
10862.155151	-96.875748
10863.500977	-96.875801
10864.846802	-96.876137
10866.192627	-96.876488
10867.538452	-96.876709
10868.884277	-96.876869
10870.230103	-96.877182
10871.575928	-96.877388
10872.921753	-96.877647
10874.267578	-96.877777
10875.613403	-96.878197
10876.959229	-96.878563
10878.305054	-96.878769
10879.650879	-96.879044
10880.996704	-96.879265
10882.342529	-96.879417
10883.688354	-96.879562
10885.034180	-96.879990
10886.380005	-96.880203
10887.725830	-96.880341
10889.071655	-96.880432
10890.417480	-96.880852
10891.763306	-96.881035
10893.109131	-96.881256
10894.454956	-96.881493
10895.800781	-96.881561
10897.146606	-96.881760
10898.492432	-96.882172
10899.838257	-96.882317
10901.184082	-96.882477
10902.529907	-96.882759
10903.875732	-96.882942
10905.221558	-96.883095
10906.567383	-96.883324
10907.913208	-96.883507
10909.259033	-96.883728
10910.604858	-96.883842
10911.950684	-96.883995
10913.296509	-96.884262
10914.642334	-96.884422
10915.988159	-96.884636
10917.333984	-96.884781
10918.679810	-96.884941
10920.025635	-96.885101
10921.371460	-96.885284
10922.717285	-96.885460
10924.063110	-96.885651
10925.408936	-96.885796
10926.754761	-96.885910
10928.100586	-96.886108
10929.446411	-96.886238
10930.792236	-96.886421
10932.138062	-96.886566
10933.483887	-96.886711
10934.829712	-96.886864
10936.175537	-96.887016
10937.521362	-96.887169
10938.867188	-96.887321
10940.213013	-96.887451
10941.558838	-96.887550
10942.904663	-96.887718
10944.250488	-96.887863
10945.596313	-96.887962
10946.942139	-96.888092
10948.287964	-96.888237
10949.633789	-96.888336
10950.979614	-96.888474
10952.325439	-96.888580
10953.671265	-96.888702
10955.017090	-96.888847
10956.362915	-96.888931
10957.708740	-96.889038
10959.054565	-96.889168
10960.400391	-96.889275
10961.746216	-96.889351
10963.092041	-96.889488
10964.437866	-96.889549
10965.783691	-96.889656
10967.129517	-96.889763
10968.475342	-96.889824
10969.821167	-96.889946
10971.166992	-96.890030
10972.512817	-96.890129
10973.858643	-96.890213
10975.204468	-96.890297
10976.550293	-96.890358
10977.896118	-96.890450
10979.241943	-96.890503
10980.587769	-96.890579
10981.933594	-96.890648
10983.279419	-96.890739
10984.625244	-96.890793
10985.971069	-96.890877
10987.316895	-96.890915
10988.662720	-96.890984
10990.008545	-96.891045
10991.354370	-96.891075
10992.700195	-96.891151
10994.046021	-96.891197
10995.391846	-96.891251
10996.737671	-96.891281
10998.083496	-96.891327
10999.429321	-96.891380
11000.775146	-96.891441
11002.120972	-96.891464
11003.466797	-96.891510
11004.812622	-96.891556
11006.158447	-96.891571
11007.504272	-96.891602
11008.850098	-96.891594
11010.195923	-96.891647
11011.541748	-96.891678
11012.887573	-96.891701
11014.233398	-96.891708
11015.579224	-96.891731
11016.925049	-96.891747
11018.270874	-96.891739
11019.616699	-96.891777
11020.962524	-96.891769
11022.308350	-96.891762
11023.654175	-96.891754
