"Date","Time","Lab_Temp_C","Lab_Pressure_kPa","Lab_Rel_Humidity","Gas_Flow_LPM","FlowSens_Gas_Temp_C","Thermocouple1_Temp_C","Thermocouple2_Temp_C","Purge_Gas"
"2025-09-03","2:23:03.338 PM","25.41","96.931","36.705","0","24.66","23.07","23.14","None"
"2025-09-03","2:23:03.629 PM","25.41","96.931","36.705","0","24.66","23.09","23.14","None"
"2025-09-03","2:23:03.858 PM","25.41","96.931","36.705","0","24.66","23.09","23.07","None"
"2025-09-03","2:23:04.110 PM","25.41","96.93","36.693","0","24.665","23.09","23.07","None"
"2025-09-03","2:23:04.371 PM","25.41","96.93","36.693","0","24.665","23.05","23.05","None"
"2025-09-03","2:23:04.623 PM","25.41","96.93","36.693","0","24.665","23.05","23.05","None"
"2025-09-03","2:23:04.872 PM","25.41","96.928","36.699","0","24.69","23.05","23.05","None"
"2025-09-03","2:23:05.125 PM","25.41","96.928","36.699","0","24.69","23.13","23.07","None"
"2025-09-03","2:23:05.376 PM","25.41","96.928","36.699","0","24.69","23.13","23.07","None"
"2025-09-03","2:23:05.635 PM","25.41","96.926","36.705","0","24.63","23.16","23.07","None"
"2025-09-03","2:23:05.874 PM","25.41","96.926","36.705","0","24.63","23.16","23.05","None"
"2025-09-03","2:23:06.122 PM","25.41","96.926","36.705","0","24.63","23.16","23.05","None"
"2025-09-03","2:23:06.372 PM","25.41","96.928","36.711","0","24.675","23.09","23.05","None"
"2025-09-03","2:23:06.628 PM","25.41","96.928","36.711","0","24.675","23.09","23.13","None"
"2025-09-03","2:23:06.876 PM","25.41","96.928","36.711","0","24.675","23.09","23.13","None"
"2025-09-03","2:23:07.126 PM","25.41","96.927","36.693","0","24.665","23.12","23.13","None"
"2025-09-03","2:23:07.382 PM","25.41","96.927","36.693","0","24.665","23.12","23.08","None"
"2025-09-03","2:23:07.633 PM","25.41","96.926","36.682","0","24.68","23.12","23.08","None"
"2025-09-03","2:23:07.919 PM","25.41","96.926","36.682","0","24.68","23.08","23.08","None"
"2025-09-03","2:23:08.144 PM","25.41","96.926","36.682","0","24.68","23.08","23.05","None"
"2025-09-03","2:23:08.393 PM","25.41","96.928","36.711","0","24.65","23.08","23.05","None"
"2025-09-03","2:23:08.651 PM","25.41","96.928","36.711","0","24.65","23.07","23.05","None"
"2025-09-03","2:23:08.899 PM","25.41","96.928","36.711","0","24.65","23.07","23.05","None"
"2025-09-03","2:23:09.151 PM","25.41","96.932","36.699","0","24.635","23.07","23.05","None"
"2025-09-03","2:23:09.402 PM","25.41","96.932","36.699","0","24.635","23.14","23.09","None"
"2025-09-03","2:23:09.646 PM","25.41","96.932","36.699","0","24.635","23.14","23.09","None"
"2025-09-03","2:23:09.897 PM","25.42","96.932","36.688","0","24.615","23.14","23.09","None"
"2025-09-03","2:23:10.157 PM","25.42","96.932","36.688","0","24.615","23.12","23.07","None"
"2025-09-03","2:23:10.407 PM","25.42","96.932","36.688","0","24.615","23.12","23.07","None"
"2025-09-03","2:23:10.662 PM","25.42","96.93","36.694","0","24.695","23.05","23.07","None"
"2025-09-03","2:23:10.911 PM","25.42","96.93","36.694","0","24.695","23.05","23.14","None"
"2025-09-03","2:23:11.164 PM","25.42","96.93","36.694","0","24.695","23.05","23.14","None"
"2025-09-03","2:23:11.409 PM","25.42","96.93","36.705","0","24.695","23.10","23.14","None"
"2025-09-03","2:23:11.662 PM","25.42","96.93","36.705","0","24.695","23.10","23.07","None"
"2025-09-03","2:23:11.909 PM","25.42","96.93","36.705","0","24.695","23.10","23.07","None"
"2025-09-03","2:23:12.192 PM","25.42","96.932","36.694","0","24.73","23.12","23.07","None"
"2025-09-03","2:23:12.441 PM","25.42","96.932","36.694","0","24.73","23.12","23.05","None"
"2025-09-03","2:23:12.669 PM","25.42","96.932","36.7","0","24.66","23.12","23.05","None"
"2025-09-03","2:23:12.917 PM","25.42","96.932","36.7","0","24.66","23.08","23.05","None"
"2025-09-03","2:23:13.162 PM","25.42","96.932","36.7","0","24.66","23.08","23.10","None"
"2025-09-03","2:23:13.415 PM","25.43","96.935","36.683","0","24.705","23.08","23.10","None"
"2025-09-03","2:23:13.670 PM","25.43","96.935","36.683","0","24.705","23.13","23.10","None"
"2025-09-03","2:23:13.914 PM","25.43","96.935","36.683","0","24.705","23.13","23.09","None"
"2025-09-03","2:23:14.168 PM","25.43","96.935","36.695","0","24.73","23.13","23.09","None"
"2025-09-03","2:23:14.414 PM","25.43","96.935","36.695","0","24.73","23.10","23.16","None"
"2025-09-03","2:23:14.671 PM","25.43","96.935","36.695","0","24.73","23.10","23.16","None"
"2025-09-03","2:23:14.941 PM","25.43","96.933","36.683","0","24.67","23.10","23.16","None"
"2025-09-03","2:23:15.196 PM","25.43","96.933","36.683","0","24.67","23.10","23.01","None"
"2025-09-03","2:23:15.451 PM","25.43","96.933","36.683","0","24.67","23.10","23.01","None"
"2025-09-03","2:23:15.698 PM","25.43","96.934","36.677","0","24.615","23.09","23.01","None"
"2025-09-03","2:23:15.946 PM","25.43","96.934","36.677","0","24.615","23.09","23.12","None"
"2025-09-03","2:23:16.195 PM","25.43","96.934","36.677","0","24.615","23.09","23.12","None"
"2025-09-03","2:23:16.481 PM","25.43","96.933","36.677","0","24.71","23.12","23.12","None"
"2025-09-03","2:23:16.722 PM","25.43","96.933","36.677","0","24.71","23.12","23.10","None"
"2025-09-03","2:23:16.971 PM","25.43","96.929","36.678","0","24.67","23.12","23.10","None"
"2025-09-03","2:23:17.218 PM","25.43","96.929","36.678","0","24.67","23.08","23.10","None"
"2025-09-03","2:23:17.476 PM","25.43","96.929","36.678","0","24.67","23.08","23.07","None"
"2025-09-03","2:23:17.749 PM","25.43","96.928","36.678","0","24.67","23.08","23.07","None"
"2025-09-03","2:23:18.000 PM","25.43","96.928","36.678","0","24.67","23.13","23.07","None"
"2025-09-03","2:23:18.255 PM","25.43","96.928","36.678","0","24.67","23.13","23.07","None"
"2025-09-03","2:23:18.517 PM","25.43","96.929","36.684","0","24.575","23.13","23.07","None"
"2025-09-03","2:23:18.768 PM","25.43","96.929","36.684","0","24.575","23.16","23.03","None"
"2025-09-03","2:23:19.019 PM","25.43","96.929","36.684","0","24.575","23.16","23.03","None"
"2025-09-03","2:23:19.276 PM","25.43","96.929","36.684","0","24.695","23.16","23.03","None"
"2025-09-03","2:23:19.517 PM","25.43","96.929","36.684","0","24.695","23.07","23.05","None"
"2025-09-03","2:23:19.764 PM","25.43","96.929","36.684","0","24.695","23.07","23.05","None"
"2025-09-03","2:23:20.015 PM","25.43","96.928","36.678","0","24.7","23.13","23.05","None"
"2025-09-03","2:23:20.267 PM","25.43","96.928","36.678","0","24.7","23.13","22.98","None"
"2025-09-03","2:23:20.553 PM","25.43","96.928","36.678","0","24.7","23.13","22.98","None"
"2025-09-03","2:23:20.787 PM","25.43","96.929","36.66","0","24.69","23.08","22.98","None"
"2025-09-03","2:23:21.036 PM","25.43","96.929","36.66","0","24.69","23.08","23.03","None"
"2025-09-03","2:23:21.284 PM","25.43","96.93","36.66","0","24.75","23.08","23.03","None"
"2025-09-03","2:23:21.535 PM","25.43","96.93","36.66","0","24.75","23.08","23.03","None"
"2025-09-03","2:23:21.802 PM","25.43","96.93","36.66","0","24.75","23.08","23.05","None"
"2025-09-03","2:23:22.052 PM","25.42","96.929","36.666","0","24.635","23.08","23.05","None"
"2025-09-03","2:23:22.306 PM","25.42","96.929","36.666","0","24.635","23.08","23.05","None"
"2025-09-03","2:23:22.555 PM","25.42","96.929","36.666","0","24.635","23.08","22.98","None"
"2025-09-03","2:23:22.828 PM","25.42","96.929","36.677","0","24.615","23.08","22.98","None"
"2025-09-03","2:23:23.055 PM","25.42","96.929","36.677","0","24.615","23.09","23.05","None"
"2025-09-03","2:23:23.303 PM","25.42","96.929","36.677","0","24.615","23.09","23.05","None"
"2025-09-03","2:23:23.565 PM","25.42","96.93","36.677","0","24.635","23.09","23.05","None"
"2025-09-03","2:23:23.822 PM","25.42","96.93","36.677","0","24.635","23.08","23.10","None"
"2025-09-03","2:23:24.070 PM","25.42","96.93","36.677","0","24.635","23.08","23.10","None"
"2025-09-03","2:23:24.322 PM","25.42","96.927","36.665","0","24.705","23.09","23.10","None"
"2025-09-03","2:23:24.567 PM","25.42","96.927","36.665","0","24.705","23.09","23.05","None"
"2025-09-03","2:23:24.850 PM","25.42","96.927","36.665","0","24.705","23.09","23.05","None"
"2025-09-03","2:23:25.103 PM","25.41","96.928","36.682","0","24.665","23.12","23.05","None"
"2025-09-03","2:23:25.346 PM","25.41","96.928","36.682","0","24.665","23.12","23.14","None"
"2025-09-03","2:23:25.613 PM","25.42","96.929","36.682","0","24.65","23.12","23.14","None"
"2025-09-03","2:23:25.851 PM","25.42","96.929","36.682","0","24.65","23.05","23.14","None"
"2025-09-03","2:23:26.104 PM","25.42","96.929","36.682","0","24.65","23.05","23.05","None"
"2025-09-03","2:23:26.357 PM","25.42","96.927","36.671","0","24.615","23.05","23.05","None"
"2025-09-03","2:23:26.610 PM","25.42","96.927","36.671","0","24.615","23.16","23.05","None"
"2025-09-03","2:23:26.860 PM","25.42","96.927","36.671","0","24.615","23.16","23.05","None"
"2025-09-03","2:23:27.112 PM","25.42","96.926","36.677","0","24.665","23.16","23.05","None"
"2025-09-03","2:23:27.358 PM","25.42","96.926","36.677","0","24.665","23.07","23.05","None"
"2025-09-03","2:23:27.611 PM","25.42","96.926","36.677","0","24.665","23.07","23.05","None"
"2025-09-03","2:23:27.858 PM","25.42","96.926","36.671","0","24.665","23.07","23.05","None"
"2025-09-03","2:23:28.104 PM","25.42","96.926","36.671","0","24.665","23.07","23.05","None"
"2025-09-03","2:23:28.359 PM","25.42","96.926","36.671","0","24.665","23.07","23.05","None"
"2025-09-03","2:23:28.607 PM","25.42","96.928","36.688","0","24.65","23.07","23.05","None"
"2025-09-03","2:23:28.856 PM","25.42","96.928","36.688","0","24.65","23.08","23.09","None"
"2025-09-03","2:23:29.143 PM","25.42","96.928","36.688","0","24.65","23.08","23.09","None"
"2025-09-03","2:23:29.377 PM","25.42","96.928","36.683","0","24.69","23.13","23.09","None"
"2025-09-03","2:23:29.626 PM","25.42","96.928","36.683","0","24.69","23.13","22.98","None"
"2025-09-03","2:23:29.888 PM","25.42","96.928","36.683","0","24.69","23.13","22.98","None"
"2025-09-03","2:23:30.142 PM","25.42","96.929","36.683","0","24.71","23.14","22.98","None"
"2025-09-03","2:23:30.393 PM","25.42","96.929","36.683","0","24.71","23.14","22.98","None"
"2025-09-03","2:23:30.643 PM","25.42","96.933","36.689","0","24.71","23.14","22.98","None"
"2025-09-03","2:23:30.895 PM","25.42","96.933","36.689","0","24.71","23.13","22.98","None"
"2025-09-03","2:23:31.156 PM","25.42","96.933","36.689","0","24.71","23.13","23.05","None"
"2025-09-03","2:23:31.407 PM","25.43","96.931","36.671","0","24.65","23.13","23.05","None"
"2025-09-03","2:23:31.656 PM","25.43","96.931","36.671","0","24.65","23.14","23.05","None"
"2025-09-03","2:23:31.912 PM","25.43","96.931","36.671","0","24.65","23.14","23.14","None"
"2025-09-03","2:23:32.156 PM","25.43","96.932","36.677","0","24.68","23.14","23.14","None"
"2025-09-03","2:23:32.408 PM","25.43","96.932","36.677","0","24.68","23.08","23.05","None"
"2025-09-03","2:23:32.661 PM","25.43","96.932","36.677","0","24.68","23.08","23.05","None"
"2025-09-03","2:23:32.923 PM","25.43","96.933","36.654","0","24.655","23.08","23.05","None"
"2025-09-03","2:23:33.212 PM","25.43","96.933","36.654","0","24.655","23.10","23.01","None"
"2025-09-03","2:23:33.446 PM","25.43","96.933","36.654","0","24.655","23.10","23.01","None"
"2025-09-03","2:23:33.693 PM","25.43","96.932","36.671","0","24.745","23.02","23.01","None"
"2025-09-03","2:23:33.940 PM","25.43","96.932","36.671","0","24.745","23.02","23.05","None"
"2025-09-03","2:23:34.197 PM","25.43","96.932","36.671","0","24.745","23.02","23.05","None"
"2025-09-03","2:23:34.447 PM","25.43","96.928","36.683","0","24.65","23.10","23.05","None"
"2025-09-03","2:23:34.693 PM","25.43","96.928","36.683","0","24.65","23.10","23.05","None"
"2025-09-03","2:23:34.941 PM","25.43","96.929","36.683","0","24.645","23.10","23.05","None"
"2025-09-03","2:23:35.221 PM","25.43","96.929","36.683","0","24.645","23.10","23.05","None"
"2025-09-03","2:23:35.479 PM","25.43","96.929","36.683","0","24.645","23.10","23.07","None"
"2025-09-03","2:23:35.752 PM","25.43","96.928","36.677","0","24.69","23.10","23.07","None"
"2025-09-03","2:23:36.012 PM","25.43","96.928","36.677","0","24.69","23.05","23.05","None"
"2025-09-03","2:23:36.262 PM","25.43","96.928","36.677","0","24.69","23.05","23.05","None"
"2025-09-03","2:23:36.512 PM","25.43","96.927","36.672","0","24.635","23.05","23.05","None"
"2025-09-03","2:23:36.761 PM","25.43","96.927","36.672","0","24.635","23.16","23.07","None"
"2025-09-03","2:23:37.007 PM","25.43","96.927","36.672","0","24.635","23.16","23.07","None"
"2025-09-03","2:23:37.294 PM","25.43","96.93","36.666","0","24.645","23.07","23.07","None"
"2025-09-03","2:23:37.532 PM","25.43","96.93","36.666","0","24.645","23.07","23.12","None"
"2025-09-03","2:23:37.782 PM","25.43","96.93","36.666","0","24.645","23.07","23.12","None"
"2025-09-03","2:23:38.029 PM","25.43","96.929","36.683","0","24.675","23.07","23.12","None"
"2025-09-03","2:23:38.280 PM","25.43","96.929","36.683","0","24.675","23.07","23.05","None"
"2025-09-03","2:23:38.527 PM","25.43","96.928","36.677","0","24.67","23.07","23.05","None"
"2025-09-03","2:23:38.796 PM","25.43","96.928","36.677","0","24.67","23.13","23.05","None"
"2025-09-03","2:23:39.046 PM","25.43","96.928","36.677","0","24.67","23.13","23.09","None"
"2025-09-03","2:23:39.295 PM","25.43","96.929","36.689","0","24.665","23.13","23.09","None"
"2025-09-03","2:23:39.546 PM","25.43","96.929","36.689","0","24.665","23.13","23.09","None"
"2025-09-03","2:23:39.801 PM","25.43","96.929","36.689","0","24.665","23.13","23.05","None"
"2025-09-03","2:23:40.053 PM","25.43","96.928","36.666","0","24.655","23.13","23.05","None"
"2025-09-03","2:23:40.301 PM","25.43","96.928","36.666","0","24.655","23.14","23.05","None"
"2025-09-03","2:23:40.548 PM","25.43","96.928","36.666","0","24.655","23.14","23.10","None"
"2025-09-03","2:23:40.796 PM","25.43","96.926","36.678","0","24.675","23.14","23.10","None"
"2025-09-03","2:23:41.048 PM","25.43","96.926","36.678","0","24.675","23.12","23.14","None"
"2025-09-03","2:23:41.300 PM","25.43","96.926","36.678","0","24.675","23.12","23.14","None"
"2025-09-03","2:23:41.592 PM","25.43","96.925","36.683","0","24.715","23.12","23.14","None"
"2025-09-03","2:23:41.825 PM","25.43","96.925","36.683","0","24.715","23.07","23.05","None"
"2025-09-03","2:23:42.055 PM","25.43","96.925","36.683","0","24.715","23.07","23.05","None"
"2025-09-03","2:23:42.331 PM","25.43","96.925","36.678","0","24.59","23.10","23.05","None"
"2025-09-03","2:23:42.582 PM","25.43","96.925","36.678","0","24.59","23.10","23.09","None"
"2025-09-03","2:23:42.830 PM","25.43","96.925","36.678","0","24.59","23.10","23.09","None"
"2025-09-03","2:23:43.080 PM","25.43","96.925","36.649","0","24.69","23.14","23.09","None"
"2025-09-03","2:23:43.330 PM","25.43","96.925","36.649","0","24.69","23.14","23.05","None"
"2025-09-03","2:23:43.583 PM","25.43","96.928","36.66","0","24.59","23.14","23.05","None"
"2025-09-03","2:23:43.854 PM","25.43","96.928","36.66","0","24.59","23.20","23.05","None"
"2025-09-03","2:23:44.105 PM","25.43","96.928","36.66","0","24.59","23.20","23.10","None"
"2025-09-03","2:23:44.363 PM","25.43","96.924","36.666","0","24.695","23.20","23.10","None"
"2025-09-03","2:23:44.608 PM","25.43","96.924","36.666","0","24.695","23.09","23.10","None"
"2025-09-03","2:23:44.854 PM","25.43","96.924","36.666","0","24.695","23.09","23.09","None"
"2025-09-03","2:23:45.125 PM","25.44","96.924","36.661","0","24.635","23.09","23.09","None"
"2025-09-03","2:23:45.383 PM","25.44","96.924","36.661","0","24.635","23.12","23.09","None"
"2025-09-03","2:23:45.637 PM","25.44","96.924","36.661","0","24.635","23.12","23.09","None"
"2025-09-03","2:23:45.912 PM","25.44","96.926","36.661","0","24.635","23.18","23.09","None"
"2025-09-03","2:23:46.164 PM","25.44","96.926","36.661","0","24.635","23.18","23.10","None"
"2025-09-03","2:23:46.439 PM","25.44","96.927","36.667","0","24.69","23.18","23.10","None"
"2025-09-03","2:23:46.693 PM","25.44","96.927","36.667","0","24.69","23.14","23.10","None"
"2025-09-03","2:23:46.949 PM","25.44","96.927","36.667","0","24.69","23.14","23.07","None"
"2025-09-03","2:23:47.201 PM","25.44","96.925","36.667","0","24.675","23.14","23.07","None"
"2025-09-03","2:23:47.455 PM","25.44","96.925","36.667","0","24.675","23.19","23.07","None"
"2025-09-03","2:23:47.728 PM","25.44","96.925","36.667","0","24.675","23.19","23.03","None"
"2025-09-03","2:23:47.991 PM","25.44","96.924","36.667","0","24.615","23.19","23.03","None"
"2025-09-03","2:23:48.267 PM","25.44","96.924","36.667","0","24.615","23.08","23.13","None"
"2025-09-03","2:23:48.519 PM","25.44","96.924","36.667","0","24.615","23.08","23.13","None"
"2025-09-03","2:23:48.775 PM","25.44","96.926","36.661","0","24.675","23.05","23.13","None"
"2025-09-03","2:23:49.018 PM","25.44","96.926","36.661","0","24.675","23.05","22.98","None"
"2025-09-03","2:23:49.267 PM","25.44","96.926","36.661","0","24.675","23.05","22.98","None"
"2025-09-03","2:23:49.534 PM","25.44","96.927","36.684","0","24.675","23.13","22.98","None"
"2025-09-03","2:23:49.785 PM","25.44","96.927","36.684","0","24.675","23.13","23.05","None"
"2025-09-03","2:23:50.035 PM","25.44","96.923","36.661","0","24.665","23.13","23.05","None"
"2025-09-03","2:23:50.315 PM","25.44","96.923","36.661","0","24.665","23.16","23.05","None"
"2025-09-03","2:23:50.544 PM","25.44","96.923","36.661","0","24.665","23.16","23.07","None"
"2025-09-03","2:23:50.791 PM","25.44","96.925","36.661","0","24.68","23.16","23.07","None"
"2025-09-03","2:23:51.035 PM","25.44","96.925","36.661","0","24.68","23.05","23.07","None"
"2025-09-03","2:23:51.294 PM","25.44","96.925","36.661","0","24.68","23.05","23.08","None"
"2025-09-03","2:23:51.543 PM","25.44","96.926","36.667","0","24.715","23.05","23.08","None"
"2025-09-03","2:23:51.793 PM","25.44","96.926","36.667","0","24.715","23.16","23.08","None"
"2025-09-03","2:23:52.044 PM","25.44","96.926","36.667","0","24.715","23.16","23.10","None"
"2025-09-03","2:23:52.292 PM","25.44","96.925","36.661","0","24.705","23.16","23.10","None"
"2025-09-03","2:23:52.551 PM","25.44","96.925","36.661","0","24.705","23.05","23.07","None"
"2025-09-03","2:23:52.793 PM","25.44","96.925","36.661","0","24.705","23.05","23.07","None"
"2025-09-03","2:23:53.047 PM","25.43","96.926","36.655","0","24.645","23.05","23.07","None"
"2025-09-03","2:23:53.294 PM","25.43","96.926","36.655","0","24.645","23.05","23.03","None"
"2025-09-03","2:23:53.570 PM","25.43","96.926","36.655","0","24.645","23.05","23.03","None"
"2025-09-03","2:23:53.840 PM","25.43","96.928","36.66","0","24.665","23.09","23.03","None"
"2025-09-03","2:23:54.107 PM","25.43","96.928","36.66","0","24.665","23.09","23.01","None"
"2025-09-03","2:23:54.409 PM","25.43","96.933","36.661","0","24.66","23.09","23.01","None"
"2025-09-03","2:23:54.625 PM","25.43","96.933","36.661","0","24.66","23.05","23.01","None"
"2025-09-03","2:23:54.875 PM","25.43","96.933","36.661","0","24.66","23.05","23.05","Argon"
"2025-09-03","2:23:55.124 PM","25.43","96.933","36.672","1.358","24.675","23.05","23.05","Argon"
"2025-09-03","2:23:55.376 PM","25.43","96.933","36.672","1.358","24.675","23.13","23.05","Argon"
"2025-09-03","2:23:55.659 PM","25.43","96.933","36.672","1.358","24.675","23.13","23.05","Argon"
"2025-09-03","2:23:55.907 PM","25.44","96.931","36.672","0.494","24.65","23.13","23.05","Argon"
"2025-09-03","2:23:56.173 PM","25.44","96.931","36.672","0.494","24.65","23.09","23.09","Argon"
"2025-09-03","2:23:56.426 PM","25.44","96.931","36.672","0.494","24.65","23.09","23.09","Argon"
"2025-09-03","2:23:56.675 PM","25.44","96.932","36.667","0.484","24.69","23.08","23.09","Argon"
"2025-09-03","2:23:56.929 PM","25.44","96.932","36.667","0.484","24.69","23.08","22.94","Argon"
"2025-09-03","2:23:57.180 PM","25.44","96.932","36.667","0.484","24.69","23.08","22.94","Argon"
"2025-09-03","2:23:57.425 PM","25.44","96.932","36.673","0.477","24.635","23.02","22.94","Argon"
"2025-09-03","2:23:57.689 PM","25.44","96.932","36.673","0.477","24.635","23.02","23.05","Argon"
"2025-09-03","2:23:57.943 PM","25.44","96.931","36.673","0.477","24.635","23.02","23.05","Argon"
"2025-09-03","2:23:58.189 PM","25.44","96.931","36.673","0.472","24.655","23.16","23.05","Argon"
"2025-09-03","2:23:58.478 PM","25.44","96.931","36.673","0.472","24.655","23.16","23.16","Argon"
"2025-09-03","2:23:58.697 PM","25.44","96.93","36.656","0.468","24.7","23.16","23.16","Argon"
"2025-09-03","2:23:58.947 PM","25.44","96.93","36.656","0.468","24.7","23.07","23.16","Argon"
"2025-09-03","2:23:59.196 PM","25.44","96.93","36.656","0.468","24.7","23.07","23.07","Argon"
"2025-09-03","2:23:59.447 PM","25.44","96.93","36.661","0.464","24.66","23.07","23.07","Argon"
"2025-09-03","2:23:59.712 PM","25.44","96.93","36.661","0.464","24.66","23.08","23.12","Argon"
"2025-09-03","2:23:59.977 PM","25.44","96.93","36.661","0.464","24.66","23.08","23.12","Argon"
"2025-09-03","2:24:00.228 PM","25.44","96.929","36.661","0.46","24.67","23.08","23.12","Argon"
"2025-09-03","2:24:00.480 PM","25.44","96.929","36.661","0.46","24.67","23.10","23.02","Argon"
"2025-09-03","2:24:00.731 PM","25.44","96.929","36.661","0.46","24.67","23.10","23.02","Argon"
"2025-09-03","2:24:00.985 PM","25.44","96.931","36.667","0.457","24.7","23.10","23.02","Argon"
"2025-09-03","2:24:01.244 PM","25.44","96.931","36.667","0.457","24.7","23.13","23.08","Argon"
"2025-09-03","2:24:01.494 PM","25.44","96.931","36.667","0.457","24.7","23.13","23.08","Argon"
"2025-09-03","2:24:01.743 PM","25.44","96.93","36.656","0.454","24.605","23.14","23.08","Argon"
"2025-09-03","2:24:02.005 PM","25.44","96.93","36.656","0.454","24.605","23.14","22.96","Argon"
"2025-09-03","2:24:02.280 PM","25.44","96.929","36.662","0.451","24.595","23.14","22.96","Argon"
"2025-09-03","2:24:02.530 PM","25.44","96.929","36.662","0.451","24.595","23.05","22.96","Argon"
"2025-09-03","2:24:02.836 PM","25.44","96.929","36.662","0.451","24.595","23.05","23.14","Argon"
"2025-09-03","2:24:03.069 PM","25.44","96.929","36.662","0.448","24.695","23.05","23.14","Argon"
"2025-09-03","2:24:03.318 PM","25.44","96.929","36.662","0.448","24.695","23.02","22.99","Argon"
"2025-09-03","2:24:03.567 PM","25.44","96.929","36.662","0.448","24.695","23.02","22.99","Argon"
"2025-09-03","2:24:03.817 PM","25.45","96.927","36.662","0.446","24.7","23.02","22.99","Argon"
"2025-09-03","2:24:04.069 PM","25.45","96.927","36.662","0.446","24.7","23.07","22.98","Argon"
"2025-09-03","2:24:04.316 PM","25.45","96.927","36.662","0.446","24.7","23.07","22.98","Argon"
"2025-09-03","2:24:04.569 PM","25.45","96.926","36.662","0.444","24.65","23.07","22.98","Argon"
"2025-09-03","2:24:04.817 PM","25.45","96.926","36.662","0.444","24.65","23.09","22.98","Argon"
"2025-09-03","2:24:05.069 PM","25.45","96.926","36.662","0.444","24.65","23.09","22.98","Argon"
"2025-09-03","2:24:05.342 PM","25.45","96.929","36.656","0.443","24.655","23.07","22.98","Argon"
"2025-09-03","2:24:05.567 PM","25.45","96.929","36.656","0.443","24.655","23.07","22.98","Argon"
"2025-09-03","2:24:05.825 PM","25.45","96.929","36.656","0.443","24.655","23.07","22.98","Argon"
"2025-09-03","2:24:06.069 PM","25.45","96.931","36.656","0.441","24.59","23.09","22.98","Argon"
"2025-09-03","2:24:06.332 PM","25.45","96.931","36.656","0.441","24.59","23.09","23.16","Argon"
"2025-09-03","2:24:06.587 PM","25.45","96.931","36.645","0.44","24.63","23.09","23.16","Argon"
"2025-09-03","2:24:06.835 PM","25.45","96.931","36.645","0.44","24.63","23.13","23.16","Argon"
"2025-09-03","2:24:07.146 PM","25.45","96.931","36.645","0.44","24.63","23.13","23.10","Argon"
"2025-09-03","2:24:07.353 PM","25.45","96.933","36.651","0.439","24.65","23.13","23.10","Argon"
"2025-09-03","2:24:07.603 PM","25.45","96.933","36.651","0.439","24.65","23.12","23.10","Argon"
"2025-09-03","2:24:07.869 PM","25.45","96.933","36.651","0.439","24.65","23.12","23.12","Argon"
"2025-09-03","2:24:08.101 PM","25.45","96.931","36.645","0.44","24.635","23.12","23.12","Argon"
"2025-09-03","2:24:08.352 PM","25.45","96.931","36.645","0.44","24.635","23.10","23.10","Argon"
"2025-09-03","2:24:08.618 PM","25.45","96.931","36.645","0.44","24.635","23.10","23.10","Argon"
"2025-09-03","2:24:08.869 PM","25.45","96.93","36.639","0.438","24.61","23.10","23.10","Argon"
"2025-09-03","2:24:09.117 PM","25.45","96.93","36.639","0.438","24.61","23.07","22.99","Argon"
"2025-09-03","2:24:09.365 PM","25.45","96.93","36.639","0.438","24.61","23.07","22.99","Argon"
"2025-09-03","2:24:09.622 PM","25.45","96.93","36.639","0.438","24.655","23.08","22.99","Argon"
"2025-09-03","2:24:09.869 PM","25.45","96.93","36.639","0.438","24.655","23.08","23.09","Argon"
"2025-09-03","2:24:10.115 PM","25.45","96.93","36.639","0.438","24.655","23.08","23.09","Argon"
"2025-09-03","2:24:10.370 PM","25.45","96.929","36.645","0.437","24.685","23.08","23.09","Argon"
"2025-09-03","2:24:10.617 PM","25.45","96.929","36.645","0.437","24.685","23.08","23.05","Argon"
"2025-09-03","2:24:10.883 PM","25.45","96.929","36.645","0.437","24.685","23.08","23.05","Argon"
"2025-09-03","2:24:11.163 PM","25.45","96.929","36.633","0.435","24.6","23.16","23.05","Argon"
"2025-09-03","2:24:11.390 PM","25.45","96.929","36.633","0.435","24.6","23.16","22.97","Argon"
"2025-09-03","2:24:11.634 PM","25.44","96.929","36.633","0.434","24.635","23.16","22.97","Argon"
"2025-09-03","2:24:11.886 PM","25.44","96.929","36.633","0.434","24.635","23.08","22.97","Argon"
"2025-09-03","2:24:12.150 PM","25.44","96.929","36.633","0.434","24.635","23.08","22.97","Argon"
"2025-09-03","2:24:12.404 PM","25.44","96.928","36.644","0.433","24.565","23.08","22.97","Argon"
"2025-09-03","2:24:12.650 PM","25.44","96.928","36.644","0.433","24.565","23.12","22.97","Argon"
"2025-09-03","2:24:12.913 PM","25.44","96.928","36.644","0.433","24.565","23.12","23.08","Argon"
"2025-09-03","2:24:13.179 PM","25.45","96.927","36.639","0.432","24.655","23.12","23.08","Argon"
"2025-09-03","2:24:13.410 PM","25.45","96.927","36.639","0.432","24.655","23.07","23.07","Argon"
"2025-09-03","2:24:13.677 PM","25.45","96.927","36.639","0.432","24.655","23.07","23.07","Argon"
"2025-09-03","2:24:13.919 PM","25.45","96.927","36.639","0.43","24.735","23.07","23.07","Argon"
"2025-09-03","2:24:14.169 PM","25.45","96.927","36.639","0.43","24.735","23.13","23.12","Argon"
"2025-09-03","2:24:14.420 PM","25.45","96.927","36.639","0.43","24.735","23.13","23.12","Argon"
"2025-09-03","2:24:14.666 PM","25.45","96.927","36.622","0.429","24.67","23.02","23.12","Argon"
"2025-09-03","2:24:14.920 PM","25.45","96.927","36.622","0.429","24.67","23.02","23.02","Argon"
"2025-09-03","2:24:15.169 PM","25.45","96.927","36.622","0.429","24.67","23.02","23.02","Argon"
"2025-09-03","2:24:15.454 PM","25.45","96.927","36.639","0.428","24.625","23.16","23.02","Argon"
"2025-09-03","2:24:15.672 PM","25.45","96.927","36.639","0.428","24.625","23.16","23.03","Argon"
"2025-09-03","2:24:15.925 PM","25.45","96.925","36.616","0.428","24.615","23.16","23.03","Argon"
"2025-09-03","2:24:16.174 PM","25.45","96.925","36.616","0.428","24.615","23.16","23.03","Argon"
"2025-09-03","2:24:16.425 PM","25.45","96.925","36.616","0.428","24.615","23.16","23.01","Argon"
"2025-09-03","2:24:16.673 PM","25.45","96.924","36.622","0.426","24.615","23.16","23.01","Argon"
"2025-09-03","2:24:16.923 PM","25.45","96.924","36.622","0.426","24.615","23.05","23.01","Argon"
"2025-09-03","2:24:17.173 PM","25.45","96.924","36.622","0.426","24.615","23.05","23.05","Argon"
"2025-09-03","2:24:17.426 PM","25.45","96.923","36.634","0.426","24.57","23.05","23.05","Argon"
"2025-09-03","2:24:17.676 PM","25.45","96.923","36.634","0.426","24.57","23.09","23.05","Argon"
"2025-09-03","2:24:17.929 PM","25.45","96.923","36.634","0.426","24.57","23.09","23.02","Argon"
"2025-09-03","2:24:18.174 PM","25.45","96.926","36.634","0.425","24.64","23.09","23.02","Argon"
"2025-09-03","2:24:18.425 PM","25.45","96.926","36.634","0.425","24.64","23.03","23.09","Argon"
"2025-09-03","2:24:18.675 PM","25.45","96.926","36.634","0.425","24.64","23.03","23.09","Argon"
"2025-09-03","2:24:18.925 PM","25.45","96.926","36.634","0.424","24.67","23.03","23.09","Argon"
"2025-09-03","2:24:19.188 PM","25.45","96.926","36.634","0.424","24.67","22.98","23.03","Argon"
"2025-09-03","2:24:19.472 PM","25.45","96.926","36.634","0.424","24.67","22.98","23.03","Argon"
"2025-09-03","2:24:19.694 PM","25.46","96.926","36.634","0.423","24.6","23.12","23.03","Argon"
"2025-09-03","2:24:19.945 PM","25.46","96.926","36.634","0.423","24.6","23.12","23.05","Argon"
"2025-09-03","2:24:20.190 PM","25.46","96.926","36.634","0.423","24.6","23.12","23.05","Argon"
"2025-09-03","2:24:20.445 PM","25.45","96.925","36.622","0.423","24.59","23.07","23.05","Argon"
"2025-09-03","2:24:20.692 PM","25.45","96.925","36.622","0.423","24.59","23.07","23.05","Argon"
"2025-09-03","2:24:20.960 PM","25.45","96.926","36.622","0.422","24.63","23.07","23.05","Argon"
"2025-09-03","2:24:21.209 PM","25.45","96.926","36.622","0.422","24.63","23.05","23.05","Argon"
"2025-09-03","2:24:21.459 PM","25.45","96.926","36.622","0.422","24.63","23.05","23.03","Argon"
"2025-09-03","2:24:21.710 PM","25.45","96.927","36.616","0.421","24.615","23.05","23.03","Argon"
"2025-09-03","2:24:21.964 PM","25.45","96.927","36.616","0.421","24.615","23.14","23.03","Argon"
"2025-09-03","2:24:22.225 PM","25.45","96.927","36.616","0.421","24.615","23.14","22.98","Argon"
"2025-09-03","2:24:22.479 PM","25.45","96.928","36.651","0.421","24.66","23.14","22.98","Argon"
"2025-09-03","2:24:22.724 PM","25.45","96.928","36.651","0.421","24.66","23.14","23.01","Argon"
"2025-09-03","2:24:22.981 PM","25.45","96.928","36.651","0.421","24.66","23.14","23.01","Argon"
"2025-09-03","2:24:23.224 PM","25.45","96.926","36.628","0.42","24.625","23.14","23.01","Argon"
"2025-09-03","2:24:23.478 PM","25.45","96.926","36.628","0.42","24.625","23.07","22.92","Argon"
"2025-09-03","2:24:23.756 PM","25.45","96.926","36.628","0.42","24.625","23.07","22.92","Argon"
"2025-09-03","2:24:23.998 PM","25.45","96.926","36.639","0.419","24.57","23.07","22.92","Argon"
"2025-09-03","2:24:24.247 PM","25.45","96.926","36.639","0.419","24.57","23.07","23.01","Argon"
"2025-09-03","2:24:24.496 PM","25.45","96.926","36.639","0.419","24.57","23.07","23.01","Argon"
"2025-09-03","2:24:24.747 PM","25.45","96.926","36.651","0.418","24.625","23.09","23.01","Argon"
"2025-09-03","2:24:24.996 PM","25.45","96.926","36.651","0.418","24.625","23.09","23.05","Argon"
"2025-09-03","2:24:25.256 PM","25.45","96.926","36.651","0.418","24.625","23.09","23.05","Argon"
"2025-09-03","2:24:25.511 PM","25.45","96.93","36.651","0","24.695","23.16","23.05","Argon"
"2025-09-03","2:24:25.760 PM","25.45","96.93","36.651","0","24.695","23.16","22.92","Argon"
"2025-09-03","2:24:26.013 PM","25.45","96.93","36.634","0","24.655","23.16","22.92","Argon"
"2025-09-03","2:24:26.266 PM","25.45","96.93","36.634","0","24.655","22.99","22.92","Argon"
"2025-09-03","2:24:26.513 PM","25.45","96.93","36.634","0","24.655","22.99","23.05","Argon"
"2025-09-03","2:24:26.761 PM","25.45","96.929","36.645","0","24.675","22.99","23.05","Argon"
"2025-09-03","2:24:27.033 PM","25.45","96.929","36.645","0","24.675","23.07","23.05","Argon"
"2025-09-03","2:24:27.287 PM","25.45","96.929","36.645","0","24.675","23.07","22.98","None"
"2025-09-03","2:24:27.532 PM","25.45","96.926","36.633","0","24.655","23.07","22.98","None"
"2025-09-03","2:24:27.827 PM","25.45","96.926","36.633","0","24.655","23.07","23.05","None"
"2025-09-03","2:24:28.038 PM","25.45","96.926","36.633","0","24.655","23.07","23.05","None"
"2025-09-03","2:24:28.307 PM","25.45","96.925","36.639","0","24.57","23.07","23.05","None"
"2025-09-03","2:24:28.568 PM","25.45","96.925","36.639","0","24.57","23.09","23.01","None"
"2025-09-03","2:24:28.834 PM","25.45","96.925","36.639","0","24.57","23.09","23.01","None"
"2025-09-03","2:24:29.101 PM","25.45","96.926","36.639","0","24.64","23.09","23.01","None"
"2025-09-03","2:24:29.360 PM","25.45","96.926","36.639","0","24.64","23.09","22.96","None"
"2025-09-03","2:24:29.634 PM","25.45","96.924","36.639","0","24.57","23.09","22.96","None"
"2025-09-03","2:24:29.889 PM","25.45","96.924","36.639","0","24.57","23.18","22.96","None"
"2025-09-03","2:24:30.137 PM","25.45","96.924","36.639","0","24.57","23.18","23.05","None"
"2025-09-03","2:24:30.413 PM","25.45","96.923","36.627","0","24.62","23.18","23.05","None"
"2025-09-03","2:24:30.665 PM","25.45","96.923","36.627","0","24.62","23.03","23.08","None"
"2025-09-03","2:24:30.937 PM","25.45","96.923","36.627","0","24.62","23.03","23.08","None"
"2025-09-03","2:24:31.191 PM","25.44","96.923","36.639","0","24.65","23.12","23.08","None"
"2025-09-03","2:24:31.462 PM","25.44","96.923","36.639","0","24.65","23.12","23.05","None"
"2025-09-03","2:24:31.701 PM","25.44","96.923","36.639","0","24.65","23.12","23.05","None"
"2025-09-03","2:24:31.958 PM","25.44","96.924","36.633","0","24.615","23.05","23.05","None"
"2025-09-03","2:24:32.242 PM","25.44","96.924","36.633","0","24.615","23.05","23.05","None"
"2025-09-03","2:24:32.479 PM","25.44","96.925","36.627","0","24.765","23.05","23.05","None"
"2025-09-03","2:24:32.730 PM","25.44","96.925","36.627","0","24.765","23.08","23.05","None"
"2025-09-03","2:24:33.007 PM","25.44","96.925","36.627","0","24.765","23.08","23.07","None"
"2025-09-03","2:24:33.258 PM","25.44","96.923","36.65","0","24.73","23.08","23.07","None"
"2025-09-03","2:24:33.510 PM","25.44","96.923","36.65","0","24.73","23.14","22.96","None"
"2025-09-03","2:24:33.770 PM","25.44","96.923","36.65","0","24.73","23.14","22.96","None"
"2025-09-03","2:24:34.026 PM","25.44","96.926","36.638","0","24.675","23.14","22.96","None"
"2025-09-03","2:24:34.277 PM","25.44","96.926","36.638","0","24.675","23.13","23.02","None"
"2025-09-03","2:24:34.524 PM","25.44","96.926","36.638","0","24.675","23.13","23.02","None"
"2025-09-03","2:24:34.778 PM","25.44","96.925","36.644","0","24.735","23.13","23.02","None"
"2025-09-03","2:24:35.025 PM","25.44","96.925","36.644","0","24.735","23.05","22.94","None"
"2025-09-03","2:24:35.272 PM","25.44","96.925","36.644","0","24.735","23.05","22.94","None"
"2025-09-03","2:24:35.526 PM","25.44","96.924","36.65","0","24.66","23.07","22.94","None"
"2025-09-03","2:24:35.774 PM","25.44","96.924","36.65","0","24.66","23.07","23.01","None"
"2025-09-03","2:24:36.030 PM","25.44","96.924","36.65","0","24.66","23.07","23.01","None"
"2025-09-03","2:24:36.342 PM","25.44","96.928","36.638","0","24.635","23.08","23.01","None"
"2025-09-03","2:24:36.537 PM","25.44","96.928","36.638","0","24.635","23.08","23.05","None"
"2025-09-03","2:24:36.796 PM","25.44","96.928","36.662","0","24.615","23.08","23.05","None"
"2025-09-03","2:24:37.044 PM","25.44","96.928","36.662","0","24.615","23.20","23.05","None"
"2025-09-03","2:24:37.294 PM","25.44","96.928","36.662","0","24.615","23.20","23.03","None"
"2025-09-03","2:24:37.541 PM","25.44","96.928","36.662","0","24.68","23.20","23.03","None"
"2025-09-03","2:24:37.794 PM","25.44","96.928","36.662","0","24.68","23.02","23.03","None"
"2025-09-03","2:24:38.048 PM","25.44","96.928","36.662","0","24.68","23.02","23.05","None"
"2025-09-03","2:24:38.311 PM","25.44","96.928","36.656","0","24.675","23.02","23.05","None"
"2025-09-03","2:24:38.575 PM","25.44","96.928","36.656","0","24.675","23.23","23.05","None"
"2025-09-03","2:24:38.830 PM","25.44","96.928","36.656","0","24.675","23.23","23.05","None"
"2025-09-03","2:24:39.077 PM","25.44","96.927","36.667","0","24.675","23.23","23.05","None"
"2025-09-03","2:24:39.325 PM","25.44","96.927","36.667","0","24.675","23.03","23.02","None"
"2025-09-03","2:24:39.574 PM","25.44","96.927","36.667","0","24.675","23.03","23.02","None"
"2025-09-03","2:24:39.827 PM","25.44","96.928","36.662","0","24.635","23.08","23.02","None"
"2025-09-03","2:24:40.075 PM","25.44","96.928","36.662","0","24.635","23.08","23.05","None"
"2025-09-03","2:24:40.326 PM","25.44","96.928","36.662","0","24.635","23.08","23.05","None"
"2025-09-03","2:24:40.646 PM","25.44","96.927","36.662","0","24.655","23.18","23.05","None"
"2025-09-03","2:24:40.839 PM","25.44","96.927","36.662","0","24.655","23.18","23.10","None"
"2025-09-03","2:24:41.103 PM","25.44","96.928","36.662","0","24.655","23.18","23.10","None"
"2025-09-03","2:24:41.337 PM","25.44","96.928","36.662","0","24.66","23.16","23.10","None"
"2025-09-03","2:24:41.593 PM","25.44","96.928","36.662","0","24.66","23.16","23.02","None"
"2025-09-03","2:24:41.843 PM","25.44","96.928","36.679","0","24.655","23.16","23.02","None"
"2025-09-03","2:24:42.090 PM","25.44","96.928","36.679","0","24.655","23.05","23.02","None"
"2025-09-03","2:24:42.344 PM","25.44","96.928","36.679","0","24.655","23.05","23.05","None"
"2025-09-03","2:24:42.590 PM","25.44","96.929","36.656","0","24.675","23.05","23.05","None"
"2025-09-03","2:24:42.843 PM","25.44","96.929","36.656","0","24.675","23.16","23.05","None"
"2025-09-03","2:24:43.095 PM","25.44","96.929","36.656","0","24.675","23.16","23.14","None"
"2025-09-03","2:24:43.344 PM","25.44","96.925","36.679","0","24.71","23.16","23.14","None"
"2025-09-03","2:24:43.596 PM","25.44","96.925","36.679","0","24.71","23.12","22.99","None"
"2025-09-03","2:24:43.868 PM","25.44","96.925","36.679","0","24.71","23.12","22.99","None"
"2025-09-03","2:24:44.096 PM","25.44","96.924","36.679","0","24.735","23.12","22.99","None"
"2025-09-03","2:24:44.343 PM","25.44","96.924","36.679","0","24.735","23.13","22.99","None"
"2025-09-03","2:24:44.598 PM","25.44","96.924","36.679","0","24.735","23.13","22.99","None"
"2025-09-03","2:24:44.901 PM","25.44","96.923","36.673","0","24.715","23.16","22.99","None"
"2025-09-03","2:24:45.117 PM","25.44","96.923","36.673","0","24.715","23.16","23.05","None"
"2025-09-03","2:24:45.364 PM","25.44","96.923","36.673","0","24.715","23.16","23.05","None"
"2025-09-03","2:24:45.613 PM","25.44","96.924","36.679","0","24.635","23.12","23.05","None"
"2025-09-03","2:24:45.863 PM","25.44","96.924","36.679","0","24.635","23.12","23.01","None"
"2025-09-03","2:24:46.114 PM","25.44","96.924","36.679","0","24.635","23.12","23.01","None"
"2025-09-03","2:24:46.365 PM","25.44","96.923","36.667","0","24.59","23.07","23.01","None"
"2025-09-03","2:24:46.610 PM","25.44","96.923","36.667","0","24.59","23.07","23.05","None"
"2025-09-03","2:24:46.867 PM","25.44","96.924","36.673","0","24.715","23.07","23.05","None"
"2025-09-03","2:24:47.134 PM","25.44","96.924","36.673","0","24.715","23.16","23.05","None"
"2025-09-03","2:24:47.384 PM","25.44","96.924","36.673","0","24.715","23.16","23.09","None"
"2025-09-03","2:24:47.629 PM","25.44","96.924","36.685","0","24.66","23.16","23.09","None"
"2025-09-03","2:24:47.880 PM","25.44","96.924","36.685","0","24.66","23.13","22.98","None"
"2025-09-03","2:24:48.131 PM","25.44","96.924","36.685","0","24.66","23.13","22.98","None"
"2025-09-03","2:24:48.377 PM","25.44","96.926","36.685","0","24.69","23.13","22.98","None"
"2025-09-03","2:24:48.629 PM","25.44","96.926","36.685","0","24.69","23.01","23.07","None"
"2025-09-03","2:24:48.911 PM","25.44","96.926","36.685","0","24.69","23.01","23.07","None"
"2025-09-03","2:24:49.153 PM","25.45","96.923","36.685","0","24.725","23.01","23.07","None"
"2025-09-03","2:24:49.401 PM","25.45","96.923","36.685","0","24.725","23.14","23.02","None"
"2025-09-03","2:24:49.651 PM","25.45","96.923","36.685","0","24.725","23.14","23.02","None"
"2025-09-03","2:24:49.914 PM","25.45","96.923","36.679","0","24.655","23.12","23.02","None"
"2025-09-03","2:24:50.167 PM","25.45","96.923","36.679","0","24.655","23.12","22.97","None"
"2025-09-03","2:24:50.412 PM","25.45","96.923","36.679","0","24.655","23.12","22.97","None"
"2025-09-03","2:24:50.662 PM","25.45","96.924","36.679","0","24.715","23.10","22.97","None"
"2025-09-03","2:24:50.914 PM","25.45","96.924","36.679","0","24.715","23.10","23.02","None"
"2025-09-03","2:24:51.164 PM","25.45","96.926","36.685","0","24.645","23.10","23.02","None"
"2025-09-03","2:24:51.422 PM","25.45","96.926","36.685","0","24.645","23.16","23.02","None"
"2025-09-03","2:24:51.679 PM","25.45","96.926","36.685","0","24.645","23.16","23.07","None"
"2025-09-03","2:24:51.930 PM","25.45","96.923","36.691","0","24.705","23.16","23.07","None"
"2025-09-03","2:24:52.180 PM","25.45","96.923","36.691","0","24.705","23.13","23.07","None"
"2025-09-03","2:24:52.432 PM","25.45","96.923","36.691","0","24.705","23.13","23.02","None"
"2025-09-03","2:24:52.680 PM","25.45","96.923","36.691","0","24.655","23.13","23.02","None"
"2025-09-03","2:24:52.932 PM","25.45","96.923","36.691","0","24.655","23.18","22.95","None"
"2025-09-03","2:24:53.218 PM","25.45","96.923","36.691","0","24.655","23.18","22.95","None"
"2025-09-03","2:24:53.453 PM","25.45","96.924","36.668","0","24.695","23.18","22.95","None"
"2025-09-03","2:24:53.703 PM","25.45","96.924","36.668","0","24.695","23.08","23.07","None"
"2025-09-03","2:24:53.949 PM","25.45","96.924","36.668","0","24.695","23.08","23.07","None"
"2025-09-03","2:24:54.199 PM","25.45","96.926","36.668","0","24.71","23.02","23.07","None"
"2025-09-03","2:24:54.451 PM","25.45","96.926","36.668","0","24.71","23.02","23.13","None"
"2025-09-03","2:24:54.696 PM","25.45","96.926","36.668","0","24.71","23.02","23.13","None"
"2025-09-03","2:24:54.952 PM","25.45","96.924","36.68","0","24.635","23.16","23.13","None"
"2025-09-03","2:24:55.200 PM","25.45","96.924","36.68","0","24.635","23.16","23.03","None"
"2025-09-03","2:24:55.468 PM","25.45","96.924","36.685","0","24.7","23.16","23.03","None"
"2025-09-03","2:24:55.727 PM","25.45","96.924","36.685","0","24.7","23.14","23.03","None"
"2025-09-03","2:24:55.968 PM","25.45","96.924","36.685","0","24.7","23.14","22.99","None"
"2025-09-03","2:24:56.215 PM","25.45","96.924","36.668","0","24.695","23.14","22.99","None"
"2025-09-03","2:24:56.483 PM","25.45","96.924","36.668","0","24.695","23.12","22.99","None"
"2025-09-03","2:24:56.736 PM","25.45","96.924","36.668","0","24.695","23.12","22.96","None"
"2025-09-03","2:24:56.984 PM","25.45","96.924","36.691","0","24.695","23.12","22.96","None"
"2025-09-03","2:24:57.272 PM","25.45","96.924","36.691","0","24.695","23.12","22.98","None"
"2025-09-03","2:24:57.517 PM","25.45","96.924","36.691","0","24.695","23.12","22.98","None"
"2025-09-03","2:24:57.738 PM","25.45","96.925","36.685","0","24.635","23.12","22.98","None"
"2025-09-03","2:24:57.986 PM","25.45","96.925","36.685","0","24.635","23.08","23.01","None"
"2025-09-03","2:24:58.236 PM","25.45","96.925","36.685","0","24.635","23.08","23.01","None"
"2025-09-03","2:24:58.488 PM","25.45","96.922","36.673","0","24.635","23.08","23.01","None"
"2025-09-03","2:24:58.736 PM","25.45","96.922","36.673","0","24.635","23.12","23.10","None"
"2025-09-03","2:24:58.986 PM","25.45","96.922","36.673","0","24.635","23.12","23.10","None"
"2025-09-03","2:24:59.237 PM","25.45","96.923","36.674","0","24.67","23.09","23.10","None"
"2025-09-03","2:24:59.491 PM","25.45","96.923","36.674","0","24.67","23.09","23.09","None"
"2025-09-03","2:24:59.749 PM","25.45","96.923","36.674","0","24.67","23.09","23.09","None"
"2025-09-03","2:25:00.013 PM","25.45","96.917","36.685","0","24.655","23.07","23.09","None"
"2025-09-03","2:25:00.249 PM","25.45","96.917","36.685","0","24.655","23.07","23.02","None"
"2025-09-03","2:25:00.500 PM","25.45","96.917","36.685","0","24.655","23.07","23.02","Nitrogen"
"2025-09-03","2:25:00.745 PM","25.45","96.916","36.685","2.321","24.695","23.14","23.02","Nitrogen"
"2025-09-03","2:25:01.002 PM","25.45","96.916","36.685","2.321","24.695","23.14","23.05","Nitrogen"
"2025-09-03","2:25:01.253 PM","25.45","96.919","36.685","1.498","24.655","23.14","23.05","Nitrogen"
"2025-09-03","2:25:01.501 PM","25.45","96.919","36.685","1.498","24.655","23.10","23.05","Nitrogen"
"2025-09-03","2:25:01.785 PM","25.45","96.919","36.685","1.498","24.655","23.10","23.01","Nitrogen"
"2025-09-03","2:25:02.010 PM","25.45","96.92","36.685","1.479","24.63","23.10","23.01","Nitrogen"
"2025-09-03","2:25:02.256 PM","25.45","96.92","36.685","1.479","24.63","23.09","23.01","Nitrogen"
"2025-09-03","2:25:02.503 PM","25.45","96.92","36.685","1.479","24.63","23.09","22.96","Nitrogen"
"2025-09-03","2:25:02.756 PM","25.45","96.922","36.685","1.467","24.595","23.09","22.96","Nitrogen"
"2025-09-03","2:25:03.010 PM","25.45","96.922","36.685","1.467","24.595","23.05","23.03","Nitrogen"
"2025-09-03","2:25:03.257 PM","25.45","96.922","36.685","1.467","24.595","23.05","23.03","Nitrogen"
"2025-09-03","2:25:03.506 PM","25.45","96.922","36.691","1.462","24.635","23.05","23.03","Nitrogen"
"2025-09-03","2:25:03.785 PM","25.45","96.922","36.691","1.462","24.635","23.08","22.97","Nitrogen"
"2025-09-03","2:25:04.013 PM","25.45","96.922","36.691","1.462","24.635","23.08","22.97","Nitrogen"
"2025-09-03","2:25:04.267 PM","25.45","96.921","36.685","1.46","24.635","22.99","22.97","Nitrogen"
"2025-09-03","2:25:04.510 PM","25.45","96.921","36.685","1.46","24.635","22.99","23.03","Nitrogen"
"2025-09-03","2:25:04.759 PM","25.45","96.921","36.685","1.46","24.635","22.99","23.03","Nitrogen"
"2025-09-03","2:25:05.011 PM","25.45","96.922","36.68","1.462","24.615","23.10","23.03","Nitrogen"
"2025-09-03","2:25:05.264 PM","25.45","96.922","36.68","1.462","24.615","23.10","22.97","Nitrogen"
"2025-09-03","2:25:05.511 PM","25.45","96.922","36.68","1.462","24.615","23.10","22.97","Nitrogen"
"2025-09-03","2:25:05.759 PM","25.45","96.922","36.674","1.46","24.635","23.08","22.97","Nitrogen"
"2025-09-03","2:25:06.044 PM","25.45","96.922","36.674","1.46","24.635","23.08","23.01","Nitrogen"
"2025-09-03","2:25:06.278 PM","25.45","96.923","36.68","1.456","24.655","23.08","23.01","Nitrogen"
"2025-09-03","2:25:06.524 PM","25.45","96.923","36.68","1.456","24.655","23.10","23.01","Nitrogen"
"2025-09-03","2:25:06.792 PM","25.45","96.923","36.68","1.456","24.655","23.10","23.03","Nitrogen"
"2025-09-03","2:25:07.044 PM","25.45","96.921","36.668","1.456","24.62","23.10","23.03","Nitrogen"
"2025-09-03","2:25:07.293 PM","25.45","96.921","36.668","1.456","24.62","23.16","23.03","Nitrogen"
"2025-09-03","2:25:07.544 PM","25.45","96.921","36.668","1.456","24.62","23.16","23.01","Nitrogen"
"2025-09-03","2:25:07.794 PM","25.45","96.922","36.68","1.452","24.55","23.16","23.01","Nitrogen"
"2025-09-03","2:25:08.045 PM","25.45","96.922","36.68","1.452","24.55","23.09","23.05","Nitrogen"
"2025-09-03","2:25:08.293 PM","25.45","96.922","36.68","1.452","24.55","23.09","23.05","Nitrogen"
"2025-09-03","2:25:08.562 PM","25.45","96.923","36.668","1.451","24.56","23.09","23.05","Nitrogen"
"2025-09-03","2:25:08.812 PM","25.45","96.923","36.668","1.451","24.56","23.12","22.97","Nitrogen"
"2025-09-03","2:25:09.063 PM","25.45","96.923","36.668","1.451","24.56","23.12","22.97","Nitrogen"
"2025-09-03","2:25:09.314 PM","25.45","96.924","36.668","1.445","24.59","23.13","22.97","Nitrogen"
"2025-09-03","2:25:09.566 PM","25.45","96.924","36.668","1.445","24.59","23.13","22.97","Nitrogen"
"2025-09-03","2:25:09.825 PM","25.45","96.924","36.668","1.445","24.59","23.13","22.97","Nitrogen"
"2025-09-03","2:25:10.090 PM","25.45","96.924","36.679","1.442","24.59","22.98","22.97","Nitrogen"
"2025-09-03","2:25:10.371 PM","25.45","96.924","36.679","1.442","24.59","22.98","23.02","Nitrogen"
"2025-09-03","2:25:10.596 PM","25.45","96.923","36.656","1.441","24.57","22.98","23.02","Nitrogen"
"2025-09-03","2:25:10.846 PM","25.45","96.923","36.656","1.441","24.57","23.13","23.02","Nitrogen"
"2025-09-03","2:25:11.092 PM","25.45","96.923","36.656","1.441","24.57","23.13","22.99","Nitrogen"
"2025-09-03","2:25:11.345 PM","25.45","96.924","36.633","1.438","24.53","23.13","22.99","Nitrogen"
"2025-09-03","2:25:11.592 PM","25.45","96.924","36.633","1.438","24.53","23.16","22.99","Nitrogen"
"2025-09-03","2:25:11.859 PM","25.45","96.924","36.633","1.438","24.53","23.16","22.88","Nitrogen"
"2025-09-03","2:25:12.109 PM","25.45","96.923","36.621","1.436","24.62","23.16","22.88","Nitrogen"
"2025-09-03","2:25:12.360 PM","25.45","96.923","36.621","1.436","24.62","23.13","23.01","Nitrogen"
"2025-09-03","2:25:12.612 PM","25.45","96.923","36.621","1.436","24.62","23.13","23.01","Nitrogen"
"2025-09-03","2:25:12.863 PM","25.45","96.923","36.593","1.435","24.605","23.13","23.01","Nitrogen"
"2025-09-03","2:25:13.110 PM","25.45","96.923","36.593","1.435","24.605","23.14","23.05","Nitrogen"
"2025-09-03","2:25:13.359 PM","25.45","96.923","36.593","1.435","24.605","23.14","23.05","Nitrogen"
"2025-09-03","2:25:13.626 PM","25.45","96.922","36.569","1.43","24.535","23.07","23.05","Nitrogen"
"2025-09-03","2:25:13.879 PM","25.45","96.922","36.569","1.43","24.535","23.07","22.98","Nitrogen"
"2025-09-03","2:25:14.125 PM","25.45","96.922","36.569","1.43","24.535","23.07","22.98","Nitrogen"
"2025-09-03","2:25:14.417 PM","25.45","96.923","36.552","1.429","24.53","23.07","22.98","Nitrogen"
"2025-09-03","2:25:14.635 PM","25.45","96.923","36.552","1.429","24.53","23.07","22.98","Nitrogen"
"2025-09-03","2:25:14.881 PM","25.45","96.924","36.524","1.427","24.585","23.07","22.98","Nitrogen"
"2025-09-03","2:25:15.130 PM","25.45","96.924","36.524","1.427","24.585","23.08","22.98","Nitrogen"
"2025-09-03","2:25:15.395 PM","25.45","96.924","36.524","1.427","24.585","23.08","23.01","Nitrogen"
"2025-09-03","2:25:15.646 PM","25.45","96.924","36.524","1.424","24.545","23.08","23.01","Nitrogen"
"2025-09-03","2:25:15.894 PM","25.45","96.924","36.524","1.424","24.545","23.16","23.01","Nitrogen"
"2025-09-03","2:25:16.145 PM","25.45","96.924","36.524","1.424","24.545","23.16","23.05","Nitrogen"
"2025-09-03","2:25:16.397 PM","25.45","96.924","36.501","1.424","24.57","23.16","23.05","Nitrogen"
"2025-09-03","2:25:16.648 PM","25.45","96.924","36.501","1.424","24.57","23.14","23.02","Nitrogen"
"2025-09-03","2:25:16.931 PM","25.45","96.924","36.501","1.424","24.57","23.14","23.02","Nitrogen"
"2025-09-03","2:25:17.184 PM","25.45","96.923","36.501","1.42","24.55","23.14","23.02","Nitrogen"
"2025-09-03","2:25:17.433 PM","25.45","96.923","36.501","1.42","24.55","23.13","22.99","Nitrogen"
"2025-09-03","2:25:17.682 PM","25.45","96.923","36.501","1.42","24.55","23.13","22.99","Nitrogen"
"2025-09-03","2:25:17.931 PM","25.45","96.925","36.489","1.421","24.54","23.08","22.99","Nitrogen"
"2025-09-03","2:25:18.199 PM","25.45","96.925","36.489","1.421","24.54","23.08","22.98","Nitrogen"
"2025-09-03","2:25:18.450 PM","25.45","96.925","36.489","1.421","24.54","23.08","22.98","Nitrogen"
"2025-09-03","2:25:18.729 PM","25.45","96.925","36.501","1.418","24.575","23.12","22.98","Nitrogen"
"2025-09-03","2:25:18.982 PM","25.45","96.925","36.501","1.418","24.575","23.12","22.96","Nitrogen"
"2025-09-03","2:25:19.231 PM","25.45","96.924","36.5","1.416","24.565","23.12","22.96","Nitrogen"
"2025-09-03","2:25:19.502 PM","25.45","96.924","36.5","1.416","24.565","23.05","22.96","Nitrogen"
"2025-09-03","2:25:19.750 PM","25.45","96.924","36.5","1.416","24.565","23.05","23.03","Nitrogen"
"2025-09-03","2:25:19.999 PM","25.45","96.924","36.517","1.415","24.545","23.05","23.03","Nitrogen"
"2025-09-03","2:25:20.249 PM","25.45","96.924","36.517","1.415","24.545","23.07","22.98","Nitrogen"
"2025-09-03","2:25:20.501 PM","25.45","96.924","36.517","1.415","24.545","23.07","22.98","Nitrogen"
"2025-09-03","2:25:20.750 PM","25.45","96.924","36.512","1.414","24.545","23.07","22.98","Nitrogen"
"2025-09-03","2:25:21.000 PM","25.45","96.924","36.512","1.414","24.545","23.16","22.98","Nitrogen"
"2025-09-03","2:25:21.273 PM","25.45","96.924","36.512","1.414","24.545","23.16","22.98","Nitrogen"
"2025-09-03","2:25:21.519 PM","25.45","96.924","36.518","1.411","24.55","23.07","22.98","Nitrogen"
"2025-09-03","2:25:21.767 PM","25.45","96.924","36.518","1.411","24.55","23.07","22.99","Nitrogen"
"2025-09-03","2:25:22.018 PM","25.45","96.924","36.518","1.411","24.55","23.07","22.99","Nitrogen"
"2025-09-03","2:25:22.269 PM","25.45","96.923","36.535","1.411","24.58","23.13","22.99","Nitrogen"
"2025-09-03","2:25:22.534 PM","25.45","96.923","36.535","1.411","24.58","23.13","23.03","Nitrogen"
"2025-09-03","2:25:22.789 PM","25.45","96.922","36.541","1.41","24.53","23.13","23.03","Nitrogen"
"2025-09-03","2:25:23.104 PM","25.45","96.922","36.541","1.41","24.53","23.08","23.03","Nitrogen"
"2025-09-03","2:25:23.328 PM","25.45","96.922","36.541","1.41","24.53","23.08","23.03","Nitrogen"
"2025-09-03","2:25:23.570 PM","25.45","96.922","36.541","1.408","24.505","23.08","23.03","Nitrogen"
"2025-09-03","2:25:23.820 PM","25.45","96.922","36.541","1.408","24.505","23.16","23.03","Nitrogen"
"2025-09-03","2:25:24.068 PM","25.45","96.922","36.541","1.408","24.505","23.16","22.96","Nitrogen"
"2025-09-03","2:25:24.322 PM","25.45","96.924","36.558","1.406","24.545","23.16","22.96","Nitrogen"
"2025-09-03","2:25:24.568 PM","25.45","96.924","36.558","1.406","24.545","23.05","23.08","Nitrogen"
"2025-09-03","2:25:24.819 PM","25.45","96.924","36.558","1.406","24.545","23.05","23.08","Nitrogen"
"2025-09-03","2:25:25.068 PM","25.45","96.925","36.558","1.405","24.555","23.05","23.08","Nitrogen"
"2025-09-03","2:25:25.325 PM","25.45","96.925","36.558","1.405","24.555","23.14","22.98","Nitrogen"
"2025-09-03","2:25:25.575 PM","25.45","96.925","36.558","1.405","24.555","23.14","22.98","Nitrogen"
"2025-09-03","2:25:25.822 PM","25.45","96.924","36.564","1.403","24.51","23.14","22.98","Nitrogen"
"2025-09-03","2:25:26.069 PM","25.45","96.924","36.564","1.403","24.51","23.16","22.97","Nitrogen"
"2025-09-03","2:25:26.322 PM","25.45","96.924","36.564","1.403","24.51","23.16","22.97","Nitrogen"
"2025-09-03","2:25:26.572 PM","25.45","96.925","36.564","1.402","24.54","23.08","22.97","Nitrogen"
"2025-09-03","2:25:26.825 PM","25.45","96.925","36.564","1.402","24.54","23.08","23.03","Nitrogen"
"2025-09-03","2:25:27.084 PM","25.45","96.925","36.564","1.402","24.54","23.08","23.03","Nitrogen"
"2025-09-03","2:25:27.360 PM","25.45","96.925","36.564","1.402","24.455","23.10","23.03","Nitrogen"
"2025-09-03","2:25:27.582 PM","25.45","96.925","36.564","1.402","24.455","23.10","22.97","Nitrogen"
"2025-09-03","2:25:27.829 PM","25.45","96.924","36.564","1.4","24.535","23.10","22.97","Nitrogen"
"2025-09-03","2:25:28.077 PM","25.45","96.924","36.564","1.4","24.535","23.10","22.97","Nitrogen"
"2025-09-03","2:25:28.327 PM","25.45","96.924","36.564","1.4","24.535","23.10","23.09","Nitrogen"
"2025-09-03","2:25:28.574 PM","25.45","96.924","36.564","1.401","24.565","23.10","23.09","Nitrogen"
"2025-09-03","2:25:28.827 PM","25.45","96.924","36.564","1.401","24.565","23.13","23.09","Nitrogen"
"2025-09-03","2:25:29.091 PM","25.45","96.924","36.564","1.401","24.565","23.13","23.08","Nitrogen"
"2025-09-03","2:25:29.344 PM","25.45","96.923","36.57","1.399","24.475","23.13","23.08","Nitrogen"
"2025-09-03","2:25:29.605 PM","25.45","96.923","36.57","1.399","24.475","23.09","23.01","Nitrogen"
"2025-09-03","2:25:29.865 PM","25.45","96.923","36.57","1.399","24.475","23.09","23.01","Nitrogen"
"2025-09-03","2:25:30.107 PM","25.45","96.923","36.576","1.398","24.575","23.09","23.01","Nitrogen"
"2025-09-03","2:25:30.363 PM","25.45","96.923","36.576","1.398","24.575","23.10","23.07","Nitrogen"
"2025-09-03","2:25:30.607 PM","25.45","96.923","36.576","1.398","24.575","23.10","23.07","Nitrogen"
"2025-09-03","2:25:30.866 PM","25.45","96.921","36.588","0","24.56","23.12","23.07","Nitrogen"
"2025-09-03","2:25:31.115 PM","25.45","96.921","36.588","0","24.56","23.12","22.98","Nitrogen"
"2025-09-03","2:25:31.399 PM","25.45","96.921","36.588","0","24.56","23.12","22.98","Nitrogen"
"2025-09-03","2:25:31.616 PM","25.46","96.924","36.588","0","24.59","23.25","22.98","Nitrogen"
"2025-09-03","2:25:31.867 PM","25.46","96.924","36.588","0","24.59","23.25","23.02","Nitrogen"
"2025-09-03","2:25:32.114 PM","25.46","96.924","36.588","0","24.59","23.25","23.02","Nitrogen"
"2025-09-03","2:25:32.377 PM","25.46","96.923","36.588","0","24.645","23.09","23.02","Nitrogen"
"2025-09-03","2:25:32.635 PM","25.46","96.923","36.588","0","24.645","23.09","23.03","None"
"2025-09-03","2:25:32.885 PM","25.46","96.922","36.582","0","24.58","23.09","23.03","None"
"2025-09-03","2:25:33.132 PM","25.46","96.922","36.582","0","24.58","23.16","23.03","None"
"2025-09-03","2:25:33.397 PM","25.46","96.922","36.582","0","24.58","23.16","23.02","None"
"2025-09-03","2:25:33.644 PM","25.45","96.922","36.593","0","24.58","23.16","23.02","None"
"2025-09-03","2:25:33.899 PM","25.45","96.922","36.593","0","24.58","23.16","23.02","None"
"2025-09-03","2:25:34.143 PM","25.45","96.922","36.593","0","24.58","23.16","22.98","None"
"2025-09-03","2:25:34.396 PM","25.45","96.92","36.605","0","24.6","23.16","22.98","None"
"2025-09-03","2:25:34.643 PM","25.45","96.92","36.605","0","24.6","23.16","22.98","None"
"2025-09-03","2:25:34.897 PM","25.45","96.92","36.605","0","24.6","23.16","22.98","None"
"2025-09-03","2:25:35.144 PM","25.45","96.921","36.599","0","24.555","23.16","22.98","None"
"2025-09-03","2:25:35.404 PM","25.45","96.921","36.599","0","24.555","23.18","23.01","None"
"2025-09-03","2:25:35.691 PM","25.45","96.921","36.599","0","24.555","23.18","23.01","None"
"2025-09-03","2:25:35.914 PM","25.45","96.923","36.599","0","24.555","23.05","23.01","None"
"2025-09-03","2:25:36.165 PM","25.45","96.923","36.599","0","24.555","23.05","23.02","Nitrogen"
"2025-09-03","2:25:36.412 PM","25.45","96.923","36.599","0","24.555","23.05","23.02","Nitrogen"
"2025-09-03","2:25:36.672 PM","25.45","96.922","36.616","1.432","24.61","23.05","23.02","Nitrogen"
"2025-09-03","2:25:36.915 PM","25.45","96.922","36.616","1.432","24.61","23.05","22.99","Nitrogen"
"2025-09-03","2:25:37.164 PM","25.45","96.922","36.616","1.432","24.61","23.05","22.99","Nitrogen"
"2025-09-03","2:25:37.416 PM","25.45","96.921","36.61","1.412","24.605","23.20","22.99","Nitrogen"
"2025-09-03","2:25:37.665 PM","25.45","96.921","36.61","1.412","24.605","23.20","23.03","Nitrogen"
"2025-09-03","2:25:37.938 PM","25.45","96.923","36.622","1.407","24.56","23.20","23.03","Nitrogen"
"2025-09-03","2:25:38.168 PM","25.45","96.923","36.622","1.407","24.56","23.16","23.03","Nitrogen"
"2025-09-03","2:25:38.448 PM","25.45","96.923","36.622","1.407","24.56","23.16","22.97","Nitrogen"
"2025-09-03","2:25:38.671 PM","25.45","96.923","36.628","1.404","24.53","23.16","22.97","Nitrogen"
"2025-09-03","2:25:38.937 PM","25.45","96.923","36.628","1.404","24.53","23.16","22.97","Nitrogen"
"2025-09-03","2:25:39.170 PM","25.45","96.923","36.628","1.404","24.53","23.16","23.03","Nitrogen"
"2025-09-03","2:25:39.439 PM","25.45","96.925","36.645","1.403","24.565","23.16","23.03","Nitrogen"
"2025-09-03","2:25:39.749 PM","25.45","96.925","36.645","1.403","24.565","23.16","22.96","Nitrogen"
"2025-09-03","2:25:39.952 PM","25.45","96.925","36.645","1.403","24.565","23.16","22.96","Nitrogen"
"2025-09-03","2:25:40.214 PM","25.45","96.922","36.645","1.401","24.59","23.13","22.96","Nitrogen"
"2025-09-03","2:25:40.483 PM","25.45","96.922","36.645","1.401","24.59","23.13","23.02","Nitrogen"
"2025-09-03","2:25:40.741 PM","25.45","96.922","36.645","1.401","24.59","23.13","23.02","Nitrogen"
"2025-09-03","2:25:41.002 PM","25.45","96.922","36.645","1.397","24.59","23.13","23.02","Nitrogen"
"2025-09-03","2:25:41.271 PM","25.45","96.922","36.645","1.397","24.59","23.13","22.96","Nitrogen"
"2025-09-03","2:25:41.526 PM","25.45","96.921","36.657","1.397","24.55","23.13","22.96","Nitrogen"
"2025-09-03","2:25:41.780 PM","25.45","96.921","36.657","1.397","24.55","23.09","22.96","Nitrogen"
"2025-09-03","2:25:42.037 PM","25.45","96.921","36.657","1.397","24.55","23.09","23.13","Nitrogen"
"2025-09-03","2:25:42.302 PM","25.45","96.922","36.674","1.394","24.59","23.09","23.13","Nitrogen"
"2025-09-03","2:25:42.551 PM","25.45","96.922","36.674","1.394","24.59","23.03","22.98","Nitrogen"
"2025-09-03","2:25:42.818 PM","25.45","96.922","36.674","1.394","24.59","23.03","22.98","Nitrogen"
"2025-09-03","2:25:43.067 PM","25.45","96.923","36.656","1.391","24.575","23.03","22.98","Nitrogen"
"2025-09-03","2:25:43.316 PM","25.45","96.923","36.656","1.391","24.575","23.18","22.97","Nitrogen"
"2025-09-03","2:25:43.565 PM","25.45","96.923","36.656","1.391","24.575","23.18","22.97","Nitrogen"
"2025-09-03","2:25:43.818 PM","25.45","96.922","36.679","1.388","24.495","23.09","22.97","Nitrogen"
"2025-09-03","2:25:44.101 PM","25.45","96.922","36.679","1.388","24.495","23.09","22.92","Nitrogen"
"2025-09-03","2:25:44.324 PM","25.45","96.922","36.679","1.388","24.495","23.09","22.92","Nitrogen"
"2025-09-03","2:25:44.573 PM","25.45","96.922","36.656","1.386","24.585","23.09","22.92","Nitrogen"
"2025-09-03","2:25:44.823 PM","25.45","96.922","36.656","1.386","24.585","23.09","22.99","Nitrogen"
"2025-09-03","2:25:45.070 PM","25.45","96.922","36.656","1.386","24.585","23.09","22.99","Nitrogen"
"2025-09-03","2:25:45.322 PM","25.45","96.92","36.651","1.382","24.52","23.10","22.99","Nitrogen"
"2025-09-03","2:25:45.570 PM","25.45","96.92","36.651","1.382","24.52","23.10","22.96","Nitrogen"
"2025-09-03","2:25:45.818 PM","25.45","96.923","36.651","1.381","24.53","23.10","22.96","Nitrogen"
"2025-09-03","2:25:46.071 PM","25.45","96.923","36.651","1.381","24.53","23.10","22.96","Nitrogen"
"2025-09-03","2:25:46.339 PM","25.45","96.923","36.651","1.381","24.53","23.10","22.97","Nitrogen"
"2025-09-03","2:25:46.583 PM","25.45","96.923","36.645","1.379","24.57","23.10","22.97","Nitrogen"
"2025-09-03","2:25:46.832 PM","25.45","96.923","36.645","1.379","24.57","23.14","22.97","Nitrogen"
"2025-09-03","2:25:47.083 PM","25.45","96.923","36.645","1.379","24.57","23.14","22.94","Nitrogen"
"2025-09-03","2:25:47.334 PM","25.45","96.923","36.634","1.378","24.56","23.14","22.94","Nitrogen"
"2025-09-03","2:25:47.585 PM","25.45","96.923","36.634","1.378","24.56","23.14","23.03","Nitrogen"
"2025-09-03","2:25:47.851 PM","25.45","96.923","36.634","1.378","24.56","23.14","23.03","Nitrogen"
"2025-09-03","2:25:48.102 PM","25.45","96.922","36.645","1.376","24.51","23.14","23.03","Nitrogen"
"2025-09-03","2:25:48.384 PM","25.45","96.922","36.645","1.376","24.51","23.05","23.02","Nitrogen"
"2025-09-03","2:25:48.608 PM","25.45","96.922","36.645","1.376","24.51","23.05","23.02","Nitrogen"
"2025-09-03","2:25:48.856 PM","25.45","96.922","36.616","1.377","24.53","23.05","23.02","Nitrogen"
"2025-09-03","2:25:49.105 PM","25.45","96.922","36.616","1.377","24.53","23.05","23.05","Nitrogen"
"2025-09-03","2:25:49.354 PM","25.45","96.922","36.616","1.377","24.53","23.05","23.05","Nitrogen"
"2025-09-03","2:25:49.605 PM","25.46","96.923","36.611","1.374","24.47","23.10","23.05","Nitrogen"
"2025-09-03","2:25:49.852 PM","25.46","96.923","36.611","1.374","24.47","23.10","22.98","Nitrogen"
"2025-09-03","2:25:50.104 PM","25.46","96.923","36.611","1.374","24.47","23.10","22.98","Nitrogen"
"2025-09-03","2:25:50.355 PM","25.46","96.923","36.594","1.374","24.525","23.16","22.98","Nitrogen"
"2025-09-03","2:25:50.616 PM","25.46","96.923","36.594","1.374","24.525","23.16","23.03","Nitrogen"
"2025-09-03","2:25:50.870 PM","25.46","96.923","36.582","1.374","24.54","23.16","23.03","Nitrogen"
"2025-09-03","2:25:51.119 PM","25.46","96.923","36.582","1.374","24.54","23.14","23.03","Nitrogen"
"2025-09-03","2:25:51.374 PM","25.46","96.923","36.582","1.374","24.54","23.14","22.98","Nitrogen"
"2025-09-03","2:25:51.619 PM","25.46","96.922","36.571","1.372","24.51","23.14","22.98","Nitrogen"
"2025-09-03","2:25:51.869 PM","25.46","96.922","36.571","1.372","24.51","23.08","22.98","Nitrogen"
"2025-09-03","2:25:52.120 PM","25.46","96.922","36.571","1.372","24.51","23.08","23.07","Nitrogen"
"2025-09-03","2:25:52.373 PM","25.46","96.923","36.553","1.372","24.585","23.08","23.07","Nitrogen"
"2025-09-03","2:25:52.659 PM","25.46","96.923","36.553","1.372","24.585","23.05","22.98","Nitrogen"
"2025-09-03","2:25:52.892 PM","25.46","96.923","36.553","1.372","24.585","23.05","22.98","Nitrogen"
"2025-09-03","2:25:53.144 PM","25.46","96.924","36.559","1.372","24.615","23.05","22.98","Nitrogen"
"2025-09-03","2:25:53.391 PM","25.46","96.924","36.559","1.372","24.615","23.12","23.01","Nitrogen"
"2025-09-03","2:25:53.639 PM","25.46","96.924","36.559","1.372","24.615","23.12","23.01","Nitrogen"
"2025-09-03","2:25:53.888 PM","25.46","96.923","36.542","1.371","24.55","23.18","23.01","Nitrogen"
"2025-09-03","2:25:54.143 PM","25.46","96.923","36.542","1.371","24.55","23.18","22.98","Nitrogen"
"2025-09-03","2:25:54.395 PM","25.46","96.923","36.542","1.371","24.55","23.18","22.98","Nitrogen"
"2025-09-03","2:25:54.655 PM","25.46","96.923","36.542","1.37","24.55","23.13","22.98","Nitrogen"
"2025-09-03","2:25:54.913 PM","25.46","96.923","36.542","1.37","24.55","23.13","22.98","Nitrogen"
"2025-09-03","2:25:55.157 PM","25.46","96.924","36.548","1.37","24.435","23.13","22.98","Nitrogen"
"2025-09-03","2:25:55.410 PM","25.46","96.924","36.548","1.37","24.435","23.14","22.98","Nitrogen"
"2025-09-03","2:25:55.657 PM","25.46","96.924","36.548","1.37","24.435","23.14","22.97","Nitrogen"
"2025-09-03","2:25:55.907 PM","25.46","96.923","36.548","1.369","24.445","23.14","22.97","Nitrogen"
"2025-09-03","2:25:56.158 PM","25.46","96.923","36.548","1.369","24.445","23.12","22.97","Nitrogen"
"2025-09-03","2:25:56.412 PM","25.46","96.923","36.548","1.369","24.445","23.12","22.91","Nitrogen"
"2025-09-03","2:25:56.690 PM","25.46","96.923","36.571","0","24.505","23.12","22.91","Nitrogen"
"2025-09-03","2:25:56.928 PM","25.46","96.923","36.571","0","24.505","23.10","23.08","Nitrogen"
"2025-09-03","2:25:57.178 PM","25.46","96.923","36.571","0","24.505","23.10","23.08","Nitrogen"
"2025-09-03","2:25:57.425 PM","25.46","96.921","36.553","0","24.545","23.10","23.08","Nitrogen"
"2025-09-03","2:25:57.687 PM","25.46","96.921","36.553","0","24.545","23.20","23.03","None"
"2025-09-03","2:25:57.930 PM","25.46","96.921","36.553","0","24.545","23.20","23.03","None"
"2025-09-03","2:25:58.182 PM","25.46","96.928","36.576","0","24.635","23.23","23.03","None"
"2025-09-03","2:25:58.433 PM","25.46","96.928","36.576","0","24.635","23.23","22.99","None"
"2025-09-03","2:25:58.684 PM","25.46","96.928","36.576","0","24.635","23.23","22.99","None"
"2025-09-03","2:25:58.937 PM","25.46","96.926","36.588","0","24.55","23.14","22.99","None"
"2025-09-03","2:25:59.185 PM","25.46","96.926","36.588","0","24.55","23.14","22.98","None"
"2025-09-03","2:25:59.449 PM","25.46","96.926","36.588","0","24.55","23.14","22.98","None"
"2025-09-03","2:25:59.693 PM","25.46","96.923","36.6","0","24.57","23.23","22.98","None"
"2025-09-03","2:25:59.951 PM","25.46","96.923","36.6","0","24.57","23.23","23.02","None"
"2025-09-03","2:26:00.211 PM","25.46","96.921","36.611","0","24.515","23.23","23.02","None"
"2025-09-03","2:26:00.461 PM","25.46","96.921","36.611","0","24.515","23.16","23.02","None"
"2025-09-03","2:26:00.714 PM","25.46","96.921","36.611","0","24.515","23.16","23.05","None"
"2025-09-03","2:26:00.993 PM","25.46","96.921","36.623","0","24.6","23.16","23.05","None"
"2025-09-03","2:26:01.224 PM","25.46","96.921","36.623","0","24.6","23.09","23.05","None"
"2025-09-03","2:26:01.471 PM","25.46","96.921","36.623","0","24.6","23.09","23.05","None"
"2025-09-03","2:26:01.726 PM","25.46","96.919","36.634","0","24.615","23.09","23.05","None"
"2025-09-03","2:26:01.970 PM","25.46","96.919","36.634","0","24.615","23.09","22.96","None"
"2025-09-03","2:26:02.227 PM","25.46","96.919","36.634","0","24.615","23.09","22.96","None"
"2025-09-03","2:26:02.471 PM","25.46","96.919","36.64","0","24.63","23.09","22.96","None"
"2025-09-03","2:26:02.722 PM","25.46","96.919","36.64","0","24.63","23.13","23.05","None"
"2025-09-03","2:26:02.971 PM","25.46","96.919","36.64","0","24.63","23.13","23.05","None"
"2025-09-03","2:26:03.227 PM","25.46","96.919","36.652","0","24.55","23.16","23.05","None"
"2025-09-03","2:26:03.489 PM","25.46","96.919","36.652","0","24.55","23.16","23.05","None"
"2025-09-03","2:26:03.736 PM","25.46","96.919","36.652","0","24.55","23.16","23.05","None"
"2025-09-03","2:26:03.997 PM","25.46","96.919","36.686","0","24.595","23.19","23.05","None"
"2025-09-03","2:26:04.250 PM","25.46","96.919","36.686","0","24.595","23.19","23.10","None"
"2025-09-03","2:26:04.508 PM","25.46","96.92","36.669","0","24.59","23.19","23.10","None"
"2025-09-03","2:26:04.754 PM","25.46","96.92","36.669","0","24.59","23.05","23.10","None"
"2025-09-03","2:26:05.001 PM","25.46","96.92","36.669","0","24.59","23.05","23.05","None"
"2025-09-03","2:26:05.301 PM","25.46","96.918","36.675","0","24.585","23.05","23.05","None"
"2025-09-03","2:26:05.524 PM","25.46","96.918","36.675","0","24.585","23.14","23.05","None"
"2025-09-03","2:26:05.772 PM","25.46","96.918","36.675","0","24.585","23.14","23.05","None"
"2025-09-03","2:26:06.021 PM","25.46","96.92","36.669","0","24.58","23.14","23.05","None"
"2025-09-03","2:26:06.275 PM","25.46","96.92","36.669","0","24.58","23.16","22.98","None"
"2025-09-03","2:26:06.526 PM","25.46","96.92","36.669","0","24.58","23.16","22.98","None"
"2025-09-03","2:26:06.777 PM","25.46","96.92","36.686","0","24.585","23.16","22.98","None"
"2025-09-03","2:26:07.026 PM","25.46","96.92","36.686","0","24.585","23.16","22.98","None"
"2025-09-03","2:26:07.298 PM","25.46","96.92","36.686","0","24.585","23.16","22.98","None"
"2025-09-03","2:26:07.527 PM","25.46","96.918","36.68","0","24.635","23.16","22.98","None"
"2025-09-03","2:26:07.790 PM","25.46","96.918","36.68","0","24.635","23.14","22.97","None"
"2025-09-03","2:26:08.041 PM","25.46","96.918","36.68","0","24.635","23.14","22.97","None"
"2025-09-03","2:26:08.309 PM","25.46","96.916","36.686","0","24.52","23.18","22.97","None"
"2025-09-03","2:26:08.560 PM","25.46","96.916","36.686","0","24.52","23.18","22.97","None"
"2025-09-03","2:26:08.808 PM","25.45","96.913","36.686","0","24.55","23.18","22.97","None"
"2025-09-03","2:26:09.076 PM","25.45","96.913","36.686","0","24.55","23.05","22.97","None"
"2025-09-03","2:26:09.369 PM","25.45","96.913","36.686","0","24.55","23.05","22.99","None"
"2025-09-03","2:26:09.580 PM","25.45","96.913","36.697","0","24.665","23.05","22.99","None"
"2025-09-03","2:26:09.833 PM","25.45","96.913","36.697","0","24.665","23.20","22.99","None"
"2025-09-03","2:26:10.091 PM","25.45","96.913","36.697","0","24.665","23.20","23.03","None"
"2025-09-03","2:26:10.339 PM","25.45","96.915","36.703","0","24.55","23.20","23.03","None"
"2025-09-03","2:26:10.591 PM","25.45","96.915","36.703","0","24.55","23.05","22.90","None"
"2025-09-03","2:26:10.839 PM","25.45","96.915","36.703","0","24.55","23.05","22.90","None"
"2025-09-03","2:26:11.089 PM","25.45","96.916","36.708","0","24.585","23.05","22.90","None"
"2025-09-03","2:26:11.347 PM","25.45","96.916","36.708","0","24.585","23.08","22.96","None"
"2025-09-03","2:26:11.589 PM","25.45","96.916","36.708","0","24.585","23.08","22.96","None"
"2025-09-03","2:26:11.841 PM","25.44","96.916","36.725","0","24.615","23.13","22.96","None"
"2025-09-03","2:26:12.099 PM","25.44","96.916","36.725","0","24.615","23.13","22.98","None"
"2025-09-03","2:26:12.346 PM","25.44","96.916","36.725","0","24.615","23.13","22.98","None"
"2025-09-03","2:26:12.599 PM","25.44","96.917","36.714","0","24.57","23.10","22.98","None"
"2025-09-03","2:26:12.843 PM","25.44","96.917","36.714","0","24.57","23.10","22.96","None"
"2025-09-03","2:26:13.100 PM","25.44","96.917","36.714","0","24.57","23.10","22.96","None"
"2025-09-03","2:26:13.367 PM","25.44","96.919","36.725","0","24.685","23.13","22.96","None"
"2025-09-03","2:26:13.643 PM","25.44","96.919","36.725","0","24.685","23.13","23.09","None"
"2025-09-03","2:26:13.870 PM","25.44","96.921","36.719","0","24.635","23.13","23.09","None"
"2025-09-03","2:26:14.110 PM","25.44","96.921","36.719","0","24.635","23.12","23.09","None"
"2025-09-03","2:26:14.362 PM","25.44","96.921","36.719","0","24.635","23.12","23.07","None"
"2025-09-03","2:26:14.609 PM","25.44","96.919","36.731","0","24.615","23.12","23.07","None"
"2025-09-03","2:26:14.863 PM","25.44","96.919","36.731","0","24.615","23.16","23.07","None"
"2025-09-03","2:26:15.110 PM","25.44","96.919","36.731","0","24.615","23.16","23.03","None"
"2025-09-03","2:26:15.368 PM","25.45","96.917","36.743","0","24.67","23.16","23.03","None"
"2025-09-03","2:26:15.613 PM","25.45","96.917","36.743","0","24.67","23.10","22.91","None"
"2025-09-03","2:26:15.864 PM","25.45","96.917","36.743","0","24.67","23.10","22.91","None"
"2025-09-03","2:26:16.108 PM","25.45","96.916","36.749","0","24.635","23.10","22.91","None"
"2025-09-03","2:26:16.369 PM","25.45","96.916","36.749","0","24.635","23.16","23.05","None"
"2025-09-03","2:26:16.635 PM","25.45","96.916","36.749","0","24.635","23.16","23.05","None"
"2025-09-03","2:26:16.866 PM","25.45","96.918","36.732","0","24.67","23.16","23.05","None"
"2025-09-03","2:26:17.123 PM","25.45","96.918","36.732","0","24.67","23.10","23.03","None"
"2025-09-03","2:26:17.371 PM","25.45","96.918","36.732","0","24.67","23.10","23.03","None"
"2025-09-03","2:26:17.644 PM","25.45","96.919","36.749","0","24.57","23.16","23.03","None"
"2025-09-03","2:26:17.904 PM","25.45","96.919","36.749","0","24.57","23.16","23.03","None"
"2025-09-03","2:26:18.132 PM","25.45","96.919","36.749","0","24.57","23.16","23.03","None"
"2025-09-03","2:26:18.379 PM","25.45","96.918","36.743","0","24.585","23.18","23.03","None"
"2025-09-03","2:26:18.628 PM","25.45","96.918","36.743","0","24.585","23.18","22.99","None"
"2025-09-03","2:26:18.876 PM","25.45","96.914","36.749","0","24.595","23.18","22.99","None"
"2025-09-03","2:26:19.135 PM","25.45","96.914","36.749","0","24.595","23.21","22.99","None"
"2025-09-03","2:26:19.379 PM","25.45","96.914","36.749","0","24.595","23.21","22.99","None"
"2025-09-03","2:26:19.630 PM","25.45","96.919","36.755","0","24.65","23.21","22.99","None"
"2025-09-03","2:26:19.881 PM","25.45","96.919","36.755","0","24.65","23.21","22.99","None"
"2025-09-03","2:26:20.129 PM","25.45","96.919","36.755","0","24.65","23.21","23.02","None"
"2025-09-03","2:26:20.379 PM","25.45","96.919","36.743","0","24.58","23.21","23.02","None"
"2025-09-03","2:26:20.639 PM","25.45","96.919","36.743","0","24.58","23.21","22.97","None"
"2025-09-03","2:26:20.892 PM","25.45","96.919","36.743","0","24.58","23.21","22.97","None"
"2025-09-03","2:26:21.140 PM","25.45","96.925","36.749","0","24.58","23.21","22.97","None"
"2025-09-03","2:26:21.398 PM","25.45","96.925","36.749","0","24.58","23.14","22.98","None"
"2025-09-03","2:26:21.642 PM","25.45","96.925","36.749","0","24.58","23.14","22.98","None"
"2025-09-03","2:26:21.903 PM","25.45","96.921","36.755","0","24.66","23.14","22.98","None"
"2025-09-03","2:26:22.181 PM","25.45","96.921","36.755","0","24.66","23.16","23.09","None"
"2025-09-03","2:26:22.416 PM","25.45","96.921","36.755","0","24.66","23.16","23.09","None"
"2025-09-03","2:26:22.668 PM","25.45","96.92","36.76","0","24.595","23.21","23.09","None"
"2025-09-03","2:26:22.915 PM","25.45","96.92","36.76","0","24.595","23.21","22.98","None"
"2025-09-03","2:26:23.164 PM","25.45","96.92","36.76","0","24.595","23.21","22.98","None"
"2025-09-03","2:26:23.415 PM","25.45","96.917","36.749","0","24.68","23.05","22.98","None"
"2025-09-03","2:26:23.677 PM","25.45","96.917","36.749","0","24.68","23.05","23.03","None"
"2025-09-03","2:26:23.932 PM","25.45","96.918","36.76","0","24.65","23.05","23.03","None"
"2025-09-03","2:26:24.183 PM","25.45","96.918","36.76","0","24.65","23.14","23.03","None"
"2025-09-03","2:26:24.430 PM","25.45","96.918","36.76","0","24.65","23.14","22.97","None"
"2025-09-03","2:26:24.678 PM","25.45","96.915","36.76","0","24.635","23.14","22.97","None"
"2025-09-03","2:26:24.946 PM","25.45","96.915","36.76","0","24.635","23.23","23.08","None"
"2025-09-03","2:26:25.197 PM","25.45","96.915","36.76","0","24.635","23.23","23.08","None"
"2025-09-03","2:26:25.447 PM","25.45","96.914","36.749","0","24.675","23.23","23.08","None"
"2025-09-03","2:26:25.695 PM","25.45","96.914","36.749","0","24.675","23.09","22.96","None"
"2025-09-03","2:26:25.943 PM","25.45","96.914","36.749","0","24.675","23.09","22.96","None"
"2025-09-03","2:26:26.264 PM","25.45","96.91","36.76","0","24.635","23.09","22.96","None"
"2025-09-03","2:26:26.506 PM","25.45","96.91","36.76","0","24.635","23.09","22.96","None"
"2025-09-03","2:26:26.747 PM","25.45","96.91","36.76","0","24.635","23.09","22.96","None"
"2025-09-03","2:26:27.016 PM","25.45","96.913","36.766","0","24.675","23.12","22.96","None"
"2025-09-03","2:26:27.269 PM","25.45","96.913","36.766","0","24.675","23.12","22.92","None"
"2025-09-03","2:26:27.514 PM","25.45","96.91","36.778","0","24.615","23.12","22.92","None"
"2025-09-03","2:26:27.768 PM","25.45","96.91","36.778","0","24.615","23.18","22.92","None"
"2025-09-03","2:26:28.016 PM","25.45","96.91","36.778","0","24.615","23.18","23.02","None"
"2025-09-03","2:26:28.276 PM","25.45","96.911","36.766","0","24.585","23.18","23.02","None"
"2025-09-03","2:26:28.517 PM","25.45","96.911","36.766","0","24.585","23.25","23.02","None"
"2025-09-03","2:26:28.771 PM","25.45","96.911","36.766","0","24.585","23.25","22.99","None"
"2025-09-03","2:26:29.034 PM","25.45","96.913","36.761","0","24.635","23.25","22.99","None"
"2025-09-03","2:26:29.285 PM","25.45","96.913","36.761","0","24.635","23.12","23.05","None"
"2025-09-03","2:26:29.790 PM","25.45","96.913","36.761","0","24.61","23.12","23.05","None"
"2025-09-03","2:26:29.816 PM","25.45","96.913","36.761","0","24.61","23.10","23.05","None"
"2025-09-03","2:26:30.065 PM","25.45","96.913","36.761","0","24.61","23.10","23.02","None"
"2025-09-03","2:26:30.325 PM","25.45","96.913","36.761","0","24.61","23.10","23.02","None"
"2025-09-03","2:26:30.616 PM","25.45","96.918","36.767","0","24.615","23.14","23.02","None"
"2025-09-03","2:26:30.843 PM","25.45","96.918","36.767","0","24.615","23.14","23.03","None"
"2025-09-03","2:26:31.087 PM","25.45","96.918","36.767","0","24.615","23.14","23.03","None"
"2025-09-03","2:26:31.353 PM","25.46","96.918","36.779","0","24.63","23.13","23.03","None"
"2025-09-03","2:26:31.605 PM","25.46","96.918","36.779","0","24.63","23.13","23.02","None"
"2025-09-03","2:26:31.857 PM","25.45","96.916","36.773","0","24.675","23.13","23.02","None"
"2025-09-03","2:26:32.104 PM","25.45","96.916","36.773","0","24.675","23.25","23.02","None"
"2025-09-03","2:26:32.362 PM","25.45","96.916","36.773","0","24.675","23.25","23.02","None"
"2025-09-03","2:26:32.604 PM","25.45","96.912","36.773","0","24.57","23.25","23.02","None"
"2025-09-03","2:26:32.854 PM","25.45","96.912","36.773","0","24.57","23.18","23.02","None"
"2025-09-03","2:26:33.106 PM","25.45","96.912","36.773","0","24.57","23.18","22.98","None"
"2025-09-03","2:26:33.397 PM","25.45","96.913","36.778","0","24.755","23.18","22.98","None"
"2025-09-03","2:26:33.607 PM","25.45","96.913","36.778","0","24.755","23.14","22.94","None"
"2025-09-03","2:26:33.857 PM","25.45","96.913","36.778","0","24.755","23.14","22.94","None"
"2025-09-03","2:26:34.108 PM","25.45","96.915","36.773","0","24.63","23.14","22.94","None"
"2025-09-03","2:26:34.363 PM","25.45","96.915","36.773","0","24.63","23.05","23.02","None"
"2025-09-03","2:26:34.607 PM","25.45","96.915","36.773","0","24.63","23.05","23.02","None"
"2025-09-03","2:26:34.888 PM","25.45","96.915","36.784","0","24.6","23.08","23.02","None"
"2025-09-03","2:26:35.111 PM","25.45","96.915","36.784","0","24.6","23.08","23.02","None"
"2025-09-03","2:26:35.361 PM","25.45","96.915","36.784","0","24.6","23.08","23.02","None"
"2025-09-03","2:26:35.623 PM","25.46","96.914","36.784","0","24.67","23.18","23.02","None"
"2025-09-03","2:26:35.884 PM","25.46","96.914","36.784","0","24.67","23.18","22.97","None"
"2025-09-03","2:26:36.117 PM","25.46","96.914","36.784","0","24.67","23.18","22.97","None"
"2025-09-03","2:26:36.385 PM","25.46","96.915","36.767","0","24.59","23.23","22.97","None"
"2025-09-03","2:26:36.615 PM","25.46","96.915","36.767","0","24.59","23.23","23.02","None"
"2025-09-03","2:26:36.874 PM","25.46","96.915","36.785","0","24.605","23.23","23.02","None"
"2025-09-03","2:26:37.127 PM","25.46","96.915","36.785","0","24.605","23.16","23.02","None"
"2025-09-03","2:26:37.395 PM","25.46","96.915","36.785","0","24.605","23.16","23.03","Natural Gas"
"2025-09-03","2:26:37.655 PM","25.46","96.917","36.779","0.662","24.655","23.16","23.03","Natural Gas"
"2025-09-03","2:26:37.924 PM","25.46","96.917","36.779","0.662","24.655","23.16","22.95","Natural Gas"
"2025-09-03","2:26:38.187 PM","25.46","96.917","36.779","0.662","24.655","23.16","22.95","Natural Gas"
"2025-09-03","2:26:38.461 PM","25.46","96.92","36.785","0.724","24.64","23.16","22.95","Natural Gas"
"2025-09-03","2:26:38.714 PM","25.46","96.92","36.785","0.724","24.64","23.16","23.01","Natural Gas"
"2025-09-03","2:26:39.005 PM","25.46","96.92","36.785","0.724","24.64","23.16","23.01","Natural Gas"
"2025-09-03","2:26:39.229 PM","25.46","96.919","36.779","0.735","24.55","23.21","23.01","Natural Gas"
"2025-09-03","2:26:39.479 PM","25.46","96.919","36.779","0.735","24.55","23.21","22.95","Natural Gas"
"2025-09-03","2:26:39.727 PM","25.47","96.919","36.78","0.743","24.645","23.21","22.95","Natural Gas"
"2025-09-03","2:26:39.992 PM","25.47","96.919","36.78","0.743","24.645","23.21","22.95","Natural Gas"
"2025-09-03","2:26:40.244 PM","25.47","96.919","36.78","0.743","24.645","23.21","22.96","Natural Gas"
"2025-09-03","2:26:40.494 PM","25.47","96.918","36.774","0.746","24.635","23.21","22.96","Natural Gas"
"2025-09-03","2:26:40.759 PM","25.47","96.918","36.774","0.746","24.635","23.14","22.96","Natural Gas"
"2025-09-03","2:26:40.998 PM","25.47","96.918","36.774","0.746","24.635","23.14","23.02","Natural Gas"
"2025-09-03","2:26:41.247 PM","25.47","96.919","36.762","0.748","24.61","23.14","23.02","Natural Gas"
"2025-09-03","2:26:41.503 PM","25.47","96.919","36.762","0.748","24.61","23.19","23.03","Natural Gas"
"2025-09-03","2:26:41.747 PM","25.47","96.919","36.762","0.748","24.61","23.19","23.03","Natural Gas"
"2025-09-03","2:26:42.009 PM","25.47","96.919","36.768","0.747","24.565","23.19","23.03","Natural Gas"
"2025-09-03","2:26:42.260 PM","25.47","96.919","36.768","0.747","24.565","23.16","22.97","Natural Gas"
"2025-09-03","2:26:42.511 PM","25.47","96.919","36.768","0.747","24.565","23.16","22.97","Natural Gas"
"2025-09-03","2:26:42.758 PM","25.47","96.92","36.774","0.748","24.63","23.16","22.97","Natural Gas"
"2025-09-03","2:26:43.041 PM","25.47","96.92","36.774","0.748","24.63","23.19","23.02","Natural Gas"
"2025-09-03","2:26:43.266 PM","25.47","96.92","36.774","0.748","24.63","23.19","23.02","Natural Gas"
"2025-09-03","2:26:43.515 PM","25.47","96.919","36.774","0.75","24.55","23.10","23.02","Natural Gas"
"2025-09-03","2:26:43.762 PM","25.47","96.919","36.774","0.75","24.55","23.10","23.02","Natural Gas"
"2025-09-03","2:26:44.014 PM","25.47","96.919","36.774","0.75","24.55","23.10","23.02","Natural Gas"
"2025-09-03","2:26:44.263 PM","25.47","96.92","36.78","0.753","24.55","23.12","23.02","Natural Gas"
"2025-09-03","2:26:44.514 PM","25.47","96.92","36.78","0.753","24.55","23.12","23.02","Natural Gas"
"2025-09-03","2:26:44.760 PM","25.47","96.921","36.768","0.754","24.575","23.12","23.02","Natural Gas"
"2025-09-03","2:26:45.015 PM","25.47","96.921","36.768","0.754","24.575","23.16","23.02","Natural Gas"
"2025-09-03","2:26:45.261 PM","25.47","96.921","36.768","0.754","24.575","23.16","22.97","Natural Gas"
"2025-09-03","2:26:45.519 PM","25.47","96.923","36.762","0.757","24.615","23.16","22.97","Natural Gas"
"2025-09-03","2:26:45.761 PM","25.47","96.923","36.762","0.757","24.615","23.19","22.97","Natural Gas"
"2025-09-03","2:26:46.014 PM","25.47","96.923","36.762","0.757","24.615","23.19","22.95","Natural Gas"
"2025-09-03","2:26:46.264 PM","25.47","96.923","36.768","0.76","24.615","23.19","22.95","Natural Gas"
"2025-09-03","2:26:46.513 PM","25.47","96.923","36.768","0.76","24.615","23.14","22.95","Natural Gas"
"2025-09-03","2:26:46.762 PM","25.47","96.923","36.768","0.76","24.615","23.14","23.01","Natural Gas"
"2025-09-03","2:26:47.029 PM","25.47","96.924","36.757","0.761","24.65","23.14","23.01","Natural Gas"
"2025-09-03","2:26:47.318 PM","25.47","96.924","36.757","0.761","24.65","23.16","22.98","Natural Gas"
"2025-09-03","2:26:47.534 PM","25.47","96.924","36.757","0.761","24.65","23.16","22.98","Natural Gas"
"2025-09-03","2:26:47.786 PM","25.47","96.923","36.757","0.763","24.55","23.16","22.98","Natural Gas"
"2025-09-03","2:26:48.056 PM","25.47","96.923","36.757","0.763","24.55","23.14","23.10","Natural Gas"
"2025-09-03","2:26:48.315 PM","25.47","96.923","36.757","0.763","24.55","23.14","23.10","Natural Gas"
"2025-09-03","2:26:48.562 PM","25.48","96.923","36.74","0.764","24.57","23.21","23.10","Natural Gas"
"2025-09-03","2:26:48.817 PM","25.48","96.923","36.74","0.764","24.57","23.21","22.97","Natural Gas"
"2025-09-03","2:26:49.063 PM","25.48","96.923","36.74","0.764","24.57","23.21","22.97","Natural Gas"
"2025-09-03","2:26:49.318 PM","25.48","96.921","36.729","0.766","24.59","23.21","22.97","Natural Gas"
"2025-09-03","2:26:49.563 PM","25.48","96.921","36.729","0.766","24.59","23.21","22.99","Natural Gas"
"2025-09-03","2:26:49.822 PM","25.48","96.922","36.734","0.767","24.54","23.21","22.99","Natural Gas"
"2025-09-03","2:26:50.065 PM","25.48","96.922","36.734","0.767","24.54","23.20","22.99","Natural Gas"
"2025-09-03","2:26:50.320 PM","25.48","96.922","36.734","0.767","24.54","23.20","23.02","Natural Gas"
"2025-09-03","2:26:50.567 PM","25.48","96.922","36.723","0.768","24.605","23.20","23.02","Natural Gas"
"2025-09-03","2:26:50.821 PM","25.48","96.922","36.723","0.768","24.605","23.13","23.02","Natural Gas"
"2025-09-03","2:26:51.081 PM","25.48","96.922","36.723","0.768","24.605","23.13","22.97","Natural Gas"
"2025-09-03","2:26:51.367 PM","25.48","96.92","36.723","0.77","24.56","23.13","22.97","Natural Gas"
"2025-09-03","2:26:51.626 PM","25.48","96.92","36.723","0.77","24.56","23.05","23.08","Natural Gas"
"2025-09-03","2:26:51.859 PM","25.48","96.92","36.723","0.77","24.56","23.05","23.08","Natural Gas"
"2025-09-03","2:26:52.121 PM","25.48","96.921","36.717","0.77","24.525","23.18","23.08","Natural Gas"
"2025-09-03","2:26:52.367 PM","25.48","96.921","36.717","0.77","24.525","23.18","23.01","Natural Gas"
"2025-09-03","2:26:52.643 PM","25.48","96.921","36.717","0.77","24.525","23.18","23.01","Natural Gas"
"2025-09-03","2:26:52.881 PM","25.48","96.921","36.729","0.772","24.555","23.08","23.01","Natural Gas"
"2025-09-03","2:26:53.132 PM","25.48","96.921","36.729","0.772","24.555","23.08","23.03","Natural Gas"
"2025-09-03","2:26:53.393 PM","25.48","96.923","36.711","0.772","24.54","23.08","23.03","Natural Gas"
"2025-09-03","2:26:53.639 PM","25.48","96.923","36.711","0.772","24.54","23.16","23.03","Natural Gas"
"2025-09-03","2:26:53.892 PM","25.48","96.923","36.711","0.772","24.54","23.16","23.07","Natural Gas"
"2025-09-03","2:26:54.137 PM","25.48","96.923","36.734","0.773","24.485","23.16","23.07","Natural Gas"
"2025-09-03","2:26:54.393 PM","25.48","96.923","36.734","0.773","24.485","23.18","23.07","Natural Gas"
"2025-09-03","2:26:54.637 PM","25.48","96.923","36.734","0.773","24.485","23.18","22.96","Natural Gas"
"2025-09-03","2:26:54.890 PM","25.48","96.924","36.723","0.773","24.535","23.18","22.96","Natural Gas"
"2025-09-03","2:26:55.139 PM","25.48","96.924","36.723","0.773","24.535","23.16","22.96","Natural Gas"
"2025-09-03","2:26:55.390 PM","25.48","96.924","36.723","0.773","24.535","23.16","23.05","Natural Gas"
"2025-09-03","2:26:55.668 PM","25.48","96.923","36.729","0.773","24.57","23.16","23.05","Natural Gas"
"2025-09-03","2:26:55.893 PM","25.48","96.923","36.729","0.773","24.57","23.14","23.05","Natural Gas"
"2025-09-03","2:26:56.140 PM","25.48","96.923","36.729","0.773","24.57","23.14","23.05","Natural Gas"
"2025-09-03","2:26:56.392 PM","25.48","96.921","36.734","0.773","24.615","23.14","23.05","Natural Gas"
"2025-09-03","2:26:56.640 PM","25.48","96.921","36.734","0.773","24.615","23.18","23.07","Natural Gas"
"2025-09-03","2:26:56.893 PM","25.48","96.921","36.734","0.773","24.615","23.18","23.07","Natural Gas"
"2025-09-03","2:26:57.151 PM","25.48","96.921","36.74","0.773","24.575","23.16","23.07","Natural Gas"
"2025-09-03","2:26:57.405 PM","25.48","96.921","36.74","0.773","24.575","23.16","23.02","Natural Gas"
"2025-09-03","2:26:57.670 PM","25.48","96.921","36.74","0.773","24.575","23.16","23.02","Natural Gas"
"2025-09-03","2:26:57.921 PM","25.48","96.919","36.74","0","24.645","23.25","23.02","Natural Gas"
"2025-09-03","2:26:58.177 PM","25.48","96.919","36.74","0","24.645","23.25","23.05","Natural Gas"
"2025-09-03","2:26:58.426 PM","25.48","96.921","36.74","0","24.6","23.25","23.05","Natural Gas"
"2025-09-03","2:26:58.672 PM","25.48","96.921","36.74","0","24.6","23.12","23.05","Natural Gas"
"2025-09-03","2:26:58.923 PM","25.48","96.921","36.74","0","24.6","23.12","23.05","None"
"2025-09-03","2:26:59.172 PM","25.48","96.922","36.741","0","24.57","23.12","23.05","None"
"2025-09-03","2:26:59.470 PM","25.48","96.922","36.741","0","24.57","23.16","23.05","Natural Gas"
"2025-09-03","2:26:59.697 PM","25.48","96.922","36.741","0","24.57","23.16","22.98","Natural Gas"
"2025-09-03","2:26:59.938 PM","25.48","96.922","36.752","0.774","24.565","23.16","22.98","Natural Gas"
"2025-09-03","2:27:00.188 PM","25.48","96.922","36.752","0.774","24.565","23.16","22.98","Natural Gas"
"2025-09-03","2:27:00.442 PM","25.48","96.922","36.752","0.774","24.565","23.16","22.98","Natural Gas"
"2025-09-03","2:27:00.690 PM","25.48","96.919","36.729","0.774","24.51","23.16","22.98","Natural Gas"
"2025-09-03","2:27:00.940 PM","25.48","96.919","36.729","0.774","24.51","23.18","22.94","Natural Gas"
"2025-09-03","2:27:01.190 PM","25.48","96.919","36.729","0.774","24.51","23.18","22.94","Natural Gas"
"2025-09-03","2:27:01.478 PM","25.48","96.92","36.74","0.774","24.6","23.14","22.94","Natural Gas"
"2025-09-03","2:27:01.712 PM","25.48","96.92","36.74","0.774","24.6","23.14","22.96","Natural Gas"
"2025-09-03","2:27:01.963 PM","25.48","96.92","36.74","0.774","24.6","23.14","22.96","Natural Gas"
"2025-09-03","2:27:02.214 PM","25.48","96.919","36.74","0.773","24.57","23.20","22.96","Natural Gas"
"2025-09-03","2:27:02.463 PM","25.48","96.919","36.74","0.773","24.57","23.20","23.02","Natural Gas"
"2025-09-03","2:27:02.709 PM","25.48","96.919","36.74","0.773","24.57","23.20","23.02","Natural Gas"
"2025-09-03","2:27:02.980 PM","25.48","96.92","36.74","0.773","24.62","23.09","23.02","Natural Gas"
"2025-09-03","2:27:03.210 PM","25.48","96.92","36.74","0.773","24.62","23.09","23.02","Natural Gas"
"2025-09-03","2:27:03.469 PM","25.48","96.92","36.746","0.773","24.55","23.09","23.02","Natural Gas"
"2025-09-03","2:27:03.728 PM","25.48","96.92","36.746","0.773","24.55","23.16","23.02","Natural Gas"
"2025-09-03","2:27:04.006 PM","25.48","96.92","36.746","0.773","24.55","23.16","23.05","Natural Gas"
"2025-09-03","2:27:04.257 PM","25.48","96.921","36.747","0.773","24.535","23.16","23.05","Natural Gas"
"2025-09-03","2:27:04.510 PM","25.48","96.921","36.747","0.773","24.535","23.18","22.99","Natural Gas"
"2025-09-03","2:27:04.777 PM","25.48","96.921","36.747","0.773","24.535","23.18","22.99","Natural Gas"
"2025-09-03","2:27:05.038 PM","25.48","96.92","36.747","0.773","24.575","23.18","22.99","Natural Gas"
"2025-09-03","2:27:05.309 PM","25.48","96.92","36.747","0.773","24.575","23.12","22.99","Natural Gas"
"2025-09-03","2:27:05.568 PM","25.48","96.92","36.747","0.773","24.575","23.12","22.99","Natural Gas"
"2025-09-03","2:27:05.822 PM","25.48","96.92","36.741","0.773","24.6","23.16","22.99","Natural Gas"
"2025-09-03","2:27:06.073 PM","25.48","96.92","36.741","0.773","24.6","23.16","23.01","Natural Gas"
"2025-09-03","2:27:06.327 PM","25.49","96.918","36.747","0.773","24.555","23.16","23.01","Natural Gas"
"2025-09-03","2:27:06.577 PM","25.49","96.918","36.747","0.773","24.555","23.14","23.01","Natural Gas"
"2025-09-03","2:27:06.824 PM","25.49","96.918","36.747","0.773","24.555","23.14","23.01","Natural Gas"
"2025-09-03","2:27:07.075 PM","25.49","96.921","36.753","0.772","24.55","23.14","23.01","Natural Gas"
"2025-09-03","2:27:07.331 PM","25.49","96.921","36.753","0.772","24.55","23.08","23.01","Natural Gas"
"2025-09-03","2:27:07.577 PM","25.49","96.921","36.753","0.772","24.55","23.08","23.02","Natural Gas"
"2025-09-03","2:27:07.840 PM","25.49","96.921","36.753","0.773","24.58","23.08","23.02","Natural Gas"
"2025-09-03","2:27:08.102 PM","25.49","96.921","36.753","0.773","24.58","23.09","22.98","Natural Gas"
"2025-09-03","2:27:08.443 PM","25.49","96.921","36.753","0.773","24.58","23.09","22.98","Natural Gas"
"2025-09-03","2:27:08.645 PM","25.49","96.921","36.741","0.773","24.63","23.09","22.98","Natural Gas"
"2025-09-03","2:27:08.893 PM","25.49","96.921","36.741","0.773","24.63","23.14","22.97","Natural Gas"
"2025-09-03","2:27:09.144 PM","25.49","96.921","36.741","0.773","24.63","23.14","22.97","Natural Gas"
"2025-09-03","2:27:09.398 PM","25.49","96.922","36.758","0.772","24.595","23.18","22.97","Natural Gas"
"2025-09-03","2:27:09.645 PM","25.49","96.922","36.758","0.772","24.595","23.18","22.99","Natural Gas"
"2025-09-03","2:27:09.895 PM","25.49","96.922","36.758","0.772","24.595","23.18","22.99","Natural Gas"
"2025-09-03","2:27:10.147 PM","25.48","96.923","36.747","0.772","24.635","23.14","22.99","Natural Gas"
"2025-09-03","2:27:10.398 PM","25.48","96.923","36.747","0.772","24.635","23.14","23.01","Natural Gas"
"2025-09-03","2:27:10.647 PM","25.49","96.922","36.753","0.773","24.605","23.14","23.01","Natural Gas"
"2025-09-03","2:27:10.898 PM","25.49","96.922","36.753","0.773","24.605","23.12","23.01","Natural Gas"
"2025-09-03","2:27:11.147 PM","25.49","96.922","36.753","0.773","24.605","23.12","23.01","Natural Gas"
"2025-09-03","2:27:11.399 PM","25.49","96.919","36.753","0.772","24.535","23.12","23.01","Natural Gas"
"2025-09-03","2:27:11.645 PM","25.49","96.919","36.753","0.772","24.535","23.23","23.01","Natural Gas"
"2025-09-03","2:27:11.900 PM","25.49","96.919","36.753","0.772","24.535","23.23","23.08","Natural Gas"
"2025-09-03","2:27:12.162 PM","25.49","96.919","36.764","0.772","24.535","23.23","23.08","Natural Gas"
"2025-09-03","2:27:12.411 PM","25.49","96.919","36.764","0.772","24.535","23.16","22.97","Natural Gas"
"2025-09-03","2:27:12.708 PM","25.49","96.919","36.764","0.772","24.535","23.16","22.97","Natural Gas"
"2025-09-03","2:27:12.940 PM","25.49","96.919","36.764","0.772","24.59","23.16","22.97","Natural Gas"
"2025-09-03","2:27:13.206 PM","25.49","96.919","36.764","0.772","24.59","23.12","22.97","Natural Gas"
"2025-09-03","2:27:13.471 PM","25.49","96.919","36.764","0.772","24.59","23.12","22.97","Natural Gas"
"2025-09-03","2:27:13.717 PM","25.49","96.919","36.764","0.772","24.565","23.16","22.97","Natural Gas"
"2025-09-03","2:27:13.982 PM","25.49","96.919","36.764","0.772","24.565","23.16","22.98","Natural Gas"
"2025-09-03","2:27:14.236 PM","25.49","96.917","36.753","0.771","24.53","23.16","22.98","Natural Gas"
"2025-09-03","2:27:14.484 PM","25.49","96.917","36.753","0.771","24.53","23.08","22.98","Natural Gas"
"2025-09-03","2:27:14.733 PM","25.49","96.917","36.753","0.771","24.53","23.08","22.97","Natural Gas"
"2025-09-03","2:27:14.982 PM","25.49","96.917","36.764","0.772","24.595","23.08","22.97","Natural Gas"
"2025-09-03","2:27:15.250 PM","25.49","96.917","36.764","0.772","24.595","23.20","22.97","Natural Gas"
"2025-09-03","2:27:15.503 PM","25.49","96.917","36.764","0.772","24.595","23.20","22.99","Natural Gas"
"2025-09-03","2:27:15.751 PM","25.49","96.918","36.758","0.771","24.56","23.20","22.99","Natural Gas"
"2025-09-03","2:27:16.000 PM","25.49","96.918","36.758","0.771","24.56","23.16","22.99","Natural Gas"
"2025-09-03","2:27:16.250 PM","25.49","96.918","36.758","0.771","24.56","23.16","22.99","Natural Gas"
"2025-09-03","2:27:16.501 PM","25.49","96.919","36.764","0.772","24.56","23.16","22.99","Natural Gas"
"2025-09-03","2:27:16.780 PM","25.49","96.919","36.764","0.772","24.56","23.09","23.02","Natural Gas"
"2025-09-03","2:27:17.019 PM","25.49","96.919","36.764","0.772","24.56","23.09","23.02","Natural Gas"
"2025-09-03","2:27:17.270 PM","25.49","96.919","36.776","0.772","24.515","23.09","23.02","Natural Gas"
"2025-09-03","2:27:17.518 PM","25.49","96.919","36.776","0.772","24.515","23.10","23.03","Natural Gas"
"2025-09-03","2:27:17.772 PM","25.49","96.919","36.776","0.772","24.515","23.10","23.03","Natural Gas"
"2025-09-03","2:27:18.032 PM","25.49","96.919","36.776","0.771","24.57","23.16","23.03","Natural Gas"
"2025-09-03","2:27:18.286 PM","25.49","96.919","36.776","0.771","24.57","23.16","22.96","Natural Gas"
"2025-09-03","2:27:18.535 PM","25.49","96.919","36.776","0.771","24.57","23.16","22.96","Natural Gas"
"2025-09-03","2:27:18.785 PM","25.49","96.919","36.77","0.772","24.485","23.16","22.96","Natural Gas"
"2025-09-03","2:27:19.051 PM","25.49","96.919","36.77","0.772","24.485","23.16","23.01","Natural Gas"
"2025-09-03","2:27:19.309 PM","25.49","96.918","36.764","0.771","24.54","23.16","23.01","Natural Gas"
"2025-09-03","2:27:19.549 PM","25.49","96.918","36.764","0.771","24.54","23.14","23.01","Natural Gas"
"2025-09-03","2:27:19.803 PM","25.49","96.918","36.764","0.771","24.54","23.14","22.99","Natural Gas"
"2025-09-03","2:27:20.050 PM","25.49","96.918","36.782","0","24.55","23.14","22.99","Natural Gas"
"2025-09-03","2:27:20.300 PM","25.49","96.918","36.782","0","24.55","23.12","22.99","Natural Gas"
"2025-09-03","2:27:20.548 PM","25.49","96.918","36.782","0","24.55","23.12","23.12","Natural Gas"
"2025-09-03","2:27:20.835 PM","25.49","96.92","36.776","0","24.63","23.12","23.12","Natural Gas"
"2025-09-03","2:27:21.070 PM","25.49","96.92","36.776","0","24.63","23.08","22.99","None"
"2025-09-03","2:27:21.332 PM","25.49","96.92","36.776","0","24.63","23.08","22.99","None"
"2025-09-03","2:27:21.575 PM","25.49","96.92","36.77","0","24.565","23.08","22.99","None"
"2025-09-03","2:27:21.824 PM","25.49","96.92","36.77","0","24.565","23.14","23.01","None"
"2025-09-03","2:27:22.074 PM","25.49","96.92","36.77","0","24.565","23.14","23.01","None"
"2025-09-03","2:27:22.330 PM","25.49","96.917","36.793","0","24.53","23.18","23.01","None"
"2025-09-03","2:27:22.582 PM","25.49","96.917","36.793","0","24.53","23.18","23.01","None"
"2025-09-03","2:27:22.855 PM","25.49","96.917","36.793","0","24.53","23.18","23.01","None"
"2025-09-03","2:27:23.079 PM","25.49","96.918","36.776","0","24.59","23.20","23.01","None"
"2025-09-03","2:27:23.356 PM","25.49","96.918","36.776","0","24.59","23.20","22.95","None"
"2025-09-03","2:27:23.587 PM","25.49","96.923","36.787","0","24.605","23.20","22.95","None"
"2025-09-03","2:27:23.850 PM","25.49","96.923","36.787","0","24.605","23.16","22.95","None"
"2025-09-03","2:27:24.089 PM","25.49","96.923","36.787","0","24.605","23.16","22.99","None"
"2025-09-03","2:27:24.343 PM","25.48","96.921","36.758","0","24.66","23.16","22.99","None"
"2025-09-03","2:27:24.589 PM","25.48","96.921","36.758","0","24.66","23.12","22.99","None"
"2025-09-03","2:27:24.843 PM","25.48","96.921","36.758","0","24.66","23.12","23.02","None"
"2025-09-03","2:27:25.147 PM","25.48","96.922","36.787","0","24.575","23.12","23.02","None"
"2025-09-03","2:27:25.368 PM","25.48","96.922","36.787","0","24.575","23.18","22.99","None"
"2025-09-03","2:27:25.613 PM","25.48","96.922","36.787","0","24.575","23.18","22.99","None"
"2025-09-03","2:27:25.864 PM","25.48","96.921","36.787","0","24.62","23.18","22.99","None"
"2025-09-03","2:27:26.113 PM","25.48","96.921","36.787","0","24.62","23.16","23.02","None"
"2025-09-03","2:27:26.364 PM","25.48","96.921","36.787","0","24.62","23.16","23.02","None"
"2025-09-03","2:27:26.621 PM","25.48","96.921","36.792","0","24.61","23.16","23.02","None"
"2025-09-03","2:27:26.861 PM","25.48","96.921","36.792","0","24.61","23.12","23.01","None"
"2025-09-03","2:27:27.114 PM","25.48","96.921","36.792","0","24.61","23.12","23.01","None"
"2025-09-03","2:27:27.384 PM","25.48","96.923","36.787","0","24.605","23.19","23.01","None"
"2025-09-03","2:27:27.612 PM","25.48","96.923","36.787","0","24.605","23.19","22.98","None"
"2025-09-03","2:27:27.883 PM","25.48","96.923","36.787","0","24.605","23.19","22.98","None"
"2025-09-03","2:27:28.130 PM","25.48","96.924","36.798","0","24.57","23.19","22.98","None"
"2025-09-03","2:27:28.387 PM","25.48","96.924","36.798","0","24.57","23.19","22.97","None"
"2025-09-03","2:27:28.638 PM","25.48","96.921","36.792","0","24.61","23.19","22.97","None"
"2025-09-03","2:27:28.889 PM","25.48","96.921","36.792","0","24.61","23.23","22.97","None"
"2025-09-03","2:27:29.146 PM","25.48","96.921","36.792","0","24.61","23.23","23.05","None"
"2025-09-03","2:27:29.439 PM","25.47","96.918","36.786","-0.001","24.61","23.23","23.05","None"
"2025-09-03","2:27:29.654 PM","25.47","96.918","36.786","-0.001","24.61","23.18","23.05","None"
"2025-09-03","2:27:29.898 PM","25.47","96.918","36.786","-0.001","24.61","23.18","23.05","None"
"2025-09-03","2:27:30.151 PM","25.47","96.917","36.78","-0.001","24.665","23.18","23.05","None"
"2025-09-03","2:27:30.401 PM","25.47","96.917","36.78","-0.001","24.665","23.09","23.02","None"
"2025-09-03","2:27:30.652 PM","25.47","96.917","36.78","-0.001","24.665","23.09","23.02","None"
"2025-09-03","2:27:30.901 PM","25.47","96.916","36.803","-0.001","24.66","23.09","23.02","None"
"2025-09-03","2:27:31.152 PM","25.47","96.916","36.803","-0.001","24.66","23.13","23.05","None"
"2025-09-03","2:27:31.404 PM","25.47","96.916","36.803","-0.001","24.66","23.13","23.05","None"
"2025-09-03","2:27:31.650 PM","25.47","96.916","36.809","-0.001","24.555","23.13","23.05","None"
"2025-09-03","2:27:31.911 PM","25.47","96.916","36.809","-0.001","24.555","23.19","22.94","None"
"2025-09-03","2:27:32.150 PM","25.47","96.916","36.809","-0.001","24.555","23.19","22.94","None"
"2025-09-03","2:27:32.402 PM","25.47","96.916","36.809","-0.001","24.635","23.20","22.94","None"
"2025-09-03","2:27:32.654 PM","25.47","96.916","36.809","-0.001","24.635","23.20","22.96","None"
"2025-09-03","2:27:32.911 PM","25.47","96.916","36.809","-0.001","24.635","23.20","22.96","None"
"2025-09-03","2:27:33.165 PM","25.47","96.919","36.798","-0.001","24.64","23.16","22.96","None"
"2025-09-03","2:27:33.417 PM","25.47","96.919","36.798","-0.001","24.64","23.16","23.10","None"
"2025-09-03","2:27:33.715 PM","25.48","96.92","36.804","-0.001","24.59","23.16","23.10","None"
"2025-09-03","2:27:33.933 PM","25.48","96.92","36.804","-0.001","24.59","23.18","23.10","None"
"2025-09-03","2:27:34.186 PM","25.48","96.92","36.804","-0.001","24.59","23.18","23.05","None"
"2025-09-03","2:27:34.457 PM","25.48","96.917","36.792","-0.001","24.59","23.18","23.05","None"
"2025-09-03","2:27:34.699 PM","25.48","96.917","36.792","-0.001","24.59","23.18","23.02","None"
"2025-09-03","2:27:34.965 PM","25.48","96.917","36.792","-0.001","24.59","23.18","23.02","None"
"2025-09-03","2:27:35.228 PM","25.48","96.916","36.798","-0.001","24.63","23.18","23.02","None"
"2025-09-03","2:27:35.459 PM","25.48","96.916","36.798","-0.001","24.63","23.20","23.01","None"
"2025-09-03","2:27:35.728 PM","25.48","96.916","36.798","-0.001","24.63","23.20","23.01","None"
"2025-09-03","2:27:35.954 PM","25.48","96.916","36.804","-0.001","24.6","23.20","23.01","None"
"2025-09-03","2:27:36.215 PM","25.48","96.916","36.804","-0.001","24.6","23.19","22.91","None"
"2025-09-03","2:27:36.460 PM","25.48","96.916","36.804","-0.001","24.6","23.19","22.91","None"
"2025-09-03","2:27:36.730 PM","25.48","96.915","36.798","-0.001","24.585","23.10","22.91","None"
"2025-09-03","2:27:36.961 PM","25.48","96.915","36.798","-0.001","24.585","23.10","23.02","None"
"2025-09-03","2:27:37.221 PM","25.48","96.915","36.798","-0.001","24.585","23.10","23.02","None"
"2025-09-03","2:27:37.470 PM","25.48","96.916","36.798","-0.001","24.615","23.18","23.02","None"
"2025-09-03","2:27:37.769 PM","25.48","96.916","36.798","-0.001","24.615","23.18","22.95","None"
"2025-09-03","2:27:37.991 PM","25.48","96.912","36.792","-0.001","24.685","23.18","22.95","None"
"2025-09-03","2:27:38.237 PM","25.48","96.912","36.792","-0.001","24.685","23.12","22.95","None"
"2025-09-03","2:27:38.489 PM","25.48","96.912","36.792","-0.001","24.685","23.12","22.94","None"
"2025-09-03","2:27:38.738 PM","25.47","96.913","36.798","-0.001","24.65","23.12","22.94","None"
"2025-09-03","2:27:38.993 PM","25.47","96.913","36.798","-0.001","24.65","23.20","22.94","None"
"2025-09-03","2:27:39.237 PM","25.47","96.913","36.798","-0.001","24.65","23.20","22.92","None"
"2025-09-03","2:27:39.491 PM","25.47","96.913","36.815","-0.001","24.675","23.20","22.92","None"
"2025-09-03","2:27:39.755 PM","25.47","96.913","36.815","-0.001","24.675","23.13","22.96","None"
"2025-09-03","2:27:40.004 PM","25.47","96.913","36.815","-0.001","24.675","23.13","22.96","None"
"2025-09-03","2:27:40.255 PM","25.47","96.913","36.804","-0.001","24.63","23.13","22.96","None"
"2025-09-03","2:27:40.504 PM","25.47","96.913","36.804","-0.001","24.63","23.16","22.90","None"
"2025-09-03","2:27:40.760 PM","25.47","96.913","36.804","-0.001","24.63","23.16","22.90","None"
"2025-09-03","2:27:41.006 PM","25.48","96.914","36.804","-0.001","24.515","23.23","22.90","None"
"2025-09-03","2:27:41.258 PM","25.48","96.914","36.804","-0.001","24.515","23.23","22.99","None"
"2025-09-03","2:27:41.506 PM","25.48","96.914","36.804","-0.001","24.515","23.23","22.99","None"
"2025-09-03","2:27:41.753 PM","25.48","96.914","36.821","-0.001","24.675","23.18","22.99","None"
"2025-09-03","2:27:42.040 PM","25.48","96.914","36.821","-0.001","24.675","23.18","23.02","None"
"2025-09-03","2:27:42.263 PM","25.48","96.914","36.821","-0.001","24.675","23.18","23.02","None"
"2025-09-03","2:27:42.504 PM","25.48","96.914","36.815","-0.001","24.65","23.13","23.02","None"
"2025-09-03","2:27:42.757 PM","25.48","96.914","36.815","-0.001","24.65","23.13","23.05","None"
"2025-09-03","2:27:43.006 PM","25.48","96.915","36.821","-0.001","24.665","23.13","23.05","None"
"2025-09-03","2:27:43.257 PM","25.48","96.915","36.821","-0.001","24.665","23.16","23.05","None"
"2025-09-03","2:27:43.520 PM","25.48","96.915","36.821","-0.001","24.665","23.16","22.98","None"
"2025-09-03","2:27:43.771 PM","25.48","96.915","36.804","-0.001","24.615","23.16","22.98","None"
"2025-09-03","2:27:44.038 PM","25.48","96.915","36.804","-0.001","24.615","23.18","22.98","None"
"2025-09-03","2:27:44.295 PM","25.48","96.915","36.804","-0.001","24.615","23.18","23.01","None"
"2025-09-03","2:27:44.542 PM","25.48","96.912","36.816","-0.001","24.67","23.18","23.01","None"
"2025-09-03","2:27:44.800 PM","25.48","96.912","36.816","-0.001","24.67","23.25","22.94","None"
"2025-09-03","2:27:45.053 PM","25.48","96.912","36.816","-0.001","24.67","23.25","22.94","None"
"2025-09-03","2:27:45.302 PM","25.48","96.911","36.816","-0.001","24.695","23.25","22.94","None"
"2025-09-03","2:27:45.550 PM","25.48","96.911","36.816","-0.001","24.695","23.10","23.08","None"
"2025-09-03","2:27:45.801 PM","25.48","96.911","36.816","-0.001","24.695","23.10","23.08","None"
"2025-09-03","2:27:46.051 PM","25.48","96.909","36.81","-0.001","24.62","23.10","23.08","None"
"2025-09-03","2:27:46.335 PM","25.48","96.909","36.81","-0.001","24.62","23.10","22.98","None"
"2025-09-03","2:27:46.576 PM","25.48","96.909","36.81","-0.001","24.62","23.10","22.98","None"
"2025-09-03","2:27:46.821 PM","25.48","96.91","36.81","-0.001","24.665","23.20","22.98","None"
"2025-09-03","2:27:47.072 PM","25.48","96.91","36.81","-0.001","24.665","23.20","22.92","None"
"2025-09-03","2:27:47.324 PM","25.48","96.908","36.827","-0.001","24.605","23.20","22.92","None"
"2025-09-03","2:27:47.598 PM","25.48","96.908","36.827","-0.001","24.605","23.16","22.92","None"
"2025-09-03","2:27:47.858 PM","25.48","96.908","36.827","-0.001","24.605","23.16","22.97","None"
"2025-09-03","2:27:48.107 PM","25.48","96.912","36.816","-0.001","24.65","23.16","22.97","None"
"2025-09-03","2:27:48.372 PM","25.48","96.912","36.816","-0.001","24.65","23.14","22.99","None"
"2025-09-03","2:27:48.619 PM","25.48","96.912","36.816","-0.001","24.65","23.14","22.99","None"
"2025-09-03","2:27:48.877 PM","25.48","96.912","36.833","-0.001","24.655","23.14","22.99","None"
"2025-09-03","2:27:49.122 PM","25.48","96.912","36.833","-0.001","24.655","23.19","23.02","None"
"2025-09-03","2:27:49.374 PM","25.48","96.912","36.833","-0.001","24.655","23.19","23.02","None"
"2025-09-03","2:27:49.638 PM","25.48","96.912","36.827","-0.001","24.675","23.25","23.02","None"
"2025-09-03","2:27:49.890 PM","25.48","96.912","36.827","-0.001","24.675","23.25","22.98","None"
"2025-09-03","2:27:50.139 PM","25.48","96.912","36.827","-0.001","24.675","23.25","22.98","None"
"2025-09-03","2:27:50.395 PM","25.48","96.915","36.833","-0.001","24.63","23.10","22.98","None"
"2025-09-03","2:27:50.670 PM","25.48","96.915","36.833","-0.001","24.63","23.10","22.95","None"
"2025-09-03","2:27:50.895 PM","25.48","96.915","36.833","-0.001","24.63","23.10","22.95","None"
"2025-09-03","2:27:51.165 PM","25.47","96.917","36.844","-0.001","24.635","23.12","22.95","None"
"2025-09-03","2:27:51.417 PM","25.47","96.917","36.844","-0.001","24.635","23.12","23.01","None"
"2025-09-03","2:27:51.674 PM","25.48","96.916","36.827","-0.001","24.655","23.12","23.01","None"
"2025-09-03","2:27:51.926 PM","25.48","96.916","36.827","-0.001","24.655","23.14","23.01","None"
"2025-09-03","2:27:52.180 PM","25.48","96.916","36.827","-0.001","24.655","23.14","22.97","None"
"2025-09-03","2:27:52.429 PM","25.48","96.915","36.821","-0.001","24.655","23.14","22.97","None"
"2025-09-03","2:27:52.678 PM","25.48","96.915","36.821","-0.001","24.655","23.18","22.97","None"
"2025-09-03","2:27:52.928 PM","25.48","96.915","36.821","-0.001","24.655","23.18","22.97","None"
"2025-09-03","2:27:53.173 PM","25.48","96.915","36.839","-0.001","24.615","23.18","22.97","None"
"2025-09-03","2:27:53.432 PM","25.48","96.915","36.839","-0.001","24.615","23.20","23.02","None"
"2025-09-03","2:27:53.678 PM","25.48","96.915","36.839","-0.001","24.615","23.20","23.02","None"
"2025-09-03","2:27:53.935 PM","25.48","96.914","36.833","-0.001","24.665","23.20","23.02","None"
"2025-09-03","2:27:54.186 PM","25.48","96.914","36.833","-0.001","24.665","23.16","23.02","None"
"2025-09-03","2:27:54.433 PM","25.48","96.914","36.833","-0.001","24.665","23.16","23.02","None"
"2025-09-03","2:27:54.699 PM","25.48","96.915","36.845","-0.001","24.625","23.18","23.02","None"
"2025-09-03","2:27:54.968 PM","25.48","96.915","36.845","-0.001","24.625","23.18","22.97","None"
"2025-09-03","2:27:55.205 PM","25.48","96.915","36.845","-0.001","24.625","23.18","22.97","None"
"2025-09-03","2:27:55.438 PM","25.48","96.914","36.845","-0.001","24.6","23.21","22.97","None"
"2025-09-03","2:27:55.712 PM","25.48","96.914","36.845","-0.001","24.6","23.21","22.99","None"
"2025-09-03","2:27:55.967 PM","25.48","96.916","36.839","-0.001","24.685","23.21","22.99","None"
"2025-09-03","2:27:56.216 PM","25.48","96.916","36.839","-0.001","24.685","23.12","22.99","None"
"2025-09-03","2:27:56.482 PM","25.48","96.916","36.839","-0.001","24.685","23.12","23.05","None"
"2025-09-03","2:27:56.734 PM","25.49","96.918","36.839","-0.001","24.655","23.12","23.05","None"
"2025-09-03","2:27:56.985 PM","25.49","96.918","36.839","-0.001","24.655","23.19","22.97","None"
"2025-09-03","2:27:57.256 PM","25.49","96.918","36.839","-0.001","24.655","23.19","22.97","None"
"2025-09-03","2:27:57.524 PM","25.49","96.916","36.828","-0.001","24.66","23.19","22.97","None"
"2025-09-03","2:27:57.763 PM","25.49","96.916","36.828","-0.001","24.66","23.26","22.97","None"
"2025-09-03","2:27:58.012 PM","25.49","96.916","36.828","-0.001","24.66","23.26","22.97","None"
"2025-09-03","2:27:58.268 PM","25.49","96.916","36.834","-0.001","24.645","23.21","22.97","None"
"2025-09-03","2:27:58.513 PM","25.49","96.916","36.834","-0.001","24.645","23.21","23.02","None"
"2025-09-03","2:27:58.763 PM","25.49","96.916","36.834","-0.001","24.645","23.21","23.02","None"
"2025-09-03","2:27:59.045 PM","25.49","96.917","36.828","-0.001","24.68","23.27","23.02","None"
"2025-09-03","2:27:59.270 PM","25.49","96.917","36.828","-0.001","24.68","23.27","22.97","None"
"2025-09-03","2:27:59.518 PM","25.49","96.917","36.828","-0.001","24.68","23.27","22.97","None"
"2025-09-03","2:27:59.769 PM","25.49","96.916","36.84","-0.001","24.605","23.12","22.97","None"
"2025-09-03","2:28:00.016 PM","25.49","96.916","36.84","-0.001","24.605","23.12","23.07","None"
"2025-09-03","2:28:00.270 PM","25.49","96.916","36.852","-0.001","24.715","23.12","23.07","None"
"2025-09-03","2:28:00.516 PM","25.49","96.916","36.852","-0.001","24.715","23.10","23.07","None"
"2025-09-03","2:28:00.768 PM","25.49","96.916","36.852","-0.001","24.715","23.10","23.03","None"
"2025-09-03","2:28:01.018 PM","25.49","96.917","36.828","-0.001","24.645","23.10","23.03","None"
"2025-09-03","2:28:01.272 PM","25.49","96.917","36.828","-0.001","24.645","23.21","23.03","None"
"2025-09-03","2:28:01.526 PM","25.49","96.917","36.828","-0.001","24.645","23.21","22.96","None"
"2025-09-03","2:28:01.782 PM","25.49","96.916","36.834","-0.001","24.645","23.21","22.96","None"
"2025-09-03","2:28:02.034 PM","25.49","96.916","36.834","-0.001","24.645","23.18","23.05","None"
"2025-09-03","2:28:02.287 PM","25.49","96.916","36.834","-0.001","24.645","23.18","23.05","None"
"2025-09-03","2:28:02.549 PM","25.49","96.914","36.822","-0.001","24.635","23.18","23.05","None"
"2025-09-03","2:28:02.801 PM","25.49","96.914","36.822","-0.001","24.635","23.09","22.90","None"
"2025-09-03","2:28:03.105 PM","25.49","96.914","36.822","-0.001","24.635","23.09","22.90","None"
"2025-09-03","2:28:03.340 PM","25.49","96.916","36.828","-0.001","24.675","23.13","22.90","None"
"2025-09-03","2:28:03.583 PM","25.49","96.916","36.828","-0.001","24.675","23.13","23.02","None"
"2025-09-03","2:28:03.852 PM","25.49","96.916","36.834","-0.001","24.675","23.13","23.02","None"
"2025-09-03","2:28:04.104 PM","25.49","96.916","36.834","-0.001","24.675","23.21","23.02","None"
"2025-09-03","2:28:04.353 PM","25.49","96.916","36.834","-0.001","24.675","23.21","23.01","None"
"2025-09-03","2:28:04.603 PM","25.48","96.912","36.845","-0.001","24.68","23.21","23.01","None"
"2025-09-03","2:28:04.856 PM","25.48","96.912","36.845","-0.001","24.68","23.13","23.01","None"
"2025-09-03","2:28:05.104 PM","25.48","96.912","36.845","-0.001","24.68","23.13","23.03","None"
"2025-09-03","2:28:05.353 PM","25.48","96.918","36.845","-0.001","24.655","23.13","23.03","None"
"2025-09-03","2:28:05.611 PM","25.48","96.918","36.845","-0.001","24.655","23.19","23.03","None"
"2025-09-03","2:28:05.852 PM","25.48","96.918","36.845","-0.001","24.655","23.19","23.07","None"
"2025-09-03","2:28:06.107 PM","25.48","96.92","36.845","-0.001","24.66","23.19","23.07","None"
"2025-09-03","2:28:06.354 PM","25.48","96.92","36.845","-0.001","24.66","23.18","22.99","None"
"2025-09-03","2:28:06.611 PM","25.48","96.92","36.845","-0.001","24.66","23.18","22.99","None"
"2025-09-03","2:28:06.872 PM","25.48","96.918","36.833","-0.001","24.69","23.18","22.99","None"
"2025-09-03","2:28:07.118 PM","25.48","96.918","36.833","-0.001","24.69","23.14","23.03","None"
"2025-09-03","2:28:07.406 PM","25.48","96.918","36.833","-0.001","24.69","23.14","23.03","None"
"2025-09-03","2:28:07.624 PM","25.48","96.917","36.839","-0.001","24.66","23.10","23.03","None"
"2025-09-03","2:28:07.876 PM","25.48","96.917","36.839","-0.001","24.66","23.10","22.99","None"
"2025-09-03","2:28:08.123 PM","25.48","96.917","36.839","-0.001","24.66","23.10","22.99","None"
"2025-09-03","2:28:08.380 PM","25.48","96.922","36.833","-0.001","24.73","23.12","22.99","None"
"2025-09-03","2:28:08.628 PM","25.48","96.922","36.833","-0.001","24.73","23.12","23.02","None"
"2025-09-03","2:28:08.895 PM","25.48","96.919","36.845","-0.001","24.645","23.12","23.02","None"
"2025-09-03","2:28:09.166 PM","25.48","96.919","36.845","-0.001","24.645","23.16","23.02","None"
"2025-09-03","2:28:09.430 PM","25.48","96.919","36.845","-0.001","24.645","23.16","23.01","None"
"2025-09-03","2:28:09.694 PM","25.48","96.92","36.862","-0.001","24.685","23.16","23.01","None"
"2025-09-03","2:28:09.958 PM","25.48","96.92","36.862","-0.001","24.685","23.25","22.96","None"
"2025-09-03","2:28:10.223 PM","25.48","96.92","36.862","-0.001","24.685","23.25","22.96","None"
"2025-09-03","2:28:10.492 PM","25.48","96.918","36.833","-0.001","24.66","23.21","22.96","None"
"2025-09-03","2:28:10.742 PM","25.48","96.918","36.833","-0.001","24.66","23.21","23.02","None"
"2025-09-03","2:28:10.990 PM","25.48","96.918","36.833","-0.001","24.66","23.21","23.02","None"
"2025-09-03","2:28:11.243 PM","25.48","96.919","36.845","-0.001","24.68","23.25","23.02","None"
"2025-09-03","2:28:11.499 PM","25.48","96.919","36.845","-0.001","24.68","23.25","23.03","None"
"2025-09-03","2:28:11.771 PM","25.48","96.919","36.845","-0.001","24.68","23.25","23.03","None"
"2025-09-03","2:28:11.993 PM","25.48","96.917","36.845","-0.001","24.66","23.16","23.03","None"
"2025-09-03","2:28:12.242 PM","25.48","96.917","36.845","-0.001","24.66","23.16","22.97","None"
"2025-09-03","2:28:12.494 PM","25.48","96.917","36.839","-0.001","24.69","23.16","22.97","None"
"2025-09-03","2:28:12.758 PM","25.48","96.917","36.839","-0.001","24.69","23.21","22.97","None"
"2025-09-03","2:28:13.006 PM","25.48","96.917","36.839","-0.001","24.69","23.21","22.94","None"
"2025-09-03","2:28:13.258 PM","25.48","96.915","36.845","-0.001","24.68","23.21","22.94","None"
"2025-09-03","2:28:13.512 PM","25.48","96.915","36.845","-0.001","24.68","23.16","22.94","None"
"2025-09-03","2:28:13.758 PM","25.48","96.915","36.845","-0.001","24.68","23.16","23.05","None"
"2025-09-03","2:28:14.007 PM","25.49","96.916","36.839","-0.001","24.665","23.16","23.05","None"
"2025-09-03","2:28:14.258 PM","25.49","96.916","36.839","-0.001","24.665","23.19","23.03","None"
"2025-09-03","2:28:14.508 PM","25.49","96.916","36.839","-0.001","24.665","23.19","23.03","None"
"2025-09-03","2:28:14.758 PM","25.48","96.918","36.851","-0.001","24.655","23.19","23.03","None"
"2025-09-03","2:28:15.009 PM","25.48","96.918","36.851","-0.001","24.655","23.23","22.96","None"
"2025-09-03","2:28:15.273 PM","25.48","96.918","36.851","-0.001","24.655","23.23","22.96","None"
"2025-09-03","2:28:15.526 PM","25.48","96.919","36.862","-0.001","24.675","23.21","22.96","None"
"2025-09-03","2:28:15.774 PM","25.48","96.919","36.862","-0.001","24.675","23.21","23.08","None"
"2025-09-03","2:28:16.057 PM","25.48","96.919","36.862","-0.001","24.675","23.21","23.08","None"
"2025-09-03","2:28:16.284 PM","25.49","96.918","36.868","-0.001","24.66","23.18","23.08","None"
"2025-09-03","2:28:16.528 PM","25.49","96.918","36.868","-0.001","24.66","23.18","23.07","None"
"2025-09-03","2:28:16.780 PM","25.49","96.918","36.868","-0.001","24.66","23.18","23.07","None"
"2025-09-03","2:28:17.031 PM","25.49","96.917","36.863","-0.001","24.695","23.16","23.07","None"
"2025-09-03","2:28:17.280 PM","25.49","96.917","36.863","-0.001","24.695","23.16","23.01","None"
"2025-09-03","2:28:17.541 PM","25.49","96.915","36.845","-0.001","24.725","23.16","23.01","None"
"2025-09-03","2:28:17.794 PM","25.49","96.915","36.845","-0.001","24.725","23.19","23.01","None"
"2025-09-03","2:28:18.045 PM","25.49","96.915","36.845","-0.001","24.725","23.19","22.97","None"
"2025-09-03","2:28:18.298 PM","25.48","96.916","36.868","-0.001","24.625","23.19","22.97","None"
"2025-09-03","2:28:18.562 PM","25.48","96.916","36.868","-0.001","24.625","23.18","22.97","None"
"2025-09-03","2:28:18.817 PM","25.48","96.916","36.868","-0.001","24.625","23.18","22.97","None"
"2025-09-03","2:28:19.059 PM","25.48","96.918","36.857","-0.001","24.65","23.18","22.97","None"
"2025-09-03","2:28:19.322 PM","25.48","96.918","36.857","-0.001","24.65","23.18","22.99","None"
"2025-09-03","2:28:19.594 PM","25.48","96.918","36.857","-0.001","24.65","23.18","22.99","None"
"2025-09-03","2:28:19.849 PM","25.48","96.915","36.868","-0.001","24.685","23.23","22.99","None"
"2025-09-03","2:28:20.128 PM","25.48","96.915","36.868","-0.001","24.685","23.23","22.98","None"
"2025-09-03","2:28:20.371 PM","25.48","96.915","36.868","-0.001","24.685","23.23","22.98","None"
"2025-09-03","2:28:20.621 PM","25.49","96.914","36.863","-0.001","24.67","23.25","22.98","None"
"2025-09-03","2:28:20.897 PM","25.49","96.914","36.863","-0.001","24.67","23.25","22.99","None"
"2025-09-03","2:28:21.149 PM","25.49","96.918","36.868","-0.001","24.68","23.25","22.99","None"
"2025-09-03","2:28:21.399 PM","25.49","96.918","36.868","-0.001","24.68","23.16","22.99","None"
"2025-09-03","2:28:21.668 PM","25.49","96.918","36.868","-0.001","24.68","23.16","22.98","None"
"2025-09-03","2:28:21.917 PM","25.49","96.914","36.857","-0.001","24.61","23.16","22.98","None"
"2025-09-03","2:28:22.164 PM","25.49","96.914","36.857","-0.001","24.61","23.19","22.97","None"
"2025-09-03","2:28:22.433 PM","25.49","96.914","36.857","-0.001","24.61","23.19","22.97","None"
"2025-09-03","2:28:22.682 PM","25.49","96.915","36.869","-0.001","24.715","23.19","22.97","None"
"2025-09-03","2:28:22.930 PM","25.49","96.915","36.869","-0.001","24.715","23.25","22.92","None"
"2025-09-03","2:28:23.184 PM","25.49","96.915","36.869","-0.001","24.715","23.25","22.92","None"
"2025-09-03","2:28:23.431 PM","25.49","96.913","36.863","-0.001","24.71","23.16","22.92","None"
"2025-09-03","2:28:23.685 PM","25.49","96.913","36.863","-0.001","24.71","23.16","23.01","None"
"2025-09-03","2:28:23.931 PM","25.49","96.913","36.863","-0.001","24.71","23.16","23.01","None"
"2025-09-03","2:28:24.197 PM","25.49","96.914","36.851","-0.001","24.675","23.10","23.01","None"
"2025-09-03","2:28:24.484 PM","25.49","96.914","36.851","-0.001","24.675","23.10","22.99","None"
"2025-09-03","2:28:24.704 PM","25.49","96.914","36.874","-0.001","24.685","23.10","22.99","None"
"2025-09-03","2:28:24.952 PM","25.49","96.914","36.874","-0.001","24.685","23.18","22.99","None"
"2025-09-03","2:28:25.198 PM","25.49","96.914","36.874","-0.001","24.685","23.18","22.98","None"
"2025-09-03","2:28:25.452 PM","25.49","96.913","36.869","-0.001","24.66","23.18","22.98","None"
"2025-09-03","2:28:25.700 PM","25.49","96.913","36.869","-0.001","24.66","23.13","22.98","None"
"2025-09-03","2:28:25.955 PM","25.49","96.913","36.869","-0.001","24.66","23.13","22.92","None"
"2025-09-03","2:28:26.199 PM","25.49","96.912","36.875","-0.001","24.635","23.13","22.92","None"
"2025-09-03","2:28:26.453 PM","25.49","96.912","36.875","-0.001","24.635","23.18","22.92","None"
"2025-09-03","2:28:26.700 PM","25.49","96.912","36.875","-0.001","24.635","23.18","22.95","None"
"2025-09-03","2:28:26.951 PM","25.49","96.911","36.863","-0.001","24.665","23.18","22.95","None"
"2025-09-03","2:28:27.200 PM","25.49","96.911","36.863","-0.001","24.665","23.18","23.01","None"
"2025-09-03","2:28:27.456 PM","25.49","96.911","36.863","-0.001","24.665","23.18","23.01","None"
"2025-09-03","2:28:27.702 PM","25.49","96.92","36.857","-0.001","24.665","23.18","23.01","None"
"2025-09-03","2:28:27.960 PM","25.49","96.92","36.857","-0.001","24.665","23.13","22.90","None"
"2025-09-03","2:28:28.218 PM","25.49","96.92","36.857","-0.001","24.665","23.13","22.90","None"
"2025-09-03","2:28:28.505 PM","25.49","96.919","36.863","-0.001","24.655","23.16","22.90","None"
"2025-09-03","2:28:28.741 PM","25.49","96.919","36.863","-0.001","24.655","23.16","22.98","None"
"2025-09-03","2:28:29.000 PM","25.49","96.919","36.863","-0.001","24.655","23.16","22.98","None"
"2025-09-03","2:28:29.272 PM","25.48","96.918","36.862","-0.001","24.61","23.08","22.98","None"
"2025-09-03","2:28:29.532 PM","25.48","96.918","36.862","-0.001","24.61","23.08","22.94","None"
"2025-09-03","2:28:29.799 PM","25.48","96.917","36.862","-0.001","24.67","23.08","22.94","None"
"2025-09-03","2:28:30.059 PM","25.48","96.917","36.862","-0.001","24.67","23.16","22.96","None"
"2025-09-03","2:28:30.321 PM","25.48","96.917","36.862","-0.001","24.67","23.16","22.96","None"
"2025-09-03","2:28:30.568 PM","25.48","96.919","36.856","-0.001","24.66","23.16","22.96","None"
"2025-09-03","2:28:30.821 PM","25.48","96.919","36.856","-0.001","24.66","23.18","22.94","None"
"2025-09-03","2:28:31.069 PM","25.48","96.919","36.856","-0.001","24.66","23.18","22.94","None"
"2025-09-03","2:28:31.323 PM","25.48","96.916","36.862","-0.001","24.715","23.18","22.94","None"
"2025-09-03","2:28:31.570 PM","25.48","96.916","36.862","-0.001","24.715","23.12","22.97","None"
"2025-09-03","2:28:31.822 PM","25.48","96.916","36.862","-0.001","24.715","23.12","22.97","None"
"2025-09-03","2:28:32.073 PM","25.48","96.911","36.879","-0.001","24.63","23.16","22.97","None"
"2025-09-03","2:28:32.329 PM","25.48","96.911","36.879","-0.001","24.63","23.16","23.03","None"
"2025-09-03","2:28:32.585 PM","25.48","96.911","36.879","-0.001","24.63","23.16","23.03","None"
"2025-09-03","2:28:32.857 PM","25.48","96.915","36.873","-0.001","24.66","23.20","23.03","None"
"2025-09-03","2:28:33.095 PM","25.48","96.915","36.873","-0.001","24.66","23.20","22.96","None"
"2025-09-03","2:28:33.329 PM","25.47","96.921","36.867","-0.001","24.725","23.20","22.96","None"
"2025-09-03","2:28:33.576 PM","25.47","96.921","36.867","-0.001","24.725","23.10","22.96","None"
"2025-09-03","2:28:33.835 PM","25.47","96.921","36.867","-0.001","24.725","23.10","22.88","None"
"2025-09-03","2:28:34.090 PM","25.47","96.921","36.879","-0.001","24.67","23.10","22.88","None"
"2025-09-03","2:28:34.340 PM","25.47","96.921","36.879","-0.001","24.67","23.16","22.88","None"
"2025-09-03","2:28:34.590 PM","25.47","96.921","36.879","-0.001","24.67","23.16","22.97","None"
"2025-09-03","2:28:34.848 PM","25.47","96.919","36.885","-0.001","24.695","23.16","22.97","None"
"2025-09-03","2:28:35.090 PM","25.47","96.919","36.885","-0.001","24.695","23.16","22.95","None"
"2025-09-03","2:28:35.340 PM","25.47","96.919","36.885","-0.001","24.695","23.16","22.95","None"
"2025-09-03","2:28:35.589 PM","25.47","96.919","36.879","-0.001","24.66","23.16","22.95","None"
"2025-09-03","2:28:35.840 PM","25.47","96.919","36.879","-0.001","24.66","23.12","23.01","None"
"2025-09-03","2:28:36.091 PM","25.47","96.919","36.879","-0.001","24.66","23.12","23.01","None"
"2025-09-03","2:28:36.341 PM","25.48","96.919","36.891","-0.001","24.725","23.12","23.01","None"
"2025-09-03","2:28:36.592 PM","25.48","96.919","36.891","-0.001","24.725","23.08","22.99","None"
"2025-09-03","2:28:36.841 PM","25.48","96.919","36.891","-0.001","24.725","23.08","22.99","None"
"2025-09-03","2:28:37.123 PM","25.48","96.922","36.885","-0.001","24.695","23.16","22.99","None"
"2025-09-03","2:28:37.348 PM","25.48","96.922","36.885","-0.001","24.695","23.16","22.97","None"
"2025-09-03","2:28:37.598 PM","25.48","96.922","36.885","-0.001","24.695","23.16","22.97","None"
"2025-09-03","2:28:37.846 PM","25.48","96.922","36.879","-0.001","24.675","23.14","22.97","None"
"2025-09-03","2:28:38.108 PM","25.48","96.922","36.879","-0.001","24.675","23.14","22.90","None"
"2025-09-03","2:28:38.364 PM","25.48","96.92","36.868","-0.001","24.61","23.14","22.90","None"
"2025-09-03","2:28:38.608 PM","25.48","96.92","36.868","-0.001","24.61","23.18","22.90","None"
"2025-09-03","2:28:38.860 PM","25.48","96.92","36.868","-0.001","24.61","23.18","22.95","None"
"2025-09-03","2:28:39.107 PM","25.48","96.92","36.874","-0.001","24.715","23.18","22.95","None"
"2025-09-03","2:28:39.361 PM","25.48","96.92","36.874","-0.001","24.715","23.18","22.95","None"
"2025-09-03","2:28:39.608 PM","25.48","96.92","36.874","-0.001","24.715","23.18","22.98","None"
"2025-09-03","2:28:39.861 PM","25.48","96.92","36.879","-0.001","24.68","23.18","22.98","None"
"2025-09-03","2:28:40.111 PM","25.48","96.92","36.879","-0.001","24.68","23.18","22.98","None"
"2025-09-03","2:28:40.362 PM","25.48","96.92","36.879","-0.001","24.68","23.18","22.97","None"
"2025-09-03","2:28:40.608 PM","25.48","96.918","36.88","-0.001","24.715","23.18","22.97","None"
"2025-09-03","2:28:40.867 PM","25.48","96.918","36.88","-0.001","24.715","23.19","22.98","None"
"2025-09-03","2:28:41.132 PM","25.48","96.918","36.88","-0.001","24.715","23.19","22.98","None"
"2025-09-03","2:28:41.400 PM","25.48","96.915","36.891","-0.001","24.655","23.19","22.98","None"
"2025-09-03","2:28:41.637 PM","25.48","96.915","36.891","-0.001","24.655","23.14","23.03","None"
"2025-09-03","2:28:41.871 PM","25.48","96.915","36.891","-0.001","24.655","23.14","23.03","None"
"2025-09-03","2:28:42.125 PM","25.48","96.918","36.886","-0.001","24.65","23.19","23.03","None"
"2025-09-03","2:28:42.403 PM","25.48","96.918","36.886","-0.001","24.65","23.19","22.99","None"
"2025-09-03","2:28:42.650 PM","25.48","96.918","36.886","-0.001","24.65","23.19","22.99","None"
"2025-09-03","2:28:42.903 PM","25.49","96.919","36.868","-0.001","24.63","23.21","22.99","None"
"2025-09-03","2:28:43.153 PM","25.49","96.919","36.868","-0.001","24.63","23.21","22.99","None"
"2025-09-03","2:28:43.405 PM","25.49","96.917","36.863","-0.001","24.69","23.21","22.99","None"
"2025-09-03","2:28:43.654 PM","25.49","96.917","36.863","-0.001","24.69","23.16","22.99","None"
"2025-09-03","2:28:43.907 PM","25.49","96.917","36.863","-0.001","24.69","23.16","22.98","None"
"2025-09-03","2:28:44.147 PM","25.49","96.914","36.874","-0.002","24.66","23.16","22.98","None"
"2025-09-03","2:28:44.405 PM","25.49","96.914","36.874","-0.002","24.66","23.20","22.98","None"
"2025-09-03","2:28:44.647 PM","25.49","96.914","36.874","-0.002","24.66","23.20","22.96","None"
"2025-09-03","2:28:44.902 PM","25.49","96.917","36.874","-0.001","24.64","23.20","22.96","None"
"2025-09-03","2:28:45.165 PM","25.49","96.917","36.874","-0.001","24.64","23.14","22.95","None"
"2025-09-03","2:28:45.413 PM","25.49","96.917","36.874","-0.001","24.64","23.14","22.95","None"
"2025-09-03","2:28:45.693 PM","25.49","96.916","36.874","-0.002","24.745","23.14","22.95","None"
"2025-09-03","2:28:45.922 PM","25.49","96.916","36.874","-0.002","24.745","23.18","22.96","None"
"2025-09-03","2:28:46.166 PM","25.49","96.916","36.874","-0.002","24.745","23.18","22.96","None"
"2025-09-03","2:28:46.416 PM","25.49","96.914","36.869","-0.001","24.64","23.18","22.96","None"
"2025-09-03","2:28:46.665 PM","25.49","96.914","36.869","-0.001","24.64","23.14","22.95","None"
"2025-09-03","2:28:46.918 PM","25.49","96.914","36.869","-0.001","24.64","23.14","22.95","None"
"2025-09-03","2:28:47.170 PM","25.49","96.912","36.868","-0.001","24.73","23.16","22.95","None"
"2025-09-03","2:28:47.435 PM","25.49","96.912","36.868","-0.001","24.73","23.16","23.05","None"
"2025-09-03","2:28:47.684 PM","25.49","96.912","36.868","-0.001","24.73","23.16","23.05","None"
"2025-09-03","2:28:47.949 PM","25.49","96.91","36.868","-0.001","24.67","23.19","23.05","None"
"2025-09-03","2:28:48.203 PM","25.49","96.91","36.868","-0.001","24.67","23.19","23.01","None"
"2025-09-03","2:28:48.451 PM","25.49","96.914","36.886","-0.001","24.715","23.19","23.01","None"
"2025-09-03","2:28:48.699 PM","25.49","96.914","36.886","-0.001","24.715","23.10","23.01","None"
"2025-09-03","2:28:48.947 PM","25.49","96.914","36.886","-0.001","24.715","23.10","22.98","None"
"2025-09-03","2:28:49.199 PM","25.49","96.915","36.88","-0.001","24.675","23.10","22.98","None"
"2025-09-03","2:28:49.454 PM","25.49","96.915","36.88","-0.001","24.675","23.23","22.98","None"
"2025-09-03","2:28:49.735 PM","25.49","96.915","36.88","-0.001","24.675","23.23","22.97","None"
"2025-09-03","2:28:49.952 PM","25.49","96.919","36.875","-0.002","24.725","23.23","22.97","None"
"2025-09-03","2:28:50.203 PM","25.49","96.919","36.875","-0.002","24.725","23.18","22.95","None"
"2025-09-03","2:28:50.457 PM","25.49","96.919","36.875","-0.002","24.725","23.18","22.95","None"
"2025-09-03","2:28:50.704 PM","25.49","96.922","36.863","-0.001","24.73","23.18","22.95","None"
"2025-09-03","2:28:50.953 PM","25.49","96.922","36.863","-0.001","24.73","23.16","22.97","None"
"2025-09-03","2:28:51.205 PM","25.49","96.922","36.863","-0.001","24.73","23.16","22.97","None"
"2025-09-03","2:28:51.469 PM","25.49","96.922","36.875","-0.001","24.695","23.16","22.97","None"
"2025-09-03","2:28:51.710 PM","25.49","96.922","36.875","-0.001","24.695","23.19","23.05","None"
"2025-09-03","2:28:51.978 PM","25.49","96.922","36.875","-0.001","24.695","23.19","23.05","None"
"2025-09-03","2:28:52.206 PM","25.49","96.924","36.881","-0.001","24.7","23.13","23.05","None"
"2025-09-03","2:28:52.464 PM","25.49","96.924","36.881","-0.001","24.7","23.13","22.97","None"
"2025-09-03","2:28:52.708 PM","25.49","96.924","36.881","-0.001","24.7","23.13","22.97","None"
"2025-09-03","2:28:52.957 PM","25.49","96.921","36.869","-0.001","24.685","23.23","22.97","None"
"2025-09-03","2:28:53.205 PM","25.49","96.921","36.869","-0.001","24.685","23.23","22.94","None"
"2025-09-03","2:28:53.453 PM","25.49","96.921","36.881","-0.002","24.655","23.23","22.94","None"
"2025-09-03","2:28:53.708 PM","25.49","96.921","36.881","-0.002","24.655","23.13","22.94","None"
"2025-09-03","2:28:54.003 PM","25.49","96.921","36.881","-0.002","24.655","23.13","22.95","None"
"2025-09-03","2:28:54.216 PM","25.5","96.926","36.881","-0.002","24.635","23.13","22.95","None"
"2025-09-03","2:28:54.480 PM","25.5","96.926","36.881","-0.002","24.635","23.20","22.95","None"
"2025-09-03","2:28:54.754 PM","25.5","96.926","36.881","-0.002","24.635","23.20","22.96","None"
"2025-09-03","2:28:55.011 PM","25.5","96.925","36.864","-0.001","24.695","23.20","22.96","None"
"2025-09-03","2:28:55.265 PM","25.5","96.925","36.864","-0.001","24.695","23.16","22.96","None"
"2025-09-03","2:28:55.510 PM","25.5","96.925","36.864","-0.001","24.695","23.16","22.96","None"
"2025-09-03","2:28:55.759 PM","25.5","96.923","36.864","-0.001","24.73","23.16","22.96","None"
"2025-09-03","2:28:56.010 PM","25.5","96.923","36.864","-0.001","24.73","23.21","22.97","None"
"2025-09-03","2:28:56.283 PM","25.5","96.923","36.864","-0.001","24.73","23.21","22.97","None"
"2025-09-03","2:28:56.511 PM","25.5","96.921","36.864","-0.001","24.715","23.16","22.97","None"
"2025-09-03","2:28:56.761 PM","25.5","96.921","36.864","-0.001","24.715","23.16","23.05","None"
"2025-09-03","2:28:57.017 PM","25.5","96.921","36.864","-0.001","24.715","23.16","23.05","None"
"2025-09-03","2:28:57.280 PM","25.5","96.921","36.858","-0.001","24.755","23.19","23.05","None"
"2025-09-03","2:28:57.510 PM","25.5","96.921","36.858","-0.001","24.755","23.19","23.01","None"
"2025-09-03","2:28:57.768 PM","25.5","96.921","36.858","-0.001","24.755","23.19","23.01","None"
"2025-09-03","2:28:58.009 PM","25.5","96.92","36.864","-0.002","24.68","23.19","23.01","None"
"2025-09-03","2:28:58.347 PM","25.5","96.92","36.864","-0.002","24.68","23.19","22.98","None"
"2025-09-03","2:28:58.557 PM","25.5","96.918","36.869","-0.002","24.745","23.19","22.98","None"
"2025-09-03","2:28:58.801 PM","25.5","96.918","36.869","-0.002","24.745","23.16","22.98","None"
"2025-09-03","2:28:59.044 PM","25.5","96.918","36.869","-0.002","24.745","23.16","23.01","None"
"2025-09-03","2:28:59.294 PM","25.5","96.913","36.858","-0.002","24.735","23.16","23.01","None"
"2025-09-03","2:28:59.542 PM","25.5","96.913","36.858","-0.002","24.735","23.16","23.01","None"
"2025-09-03","2:28:59.792 PM","25.5","96.913","36.858","-0.002","24.735","23.16","23.01","None"
"2025-09-03","2:29:00.044 PM","25.49","96.913","36.875","-0.002","24.715","23.16","23.01","None"
"2025-09-03","2:29:00.293 PM","25.49","96.913","36.875","-0.002","24.715","23.21","23.08","None"
"2025-09-03","2:29:00.548 PM","25.49","96.913","36.875","-0.002","24.715","23.21","23.08","None"
"2025-09-03","2:29:00.791 PM","25.5","96.916","36.864","-0.002","24.725","23.21","23.08","None"
"2025-09-03","2:29:01.044 PM","25.5","96.916","36.864","-0.002","24.725","23.09","22.97","None"
"2025-09-03","2:29:01.296 PM","25.5","96.916","36.864","-0.002","24.725","23.09","22.97","None"
"2025-09-03","2:29:01.547 PM","25.49","96.913","36.875","-0.001","24.685","23.16","22.97","None"
"2025-09-03","2:29:01.803 PM","25.49","96.913","36.875","-0.001","24.685","23.16","23.02","None"
"2025-09-03","2:29:02.046 PM","25.49","96.913","36.875","-0.001","24.685","23.16","23.02","None"
"2025-09-03","2:29:02.316 PM","25.49","96.916","36.881","-0.002","24.71","23.12","23.02","None"
"2025-09-03","2:29:02.600 PM","25.49","96.916","36.881","-0.002","24.71","23.12","22.94","None"
"2025-09-03","2:29:02.832 PM","25.49","96.914","36.863","-0.002","24.65","23.12","22.94","None"
"2025-09-03","2:29:03.081 PM","25.49","96.914","36.863","-0.002","24.65","23.20","22.94","None"
"2025-09-03","2:29:03.330 PM","25.49","96.914","36.863","-0.002","24.65","23.20","22.99","None"
"2025-09-03","2:29:03.584 PM","25.49","96.912","36.887","-0.002","24.7","23.20","22.99","None"
"2025-09-03","2:29:03.830 PM","25.49","96.912","36.887","-0.002","24.7","23.16","22.99","None"
"2025-09-03","2:29:04.079 PM","25.49","96.912","36.887","-0.002","24.7","23.16","22.98","None"
"2025-09-03","2:29:04.331 PM","25.5","96.911","36.881","-0.001","24.745","23.16","22.98","None"
"2025-09-03","2:29:04.581 PM","25.5","96.911","36.881","-0.001","24.745","23.20","22.98","None"
"2025-09-03","2:29:04.848 PM","25.5","96.911","36.881","-0.001","24.745","23.20","22.98","None"
"2025-09-03","2:29:05.100 PM","25.5","96.912","36.875","-0.002","24.685","23.20","22.98","None"
"2025-09-03","2:29:05.364 PM","25.5","96.912","36.875","-0.002","24.685","23.14","23.01","None"
"2025-09-03","2:29:05.615 PM","25.5","96.912","36.875","-0.002","24.685","23.14","23.01","None"
"2025-09-03","2:29:05.864 PM","25.5","96.912","36.875","-0.002","24.7","23.12","23.01","None"
"2025-09-03","2:29:06.130 PM","25.5","96.912","36.875","-0.002","24.7","23.12","22.95","None"
"2025-09-03","2:29:06.392 PM","25.5","96.912","36.875","-0.002","24.7","23.12","22.95","None"
"2025-09-03","2:29:06.629 PM","25.5","96.909","36.87","-0.002","24.69","23.18","22.95","None"
"2025-09-03","2:29:06.880 PM","25.5","96.909","36.87","-0.002","24.69","23.18","22.97","None"
"2025-09-03","2:29:07.163 PM","25.5","96.911","36.876","-0.002","24.695","23.18","22.97","None"
"2025-09-03","2:29:07.402 PM","25.5","96.911","36.876","-0.002","24.695","23.19","22.97","None"
"2025-09-03","2:29:07.652 PM","25.5","96.911","36.876","-0.002","24.695","23.19","23.02","None"
"2025-09-03","2:29:07.898 PM","25.5","96.913","36.876","-0.002","24.69","23.19","23.02","None"
"2025-09-03","2:29:08.152 PM","25.5","96.913","36.876","-0.002","24.69","23.18","23.02","None"
"2025-09-03","2:29:08.401 PM","25.5","96.913","36.876","-0.002","24.69","23.18","22.95","None"
"2025-09-03","2:29:08.647 PM","25.5","96.912","36.87","-0.002","24.695","23.18","22.95","None"
"2025-09-03","2:29:08.896 PM","25.5","96.912","36.87","-0.002","24.695","23.19","22.94","None"
"2025-09-03","2:29:09.167 PM","25.5","96.912","36.87","-0.002","24.695","23.19","22.94","None"
"2025-09-03","2:29:09.432 PM","25.5","96.916","36.847","-0.002","24.695","23.19","22.94","None"
"2025-09-03","2:29:09.679 PM","25.5","96.916","36.847","-0.002","24.695","23.16","22.99","None"
"2025-09-03","2:29:09.928 PM","25.5","96.916","36.847","-0.002","24.695","23.16","22.99","None"
"2025-09-03","2:29:10.186 PM","25.5","96.914","36.876","-0.002","24.735","23.20","22.99","None"
"2025-09-03","2:29:10.442 PM","25.5","96.914","36.876","-0.002","24.735","23.20","23.03","None"
"2025-09-03","2:29:10.707 PM","25.5","96.914","36.876","-0.002","24.735","23.20","23.03","None"
"2025-09-03","2:29:10.950 PM","25.5","96.915","36.864","-0.001","24.735","23.08","23.03","None"
"2025-09-03","2:29:11.227 PM","25.5","96.915","36.864","-0.001","24.735","23.08","22.94","None"
"2025-09-03","2:29:11.459 PM","25.5","96.914","36.87","-0.002","24.72","23.08","22.94","None"
"2025-09-03","2:29:11.702 PM","25.5","96.914","36.87","-0.002","24.72","23.13","22.94","None"
"2025-09-03","2:29:11.958 PM","25.5","96.914","36.87","-0.002","24.72","23.13","23.01","None"
"2025-09-03","2:29:12.208 PM","25.5","96.913","36.859","-0.002","24.73","23.13","23.01","None"
"2025-09-03","2:29:13.464 PM","25.5","96.914","36.859","-0.002","24.67","23.14","22.97","None"
"2025-09-03","2:29:14.511 PM","25.5","96.913","36.876","-0.002","24.675","23.26","22.92","None"
"2025-09-03","2:29:15.573 PM","25.5","96.912","36.858","-0.002","24.815","23.09","22.99","None"
"2025-09-03","2:29:21.166 PM","25.5","96.914","36.87","-0.002","24.695","23.14","22.88","None"
"2025-09-03","2:29:26.785 PM","25.5","96.917","36.864","-0.002","24.79","23.09","22.96","None"
"2025-09-03","2:29:33.774 PM","25.5","96.918","36.881","-0.002","24.72","23.12","22.96","None"
"2025-09-03","2:29:40.223 PM","25.51","96.913","36.888","-0.002","24.745","23.18","22.95","None"
"2025-09-03","2:29:43.153 PM","25.5","96.912","36.858","-0.002","24.725","23.10","22.99","None"
"2025-09-03","2:29:46.307 PM","25.51","96.914","36.87","-0.002","24.745","23.12","23.02","None"
"2025-09-03","2:29:49.312 PM","25.51","96.912","36.876","-0.002","24.695","23.09","22.98","None"
"2025-09-03","2:29:50.264 PM","25.51","96.912","36.865","-0.002","24.805","23.13","22.95","None"
"2025-09-03","2:29:50.499 PM","25.51","96.912","36.865","-0.002","24.805","23.23","22.95","None"
"2025-09-03","2:29:50.739 PM","25.51","96.912","36.865","-0.002","24.805","23.23","23.01","None"
"2025-09-03","2:29:51.010 PM","25.51","96.911","36.882","-0.002","24.705","23.23","23.01","None"
"2025-09-03","2:29:51.239 PM","25.51","96.911","36.882","-0.002","24.705","23.19","23.01","None"
"2025-09-03","2:29:51.488 PM","25.51","96.911","36.882","-0.002","24.705","23.19","22.98","None"
"2025-09-03","2:29:51.729 PM","25.51","96.913","36.888","-0.002","24.765","23.19","22.98","None"
"2025-09-03","2:29:51.989 PM","25.51","96.913","36.888","-0.002","24.765","23.12","22.98","None"
"2025-09-03","2:29:52.248 PM","25.51","96.913","36.888","-0.002","24.765","23.12","23.01","None"
"2025-09-03","2:29:52.484 PM","25.51","96.914","36.87","-0.002","24.725","23.12","23.01","None"