"Date","Time","Lab_Temp_C","Lab_Pressure_kPa","Lab_Rel_Humidity","Gas_Flow_LPM","FlowSens_Gas_Temp_C","Thermocouple1_Temp_C","Thermocouple2_Temp_C","Purge_Gas"
"2025-09-01","7:48:00.168 AM","25.39","97.273","36.564","1.155","24.96","23.05","23.39","Compressed Air"
"2025-09-01","7:48:00.437 AM","25.39","97.273","36.564","1.155","24.96","23.05","23.39","Compressed Air"
"2025-09-01","7:48:00.704 AM","25.39","97.274","36.587","1.156","24.855","23.02","23.39","Compressed Air"
"2025-09-01","7:48:00.968 AM","25.39","97.274","36.587","1.156","24.855","23.02","23.44","Compressed Air"
"2025-09-01","7:48:01.236 AM","25.39","97.273","36.587","1.159","24.825","23.02","23.44","Compressed Air"
"2025-09-01","7:48:01.498 AM","25.39","97.273","36.587","1.159","24.825","23.13","23.44","Compressed Air"
"2025-09-01","7:48:01.805 AM","25.39","97.273","36.587","1.159","24.825","23.13","23.44","Compressed Air"
"2025-09-01","7:48:02.027 AM","25.39","97.273","36.586","1.155","24.9","23.13","23.44","Compressed Air"
"2025-09-01","7:48:02.275 AM","25.39","97.273","36.586","1.155","24.9","23.02","23.52","Compressed Air"
"2025-09-01","7:48:02.525 AM","25.39","97.273","36.586","1.155","24.9","23.02","23.52","Compressed Air"
"2025-09-01","7:48:02.774 AM","25.38","97.273","36.575","1.159","24.87","23.09","23.52","Compressed Air"
"2025-09-01","7:48:03.030 AM","25.38","97.273","36.575","1.159","24.87","23.09","23.38","Compressed Air"
"2025-09-01","7:48:03.301 AM","25.38","97.273","36.575","1.159","24.87","23.09","23.38","Compressed Air"
"2025-09-01","7:48:03.536 AM","25.38","97.274","36.592","1.158","24.86","23.13","23.38","Compressed Air"
"2025-09-01","7:48:03.791 AM","25.38","97.274","36.592","1.158","24.86","23.13","23.36","Compressed Air"
"2025-09-01","7:48:04.038 AM","25.38","97.274","36.592","1.158","24.86","23.13","23.36","Compressed Air"
"2025-09-01","7:48:04.292 AM","25.38","97.274","36.598","1.158","24.925","23.09","23.36","Compressed Air"
"2025-09-01","7:48:04.539 AM","25.38","97.274","36.598","1.158","24.925","23.09","23.41","Compressed Air"
"2025-09-01","7:48:04.792 AM","25.38","97.275","36.586","1.158","24.92","23.09","23.41","Compressed Air"
"2025-09-01","7:48:05.038 AM","25.38","97.275","36.586","1.158","24.92","23.09","23.41","Compressed Air"
"2025-09-01","7:48:05.296 AM","25.38","97.275","36.586","1.158","24.92","23.09","23.52","Compressed Air"
"2025-09-01","7:48:05.537 AM","25.38","97.276","36.586","1.158","24.79","23.09","23.52","Compressed Air"
"2025-09-01","7:48:05.823 AM","25.38","97.276","36.586","1.158","24.79","23.16","23.52","Compressed Air"
"2025-09-01","7:48:06.062 AM","25.38","97.276","36.586","1.158","24.79","23.16","23.47","Compressed Air"
"2025-09-01","7:48:06.309 AM","25.38","97.276","36.581","1.162","24.815","23.16","23.47","Compressed Air"
"2025-09-01","7:48:06.560 AM","25.38","97.276","36.581","1.162","24.815","23.07","23.36","Compressed Air"
"2025-09-01","7:48:06.808 AM","25.38","97.276","36.581","1.162","24.815","23.07","23.36","Compressed Air"
"2025-09-01","7:48:07.058 AM","25.39","97.276","36.569","1.158","24.875","23.07","23.36","Compressed Air"
"2025-09-01","7:48:07.310 AM","25.39","97.276","36.569","1.158","24.875","23.10","23.38","Compressed Air"
"2025-09-01","7:48:07.565 AM","25.39","97.276","36.569","1.158","24.875","23.10","23.38","Compressed Air"
"2025-09-01","7:48:07.813 AM","25.39","97.273","36.569","1.163","24.795","23.10","23.38","Compressed Air"
"2025-09-01","7:48:08.060 AM","25.39","97.273","36.569","1.163","24.795","23.10","23.38","Compressed Air"
"2025-09-01","7:48:08.313 AM","25.39","97.273","36.569","1.163","24.795","23.10","23.38","Compressed Air"
"2025-09-01","7:48:08.572 AM","25.39","97.274","36.563","1.161","24.915","23.12","23.38","Compressed Air"
"2025-09-01","7:48:08.843 AM","25.39","97.274","36.563","1.161","24.915","23.12","23.43","Compressed Air"
"2025-09-01","7:48:09.067 AM","25.39","97.274","36.563","1.161","24.915","23.12","23.43","Compressed Air"
"2025-09-01","7:48:09.324 AM","25.39","97.273","36.558","1.162","24.88","23.09","23.43","Compressed Air"
"2025-09-01","7:48:09.573 AM","25.39","97.273","36.558","1.162","24.88","23.09","23.36","Compressed Air"
"2025-09-01","7:48:09.844 AM","25.39","97.273","36.558","1.161","24.89","23.09","23.36","Compressed Air"
"2025-09-01","7:48:10.142 AM","25.39","97.273","36.558","1.161","24.89","23.16","23.36","Compressed Air"
"2025-09-01","7:48:10.388 AM","25.39","97.273","36.558","1.161","24.89","23.16","23.39","Compressed Air"
"2025-09-01","7:48:10.635 AM","25.38","97.274","36.546","1.162","24.89","23.16","23.39","Compressed Air"
"2025-09-01","7:48:10.881 AM","25.38","97.274","36.546","1.162","24.89","23.13","23.41","Compressed Air"
"2025-09-01","7:48:11.136 AM","25.38","97.274","36.546","1.162","24.89","23.13","23.41","Compressed Air"
"2025-09-01","7:48:11.384 AM","25.38","97.273","36.557","1.163","24.88","23.13","23.41","Compressed Air"
"2025-09-01","7:48:11.631 AM","25.38","97.273","36.557","1.163","24.88","23.01","23.39","Compressed Air"
"2025-09-01","7:48:11.880 AM","25.38","97.273","36.557","1.163","24.88","23.01","23.39","Compressed Air"
"2025-09-01","7:48:12.134 AM","25.38","97.274","36.546","1.16","24.85","23.09","23.39","Compressed Air"
"2025-09-01","7:48:12.382 AM","25.38","97.274","36.546","1.16","24.85","23.09","23.45","Compressed Air"
"2025-09-01","7:48:12.640 AM","25.38","97.274","36.546","1.16","24.85","23.09","23.45","Compressed Air"
"2025-09-01","7:48:12.896 AM","25.38","97.274","36.546","1.164","24.825","23.05","23.45","Compressed Air"
"2025-09-01","7:48:13.145 AM","25.38","97.274","36.546","1.164","24.825","23.05","23.47","Compressed Air"
"2025-09-01","7:48:13.401 AM","25.38","97.272","36.54","1.162","24.9","23.05","23.47","Compressed Air"
"2025-09-01","7:48:13.645 AM","25.38","97.272","36.54","1.162","24.9","22.98","23.47","Compressed Air"
"2025-09-01","7:48:13.897 AM","25.38","97.272","36.54","1.162","24.9","22.98","23.38","Compressed Air"
"2025-09-01","7:48:14.267 AM","25.38","97.273","36.54","1.162","24.94","22.98","23.38","Compressed Air"
"2025-09-01","7:48:14.495 AM","25.38","97.273","36.54","1.162","24.94","23.09","23.41","Compressed Air"
"2025-09-01","7:48:14.735 AM","25.38","97.273","36.54","1.162","24.94","23.09","23.41","Compressed Air"
"2025-09-01","7:48:14.983 AM","25.38","97.273","36.523","1.163","24.9","23.09","23.41","Compressed Air"
"2025-09-01","7:48:15.237 AM","25.38","97.273","36.523","1.163","24.9","23.16","23.34","Compressed Air"
"2025-09-01","7:48:15.487 AM","25.38","97.273","36.523","1.163","24.9","23.16","23.34","Compressed Air"
"2025-09-01","7:48:15.736 AM","25.38","97.273","36.523","1.162","24.85","23.12","23.34","Compressed Air"
"2025-09-01","7:48:15.982 AM","25.38","97.273","36.523","1.162","24.85","23.12","23.44","Compressed Air"
"2025-09-01","7:48:16.237 AM","25.38","97.273","36.523","1.162","24.85","23.12","23.44","Compressed Air"
"2025-09-01","7:48:16.485 AM","25.38","97.272","36.511","1.162","24.815","23.14","23.44","Compressed Air"
"2025-09-01","7:48:16.739 AM","25.38","97.272","36.511","1.162","24.815","23.14","23.30","Compressed Air"
"2025-09-01","7:48:16.996 AM","25.38","97.271","36.511","1.162","24.88","23.14","23.30","Compressed Air"
"2025-09-01","7:48:17.249 AM","25.38","97.271","36.511","1.162","24.88","23.02","23.30","Compressed Air"
"2025-09-01","7:48:17.504 AM","25.38","97.271","36.511","1.162","24.88","23.02","23.38","Compressed Air"
"2025-09-01","7:48:17.751 AM","25.39","97.271","36.5","1.164","24.88","23.02","23.38","Compressed Air"
"2025-09-01","7:48:17.999 AM","25.39","97.271","36.5","1.164","24.88","23.16","23.38","Compressed Air"
"2025-09-01","7:48:18.247 AM","25.39","97.271","36.5","1.164","24.88","23.16","23.33","Compressed Air"
"2025-09-01","7:48:18.547 AM","25.39","97.27","36.506","1.162","24.86","23.16","23.33","Compressed Air"
"2025-09-01","7:48:18.770 AM","25.39","97.27","36.506","1.162","24.86","23.07","23.44","Compressed Air"
"2025-09-01","7:48:19.015 AM","25.39","97.27","36.506","1.162","24.86","23.07","23.44","Compressed Air"
"2025-09-01","7:48:19.273 AM","25.39","97.271","36.488","1.163","24.875","23.07","23.44","Compressed Air"
"2025-09-01","7:48:19.523 AM","25.39","97.271","36.488","1.163","24.875","23.14","23.47","Compressed Air"
"2025-09-01","7:48:19.777 AM","25.39","97.271","36.488","1.163","24.875","23.14","23.47","Compressed Air"
"2025-09-01","7:48:20.028 AM","25.39","97.272","36.483","1.16","24.83","23.14","23.47","Compressed Air"
"2025-09-01","7:48:20.274 AM","25.39","97.272","36.483","1.16","24.83","23.14","23.41","Compressed Air"
"2025-09-01","7:48:20.520 AM","25.39","97.272","36.483","1.16","24.83","23.14","23.41","Compressed Air"
"2025-09-01","7:48:20.771 AM","25.39","97.273","36.494","1.165","24.795","23.09","23.41","Compressed Air"
"2025-09-01","7:48:21.019 AM","25.39","97.273","36.494","1.165","24.795","23.09","23.41","Compressed Air"
"2025-09-01","7:48:21.281 AM","25.39","97.273","36.494","1.165","24.795","23.09","23.41","Compressed Air"
"2025-09-01","7:48:21.553 AM","25.39","97.272","36.477","1.165","24.835","23.07","23.41","Compressed Air"
"2025-09-01","7:48:21.820 AM","25.39","97.272","36.477","1.165","24.835","23.07","23.50","Compressed Air"
"2025-09-01","7:48:22.088 AM","25.39","97.272","36.471","1.164","24.795","23.07","23.50","Compressed Air"
"2025-09-01","7:48:22.353 AM","25.39","97.272","36.471","1.164","24.795","23.10","23.43","Compressed Air"
"2025-09-01","7:48:22.655 AM","25.39","97.272","36.471","1.164","24.795","23.10","23.43","Compressed Air"
"2025-09-01","7:48:22.880 AM","25.39","97.272","36.483","1.165","24.785","23.10","23.43","Compressed Air"
"2025-09-01","7:48:23.121 AM","25.39","97.272","36.483","1.165","24.785","23.25","23.41","Compressed Air"
"2025-09-01","7:48:23.380 AM","25.39","97.272","36.483","1.165","24.785","23.25","23.41","Compressed Air"
"2025-09-01","7:48:23.624 AM","25.38","97.272","36.482","1.165","24.88","23.25","23.41","Compressed Air"
"2025-09-01","7:48:23.873 AM","25.38","97.272","36.482","1.165","24.88","23.07","23.38","Compressed Air"
"2025-09-01","7:48:24.121 AM","25.38","97.272","36.482","1.165","24.88","23.07","23.38","Compressed Air"
"2025-09-01","7:48:24.378 AM","25.38","97.272","36.482","1.162","24.83","23.05","23.38","Compressed Air"
"2025-09-01","7:48:24.621 AM","25.38","97.272","36.482","1.162","24.83","23.05","23.34","Compressed Air"
"2025-09-01","7:48:24.872 AM","25.38","97.272","36.482","1.162","24.83","23.05","23.34","Compressed Air"
"2025-09-01","7:48:25.126 AM","25.38","97.273","36.482","0.006","24.815","23.14","23.34","Compressed Air"
"2025-09-01","7:48:25.376 AM","25.38","97.273","36.482","0.006","24.815","23.14","23.45","Compressed Air"
"2025-09-01","7:48:25.641 AM","25.38","97.277","36.476","0","24.895","23.14","23.45","Compressed Air"
"2025-09-01","7:48:25.890 AM","25.38","97.277","36.476","0","24.895","23.12","23.45","Compressed Air"
"2025-09-01","7:48:26.143 AM","25.38","97.277","36.476","0","24.895","23.12","23.50","Compressed Air"
"2025-09-01","7:48:26.396 AM","25.38","97.277","36.488","0","24.9","23.12","23.50","Compressed Air"
"2025-09-01","7:48:26.639 AM","25.38","97.277","36.488","0","24.9","23.13","23.50","Compressed Air"
"2025-09-01","7:48:26.922 AM","25.38","97.277","36.488","0","24.9","23.13","23.49","Compressed Air"
"2025-09-01","7:48:27.146 AM","25.38","97.275","36.494","0","24.875","23.13","23.49","None"
"2025-09-01","7:48:27.399 AM","25.38","97.275","36.494","0","24.875","23.12","23.43","None"
"2025-09-01","7:48:27.652 AM","25.38","97.275","36.494","0","24.875","23.12","23.43","None"
"2025-09-01","7:48:27.907 AM","25.38","97.272","36.488","0","24.885","23.12","23.43","None"
"2025-09-01","7:48:28.155 AM","25.38","97.272","36.488","0","24.885","23.14","23.41","None"
"2025-09-01","7:48:28.407 AM","25.38","97.272","36.488","0","24.885","23.14","23.41","None"
"2025-09-01","7:48:28.655 AM","25.38","97.271","36.505","0","24.93","23.07","23.41","None"
"2025-09-01","7:48:28.914 AM","25.38","97.271","36.505","0","24.93","23.07","23.34","None"
"2025-09-01","7:48:29.165 AM","25.38","97.271","36.505","0","24.93","23.07","23.34","None"
"2025-09-01","7:48:29.411 AM","25.38","97.27","36.505","0","24.88","23.18","23.34","None"
"2025-09-01","7:48:29.660 AM","25.38","97.27","36.505","0","24.88","23.18","23.43","None"
"2025-09-01","7:48:29.911 AM","25.38","97.27","36.505","0","24.88","23.18","23.43","None"
"2025-09-01","7:48:30.171 AM","25.38","97.269","36.522","0","24.88","23.07","23.43","None"
"2025-09-01","7:48:30.426 AM","25.38","97.269","36.522","0","24.88","23.07","23.39","None"
"2025-09-01","7:48:30.680 AM","25.38","97.269","36.516","0","24.885","23.07","23.39","None"
"2025-09-01","7:48:30.925 AM","25.38","97.269","36.516","0","24.885","23.08","23.39","None"
"2025-09-01","7:48:31.215 AM","25.38","97.269","36.516","0","24.885","23.08","23.41","None"
"2025-09-01","7:48:31.434 AM","25.38","97.271","36.528","0","24.875","23.08","23.41","None"
"2025-09-01","7:48:31.690 AM","25.38","97.271","36.528","0","24.875","23.12","23.41","None"
"2025-09-01","7:48:31.962 AM","25.38","97.271","36.528","0","24.875","23.12","23.41","None"
"2025-09-01","7:48:32.224 AM","25.38","97.268","36.528","0","24.915","23.12","23.41","None"
"2025-09-01","7:48:32.495 AM","25.38","97.268","36.528","0","24.915","23.12","23.43","None"
"2025-09-01","7:48:32.763 AM","25.38","97.268","36.528","0","24.915","23.12","23.43","None"
"2025-09-01","7:48:33.014 AM","25.38","97.268","36.516","0","24.835","23.16","23.43","None"
"2025-09-01","7:48:33.269 AM","25.38","97.268","36.516","0","24.835","23.16","23.41","None"
"2025-09-01","7:48:33.510 AM","25.38","97.268","36.516","0","24.835","23.16","23.41","None"
"2025-09-01","7:48:33.759 AM","25.38","97.268","36.545","0","24.86","23.14","23.41","None"
"2025-09-01","7:48:34.010 AM","25.38","97.268","36.545","0","24.86","23.14","23.44","None"
"2025-09-01","7:48:34.265 AM","25.38","97.267","36.534","0","24.88","23.14","23.44","None"
"2025-09-01","7:48:34.512 AM","25.38","97.267","36.534","0","24.88","23.05","23.44","None"
"2025-09-01","7:48:34.785 AM","25.38","97.267","36.534","0","24.88","23.05","23.49","None"
"2025-09-01","7:48:35.014 AM","25.38","97.269","36.539","0","24.87","23.05","23.49","None"
"2025-09-01","7:48:35.293 AM","25.38","97.269","36.539","0","24.87","23.10","23.43","None"
"2025-09-01","7:48:35.594 AM","25.38","97.269","36.539","0","24.87","23.10","23.43","None"
"2025-09-01","7:48:35.819 AM","25.37","97.267","36.545","0","24.895","23.10","23.43","None"
"2025-09-01","7:48:36.065 AM","25.37","97.267","36.545","0","24.895","23.08","23.47","None"
"2025-09-01","7:48:36.318 AM","25.37","97.267","36.545","0","24.895","23.08","23.47","None"
"2025-09-01","7:48:36.564 AM","25.37","97.268","36.551","0","24.86","23.16","23.47","None"
"2025-09-01","7:48:36.822 AM","25.37","97.268","36.551","0","24.86","23.16","23.44","None"
"2025-09-01","7:48:37.064 AM","25.37","97.268","36.551","0","24.86","23.16","23.44","None"
"2025-09-01","7:48:37.318 AM","25.37","97.27","36.556","0","24.9","23.18","23.44","None"
"2025-09-01","7:48:37.566 AM","25.37","97.27","36.556","0","24.9","23.18","23.44","None"
"2025-09-01","7:48:37.818 AM","25.37","97.27","36.556","0","24.9","23.18","23.44","None"
"2025-09-01","7:48:38.068 AM","25.37","97.271","36.545","0","24.86","23.18","23.44","None"
"2025-09-01","7:48:38.322 AM","25.37","97.271","36.545","0","24.86","23.18","23.44","None"
"2025-09-01","7:48:38.595 AM","25.38","97.271","36.574","0","24.84","23.18","23.44","None"
"2025-09-01","7:48:38.833 AM","25.38","97.271","36.574","0","24.84","23.16","23.44","None"
"2025-09-01","7:48:39.083 AM","25.38","97.271","36.574","0","24.84","23.16","23.41","None"
"2025-09-01","7:48:39.331 AM","25.38","97.272","36.568","0","24.92","23.16","23.41","None"
"2025-09-01","7:48:39.584 AM","25.38","97.272","36.568","0","24.92","23.16","23.41","None"
"2025-09-01","7:48:39.883 AM","25.38","97.272","36.568","0","24.92","23.16","23.50","None"
"2025-09-01","7:48:41.018 AM","25.38","97.276","36.557","0","24.955","23.14","23.41","None"
"2025-09-01","7:48:42.048 AM","25.38","97.273","36.563","0","24.88","23.08","23.47","None"
"2025-09-01","7:48:43.081 AM","25.38","97.272","36.569","0","24.87","23.14","23.52","None"
"2025-09-01","7:48:45.424 AM","25.38","97.269","36.568","0","24.9","23.05","23.39","None"
"2025-09-01","7:48:51.417 AM","25.38","97.27","36.58","0","24.95","23.10","23.45","None"
"2025-09-01","7:48:57.508 AM","25.38","97.275","36.58","0","24.905","23.16","23.45","None"
"2025-09-01","7:48:58.315 AM","25.38","97.279","36.598","0","24.89","23.09","23.45","None"
"2025-09-01","7:48:58.566 AM","25.38","97.279","36.598","0","24.89","23.09","23.45","None"
"2025-09-01","7:48:58.832 AM","25.38","97.274","36.586","0","24.86","23.09","23.45","None"
"2025-09-01","7:48:59.078 AM","25.38","97.274","36.586","0","24.86","23.14","23.43","None"
"2025-09-01","7:48:59.331 AM","25.38","97.274","36.586","0","24.86","23.14","23.43","None"
"2025-09-01","7:48:59.581 AM","25.38","97.28","36.592","0","24.945","23.12","23.43","None"
"2025-09-01","7:48:59.837 AM","25.38","97.28","36.592","0","24.945","23.12","23.52","None"
"2025-09-01","7:49:00.083 AM","25.38","97.28","36.592","0","24.945","23.12","23.52","None"
"2025-09-01","7:49:00.336 AM","25.38","97.28","36.603","0","24.88","23.10","23.52","None"
"2025-09-01","7:49:00.581 AM","25.38","97.28","36.603","0","24.88","23.10","23.52","None"
"2025-09-01","7:49:00.833 AM","25.38","97.28","36.603","0","24.88","23.10","23.52","None"
"2025-09-01","7:49:01.082 AM","25.38","97.276","36.592","0","24.88","23.16","23.52","None"
"2025-09-01","7:49:01.339 AM","25.38","97.276","36.592","0","24.88","23.16","23.48","None"
"2025-09-01","7:49:01.589 AM","25.38","97.276","36.586","0","24.865","23.16","23.48","None"
"2025-09-01","7:49:01.872 AM","25.38","97.276","36.586","0","24.865","23.16","23.48","None"
"2025-09-01","7:49:02.088 AM","25.38","97.276","36.586","0","24.865","23.16","23.44","None"
"2025-09-01","7:49:02.344 AM","25.38","97.272","36.58","0","24.905","23.16","23.44","None"
"2025-09-01","7:49:02.616 AM","25.38","97.272","36.58","0","24.905","23.13","23.44","None"
"2025-09-01","7:49:02.841 AM","25.38","97.272","36.58","0","24.905","23.13","23.47","None"
"2025-09-01","7:49:03.099 AM","25.38","97.272","36.581","0","24.87","23.13","23.47","None"
"2025-09-01","7:49:03.373 AM","25.38","97.272","36.581","0","24.87","23.14","23.37","None"
"2025-09-01","7:49:03.596 AM","25.38","97.272","36.581","0","24.87","23.14","23.37","None"
"2025-09-01","7:49:03.848 AM","25.39","97.273","36.587","0","24.865","23.14","23.37","None"
"2025-09-01","7:49:04.103 AM","25.39","97.273","36.587","0","24.865","23.12","23.47","None"
"2025-09-01","7:49:04.354 AM","25.39","97.273","36.587","0","24.865","23.12","23.47","None"
"2025-09-01","7:49:04.599 AM","25.39","97.272","36.581","0","24.96","23.12","23.47","None"
"2025-09-01","7:49:04.848 AM","25.39","97.272","36.581","0","24.96","23.09","23.41","None"
"2025-09-01","7:49:05.101 AM","25.39","97.272","36.581","0","24.96","23.09","23.41","None"
"2025-09-01","7:49:05.358 AM","25.39","97.276","36.581","0","24.88","23.05","23.41","None"
"2025-09-01","7:49:05.612 AM","25.39","97.276","36.581","0","24.88","23.05","23.47","None"
"2025-09-01","7:49:05.877 AM","25.39","97.276","36.581","0","24.88","23.05","23.47","None"
"2025-09-01","7:49:06.112 AM","25.39","97.266","36.593","0","24.855","23.07","23.47","None"
"2025-09-01","7:49:06.367 AM","25.39","97.266","36.593","0","24.855","23.07","23.50","None"
"2025-09-01","7:49:06.611 AM","25.39","97.266","36.587","0","24.915","23.07","23.50","None"
"2025-09-01","7:49:06.863 AM","25.39","97.266","36.587","0","24.915","23.13","23.50","None"
"2025-09-01","7:49:07.113 AM","25.39","97.266","36.587","0","24.915","23.13","23.44","None"
"2025-09-01","7:49:07.373 AM","25.39","97.263","36.587","0","24.9","23.13","23.44","None"
"2025-09-01","7:49:07.623 AM","25.39","97.263","36.587","0","24.9","23.08","23.44","None"
"2025-09-01","7:49:07.868 AM","25.39","97.263","36.587","0","24.9","23.08","23.43","None"
"2025-09-01","7:49:08.133 AM","25.39","97.262","36.586","0","24.945","23.08","23.43","None"
"2025-09-01","7:49:08.383 AM","25.39","97.262","36.586","0","24.945","23.13","23.45","None"
"2025-09-01","7:49:08.648 AM","25.39","97.262","36.586","0","24.945","23.13","23.45","None"
"2025-09-01","7:49:08.903 AM","25.39","97.267","36.581","0","24.95","23.13","23.45","None"
"2025-09-01","7:49:09.151 AM","25.39","97.267","36.581","0","24.95","23.13","23.41","None"
"2025-09-01","7:49:09.408 AM","25.39","97.267","36.581","0","24.95","23.13","23.41","None"
"2025-09-01","7:49:09.651 AM","25.39","97.269","36.581","0","24.935","23.14","23.41","None"
"2025-09-01","7:49:09.900 AM","25.39","97.269","36.581","0","24.935","23.14","23.43","None"
"2025-09-01","7:49:10.186 AM","25.39","97.269","36.581","0","24.935","23.14","23.43","None"
"2025-09-01","7:49:10.410 AM","25.39","97.268","36.575","0","24.895","23.19","23.43","None"
"2025-09-01","7:49:10.656 AM","25.39","97.268","36.575","0","24.895","23.19","23.45","None"
"2025-09-01","7:49:10.910 AM","25.39","97.268","36.575","0","24.895","23.19","23.45","None"
"2025-09-01","7:49:11.154 AM","25.39","97.271","36.581","0","24.98","23.05","23.45","None"
"2025-09-01","7:49:11.411 AM","25.39","97.271","36.581","0","24.98","23.05","23.47","None"
"2025-09-01","7:49:11.655 AM","25.39","97.27","36.575","0","24.885","23.05","23.47","None"
"2025-09-01","7:49:11.910 AM","25.39","97.27","36.575","0","24.885","23.14","23.47","None"
"2025-09-01","7:49:12.155 AM","25.39","97.27","36.575","0","24.885","23.14","23.45","None"
"2025-09-01","7:49:12.409 AM","25.39","97.271","36.587","0","24.92","23.14","23.45","None"
"2025-09-01","7:49:12.656 AM","25.39","97.271","36.587","0","24.92","23.14","23.45","None"
"2025-09-01","7:49:12.909 AM","25.39","97.271","36.587","0","24.92","23.14","23.45","None"
"2025-09-01","7:49:13.157 AM","25.39","97.272","36.593","0","24.93","23.14","23.45","None"
"2025-09-01","7:49:13.408 AM","25.39","97.272","36.593","0","24.93","23.13","23.50","None"
"2025-09-01","7:49:13.656 AM","25.39","97.272","36.593","0","24.93","23.13","23.50","None"
"2025-09-01","7:49:13.912 AM","25.39","97.268","36.569","0","24.92","23.13","23.50","None"
"2025-09-01","7:49:14.160 AM","25.39","97.268","36.569","0","24.92","23.14","23.43","None"
"2025-09-01","7:49:14.444 AM","25.39","97.268","36.569","0","24.92","23.14","23.43","None"
"2025-09-01","7:49:14.679 AM","25.39","97.269","36.581","0","24.975","23.05","23.43","None"
"2025-09-01","7:49:14.924 AM","25.39","97.269","36.581","0","24.975","23.05","23.43","None"
"2025-09-01","7:49:15.176 AM","25.39","97.269","36.581","0","24.975","23.05","23.43","None"
"2025-09-01","7:49:15.428 AM","25.39","97.268","36.581","0","24.925","23.08","23.43","None"
"2025-09-01","7:49:15.681 AM","25.39","97.268","36.581","0","24.925","23.08","23.38","None"
"2025-09-01","7:49:15.933 AM","25.39","97.268","36.581","0","24.925","23.08","23.38","None"
"2025-09-01","7:49:16.178 AM","25.39","97.264","36.581","0","24.88","23.16","23.38","None"
"2025-09-01","7:49:16.430 AM","25.39","97.264","36.581","0","24.88","23.16","23.43","None"
"2025-09-01","7:49:16.677 AM","25.39","97.263","36.592","0","24.96","23.16","23.43","None"
"2025-09-01","7:49:16.925 AM","25.39","97.263","36.592","0","24.96","23.16","23.43","None"
"2025-09-01","7:49:17.173 AM","25.39","97.263","36.592","0","24.96","23.16","23.50","None"
"2025-09-01","7:49:17.427 AM","25.39","97.264","36.569","0","24.88","23.16","23.50","None"
"2025-09-01","7:49:17.679 AM","25.39","97.264","36.569","0","24.88","23.08","23.50","None"
"2025-09-01","7:49:17.924 AM","25.39","97.264","36.569","0","24.88","23.08","23.50","None"
"2025-09-01","7:49:18.182 AM","25.39","97.265","36.581","0","24.96","23.08","23.50","None"
"2025-09-01","7:49:18.428 AM","25.39","97.265","36.581","0","24.96","23.08","23.44","None"
"2025-09-01","7:49:18.714 AM","25.39","97.265","36.581","0","24.96","23.08","23.44","None"
"2025-09-01","7:49:18.958 AM","25.39","97.265","36.581","0","24.94","23.08","23.44","None"
"2025-09-01","7:49:19.214 AM","25.39","97.265","36.581","0","24.94","23.18","23.50","None"
"2025-09-01","7:49:19.462 AM","25.39","97.265","36.581","0","24.94","23.18","23.50","None"
"2025-09-01","7:49:19.710 AM","25.39","97.269","36.581","0","24.92","23.08","23.50","None"
"2025-09-01","7:49:19.961 AM","25.39","97.269","36.581","0","24.92","23.08","23.47","None"
"2025-09-01","7:49:20.215 AM","25.39","97.269","36.581","0","24.92","23.08","23.47","None"
"2025-09-01","7:49:20.465 AM","25.39","97.272","36.581","0","24.9","23.13","23.47","None"
"2025-09-01","7:49:20.711 AM","25.39","97.272","36.581","0","24.9","23.13","23.50","None"
"2025-09-01","7:49:20.964 AM","25.39","97.272","36.581","0","24.9","23.13","23.50","None"
"2025-09-01","7:49:21.219 AM","25.39","97.272","36.581","0","25.01","23.09","23.50","None"
"2025-09-01","7:49:21.495 AM","25.39","97.272","36.581","0","25.01","23.09","23.45","None"
"2025-09-01","7:49:21.762 AM","25.39","97.269","36.586","0","24.97","23.09","23.45","None"
"2025-09-01","7:49:22.028 AM","25.39","97.269","36.586","0","24.97","23.23","23.41","None"
"2025-09-01","7:49:22.298 AM","25.39","97.269","36.586","0","24.97","23.23","23.41","None"
"2025-09-01","7:49:22.558 AM","25.39","97.271","36.581","0","24.9","23.23","23.41","None"
"2025-09-01","7:49:22.815 AM","25.39","97.271","36.581","0","24.9","23.21","23.43","None"
"2025-09-01","7:49:23.095 AM","25.39","97.271","36.581","0","24.9","23.21","23.43","None"
"2025-09-01","7:49:23.322 AM","25.39","97.271","36.598","0","24.965","23.13","23.43","None"
"2025-09-01","7:49:23.564 AM","25.39","97.271","36.598","0","24.965","23.13","23.48","None"
"2025-09-01","7:49:23.819 AM","25.39","97.271","36.598","0","24.965","23.13","23.48","None"
"2025-09-01","7:49:24.064 AM","25.39","97.273","36.581","0","24.99","23.16","23.48","None"
"2025-09-01","7:49:24.319 AM","25.39","97.273","36.581","0","24.99","23.16","23.47","None"
"2025-09-01","7:49:24.569 AM","25.39","97.273","36.581","0","24.99","23.16","23.47","None"
"2025-09-01","7:49:24.830 AM","25.39","97.272","36.581","0","24.95","23.19","23.47","None"
"2025-09-01","7:49:25.063 AM","25.39","97.272","36.581","0","24.95","23.19","23.48","None"
"2025-09-01","7:49:25.315 AM","25.39","97.275","36.587","0","24.95","23.19","23.48","None"
"2025-09-01","7:49:25.563 AM","25.39","97.275","36.587","0","24.95","23.16","23.48","None"
"2025-09-01","7:49:25.813 AM","25.39","97.275","36.587","0","24.95","23.16","23.49","None"
"2025-09-01","7:49:26.070 AM","25.39","97.276","36.599","0","24.95","23.16","23.49","None"
"2025-09-01","7:49:26.321 AM","25.39","97.276","36.599","0","24.95","23.16","23.49","None"
"2025-09-01","7:49:26.565 AM","25.39","97.276","36.599","0","24.95","23.16","23.45","None"
"2025-09-01","7:49:26.815 AM","25.39","97.273","36.576","0","24.94","23.16","23.45","None"
"2025-09-01","7:49:27.101 AM","25.39","97.273","36.576","0","24.94","23.12","23.48","None"
"2025-09-01","7:49:27.328 AM","25.39","97.273","36.576","0","24.94","23.12","23.48","None"
"2025-09-01","7:49:27.572 AM","25.39","97.272","36.593","0","24.94","23.12","23.48","None"
"2025-09-01","7:49:27.825 AM","25.39","97.272","36.593","0","24.94","23.14","23.41","None"
"2025-09-01","7:49:28.069 AM","25.39","97.272","36.593","0","24.94","23.14","23.41","None"
"2025-09-01","7:49:28.324 AM","25.4","97.272","36.57","0","25.02","23.14","23.41","None"
"2025-09-01","7:49:28.570 AM","25.4","97.272","36.57","0","25.02","23.09","23.49","None"
"2025-09-01","7:49:28.823 AM","25.4","97.272","36.57","0","25.02","23.09","23.49","None"
"2025-09-01","7:49:29.070 AM","25.4","97.27","36.588","0","24.905","23.16","23.49","None"
"2025-09-01","7:49:29.329 AM","25.4","97.27","36.588","0","24.905","23.16","23.47","None"
"2025-09-01","7:49:29.585 AM","25.4","97.27","36.588","0","24.905","23.16","23.47","None"
"2025-09-01","7:49:29.831 AM","25.4","97.274","36.588","0","24.965","23.14","23.47","None"
"2025-09-01","7:49:30.106 AM","25.4","97.274","36.588","0","24.965","23.14","23.55","None"
"2025-09-01","7:49:30.362 AM","25.4","97.274","36.576","0","24.9","23.14","23.55","None"
"2025-09-01","7:49:30.616 AM","25.4","97.274","36.576","0","24.9","23.13","23.55","None"
"2025-09-01","7:49:30.854 AM","25.4","97.274","36.576","0","24.9","23.13","23.52","None"
"2025-09-01","7:49:31.105 AM","25.4","97.272","36.565","0","25.04","23.13","23.52","None"
"2025-09-01","7:49:31.403 AM","25.4","97.272","36.565","0","25.04","23.13","23.52","None"
"2025-09-01","7:49:31.639 AM","25.4","97.272","36.565","0","25.04","23.13","23.49","None"
"2025-09-01","7:49:31.888 AM","25.4","97.272","36.576","0","24.965","23.13","23.49","None"
"2025-09-01","7:49:32.140 AM","25.4","97.272","36.576","0","24.965","23.12","23.50","None"
"2025-09-01","7:49:32.393 AM","25.4","97.272","36.576","0","24.965","23.12","23.50","None"
"2025-09-01","7:49:32.640 AM","25.4","97.271","36.559","0","24.96","23.12","23.50","None"
"2025-09-01","7:49:32.891 AM","25.4","97.271","36.559","0","24.96","23.16","23.52","None"
"2025-09-01","7:49:33.142 AM","25.4","97.271","36.559","0","24.96","23.16","23.52","None"
"2025-09-01","7:49:33.394 AM","25.4","97.271","36.576","0","24.91","23.09","23.52","None"
"2025-09-01","7:49:33.640 AM","25.4","97.271","36.576","0","24.91","23.09","23.41","None"
"2025-09-01","7:49:33.891 AM","25.4","97.271","36.576","0","24.91","23.09","23.41","None"
"2025-09-01","7:49:34.155 AM","25.39","97.27","36.564","0","24.98","23.14","23.41","None"
"2025-09-01","7:49:34.413 AM","25.39","97.27","36.564","0","24.98","23.14","23.43","None"
"2025-09-01","7:49:34.658 AM","25.39","97.272","36.564","0","24.975","23.14","23.43","None"
"2025-09-01","7:49:34.906 AM","25.39","97.272","36.564","0","24.975","23.05","23.43","None"
"2025-09-01","7:49:35.152 AM","25.39","97.272","36.564","0","24.975","23.05","23.48","None"
"2025-09-01","7:49:35.404 AM","25.39","97.275","36.576","0","24.905","23.05","23.48","None"
"2025-09-01","7:49:35.689 AM","25.39","97.275","36.576","0","24.905","23.14","23.48","None"
"2025-09-01","7:49:35.910 AM","25.39","97.275","36.576","0","24.905","23.14","23.43","None"
"2025-09-01","7:49:36.158 AM","25.39","97.275","36.57","0","24.93","23.14","23.43","None"
"2025-09-01","7:49:36.427 AM","25.39","97.275","36.57","0","24.93","23.16","23.50","None"
"2025-09-01","7:49:36.676 AM","25.39","97.275","36.57","0","24.93","23.16","23.50","None"
"2025-09-01","7:49:36.924 AM","25.39","97.274","36.581","0","24.88","23.16","23.50","None"
"2025-09-01","7:49:37.179 AM","25.39","97.274","36.581","0","24.88","23.23","23.47","None"
"2025-09-01","7:49:37.425 AM","25.39","97.274","36.581","0","24.88","23.23","23.47","None"
"2025-09-01","7:49:37.672 AM","25.39","97.28","36.558","0","24.9","23.23","23.47","None"
"2025-09-01","7:49:37.924 AM","25.39","97.28","36.558","0","24.9","23.20","23.34","None"
"2025-09-01","7:49:38.175 AM","25.39","97.28","36.558","0","24.9","23.20","23.34","None"
"2025-09-01","7:49:38.424 AM","25.39","97.275","36.581","0","24.91","23.16","23.34","None"
"2025-09-01","7:49:38.691 AM","25.39","97.275","36.581","0","24.91","23.16","23.43","None"
"2025-09-01","7:49:38.939 AM","25.39","97.275","36.581","0","24.91","23.16","23.43","None"
"2025-09-01","7:49:39.213 AM","25.39","97.272","36.564","0","24.98","23.09","23.43","None"
"2025-09-01","7:49:39.466 AM","25.39","97.272","36.564","0","24.98","23.09","23.45","None"
"2025-09-01","7:49:39.770 AM","25.39","97.279","36.563","0","24.92","23.09","23.45","None"
"2025-09-01","7:49:39.997 AM","25.39","97.279","36.563","0","24.92","23.10","23.45","None"
"2025-09-01","7:49:40.245 AM","25.39","97.279","36.563","0","24.92","23.10","23.48","None"
"2025-09-01","7:49:40.499 AM","25.39","97.276","36.564","0","25.015","23.10","23.48","None"
"2025-09-01","7:49:40.744 AM","25.39","97.276","36.564","0","25.015","23.14","23.43","None"
"2025-09-01","7:49:40.996 AM","25.39","97.276","36.564","0","25.015","23.14","23.43","None"
"2025-09-01","7:49:41.245 AM","25.39","97.274","36.575","0","24.97","23.14","23.43","None"
"2025-09-01","7:49:41.496 AM","25.39","97.274","36.575","0","24.97","23.14","23.45","None"
"2025-09-01","7:49:41.743 AM","25.39","97.274","36.575","0","24.97","23.14","23.45","None"
"2025-09-01","7:49:41.995 AM","25.39","97.276","36.564","0","24.885","23.09","23.45","None"
"2025-09-01","7:49:42.247 AM","25.39","97.276","36.564","0","24.885","23.09","23.50","None"
"2025-09-01","7:49:42.501 AM","25.39","97.276","36.564","0","24.885","23.09","23.50","None"
"2025-09-01","7:49:42.747 AM","25.39","97.274","36.575","0","24.9","23.07","23.50","None"
"2025-09-01","7:49:43.008 AM","25.39","97.274","36.575","0","24.9","23.07","23.39","None"
"2025-09-01","7:49:43.262 AM","25.39","97.274","36.575","0","24.9","23.07","23.39","None"
"2025-09-01","7:49:43.505 AM","25.39","97.269","36.581","0","24.925","23.12","23.39","None"
"2025-09-01","7:49:43.761 AM","25.39","97.269","36.581","0","24.925","23.12","23.37","None"
"2025-09-01","7:49:44.044 AM","25.39","97.27","36.587","0","24.995","23.12","23.37","None"
"2025-09-01","7:49:44.271 AM","25.39","97.27","36.587","0","24.995","23.10","23.37","None"
"2025-09-01","7:49:44.513 AM","25.39","97.27","36.587","0","24.995","23.10","23.50","None"
"2025-09-01","7:49:44.767 AM","25.39","97.272","36.558","0","24.925","23.10","23.50","None"
"2025-09-01","7:49:45.015 AM","25.39","97.272","36.558","0","24.925","23.16","23.50","None"
"2025-09-01","7:49:45.269 AM","25.39","97.272","36.558","0","24.925","23.16","23.52","None"
"2025-09-01","7:49:45.518 AM","25.39","97.272","36.575","0","24.915","23.16","23.52","None"
"2025-09-01","7:49:45.764 AM","25.39","97.272","36.575","0","24.915","23.14","23.47","None"
"2025-09-01","7:49:46.012 AM","25.39","97.272","36.575","0","24.915","23.14","23.47","None"
"2025-09-01","7:49:46.269 AM","25.39","97.272","36.581","0","24.89","23.14","23.47","None"
"2025-09-01","7:49:46.512 AM","25.39","97.272","36.581","0","24.89","23.13","23.48","None"
"2025-09-01","7:49:46.766 AM","25.39","97.272","36.581","0","24.89","23.13","23.48","None"
"2025-09-01","7:49:47.018 AM","25.39","97.27","36.564","0","25.01","23.13","23.48","None"
"2025-09-01","7:49:47.282 AM","25.39","97.27","36.564","0","25.01","23.10","23.45","None"
"2025-09-01","7:49:47.536 AM","25.39","97.27","36.564","0","25.01","23.10","23.45","None"
"2025-09-01","7:49:47.783 AM","25.39","97.271","36.564","0","24.935","23.14","23.45","None"
"2025-09-01","7:49:48.068 AM","25.39","97.271","36.564","0","24.935","23.14","23.52","None"
"2025-09-01","7:49:48.291 AM","25.39","97.271","36.564","0","24.935","23.14","23.52","None"
"2025-09-01","7:49:48.540 AM","25.39","97.271","36.57","0","24.94","23.09","23.52","None"
"2025-09-01","7:49:48.798 AM","25.39","97.271","36.57","0","24.94","23.09","23.41","None"
"2025-09-01","7:49:49.047 AM","25.39","97.27","36.57","0","24.94","23.09","23.41","None"
"2025-09-01","7:49:49.300 AM","25.39","97.27","36.57","0","24.94","23.10","23.41","None"
"2025-09-01","7:49:49.551 AM","25.39","97.27","36.57","0","24.94","23.10","23.50","None"
"2025-09-01","7:49:49.798 AM","25.39","97.271","36.57","0","24.98","23.10","23.50","None"
"2025-09-01","7:49:50.046 AM","25.39","97.271","36.57","0","24.98","23.10","23.50","None"
"2025-09-01","7:49:50.301 AM","25.39","97.271","36.57","0","24.98","23.10","23.52","None"
"2025-09-01","7:49:50.546 AM","25.39","97.269","36.57","0","24.95","23.10","23.52","None"
"2025-09-01","7:49:50.800 AM","25.39","97.269","36.57","0","24.95","23.14","23.52","None"
"2025-09-01","7:49:51.052 AM","25.39","97.269","36.57","0","24.95","23.14","23.52","None"
"2025-09-01","7:49:51.303 AM","25.39","97.27","36.57","0","24.92","23.14","23.52","None"
"2025-09-01","7:49:51.547 AM","25.39","97.27","36.57","0","24.92","23.20","23.41","None"
"2025-09-01","7:49:51.808 AM","25.39","97.27","36.57","0","24.92","23.20","23.41","None"
"2025-09-01","7:49:52.072 AM","25.39","97.27","36.587","0","24.95","23.08","23.41","None"
"2025-09-01","7:49:52.342 AM","25.39","97.27","36.587","0","24.95","23.08","23.45","None"
"2025-09-01","7:49:52.570 AM","25.39","97.27","36.587","0","24.95","23.08","23.45","None"
"2025-09-01","7:49:52.819 AM","25.39","97.272","36.581","0","24.96","23.07","23.45","None"
"2025-09-01","7:49:53.072 AM","25.39","97.272","36.581","0","24.96","23.07","23.41","None"
"2025-09-01","7:49:53.319 AM","25.39","97.272","36.581","0","24.96","23.07","23.41","None"
"2025-09-01","7:49:53.569 AM","25.39","97.271","36.552","0","24.88","23.10","23.41","None"
"2025-09-01","7:49:53.820 AM","25.39","97.271","36.552","0","24.88","23.10","23.49","None"
"2025-09-01","7:49:54.069 AM","25.39","97.27","36.558","0","24.91","23.10","23.49","None"
"2025-09-01","7:49:54.319 AM","25.39","97.27","36.558","0","24.91","23.21","23.49","None"
"2025-09-01","7:49:54.569 AM","25.39","97.27","36.558","0","24.91","23.21","23.43","None"
"2025-09-01","7:49:54.816 AM","25.39","97.271","36.575","0","24.885","23.21","23.43","None"
"2025-09-01","7:49:55.067 AM","25.39","97.271","36.575","0","24.885","23.16","23.43","None"
"2025-09-01","7:49:55.327 AM","25.39","97.271","36.575","0","24.885","23.16","23.47","None"
"2025-09-01","7:49:55.567 AM","25.39","97.273","36.569","0","25.02","23.16","23.47","None"
"2025-09-01","7:49:55.820 AM","25.39","97.273","36.569","0","25.02","23.19","23.50","None"
"2025-09-01","7:49:56.079 AM","25.39","97.273","36.569","0","25.02","23.19","23.50","None"
"2025-09-01","7:49:56.355 AM","25.39","97.273","36.569","0","24.995","23.19","23.50","None"
"2025-09-01","7:49:56.654 AM","25.39","97.273","36.569","0","24.995","23.08","23.39","None"
"2025-09-01","7:49:56.875 AM","25.39","97.273","36.569","0","24.995","23.08","23.39","None"
"2025-09-01","7:49:57.123 AM","25.39","97.273","36.575","0","24.94","23.07","23.39","None"
"2025-09-01","7:49:57.376 AM","25.39","97.273","36.575","0","24.94","23.07","23.50","None"
"2025-09-01","7:49:57.624 AM","25.39","97.273","36.575","0","24.94","23.07","23.50","None"
"2025-09-01","7:49:57.873 AM","25.39","97.281","36.564","0","24.95","23.08","23.50","None"
"2025-09-01","7:49:58.126 AM","25.39","97.281","36.564","0","24.95","23.08","23.47","None"
"2025-09-01","7:49:58.376 AM","25.39","97.278","36.57","0","24.975","23.08","23.47","None"
"2025-09-01","7:49:58.624 AM","25.39","97.278","36.57","0","24.975","23.16","23.47","None"
"2025-09-01","7:49:58.873 AM","25.39","97.278","36.57","0","24.975","23.16","23.41","None"
"2025-09-01","7:49:59.124 AM","25.39","97.277","36.575","0","24.95","23.16","23.41","None"
"2025-09-01","7:49:59.377 AM","25.39","97.277","36.575","0","24.95","23.07","23.41","None"
"2025-09-01","7:49:59.631 AM","25.39","97.277","36.575","0","24.95","23.07","23.52","None"
"2025-09-01","7:49:59.875 AM","25.39","97.277","36.57","0","24.88","23.07","23.52","None"
"2025-09-01","7:50:00.122 AM","25.39","97.277","36.57","0","24.88","23.07","23.52","None"
"2025-09-01","7:50:00.386 AM","25.39","97.277","36.57","0","24.88","23.07","23.41","None"
"2025-09-01","7:50:00.639 AM","25.39","97.273","36.57","0","24.935","23.07","23.41","None"
"2025-09-01","7:50:00.926 AM","25.39","97.273","36.57","0","24.935","23.16","23.55","None"
"2025-09-01","7:50:01.165 AM","25.39","97.273","36.57","0","24.935","23.16","23.55","None"
"2025-09-01","7:50:01.425 AM","25.39","97.272","36.587","0","24.97","23.09","23.55","None"
"2025-09-01","7:50:01.675 AM","25.39","97.272","36.587","0","24.97","23.09","23.50","None"
"2025-09-01","7:50:01.924 AM","25.39","97.272","36.587","0","24.97","23.09","23.50","None"
"2025-09-01","7:50:02.179 AM","25.39","97.271","36.553","0","24.96","23.09","23.50","None"
"2025-09-01","7:50:02.433 AM","25.39","97.271","36.553","0","24.96","23.09","23.47","None"
"2025-09-01","7:50:02.680 AM","25.4","97.275","36.57","0","24.955","23.09","23.47","None"
"2025-09-01","7:50:02.927 AM","25.4","97.275","36.57","0","24.955","23.19","23.47","None"
"2025-09-01","7:50:03.178 AM","25.4","97.275","36.57","0","24.955","23.19","23.48","None"
"2025-09-01","7:50:03.428 AM","25.4","97.279","36.576","0","24.925","23.19","23.48","None"
"2025-09-01","7:50:03.676 AM","25.4","97.279","36.576","0","24.925","23.10","23.48","None"
"2025-09-01","7:50:03.932 AM","25.4","97.279","36.576","0","24.925","23.10","23.50","None"
"2025-09-01","7:50:04.177 AM","25.4","97.279","36.57","0","25","23.10","23.50","None"
"2025-09-01","7:50:04.429 AM","25.4","97.279","36.57","0","25","23.13","23.50","None"
"2025-09-01","7:50:04.690 AM","25.4","97.279","36.57","0","25","23.13","23.43","None"
"2025-09-01","7:50:04.940 AM","25.4","97.275","36.57","0","24.96","23.13","23.43","None"
"2025-09-01","7:50:05.245 AM","25.4","97.275","36.57","0","24.96","23.23","23.50","None"
"2025-09-01","7:50:05.472 AM","25.4","97.275","36.57","0","24.96","23.23","23.50","None"
"2025-09-01","7:50:05.726 AM","25.4","97.274","36.576","0","24.945","23.18","23.50","None"
"2025-09-01","7:50:05.977 AM","25.4","97.274","36.576","0","24.945","23.18","23.55","None"
"2025-09-01","7:50:06.224 AM","25.4","97.274","36.576","0","24.945","23.18","23.55","None"
"2025-09-01","7:50:06.481 AM","25.39","97.272","36.576","0","24.94","23.16","23.55","None"
"2025-09-01","7:50:06.728 AM","25.39","97.272","36.576","0","24.94","23.16","23.56","None"
"2025-09-01","7:50:06.982 AM","25.39","97.272","36.576","0","24.94","23.16","23.56","None"
"2025-09-01","7:50:07.233 AM","25.39","97.272","36.57","0","24.975","23.05","23.56","None"
"2025-09-01","7:50:07.487 AM","25.39","97.272","36.57","0","24.975","23.05","23.50","None"
"2025-09-01","7:50:07.731 AM","25.39","97.276","36.575","0","24.98","23.05","23.50","None"
"2025-09-01","7:50:07.980 AM","25.39","97.276","36.575","0","24.98","23.13","23.50","None"
"2025-09-01","7:50:08.231 AM","25.39","97.276","36.575","0","24.98","23.13","23.47","None"
"2025-09-01","7:50:08.484 AM","25.39","97.269","36.558","0","25.02","23.13","23.47","None"
"2025-09-01","7:50:08.727 AM","25.39","97.269","36.558","0","25.02","23.10","23.47","None"
"2025-09-01","7:50:08.992 AM","25.39","97.269","36.558","0","25.02","23.10","23.44","None"
"2025-09-01","7:50:09.244 AM","25.39","97.268","36.558","0","24.97","23.10","23.44","None"
"2025-09-01","7:50:09.529 AM","25.39","97.268","36.558","0","24.97","23.05","23.47","None"
"2025-09-01","7:50:09.751 AM","25.39","97.268","36.558","0","24.97","23.05","23.47","None"
"2025-09-01","7:50:10.003 AM","25.39","97.268","36.581","0","25","23.05","23.47","None"
"2025-09-01","7:50:10.254 AM","25.39","97.268","36.581","0","25","23.07","23.43","None"
"2025-09-01","7:50:10.498 AM","25.39","97.268","36.581","0","25","23.07","23.43","None"
"2025-09-01","7:50:10.753 AM","25.39","97.276","36.575","0","24.97","23.07","23.43","None"
"2025-09-01","7:50:11.003 AM","25.39","97.276","36.575","0","24.97","23.13","23.45","None"
"2025-09-01","7:50:11.259 AM","25.39","97.276","36.575","0","24.97","23.13","23.45","None"
"2025-09-01","7:50:11.520 AM","25.39","97.274","36.569","0","24.92","23.21","23.45","None"
"2025-09-01","7:50:11.755 AM","25.39","97.274","36.569","0","24.92","23.21","23.47","None"
"2025-09-01","7:50:12.019 AM","25.39","97.274","36.569","0","24.92","23.21","23.47","None"
"2025-09-01","7:50:12.257 AM","25.39","97.273","36.569","0","24.965","23.09","23.47","None"
"2025-09-01","7:50:12.532 AM","25.39","97.273","36.569","0","24.965","23.09","23.41","None"
"2025-09-01","7:50:12.786 AM","25.38","97.274","36.575","0","24.98","23.09","23.41","None"
"2025-09-01","7:50:13.034 AM","25.38","97.274","36.575","0","24.98","23.16","23.41","None"
"2025-09-01","7:50:13.290 AM","25.38","97.274","36.575","0","24.98","23.16","23.43","None"
"2025-09-01","7:50:13.590 AM","25.38","97.273","36.569","0","24.92","23.16","23.43","None"
"2025-09-01","7:50:13.795 AM","25.38","97.273","36.569","0","24.92","23.14","23.43","None"
"2025-09-01","7:50:14.058 AM","25.38","97.273","36.569","0","24.92","23.14","23.39","None"
"2025-09-01","7:50:14.302 AM","25.38","97.274","36.557","0","25","23.14","23.39","None"
"2025-09-01","7:50:14.550 AM","25.38","97.274","36.557","0","25","23.08","23.47","None"
"2025-09-01","7:50:14.804 AM","25.38","97.274","36.557","0","25","23.08","23.47","None"
"2025-09-01","7:50:15.052 AM","25.39","97.265","36.575","0","24.99","23.08","23.47","None"
"2025-09-01","7:50:15.301 AM","25.39","97.265","36.575","0","24.99","23.09","23.39","None"
"2025-09-01","7:50:15.563 AM","25.39","97.265","36.575","0","24.99","23.09","23.39","None"
"2025-09-01","7:50:15.817 AM","25.39","97.266","36.581","0","24.915","23.14","23.39","None"
"2025-09-01","7:50:16.063 AM","25.39","97.266","36.581","0","24.915","23.14","23.56","None"
"2025-09-01","7:50:16.324 AM","25.39","97.266","36.581","0","24.915","23.14","23.56","None"
"2025-09-01","7:50:16.576 AM","25.39","97.27","36.575","0","24.975","23.20","23.56","None"
"2025-09-01","7:50:16.825 AM","25.39","97.27","36.575","0","24.975","23.20","23.45","None"
"2025-09-01","7:50:17.075 AM","25.39","97.265","36.575","0","24.92","23.20","23.45","None"
"2025-09-01","7:50:17.325 AM","25.39","97.265","36.575","0","24.92","23.16","23.45","None"
"2025-09-01","7:50:17.576 AM","25.39","97.265","36.575","0","24.92","23.16","23.44","None"
"2025-09-01","7:50:17.871 AM","25.39","97.265","36.575","0","24.985","23.16","23.44","None"
"2025-09-01","7:50:18.099 AM","25.39","97.265","36.575","0","24.985","23.21","23.44","None"
"2025-09-01","7:50:18.347 AM","25.39","97.265","36.575","0","24.985","23.21","23.34","None"
"2025-09-01","7:50:18.607 AM","25.39","97.266","36.569","0","24.99","23.21","23.34","None"
"2025-09-01","7:50:18.859 AM","25.39","97.266","36.569","0","24.99","23.10","23.48","None"
"2025-09-01","7:50:19.116 AM","25.39","97.266","36.569","0","24.99","23.10","23.48","None"
"2025-09-01","7:50:19.361 AM","25.39","97.271","36.564","0","24.97","23.10","23.48","None"
"2025-09-01","7:50:19.612 AM","25.39","97.271","36.564","0","24.97","23.10","23.47","None"
"2025-09-01","7:50:19.857 AM","25.39","97.271","36.564","0","24.97","23.10","23.47","None"
"2025-09-01","7:50:20.111 AM","25.39","97.271","36.575","0","25.005","23.14","23.47","None"
"2025-09-01","7:50:20.363 AM","25.39","97.271","36.575","0","25.005","23.14","23.37","None"
"2025-09-01","7:50:20.612 AM","25.39","97.271","36.575","0","25.005","23.14","23.37","None"
"2025-09-01","7:50:20.865 AM","25.39","97.268","36.564","0","25.015","23.14","23.37","None"
"2025-09-01","7:50:21.110 AM","25.39","97.268","36.564","0","25.015","23.14","23.45","None"
"2025-09-01","7:50:21.363 AM","25.39","97.268","36.564","0","25.015","23.14","23.45","None"
"2025-09-01","7:50:21.633 AM","25.39","97.271","36.575","0","24.94","23.20","23.45","None"
"2025-09-01","7:50:21.864 AM","25.39","97.271","36.575","0","24.94","23.20","23.48","None"
"2025-09-01","7:50:22.167 AM","25.39","97.274","36.569","0","24.915","23.20","23.48","None"
"2025-09-01","7:50:22.389 AM","25.39","97.274","36.569","0","24.915","23.09","23.48","None"
"2025-09-01","7:50:22.652 AM","25.39","97.274","36.569","0","24.915","23.09","23.43","None"
"2025-09-01","7:50:22.899 AM","25.39","97.271","36.581","0","24.905","23.09","23.43","None"
"2025-09-01","7:50:23.153 AM","25.39","97.271","36.581","0","24.905","23.14","23.49","None"
"2025-09-01","7:50:23.430 AM","25.39","97.271","36.581","0","24.905","23.14","23.49","None"
"2025-09-01","7:50:23.667 AM","25.39","97.274","36.575","0","24.975","23.14","23.49","None"
"2025-09-01","7:50:23.913 AM","25.39","97.274","36.575","0","24.975","23.18","23.49","None"
"2025-09-01","7:50:24.165 AM","25.39","97.274","36.575","0","24.975","23.18","23.49","None"
"2025-09-01","7:50:24.420 AM","25.39","97.268","36.563","0","24.99","23.18","23.49","None"
"2025-09-01","7:50:24.662 AM","25.39","97.268","36.563","0","24.99","23.09","23.48","None"
"2025-09-01","7:50:24.916 AM","25.39","97.268","36.563","0","24.99","23.09","23.48","None"
"2025-09-01","7:50:25.167 AM","25.38","97.267","36.569","0","24.945","23.13","23.48","None"
"2025-09-01","7:50:25.415 AM","25.38","97.267","36.569","0","24.945","23.13","23.44","None"
"2025-09-01","7:50:25.662 AM","25.38","97.267","36.569","0","24.945","23.13","23.44","None"
"2025-09-01","7:50:25.912 AM","25.38","97.27","36.575","0","24.955","23.13","23.44","None"
"2025-09-01","7:50:26.169 AM","25.38","97.27","36.575","0","24.955","23.13","23.41","None"
"2025-09-01","7:50:26.477 AM","25.38","97.275","36.569","0","24.915","23.13","23.41","None"
"2025-09-01","7:50:26.684 AM","25.38","97.275","36.569","0","24.915","23.14","23.41","None"
"2025-09-01","7:50:26.932 AM","25.38","97.275","36.569","0","24.915","23.14","23.41","None"
"2025-09-01","7:50:27.185 AM","25.38","97.274","36.557","0","24.93","23.14","23.41","None"
"2025-09-01","7:50:27.431 AM","25.38","97.274","36.557","0","24.93","23.20","23.41","None"
"2025-09-01","7:50:27.691 AM","25.38","97.274","36.557","0","24.93","23.20","23.37","None"
"2025-09-01","7:50:27.929 AM","25.38","97.27","36.575","0","24.94","23.20","23.37","None"
"2025-09-01","7:50:28.183 AM","25.38","97.27","36.575","0","24.94","23.08","23.43","None"
"2025-09-01","7:50:28.436 AM","25.38","97.27","36.575","0","24.94","23.08","23.43","None"
"2025-09-01","7:50:28.697 AM","25.39","97.266","36.563","0","25.01","23.08","23.43","None"
"2025-09-01","7:50:28.946 AM","25.39","97.266","36.563","0","25.01","23.14","23.49","None"
"2025-09-01","7:50:29.207 AM","25.39","97.266","36.563","0","25.01","23.14","23.49","None"
"2025-09-01","7:50:29.449 AM","25.39","97.268","36.575","0","24.915","23.14","23.49","None"
"2025-09-01","7:50:29.699 AM","25.39","97.268","36.575","0","24.915","23.13","23.45","None"
"2025-09-01","7:50:29.946 AM","25.39","97.268","36.575","0","24.915","23.13","23.45","None"
"2025-09-01","7:50:30.204 AM","25.39","97.27","36.569","0","25","23.13","23.45","None"
"2025-09-01","7:50:30.476 AM","25.39","97.27","36.569","0","25","23.13","23.37","None"
"2025-09-01","7:50:30.755 AM","25.39","97.27","36.569","0","25","23.13","23.37","None"
"2025-09-01","7:50:30.975 AM","25.39","97.268","36.581","0","24.9","23.18","23.37","None"
"2025-09-01","7:50:31.236 AM","25.39","97.268","36.581","0","24.9","23.18","23.45","None"
"2025-09-01","7:50:31.486 AM","25.39","97.264","36.575","0","25.04","23.18","23.45","None"
"2025-09-01","7:50:31.733 AM","25.39","97.264","36.575","0","25.04","23.16","23.45","None"
"2025-09-01","7:50:31.991 AM","25.39","97.264","36.575","0","25.04","23.16","23.49","None"
"2025-09-01","7:50:32.230 AM","25.39","97.271","36.57","0","24.995","23.16","23.49","None"
"2025-09-01","7:50:32.484 AM","25.39","97.271","36.57","0","24.995","23.14","23.49","None"
"2025-09-01","7:50:32.738 AM","25.39","97.271","36.57","0","24.995","23.14","23.48","None"
"2025-09-01","7:50:32.988 AM","25.39","97.269","36.564","0","25","23.14","23.48","None"
"2025-09-01","7:50:33.248 AM","25.39","97.269","36.564","0","25","23.16","23.45","None"
"2025-09-01","7:50:33.511 AM","25.39","97.269","36.564","0","25","23.16","23.45","None"
"2025-09-01","7:50:33.757 AM","25.39","97.27","36.564","0","24.955","23.16","23.45","None"
"2025-09-01","7:50:34.004 AM","25.39","97.27","36.564","0","24.955","23.21","23.43","None"
"2025-09-01","7:50:34.255 AM","25.39","97.27","36.564","0","24.955","23.21","23.43","None"
"2025-09-01","7:50:34.501 AM","25.39","97.268","36.57","0","24.925","23.16","23.43","None"
"2025-09-01","7:50:34.757 AM","25.39","97.268","36.57","0","24.925","23.16","23.45","None"
"2025-09-01","7:50:35.044 AM","25.39","97.268","36.57","0","24.925","23.16","23.45","None"
"2025-09-01","7:50:35.287 AM","25.39","97.272","36.57","0","24.88","23.10","23.45","None"
"2025-09-01","7:50:35.509 AM","25.39","97.272","36.57","0","24.88","23.10","23.43","None"
"2025-09-01","7:50:35.777 AM","25.39","97.273","36.564","0","24.97","23.10","23.43","None"
"2025-09-01","7:50:36.004 AM","25.39","97.273","36.564","0","24.97","23.09","23.43","None"
"2025-09-01","7:50:36.285 AM","25.39","97.273","36.564","0","24.97","23.09","23.45","None"
"2025-09-01","7:50:36.509 AM","25.4","97.276","36.564","0","25","23.09","23.45","None"
"2025-09-01","7:50:36.776 AM","25.4","97.276","36.564","0","25","23.10","23.45","None"
"2025-09-01","7:50:37.014 AM","25.4","97.276","36.564","0","25","23.10","23.45","None"
"2025-09-01","7:50:37.292 AM","25.4","97.274","36.564","0","24.945","23.10","23.45","None"
"2025-09-01","7:50:37.553 AM","25.4","97.274","36.564","0","24.945","23.18","23.50","None"
"2025-09-01","7:50:37.814 AM","25.4","97.274","36.564","0","24.945","23.18","23.50","None"
"2025-09-01","7:50:38.057 AM","25.4","97.273","36.565","0","24.975","23.18","23.50","None"
"2025-09-01","7:50:38.310 AM","25.4","97.273","36.565","0","24.975","23.14","23.45","None"
"2025-09-01","7:50:38.559 AM","25.4","97.273","36.565","0","24.975","23.14","23.45","None"
"2025-09-01","7:50:38.803 AM","25.4","97.276","36.559","0","24.975","23.14","23.45","None"
"2025-09-01","7:50:39.051 AM","25.4","97.276","36.559","0","24.975","23.14","23.52","None"
"2025-09-01","7:50:39.369 AM","25.4","97.276","36.559","0","24.975","23.14","23.52","None"
"2025-09-01","7:50:39.582 AM","25.39","97.275","36.57","0","24.935","23.10","23.52","None"
"2025-09-01","7:50:39.829 AM","25.39","97.275","36.57","0","24.935","23.10","23.44","None"
"2025-09-01","7:50:40.103 AM","25.4","97.276","36.547","0","24.94","23.10","23.44","None"
"2025-09-01","7:50:40.348 AM","25.4","97.276","36.547","0","24.94","23.18","23.44","None"
"2025-09-01","7:50:40.601 AM","25.4","97.276","36.547","0","24.94","23.18","23.50","None"
"2025-09-01","7:50:40.839 AM","25.4","97.273","36.564","0","24.96","23.18","23.50","None"
"2025-09-01","7:50:41.093 AM","25.4","97.273","36.564","0","24.96","23.16","23.50","None"
"2025-09-01","7:50:41.343 AM","25.4","97.273","36.564","0","24.96","23.16","23.44","None"
"2025-09-01","7:50:41.595 AM","25.4","97.272","36.559","0","24.945","23.16","23.44","None"
"2025-09-01","7:50:41.846 AM","25.4","97.272","36.559","0","24.945","23.10","23.48","None"
"2025-09-01","7:50:42.097 AM","25.4","97.272","36.559","0","24.945","23.10","23.48","None"
"2025-09-01","7:50:42.351 AM","25.4","97.271","36.553","0","24.935","23.10","23.48","None"
"2025-09-01","7:50:42.599 AM","25.4","97.271","36.553","0","24.935","23.10","23.44","None"
"2025-09-01","7:50:42.856 AM","25.4","97.271","36.553","0","24.935","23.10","23.44","None"
"2025-09-01","7:50:43.111 AM","25.4","97.273","36.547","0","24.915","23.10","23.44","None"
"2025-09-01","7:50:43.409 AM","25.4","97.273","36.547","0","24.915","23.16","23.44","None"
"2025-09-01","7:50:43.619 AM","25.4","97.273","36.547","0","24.915","23.16","23.44","None"
"2025-09-01","7:50:43.863 AM","25.4","97.273","36.559","0","25","23.18","23.44","None"
"2025-09-01","7:50:44.129 AM","25.4","97.273","36.559","0","25","23.18","23.44","None"
"2025-09-01","7:50:44.378 AM","25.4","97.273","36.559","0","25","23.18","23.44","None"
"2025-09-01","7:50:44.630 AM","25.4","97.269","36.559","0","25","23.18","23.44","None"
"2025-09-01","7:50:44.881 AM","25.4","97.269","36.559","0","25","23.18","23.45","None"
"2025-09-01","7:50:45.134 AM","25.4","97.267","36.553","0","24.975","23.18","23.45","None"
"2025-09-01","7:50:45.383 AM","25.4","97.267","36.553","0","24.975","23.18","23.45","None"
"2025-09-01","7:50:45.623 AM","25.4","97.267","36.553","0","24.975","23.18","23.47","None"
"2025-09-01","7:50:45.882 AM","25.4","97.266","36.553","0","24.995","23.18","23.47","None"
"2025-09-01","7:50:46.127 AM","25.4","97.266","36.553","0","24.995","23.18","23.47","None"
"2025-09-01","7:50:46.391 AM","25.4","97.266","36.553","0","24.995","23.18","23.41","None"
"2025-09-01","7:50:46.643 AM","25.4","97.264","36.553","0","24.905","23.18","23.41","None"
"2025-09-01","7:50:46.883 AM","25.4","97.264","36.553","0","24.905","23.10","23.54","None"
"2025-09-01","7:50:47.132 AM","25.4","97.264","36.553","0","24.905","23.10","23.54","None"
"2025-09-01","7:50:47.382 AM","25.4","97.266","36.559","0","25.04","23.10","23.54","None"
"2025-09-01","7:50:47.676 AM","25.4","97.266","36.559","0","25.04","23.14","23.48","None"
"2025-09-01","7:50:47.894 AM","25.4","97.266","36.559","0","25.04","23.14","23.48","None"
"2025-09-01","7:50:48.142 AM","25.41","97.27","36.56","0","24.975","23.14","23.48","None"
"2025-09-01","7:50:48.398 AM","25.41","97.27","36.56","0","24.975","23.09","23.41","None"
"2025-09-01","7:50:48.643 AM","25.41","97.27","36.56","0","24.975","23.09","23.41","None"
"2025-09-01","7:50:48.894 AM","25.41","97.267","36.548","0","24.985","23.21","23.41","None"
"2025-09-01","7:50:49.145 AM","25.41","97.267","36.548","0","24.985","23.21","23.48","None"
"2025-09-01","7:50:49.393 AM","25.41","97.267","36.548","0","24.985","23.21","23.48","None"
"2025-09-01","7:50:49.642 AM","25.41","97.27","36.548","0","24.96","23.12","23.48","None"
"2025-09-01","7:50:49.891 AM","25.41","97.27","36.548","0","24.96","23.12","23.50","None"
"2025-09-01","7:50:50.151 AM","25.41","97.27","36.548","0","24.99","23.12","23.50","None"
"2025-09-01","7:50:50.410 AM","25.41","97.27","36.548","0","24.99","23.12","23.50","None"
"2025-09-01","7:50:50.661 AM","25.41","97.27","36.548","0","24.99","23.12","23.47","None"
"2025-09-01","7:50:50.907 AM","25.41","97.269","36.554","0","24.93","23.12","23.47","None"
"2025-09-01","7:50:51.155 AM","25.41","97.269","36.554","0","24.93","23.13","23.47","None"
"2025-09-01","7:50:51.411 AM","25.41","97.269","36.554","0","24.93","23.13","23.54","None"
"2025-09-01","7:50:51.659 AM","25.41","97.262","36.548","0","24.935","23.13","23.54","None"
"2025-09-01","7:50:51.991 AM","25.41","97.262","36.548","0","24.935","23.16","23.52","None"
"2025-09-01","7:50:52.213 AM","25.41","97.262","36.548","0","24.935","23.16","23.52","None"
"2025-09-01","7:50:52.463 AM","25.41","97.268","36.543","0","25","23.18","23.52","None"
"2025-09-01","7:50:52.711 AM","25.41","97.268","36.543","0","25","23.18","23.48","None"
"2025-09-01","7:50:52.958 AM","25.41","97.268","36.543","0","25","23.18","23.48","None"
"2025-09-01","7:50:53.215 AM","25.41","97.266","36.548","0","24.925","23.14","23.48","None"
"2025-09-01","7:50:53.470 AM","25.41","97.266","36.548","0","24.925","23.14","23.47","None"
"2025-09-01","7:50:53.719 AM","25.41","97.266","36.548","0","24.925","23.14","23.47","None"
"2025-09-01","7:50:53.965 AM","25.41","97.266","36.537","0","24.955","23.23","23.47","None"
"2025-09-01","7:50:54.215 AM","25.41","97.266","36.537","0","24.955","23.23","23.44","None"
"2025-09-01","7:50:54.479 AM","25.41","97.264","36.531","0","24.98","23.23","23.44","None"
"2025-09-01","7:50:54.730 AM","25.41","97.264","36.531","0","24.98","23.18","23.44","None"
"2025-09-01","7:50:54.984 AM","25.41","97.264","36.531","0","24.98","23.18","23.47","None"
"2025-09-01","7:50:55.227 AM","25.41","97.27","36.542","0","25.01","23.18","23.47","None"
"2025-09-01","7:50:55.481 AM","25.41","97.27","36.542","0","25.01","23.16","23.47","None"
"2025-09-01","7:50:55.729 AM","25.41","97.27","36.542","0","25.01","23.16","23.52","None"
"2025-09-01","7:50:55.983 AM","25.41","97.272","36.566","0","24.96","23.16","23.52","None"
"2025-09-01","7:50:56.285 AM","25.41","97.272","36.566","0","24.96","23.20","23.44","None"
"2025-09-01","7:50:56.516 AM","25.41","97.272","36.566","0","24.96","23.20","23.44","None"
"2025-09-01","7:50:56.761 AM","25.41","97.278","36.525","0","25.015","23.20","23.44","None"
"2025-09-01","7:50:57.023 AM","25.41","97.278","36.525","0","25.015","23.26","23.43","None"
"2025-09-01","7:50:57.267 AM","25.41","97.278","36.525","0","25.015","23.26","23.43","None"
"2025-09-01","7:50:57.518 AM","25.41","97.277","36.537","0","24.93","23.21","23.43","None"
"2025-09-01","7:50:57.778 AM","25.41","97.277","36.537","0","24.93","23.21","23.50","None"
"2025-09-01","7:50:58.019 AM","25.41","97.277","36.537","0","24.93","23.21","23.50","None"
"2025-09-01","7:50:58.277 AM","25.41","97.277","36.526","0","24.945","23.19","23.50","None"
"2025-09-01","7:50:58.535 AM","25.41","97.277","36.526","0","24.945","23.19","23.52","None"
"2025-09-01","7:50:58.786 AM","25.41","97.273","36.537","0","24.98","23.19","23.52","None"
"2025-09-01","7:50:59.033 AM","25.41","97.273","36.537","0","24.98","23.21","23.52","None"
"2025-09-01","7:50:59.292 AM","25.41","97.273","36.537","0","24.98","23.21","23.43","None"
"2025-09-01","7:50:59.538 AM","25.41","97.274","36.525","0","24.985","23.21","23.43","None"
"2025-09-01","7:50:59.786 AM","25.41","97.274","36.525","0","24.985","23.19","23.43","None"
"2025-09-01","7:51:00.039 AM","25.41","97.274","36.525","0","24.985","23.19","23.37","None"
"2025-09-01","7:51:00.290 AM","25.41","97.269","36.531","0","24.895","23.19","23.37","None"
"2025-09-01","7:51:00.582 AM","25.41","97.269","36.531","0","24.895","23.20","23.49","None"
"2025-09-01","7:51:00.811 AM","25.41","97.269","36.531","0","24.895","23.20","23.49","None"
"2025-09-01","7:51:01.077 AM","25.41","97.277","36.537","0","24.95","23.20","23.49","None"
"2025-09-01","7:51:01.327 AM","25.41","97.277","36.537","0","24.95","23.20","23.47","None"
"2025-09-01","7:51:01.577 AM","25.41","97.277","36.537","0","24.95","23.20","23.47","None"
"2025-09-01","7:51:01.826 AM","25.41","97.281","36.537","0","24.915","23.23","23.47","None"
"2025-09-01","7:51:02.080 AM","25.41","97.281","36.537","0","24.915","23.23","23.44","None"
"2025-09-01","7:51:02.321 AM","25.41","97.281","36.537","0","24.915","23.23","23.44","None"
"2025-09-01","7:51:02.570 AM","25.41","97.285","36.526","0","25.015","23.21","23.44","None"
"2025-09-01","7:51:02.824 AM","25.41","97.285","36.526","0","25.015","23.21","23.44","None"
"2025-09-01","7:51:03.090 AM","25.41","97.282","36.526","0","24.925","23.21","23.44","None"
"2025-09-01","7:51:03.334 AM","25.41","97.282","36.526","0","24.925","23.20","23.44","None"
"2025-09-01","7:51:03.587 AM","25.41","97.282","36.526","0","24.925","23.20","23.44","None"
"2025-09-01","7:51:03.832 AM","25.41","97.281","36.537","0","24.99","23.20","23.44","None"
"2025-09-01","7:51:04.089 AM","25.41","97.281","36.537","0","24.99","23.26","23.44","None"
"2025-09-01","7:51:04.336 AM","25.41","97.281","36.537","0","24.99","23.26","23.45","None"
"2025-09-01","7:51:04.587 AM","25.41","97.277","36.526","0","24.95","23.26","23.45","None"
"2025-09-01","7:51:04.901 AM","25.41","97.277","36.526","0","24.95","23.16","23.45","None"
"2025-09-01","7:51:05.103 AM","25.41","97.277","36.526","0","24.95","23.16","23.45","None"
"2025-09-01","7:51:05.358 AM","25.41","97.274","36.52","0","24.935","23.16","23.45","None"
"2025-09-01","7:51:05.608 AM","25.41","97.274","36.52","0","24.935","23.13","23.41","None"
"2025-09-01","7:51:05.857 AM","25.41","97.274","36.52","0","24.935","23.13","23.41","None"
"2025-09-01","7:51:06.104 AM","25.41","97.275","36.525","0","24.96","23.13","23.41","None"
"2025-09-01","7:51:06.355 AM","25.41","97.275","36.525","0","24.96","23.25","23.50","None"
"2025-09-01","7:51:06.605 AM","25.41","97.275","36.525","0","24.96","23.25","23.50","None"
"2025-09-01","7:51:06.857 AM","25.41","97.272","36.525","0","24.995","23.07","23.50","None"
"2025-09-01","7:51:07.104 AM","25.41","97.272","36.525","0","24.995","23.07","23.41","None"
"2025-09-01","7:51:07.356 AM","25.41","97.272","36.525","0","24.995","23.07","23.41","None"
"2025-09-01","7:51:07.625 AM","25.41","97.271","36.52","0","24.98","23.07","23.41","None"
"2025-09-01","7:51:07.877 AM","25.41","97.271","36.52","0","24.98","23.07","23.44","None"
"2025-09-01","7:51:08.125 AM","25.41","97.279","36.52","0","24.995","23.07","23.44","None"
"2025-09-01","7:51:08.376 AM","25.41","97.279","36.52","0","24.995","23.23","23.44","None"
"2025-09-01","7:51:08.619 AM","25.41","97.279","36.52","0","24.995","23.23","23.48","None"
"2025-09-01","7:51:08.908 AM","25.41","97.28","36.525","0","24.99","23.23","23.48","None"
"2025-09-01","7:51:09.126 AM","25.41","97.28","36.525","0","24.99","23.13","23.48","None"
"2025-09-01","7:51:09.396 AM","25.41","97.28","36.525","0","24.99","23.13","23.47","None"
"2025-09-01","7:51:09.643 AM","25.41","97.275","36.52","0","25","23.13","23.47","None"
"2025-09-01","7:51:09.898 AM","25.41","97.275","36.52","0","25","23.23","23.44","None"
"2025-09-01","7:51:10.143 AM","25.41","97.275","36.52","0","25","23.23","23.44","None"
"2025-09-01","7:51:10.399 AM","25.41","97.278","36.519","0","24.965","23.23","23.44","None"
"2025-09-01","7:51:10.648 AM","25.41","97.278","36.519","0","24.965","23.21","23.41","None"
"2025-09-01","7:51:10.899 AM","25.41","97.278","36.519","0","24.965","23.21","23.41","None"
"2025-09-01","7:51:11.143 AM","25.41","97.281","36.519","0","24.965","23.21","23.41","None"
"2025-09-01","7:51:11.398 AM","25.41","97.281","36.519","0","24.965","23.16","23.44","None"
"2025-09-01","7:51:11.643 AM","25.41","97.281","36.519","0","24.965","23.16","23.44","None"
"2025-09-01","7:51:11.907 AM","25.41","97.275","36.531","0","24.95","23.23","23.44","None"
"2025-09-01","7:51:12.164 AM","25.41","97.275","36.531","0","24.95","23.23","23.45","None"
"2025-09-01","7:51:12.414 AM","25.41","97.275","36.531","0","24.95","23.23","23.45","None"
"2025-09-01","7:51:12.658 AM","25.41","97.277","36.531","0","24.995","23.16","23.45","None"
"2025-09-01","7:51:12.906 AM","25.41","97.277","36.531","0","24.995","23.16","23.45","None"
"2025-09-01","7:51:13.195 AM","25.41","97.281","36.525","0","25.015","23.16","23.45","None"
"2025-09-01","7:51:13.416 AM","25.41","97.281","36.525","0","25.015","23.25","23.45","None"
"2025-09-01","7:51:13.672 AM","25.41","97.281","36.525","0","25.015","23.25","23.50","None"
"2025-09-01","7:51:13.946 AM","25.41","97.275","36.514","0","24.92","23.25","23.50","None"
"2025-09-01","7:51:14.208 AM","25.41","97.275","36.514","0","24.92","23.16","23.52","None"
"2025-09-01","7:51:14.485 AM","25.41","97.275","36.514","0","24.92","23.16","23.52","None"
"2025-09-01","7:51:14.743 AM","25.41","97.276","36.519","0","24.935","23.16","23.52","None"
"2025-09-01","7:51:15.016 AM","25.41","97.276","36.519","0","24.935","23.16","23.49","None"
"2025-09-01","7:51:15.292 AM","25.41","97.276","36.519","0","24.935","23.16","23.49","None"
"2025-09-01","7:51:15.533 AM","25.41","97.277","36.525","0","24.925","23.21","23.49","None"
"2025-09-01","7:51:15.792 AM","25.41","97.277","36.525","0","24.925","23.21","23.48","None"
"2025-09-01","7:51:16.037 AM","25.41","97.273","36.508","0","24.94","23.21","23.48","None"
"2025-09-01","7:51:16.291 AM","25.41","97.273","36.508","0","24.94","23.13","23.48","None"
"2025-09-01","7:51:16.535 AM","25.41","97.273","36.508","0","24.94","23.13","23.45","None"
"2025-09-01","7:51:16.792 AM","25.41","97.277","36.537","0","24.935","23.13","23.45","None"
"2025-09-01","7:51:17.038 AM","25.41","97.277","36.537","0","24.935","23.23","23.45","None"
"2025-09-01","7:51:17.289 AM","25.41","97.277","36.537","0","24.935","23.23","23.44","None"
"2025-09-01","7:51:17.629 AM","25.41","97.274","36.526","0","24.945","23.23","23.44","None"
"2025-09-01","7:51:17.810 AM","25.41","97.274","36.526","0","24.945","23.16","23.47","None"
"2025-09-01","7:51:18.079 AM","25.41","97.274","36.526","0","24.945","23.16","23.47","None"
"2025-09-01","7:51:18.326 AM","25.41","97.274","36.532","0","25.01","23.16","23.47","None"
"2025-09-01","7:51:18.568 AM","25.41","97.274","36.532","0","25.01","23.18","23.39","None"
"2025-09-01","7:51:18.828 AM","25.41","97.274","36.532","0","25.01","23.18","23.39","None"
"2025-09-01","7:51:19.093 AM","25.41","97.282","36.503","0","25.01","23.16","23.39","None"
"2025-09-01","7:51:19.352 AM","25.41","97.282","36.503","0","25.01","23.16","23.37","None"
"2025-09-01","7:51:19.588 AM","25.41","97.282","36.503","0","25.01","23.16","23.37","None"
"2025-09-01","7:51:19.852 AM","25.41","97.287","36.514","0","24.91","23.20","23.37","None"
"2025-09-01","7:51:20.101 AM","25.41","97.287","36.514","0","24.91","23.20","23.41","None"
"2025-09-01","7:51:20.354 AM","25.41","97.284","36.508","0","24.965","23.20","23.41","None"
"2025-09-01","7:51:20.603 AM","25.41","97.284","36.508","0","24.965","23.09","23.41","None"
"2025-09-01","7:51:20.858 AM","25.41","97.284","36.508","0","24.965","23.09","23.52","None"
"2025-09-01","7:51:21.106 AM","25.41","97.283","36.508","0","25.03","23.09","23.52","None"
"2025-09-01","7:51:21.361 AM","25.41","97.283","36.508","0","25.03","23.12","23.52","None"
"2025-09-01","7:51:21.605 AM","25.41","97.283","36.508","0","25.03","23.12","23.41","None"
"2025-09-01","7:51:21.900 AM","25.4","97.28","36.513","0","24.98","23.12","23.41","None"
"2025-09-01","7:51:22.117 AM","25.4","97.28","36.513","0","24.98","23.07","23.43","None"
"2025-09-01","7:51:22.384 AM","25.4","97.28","36.513","0","24.98","23.07","23.43","None"
"2025-09-01","7:51:22.653 AM","25.4","97.278","36.519","0","24.89","23.07","23.43","None"
"2025-09-01","7:51:22.879 AM","25.4","97.278","36.519","0","24.89","23.16","23.55","None"
"2025-09-01","7:51:23.148 AM","25.4","97.278","36.519","0","24.89","23.16","23.55","None"
"2025-09-01","7:51:23.395 AM","25.4","97.274","36.525","0","24.94","23.14","23.55","None"
"2025-09-01","7:51:23.644 AM","25.4","97.274","36.525","0","24.94","23.14","23.44","None"
"2025-09-01","7:51:23.897 AM","25.4","97.274","36.525","0","24.94","23.14","23.44","None"
"2025-09-01","7:51:24.161 AM","25.4","97.277","36.513","0","24.94","23.09","23.44","None"
"2025-09-01","7:51:24.415 AM","25.4","97.277","36.513","0","24.94","23.09","23.50","None"
"2025-09-01","7:51:24.662 AM","25.4","97.279","36.513","0","24.98","23.09","23.50","None"
"2025-09-01","7:51:24.915 AM","25.4","97.279","36.513","0","24.98","23.18","23.50","None"
"2025-09-01","7:51:25.160 AM","25.4","97.279","36.513","0","24.98","23.18","23.37","None"
"2025-09-01","7:51:25.407 AM","25.41","97.278","36.502","0","25","23.18","23.37","None"
"2025-09-01","7:51:25.660 AM","25.41","97.278","36.502","0","25","23.14","23.37","None"
"2025-09-01","7:51:25.953 AM","25.41","97.278","36.502","0","25","23.14","23.52","None"
"2025-09-01","7:51:26.183 AM","25.4","97.279","36.519","0","24.99","23.14","23.52","None"
"2025-09-01","7:51:26.433 AM","25.4","97.279","36.519","0","24.99","23.14","23.41","None"
"2025-09-01","7:51:26.692 AM","25.4","97.279","36.519","0","24.99","23.14","23.41","None"
"2025-09-01","7:51:26.935 AM","25.4","97.275","36.53","0","24.97","23.14","23.41","None"
"2025-09-01","7:51:27.182 AM","25.4","97.275","36.53","0","24.97","23.09","23.48","None"
"2025-09-01","7:51:27.433 AM","25.4","97.275","36.53","0","24.97","23.09","23.48","None"
"2025-09-01","7:51:27.692 AM","25.4","97.274","36.519","0","24.96","23.16","23.48","None"
"2025-09-01","7:51:27.941 AM","25.4","97.274","36.519","0","24.96","23.16","23.52","None"
"2025-09-01","7:51:28.189 AM","25.4","97.274","36.519","0","24.96","23.16","23.52","None"
"2025-09-01","7:51:28.442 AM","25.4","97.275","36.519","0","24.96","23.18","23.52","None"
"2025-09-01","7:51:28.686 AM","25.4","97.275","36.519","0","24.96","23.18","23.49","None"
"2025-09-01","7:51:28.939 AM","25.4","97.275","36.519","0","24.96","23.18","23.49","None"
"2025-09-01","7:51:29.185 AM","25.41","97.273","36.519","0","24.905","23.20","23.49","None"
"2025-09-01","7:51:29.445 AM","25.41","97.273","36.519","0","24.905","23.20","23.43","None"
"2025-09-01","7:51:29.694 AM","25.41","97.273","36.519","0","24.92","23.20","23.43","None"
"2025-09-01","7:51:29.941 AM","25.41","97.273","36.519","0","24.92","23.23","23.43","None"
"2025-09-01","7:51:30.186 AM","25.41","97.273","36.519","0","24.92","23.23","23.44","None"
"2025-09-01","7:51:30.475 AM","25.41","97.271","36.519","0","24.965","23.23","23.44","None"
"2025-09-01","7:51:30.709 AM","25.41","97.271","36.519","0","24.965","23.14","23.44","None"
"2025-09-01","7:51:30.957 AM","25.41","97.271","36.519","0","24.965","23.14","23.50","None"
"2025-09-01","7:51:31.211 AM","25.41","97.27","36.525","0","24.95","23.14","23.50","None"
"2025-09-01","7:51:31.457 AM","25.41","97.27","36.525","0","24.95","23.13","23.41","None"
"2025-09-01","7:51:31.706 AM","25.41","97.27","36.525","0","24.95","23.13","23.41","None"
"2025-09-01","7:51:31.952 AM","25.41","97.27","36.514","0","24.94","23.13","23.41","None"
"2025-09-01","7:51:32.209 AM","25.41","97.27","36.514","0","24.94","23.16","23.47","None"
"2025-09-01","7:51:32.457 AM","25.41","97.27","36.514","0","24.94","23.16","23.47","None"
"2025-09-01","7:51:32.707 AM","25.41","97.269","36.502","0","24.985","23.16","23.47","None"
"2025-09-01","7:51:32.975 AM","25.41","97.269","36.502","0","24.985","23.10","23.44","None"
"2025-09-01","7:51:33.224 AM","25.41","97.269","36.502","0","24.985","23.10","23.44","None"
"2025-09-01","7:51:33.478 AM","25.41","97.27","36.508","0","24.965","23.10","23.44","None"
"2025-09-01","7:51:33.721 AM","25.41","97.27","36.508","0","24.965","23.10","23.44","None"
"2025-09-01","7:51:33.976 AM","25.41","97.27","36.508","0","24.965","23.10","23.44","None"
"2025-09-01","7:51:34.228 AM","25.41","97.27","36.52","0","25","23.18","23.44","None"
"2025-09-01","7:51:34.518 AM","25.41","97.27","36.52","0","25","23.18","23.49","None"
"2025-09-01","7:51:34.751 AM","25.41","97.266","36.52","0","25.005","23.18","23.49","None"
"2025-09-01","7:51:34.990 AM","25.41","97.266","36.52","0","25.005","23.14","23.49","None"
"2025-09-01","7:51:35.243 AM","25.41","97.266","36.52","0","25.005","23.14","23.44","None"
"2025-09-01","7:51:35.493 AM","25.41","97.268","36.514","0","24.975","23.14","23.44","None"
"2025-09-01","7:51:35.746 AM","25.41","97.268","36.514","0","24.975","23.18","23.44","None"
"2025-09-01","7:51:35.996 AM","25.41","97.268","36.514","0","24.975","23.18","23.44","None"
"2025-09-01","7:51:36.241 AM","25.42","97.267","36.509","0","24.965","23.18","23.44","None"
"2025-09-01","7:51:36.493 AM","25.42","97.267","36.509","0","24.965","23.23","23.41","None"
"2025-09-01","7:51:36.745 AM","25.42","97.267","36.509","0","24.965","23.23","23.41","None"
"2025-09-01","7:51:36.991 AM","25.42","97.275","36.509","0","24.96","23.23","23.41","None"
"2025-09-01","7:51:37.251 AM","25.42","97.275","36.509","0","24.96","23.16","23.49","None"
"2025-09-01","7:51:37.511 AM","25.42","97.275","36.509","0","24.96","23.16","23.49","None"
"2025-09-01","7:51:37.761 AM","25.42","97.272","36.497","0","24.945","23.13","23.49","None"
"2025-09-01","7:51:38.013 AM","25.42","97.272","36.497","0","24.945","23.13","23.50","None"
"2025-09-01","7:51:38.267 AM","25.42","97.272","36.497","0","24.945","23.13","23.50","None"
"2025-09-01","7:51:38.508 AM","25.42","97.273","36.509","0","25.03","23.23","23.50","None"
"2025-09-01","7:51:38.798 AM","25.42","97.273","36.509","0","25.03","23.23","23.54","None"
"2025-09-01","7:51:39.017 AM","25.42","97.273","36.509","0","25.03","23.23","23.54","None"
"2025-09-01","7:51:39.265 AM","25.42","97.276","36.52","0","25.02","23.13","23.54","None"
"2025-09-01","7:51:39.516 AM","25.42","97.276","36.52","0","25.02","23.13","23.45","None"
"2025-09-01","7:51:39.765 AM","25.42","97.275","36.498","0","24.975","23.13","23.45","None"
"2025-09-01","7:51:40.014 AM","25.42","97.275","36.498","0","24.975","23.10","23.45","None"
"2025-09-01","7:51:40.264 AM","25.42","97.275","36.498","0","24.975","23.10","23.48","None"
"2025-09-01","7:51:40.511 AM","25.42","97.272","36.498","0","25","23.10","23.48","None"
"2025-09-01","7:51:40.761 AM","25.42","97.272","36.498","0","25","23.28","23.48","None"
"2025-09-01","7:51:41.021 AM","25.42","97.272","36.498","0","25","23.28","23.33","None"
"2025-09-01","7:51:41.271 AM","25.42","97.277","36.503","0","24.98","23.28","23.33","None"
"2025-09-01","7:51:41.520 AM","25.42","97.277","36.503","0","24.98","23.20","23.39","None"
"2025-09-01","7:51:41.763 AM","25.42","97.277","36.503","0","24.98","23.20","23.39","None"
"2025-09-01","7:51:42.015 AM","25.42","97.271","36.515","0","24.985","23.20","23.39","None"
"2025-09-01","7:51:42.290 AM","25.42","97.271","36.515","0","24.985","23.12","23.41","None"
"2025-09-01","7:51:42.517 AM","25.42","97.271","36.515","0","24.985","23.12","23.41","None"
"2025-09-01","7:51:42.772 AM","25.42","97.271","36.497","0","24.985","23.12","23.41","None"
"2025-09-01","7:51:43.048 AM","25.42","97.271","36.497","0","24.985","23.19","23.45","None"
"2025-09-01","7:51:43.271 AM","25.42","97.271","36.497","0","24.985","23.19","23.45","None"
"2025-09-01","7:51:43.527 AM","25.42","97.264","36.497","0","25","23.20","23.45","None"
"2025-09-01","7:51:43.803 AM","25.42","97.264","36.497","0","25","23.20","23.45","None"
"2025-09-01","7:51:44.071 AM","25.42","97.272","36.497","0","25.015","23.20","23.45","None"
"2025-09-01","7:51:44.320 AM","25.42","97.272","36.497","0","25.015","23.20","23.45","None"
"2025-09-01","7:51:44.568 AM","25.42","97.272","36.497","0","25.015","23.20","23.43","None"
"2025-09-01","7:51:44.817 AM","25.41","97.272","36.491","0","25.02","23.20","23.43","None"
"2025-09-01","7:51:45.076 AM","25.41","97.272","36.491","0","25.02","23.08","23.43","None"
"2025-09-01","7:51:45.319 AM","25.41","97.272","36.491","0","25.02","23.08","23.47","None"
"2025-09-01","7:51:45.569 AM","25.41","97.275","36.497","0","24.98","23.08","23.47","None"
"2025-09-01","7:51:45.816 AM","25.41","97.275","36.497","0","24.98","23.16","23.47","None"
"2025-09-01","7:51:46.086 AM","25.41","97.275","36.497","0","24.98","23.16","23.44","None"
"2025-09-01","7:51:46.330 AM","25.41","97.275","36.497","0","25","23.16","23.44","None"
"2025-09-01","7:51:46.580 AM","25.41","97.275","36.497","0","25","23.16","23.41","None"
"2025-09-01","7:51:46.832 AM","25.41","97.275","36.497","0","25","23.16","23.41","None"
"2025-09-01","7:51:47.081 AM","25.41","97.274","36.496","0","25","23.16","23.41","None"
"2025-09-01","7:51:47.365 AM","25.41","97.274","36.496","0","25","23.19","23.41","None"
"2025-09-01","7:51:47.588 AM","25.41","97.274","36.496","0","25","23.19","23.41","None"
"2025-09-01","7:51:47.834 AM","25.41","97.278","36.491","0","25.035","23.12","23.41","None"
"2025-09-01","7:51:48.090 AM","25.41","97.278","36.491","0","25.035","23.12","23.45","None"
"2025-09-01","7:51:48.353 AM","25.41","97.278","36.491","0","25.035","23.12","23.45","None"
"2025-09-01","7:51:48.600 AM","25.41","97.279","36.485","0","24.9","23.09","23.45","None"
"2025-09-01","7:51:48.851 AM","25.41","97.279","36.485","0","24.9","23.09","23.43","None"
"2025-09-01","7:51:49.103 AM","25.41","97.276","36.497","0","25.04","23.09","23.43","None"
"2025-09-01","7:51:49.353 AM","25.41","97.276","36.497","0","25.04","23.23","23.43","None"
"2025-09-01","7:51:49.601 AM","25.41","97.276","36.497","0","25.04","23.23","23.47","None"
"2025-09-01","7:51:49.854 AM","25.41","97.277","36.502","0","25","23.23","23.47","None"
"2025-09-01","7:51:50.104 AM","25.41","97.277","36.502","0","25","23.28","23.47","None"
"2025-09-01","7:51:50.352 AM","25.41","97.277","36.502","0","25","23.28","23.44","None"
"2025-09-01","7:51:50.615 AM","25.41","97.274","36.502","0","24.94","23.28","23.44","None"
"2025-09-01","7:51:50.868 AM","25.41","97.274","36.502","0","24.94","23.13","23.48","None"
"2025-09-01","7:51:51.114 AM","25.41","97.274","36.502","0","24.94","23.13","23.48","None"
"2025-09-01","7:51:51.398 AM","25.41","97.271","36.491","0","24.92","23.13","23.48","None"
"2025-09-01","7:51:51.620 AM","25.41","97.271","36.491","0","24.92","23.12","23.39","None"
"2025-09-01","7:51:51.869 AM","25.41","97.271","36.491","0","24.92","23.12","23.39","None"
"2025-09-01","7:51:52.119 AM","25.41","97.267","36.485","0","25.02","23.12","23.39","None"
"2025-09-01","7:51:52.372 AM","25.41","97.267","36.485","0","25.02","23.12","23.55","None"
"2025-09-01","7:51:52.623 AM","25.41","97.267","36.485","0","25.02","23.12","23.55","None"
"2025-09-01","7:51:52.885 AM","25.42","97.271","36.491","0","24.97","23.20","23.55","None"
"2025-09-01","7:51:53.136 AM","25.42","97.271","36.491","0","24.97","23.20","23.45","None"
"2025-09-01","7:51:53.389 AM","25.42","97.271","36.491","0","24.97","23.20","23.45","None"
"2025-09-01","7:51:53.633 AM","25.42","97.268","36.491","0","24.98","23.23","23.45","None"
"2025-09-01","7:51:53.891 AM","25.42","97.268","36.491","0","24.98","23.23","23.44","None"
"2025-09-01","7:51:54.136 AM","25.42","97.272","36.486","0","24.945","23.23","23.44","None"
"2025-09-01","7:51:54.391 AM","25.42","97.272","36.486","0","24.945","23.19","23.44","None"
"2025-09-01","7:51:54.637 AM","25.42","97.272","36.486","0","24.945","23.19","23.45","None"
"2025-09-01","7:51:54.889 AM","25.42","97.266","36.497","0","24.995","23.19","23.45","None"
"2025-09-01","7:51:55.156 AM","25.42","97.266","36.497","0","24.995","23.12","23.45","None"
"2025-09-01","7:51:55.406 AM","25.42","97.266","36.497","0","24.995","23.12","23.48","None"
"2025-09-01","7:51:55.691 AM","25.42","97.267","36.486","0","24.985","23.12","23.48","None"
"2025-09-01","7:51:55.913 AM","25.42","97.267","36.486","0","24.985","23.16","23.38","None"
"2025-09-01","7:51:56.171 AM","25.42","97.267","36.486","0","24.985","23.16","23.38","None"
"2025-09-01","7:51:56.445 AM","25.42","97.271","36.492","0","24.92","23.16","23.38","None"
"2025-09-01","7:51:56.704 AM","25.42","97.271","36.492","0","24.92","23.09","23.50","None"
"2025-09-01","7:51:56.971 AM","25.42","97.271","36.492","0","24.92","23.09","23.50","None"
"2025-09-01","7:51:57.242 AM","25.42","97.269","36.486","0","24.96","23.18","23.50","None"
"2025-09-01","7:51:57.511 AM","25.42","97.269","36.486","0","24.96","23.18","23.43","None"
"2025-09-01","7:51:57.779 AM","25.42","97.272","36.492","0","24.96","23.18","23.43","None"
"2025-09-01","7:51:58.029 AM","25.42","97.272","36.492","0","24.96","23.16","23.43","None"
"2025-09-01","7:51:58.284 AM","25.42","97.272","36.492","0","24.96","23.16","23.44","None"
"2025-09-01","7:51:58.531 AM","25.42","97.266","36.492","0","24.98","23.16","23.44","None"
"2025-09-01","7:51:58.785 AM","25.42","97.266","36.492","0","24.98","23.25","23.48","None"
"2025-09-01","7:51:59.025 AM","25.42","97.266","36.492","0","24.98","23.25","23.48","None"
"2025-09-01","7:51:59.279 AM","25.42","97.268","36.474","0","25.005","23.25","23.48","None"
"2025-09-01","7:51:59.528 AM","25.42","97.268","36.474","0","25.005","23.26","23.36","None"
"2025-09-01","7:51:59.794 AM","25.42","97.268","36.474","0","25.005","23.26","23.36","None"
"2025-09-01","7:52:00.072 AM","25.42","97.272","36.486","0","25","23.26","23.36","None"
"2025-09-01","7:52:00.318 AM","25.42","97.272","36.486","0","25","23.09","23.47","None"
"2025-09-01","7:52:00.563 AM","25.42","97.272","36.486","0","25","23.09","23.47","None"
"2025-09-01","7:52:00.812 AM","25.42","97.27","36.491","0","24.955","23.13","23.47","None"
"2025-09-01","7:52:01.062 AM","25.42","97.27","36.491","0","24.955","23.13","23.44","None"
"2025-09-01","7:52:01.320 AM","25.42","97.27","36.491","0","24.955","23.13","23.44","None"
"2025-09-01","7:52:01.562 AM","25.42","97.269","36.486","0","24.955","23.13","23.44","None"
"2025-09-01","7:52:01.811 AM","25.42","97.269","36.486","0","24.955","23.13","23.44","None"
"2025-09-01","7:52:02.063 AM","25.42","97.266","36.474","0","24.96","23.13","23.44","None"
"2025-09-01","7:52:02.314 AM","25.42","97.266","36.474","0","24.96","23.16","23.44","None"
"2025-09-01","7:52:02.562 AM","25.42","97.266","36.474","0","24.96","23.16","23.45","None"
"2025-09-01","7:52:02.815 AM","25.42","97.265","36.491","0","24.93","23.16","23.45","None"
"2025-09-01","7:52:03.064 AM","25.42","97.265","36.491","0","24.93","23.20","23.45","None"
"2025-09-01","7:52:03.314 AM","25.42","97.265","36.491","0","24.93","23.20","23.49","None"
"2025-09-01","7:52:03.570 AM","25.42","97.271","36.474","0","24.98","23.20","23.49","None"
"2025-09-01","7:52:03.825 AM","25.42","97.271","36.474","0","24.98","23.21","23.39","None"
"2025-09-01","7:52:04.077 AM","25.42","97.271","36.474","0","24.98","23.21","23.39","None"
"2025-09-01","7:52:04.370 AM","25.42","97.274","36.48","0","24.995","23.21","23.39","None"
"2025-09-01","7:52:04.591 AM","25.42","97.274","36.48","0","24.995","23.16","23.39","None"
"2025-09-01","7:52:04.848 AM","25.42","97.274","36.48","0","24.995","23.16","23.39","None"
"2025-09-01","7:52:05.102 AM","25.42","97.275","36.491","0","24.98","23.13","23.39","None"
"2025-09-01","7:52:05.357 AM","25.42","97.275","36.491","0","24.98","23.13","23.44","None"
"2025-09-01","7:52:05.606 AM","25.42","97.275","36.491","0","24.98","23.13","23.44","None"
"2025-09-01","7:52:05.848 AM","25.42","97.274","36.48","0","24.965","23.10","23.44","None"
"2025-09-01","7:52:06.099 AM","25.42","97.274","36.48","0","24.965","23.10","23.44","None"
"2025-09-01","7:52:06.352 AM","25.42","97.276","36.475","0","25.01","23.10","23.44","None"
"2025-09-01","7:52:06.625 AM","25.42","97.276","36.475","0","25.01","23.23","23.44","None"
"2025-09-01","7:52:06.872 AM","25.42","97.276","36.475","0","25.01","23.23","23.36","None"
"2025-09-01","7:52:07.112 AM","25.42","97.279","36.469","0","24.985","23.23","23.36","None"
"2025-09-01","7:52:07.367 AM","25.42","97.279","36.469","0","24.985","23.09","23.36","None"
"2025-09-01","7:52:07.611 AM","25.42","97.279","36.469","0","24.985","23.09","23.34","None"
"2025-09-01","7:52:07.865 AM","25.42","97.272","36.475","0","24.96","23.09","23.34","None"
"2025-09-01","7:52:08.114 AM","25.42","97.272","36.475","0","24.96","23.18","23.34","None"
"2025-09-01","7:52:08.417 AM","25.42","97.272","36.475","0","24.96","23.18","23.41","None"
"2025-09-01","7:52:08.623 AM","25.42","97.273","36.469","0","25","23.18","23.41","None"
"2025-09-01","7:52:08.870 AM","25.42","97.273","36.469","0","25","23.13","23.50","None"
"2025-09-01","7:52:09.120 AM","25.42","97.273","36.469","0","25","23.13","23.50","None"
"2025-09-01","7:52:09.372 AM","25.42","97.275","36.48","0","25.015","23.13","23.50","Argon"
"2025-09-01","7:52:09.623 AM","25.42","97.275","36.48","0","25.015","23.16","23.48","Argon"
"2025-09-01","7:52:09.876 AM","25.42","97.275","36.48","0","25.015","23.16","23.48","Argon"
"2025-09-01","7:52:10.136 AM","25.42","97.28","36.469","0.422","24.985","23.10","23.48","Argon"
"2025-09-01","7:52:10.384 AM","25.42","97.28","36.469","0.422","24.985","23.10","23.45","Argon"
"2025-09-01","7:52:10.640 AM","25.42","97.28","36.469","0.422","24.985","23.10","23.45","Argon"
"2025-09-01","7:52:10.893 AM","25.42","97.28","36.48","0.412","24.94","23.21","23.45","Argon"
"2025-09-01","7:52:11.140 AM","25.42","97.28","36.48","0.412","24.94","23.21","23.45","Argon"
"2025-09-01","7:52:11.407 AM","25.42","97.272","36.469","0.408","24.96","23.21","23.45","Argon"
"2025-09-01","7:52:11.637 AM","25.42","97.272","36.469","0.408","24.96","23.18","23.45","Argon"
"2025-09-01","7:52:11.885 AM","25.42","97.272","36.469","0.408","24.96","23.18","23.39","Argon"
"2025-09-01","7:52:12.145 AM","25.42","97.27","36.48","0.405","25.01","23.18","23.39","Argon"
"2025-09-01","7:52:12.419 AM","25.42","97.27","36.48","0.405","25.01","23.12","23.39","Argon"
"2025-09-01","7:52:12.678 AM","25.42","97.27","36.48","0.405","25.01","23.12","23.41","Argon"
"2025-09-01","7:52:12.984 AM","25.42","97.272","36.48","0.402","24.965","23.12","23.41","Argon"
"2025-09-01","7:52:13.208 AM","25.42","97.272","36.48","0.402","24.965","23.13","23.45","Argon"
"2025-09-01","7:52:13.459 AM","25.42","97.272","36.48","0.402","24.965","23.13","23.45","Argon"
"2025-09-01","7:52:13.705 AM","25.42","97.271","36.486","0.401","24.99","23.13","23.45","Argon"
"2025-09-01","7:52:13.951 AM","25.42","97.271","36.486","0.401","24.99","23.07","23.41","Argon"
"2025-09-01","7:52:14.205 AM","25.42","97.271","36.486","0.401","24.99","23.07","23.41","Argon"
"2025-09-01","7:52:14.461 AM","25.42","97.271","36.469","0.399","25.005","23.16","23.41","Argon"
"2025-09-01","7:52:14.708 AM","25.42","97.271","36.469","0.399","25.005","23.16","23.39","Argon"
"2025-09-01","7:52:14.958 AM","25.42","97.271","36.469","0.399","25.005","23.16","23.39","Argon"
"2025-09-01","7:52:15.204 AM","25.42","97.273","36.48","0.397","24.96","23.14","23.39","Argon"
"2025-09-01","7:52:15.453 AM","25.42","97.273","36.48","0.397","24.96","23.14","23.48","Argon"
"2025-09-01","7:52:15.703 AM","25.42","97.273","36.463","0.395","24.96","23.14","23.48","Argon"
"2025-09-01","7:52:15.954 AM","25.42","97.273","36.463","0.395","24.96","23.16","23.48","Argon"
"2025-09-01","7:52:16.208 AM","25.42","97.273","36.463","0.395","24.96","23.16","23.39","Argon"
"2025-09-01","7:52:16.472 AM","25.42","97.274","36.469","0.393","24.96","23.16","23.39","Argon"
"2025-09-01","7:52:16.718 AM","25.42","97.274","36.469","0.393","24.96","23.09","23.39","Argon"
"2025-09-01","7:52:17.007 AM","25.42","97.274","36.469","0.393","24.96","23.09","23.36","Argon"
"2025-09-01","7:52:17.227 AM","25.42","97.274","36.474","0.391","24.975","23.09","23.36","Argon"
"2025-09-01","7:52:17.481 AM","25.42","97.274","36.474","0.391","24.975","23.18","23.39","Argon"
"2025-09-01","7:52:17.739 AM","25.42","97.274","36.474","0.391","24.975","23.18","23.39","Argon"
"2025-09-01","7:52:17.991 AM","25.42","97.275","36.469","0.39","24.945","23.18","23.39","Argon"
"2025-09-01","7:52:18.248 AM","25.42","97.275","36.469","0.39","24.945","23.20","23.41","Argon"
"2025-09-01","7:52:18.495 AM","25.42","97.275","36.469","0.39","24.945","23.20","23.41","Argon"
"2025-09-01","7:52:18.741 AM","25.42","97.273","36.492","0.388","24.935","23.20","23.41","Argon"
"2025-09-01","7:52:18.993 AM","25.42","97.273","36.492","0.388","24.935","23.09","23.41","Argon"
"2025-09-01","7:52:19.241 AM","25.42","97.273","36.492","0.388","24.935","23.09","23.41","Argon"
"2025-09-01","7:52:19.495 AM","25.42","97.272","36.451","0.387","25","23.16","23.41","Argon"
"2025-09-01","7:52:19.740 AM","25.42","97.272","36.451","0.387","25","23.16","23.49","Argon"
"2025-09-01","7:52:19.990 AM","25.42","97.272","36.451","0.387","25","23.16","23.49","Argon"
"2025-09-01","7:52:20.240 AM","25.42","97.273","36.457","0.386","24.92","23.19","23.49","Argon"
"2025-09-01","7:52:20.491 AM","25.42","97.273","36.457","0.386","24.92","23.19","23.48","Argon"
"2025-09-01","7:52:20.749 AM","25.42","97.274","36.463","0.385","24.915","23.19","23.48","Argon"
"2025-09-01","7:52:21.007 AM","25.42","97.274","36.463","0.385","24.915","23.21","23.48","Argon"
"2025-09-01","7:52:21.290 AM","25.42","97.274","36.463","0.385","24.915","23.21","23.41","Argon"
"2025-09-01","7:52:21.534 AM","25.42","97.275","36.457","0.384","24.93","23.21","23.41","Argon"
"2025-09-01","7:52:21.790 AM","25.42","97.275","36.457","0.384","24.93","23.13","23.39","Argon"
"2025-09-01","7:52:22.043 AM","25.42","97.275","36.457","0.384","24.93","23.13","23.39","Argon"
"2025-09-01","7:52:22.296 AM","25.42","97.275","36.463","0.382","24.905","23.13","23.39","Argon"
"2025-09-01","7:52:22.549 AM","25.42","97.275","36.463","0.382","24.905","23.16","23.45","Argon"
"2025-09-01","7:52:22.790 AM","25.42","97.275","36.463","0.382","24.905","23.16","23.45","Argon"
"2025-09-01","7:52:23.045 AM","25.42","97.274","36.463","0.381","24.925","23.16","23.45","Argon"
"2025-09-01","7:52:23.296 AM","25.42","97.274","36.463","0.381","24.925","23.19","23.44","Argon"
"2025-09-01","7:52:23.545 AM","25.42","97.274","36.463","0.381","24.925","23.19","23.44","Argon"
"2025-09-01","7:52:23.797 AM","25.42","97.274","36.469","0.38","24.955","23.12","23.44","Argon"
"2025-09-01","7:52:24.043 AM","25.42","97.274","36.469","0.38","24.955","23.12","23.45","Argon"
"2025-09-01","7:52:24.295 AM","25.42","97.274","36.469","0.38","24.955","23.12","23.45","Argon"
"2025-09-01","7:52:24.543 AM","25.42","97.268","36.457","0.38","24.86","23.16","23.45","Argon"
"2025-09-01","7:52:24.792 AM","25.42","97.268","36.457","0.38","24.86","23.16","23.41","Argon"
"2025-09-01","7:52:25.052 AM","25.42","97.266","36.457","0.379","24.895","23.16","23.41","Argon"
"2025-09-01","7:52:25.319 AM","25.42","97.266","36.457","0.379","24.895","23.16","23.41","Argon"
"2025-09-01","7:52:25.581 AM","25.42","97.266","36.457","0.379","24.895","23.16","23.48","Argon"
"2025-09-01","7:52:25.826 AM","25.42","97.265","36.445","0.378","24.93","23.16","23.48","Argon"
"2025-09-01","7:52:26.079 AM","25.42","97.265","36.445","0.378","24.93","23.12","23.48","Argon"
"2025-09-01","7:52:26.331 AM","25.42","97.265","36.445","0.378","24.93","23.12","23.33","Argon"
"2025-09-01","7:52:26.582 AM","25.42","97.267","36.457","0.378","24.945","23.12","23.33","Argon"
"2025-09-01","7:52:26.833 AM","25.42","97.267","36.457","0.378","24.945","23.08","23.34","Argon"
"2025-09-01","7:52:27.082 AM","25.42","97.267","36.457","0.378","24.945","23.08","23.34","Argon"
"2025-09-01","7:52:27.333 AM","25.42","97.269","36.457","0.377","24.94","23.08","23.34","Argon"
"2025-09-01","7:52:27.580 AM","25.42","97.269","36.457","0.377","24.94","23.19","23.41","Argon"
"2025-09-01","7:52:27.830 AM","25.42","97.269","36.457","0.377","24.94","23.19","23.41","Argon"
"2025-09-01","7:52:28.082 AM","25.42","97.269","36.451","0.376","24.89","23.19","23.41","Argon"
"2025-09-01","7:52:28.355 AM","25.42","97.269","36.451","0.376","24.89","23.12","23.37","Argon"
"2025-09-01","7:52:28.590 AM","25.42","97.269","36.451","0.376","24.89","23.12","23.37","Argon"
"2025-09-01","7:52:28.830 AM","25.42","97.269","36.452","0.376","24.99","23.13","23.37","Argon"
"2025-09-01","7:52:29.082 AM","25.42","97.269","36.452","0.376","24.99","23.13","23.41","Argon"
"2025-09-01","7:52:29.349 AM","25.42","97.269","36.452","0.376","24.99","23.13","23.41","Argon"
"2025-09-01","7:52:29.614 AM","25.42","97.271","36.457","0.377","24.925","23.13","23.41","Argon"
"2025-09-01","7:52:29.863 AM","25.42","97.271","36.457","0.377","24.925","23.13","23.44","Argon"
"2025-09-01","7:52:30.112 AM","25.42","97.269","36.457","0.377","24.97","23.13","23.44","Argon"
"2025-09-01","7:52:30.360 AM","25.42","97.269","36.457","0.377","24.97","23.16","23.44","Argon"
"2025-09-01","7:52:30.611 AM","25.42","97.269","36.457","0.377","24.97","23.16","23.39","Argon"
"2025-09-01","7:52:30.861 AM","25.42","97.27","36.446","0.376","24.96","23.16","23.39","Argon"
"2025-09-01","7:52:31.112 AM","25.42","97.27","36.446","0.376","24.96","23.09","23.39","Argon"
"2025-09-01","7:52:31.366 AM","25.42","97.27","36.446","0.376","24.96","23.09","23.36","Argon"
"2025-09-01","7:52:31.612 AM","25.42","97.27","36.451","0.376","24.94","23.09","23.36","Argon"
"2025-09-01","7:52:31.864 AM","25.42","97.27","36.451","0.376","24.94","23.09","23.34","Argon"
"2025-09-01","7:52:32.116 AM","25.42","97.27","36.451","0.376","24.94","23.09","23.34","Argon"
"2025-09-01","7:52:32.362 AM","25.42","97.267","36.462","0.374","24.99","23.09","23.34","Argon"
"2025-09-01","7:52:32.612 AM","25.42","97.267","36.462","0.374","24.99","23.18","23.37","Argon"
"2025-09-01","7:52:32.881 AM","25.42","97.267","36.462","0.374","24.99","23.18","23.37","Argon"
"2025-09-01","7:52:33.126 AM","25.41","97.268","36.451","0.374","24.95","23.18","23.37","Argon"
"2025-09-01","7:52:33.398 AM","25.41","97.268","36.451","0.374","24.95","23.18","23.41","Argon"
"2025-09-01","7:52:33.648 AM","25.41","97.268","36.451","0.374","24.95","23.18","23.41","Argon"
"2025-09-01","7:52:33.959 AM","25.41","97.268","36.445","0.373","24.94","23.16","23.41","Argon"
"2025-09-01","7:52:34.170 AM","25.41","97.268","36.445","0.373","24.94","23.16","23.41","Argon"
"2025-09-01","7:52:34.427 AM","25.41","97.267","36.456","0.372","24.95","23.16","23.41","Argon"
"2025-09-01","7:52:34.699 AM","25.41","97.267","36.456","0.372","24.95","23.13","23.41","Argon"
"2025-09-01","7:52:34.959 AM","25.41","97.267","36.456","0.372","24.95","23.13","23.47","Argon"
"2025-09-01","7:52:35.231 AM","25.41","97.273","36.456","0.372","24.915","23.13","23.47","Argon"
"2025-09-01","7:52:35.498 AM","25.41","97.273","36.456","0.372","24.915","23.18","23.39","Argon"
"2025-09-01","7:52:35.748 AM","25.41","97.273","36.456","0.372","24.915","23.18","23.39","Argon"
"2025-09-01","7:52:35.998 AM","25.41","97.271","36.456","0.372","24.94","23.13","23.39","Argon"
"2025-09-01","7:52:36.250 AM","25.41","97.271","36.456","0.372","24.94","23.13","23.41","Argon"
"2025-09-01","7:52:36.497 AM","25.41","97.271","36.456","0.372","24.94","23.13","23.41","Argon"
"2025-09-01","7:52:36.748 AM","25.41","97.276","36.439","0.371","24.92","23.07","23.41","Argon"
"2025-09-01","7:52:37.003 AM","25.41","97.276","36.439","0.371","24.92","23.07","23.37","Argon"
"2025-09-01","7:52:37.251 AM","25.41","97.276","36.439","0.371","24.92","23.07","23.37","Argon"
"2025-09-01","7:52:37.500 AM","25.41","97.275","36.456","0.371","24.915","23.16","23.37","Argon"
"2025-09-01","7:52:37.756 AM","25.41","97.275","36.456","0.371","24.915","23.16","23.43","Argon"
"2025-09-01","7:52:38.023 AM","25.41","97.275","36.456","0.37","24.89","23.16","23.43","Argon"
"2025-09-01","7:52:38.331 AM","25.41","97.275","36.456","0.37","24.89","23.08","23.43","Argon"
"2025-09-01","7:52:38.543 AM","25.41","97.275","36.456","0.37","24.89","23.08","23.37","Argon"
"2025-09-01","7:52:38.795 AM","25.41","97.275","36.444","0.37","24.895","23.08","23.37","Argon"
"2025-09-01","7:52:39.070 AM","25.41","97.275","36.444","0.37","24.895","23.09","23.43","Argon"
"2025-09-01","7:52:39.329 AM","25.41","97.275","36.444","0.37","24.895","23.09","23.43","Argon"
"2025-09-01","7:52:39.605 AM","25.41","97.273","36.462","0","24.94","23.23","23.43","Argon"
"2025-09-01","7:52:39.870 AM","25.41","97.273","36.462","0","24.94","23.23","23.39","Argon"
"2025-09-01","7:52:40.117 AM","25.41","97.273","36.462","0","24.94","23.23","23.39","Argon"
"2025-09-01","7:52:40.369 AM","25.41","97.27","36.456","0","24.905","23.18","23.39","Argon"
"2025-09-01","7:52:40.627 AM","25.41","97.27","36.456","0","24.905","23.18","23.41","Argon"
"2025-09-01","7:52:40.868 AM","25.41","97.271","36.451","0","24.885","23.18","23.41","Argon"
"2025-09-01","7:52:41.119 AM","25.41","97.271","36.451","0","24.885","23.13","23.41","Argon"
"2025-09-01","7:52:41.380 AM","25.41","97.271","36.451","0","24.885","23.13","23.47","Argon"
"2025-09-01","7:52:41.635 AM","25.42","97.271","36.457","0","24.96","23.13","23.47","None"
"2025-09-01","7:52:41.876 AM","25.42","97.271","36.457","0","24.96","23.14","23.47","None"
"2025-09-01","7:52:42.136 AM","25.42","97.271","36.457","0","24.96","23.14","23.37","None"
"2025-09-01","7:52:42.437 AM","25.42","97.267","36.474","0","25","23.14","23.37","None"
"2025-09-01","7:52:42.652 AM","25.42","97.267","36.474","0","25","23.14","23.41","None"
"2025-09-01","7:52:42.911 AM","25.42","97.267","36.474","0","25","23.14","23.41","None"
"2025-09-01","7:52:43.158 AM","25.42","97.268","36.445","0","24.925","23.14","23.41","None"
"2025-09-01","7:52:43.407 AM","25.42","97.268","36.445","0","24.925","23.07","23.43","None"
"2025-09-01","7:52:43.660 AM","25.42","97.268","36.445","0","24.925","23.07","23.43","None"
"2025-09-01","7:52:43.936 AM","25.42","97.266","36.463","0","24.87","23.18","23.43","None"
"2025-09-01","7:52:44.163 AM","25.42","97.266","36.463","0","24.87","23.18","23.45","None"
"2025-09-01","7:52:44.429 AM","25.42","97.266","36.463","0","24.87","23.18","23.45","None"
"2025-09-01","7:52:44.663 AM","25.41","97.268","36.451","0","24.92","23.09","23.45","None"
"2025-09-01","7:52:44.926 AM","25.41","97.268","36.451","0","24.92","23.09","23.47","None"
"2025-09-01","7:52:45.159 AM","25.41","97.268","36.451","0","24.92","23.09","23.47","None"
"2025-09-01","7:52:45.426 AM","25.41","97.274","36.451","0","24.96","23.13","23.47","None"
"2025-09-01","7:52:45.673 AM","25.41","97.274","36.451","0","24.96","23.13","23.41","None"
"2025-09-01","7:52:45.926 AM","25.41","97.268","36.456","0","24.905","23.13","23.41","None"
"2025-09-01","7:52:46.176 AM","25.41","97.268","36.456","0","24.905","23.16","23.41","None"
"2025-09-01","7:52:46.426 AM","25.41","97.268","36.456","0","24.905","23.16","23.41","None"
"2025-09-01","7:52:46.708 AM","25.41","97.271","36.445","0","24.965","23.16","23.41","None"
"2025-09-01","7:52:46.931 AM","25.41","97.271","36.445","0","24.965","23.19","23.41","None"
"2025-09-01","7:52:47.186 AM","25.41","97.271","36.445","0","24.965","23.19","23.44","None"
"2025-09-01","7:52:47.437 AM","25.41","97.268","36.456","0","24.9","23.19","23.44","None"
"2025-09-01","7:52:47.684 AM","25.41","97.268","36.456","0","24.9","23.09","23.45","None"
"2025-09-01","7:52:47.929 AM","25.41","97.268","36.456","0","24.9","23.09","23.45","None"
"2025-09-01","7:52:48.185 AM","25.42","97.267","36.445","0","24.91","23.09","23.45","None"
"2025-09-01","7:52:48.442 AM","25.42","97.267","36.445","0","24.91","23.05","23.45","None"
"2025-09-01","7:52:48.700 AM","25.42","97.267","36.445","0","24.91","23.05","23.45","None"
"2025-09-01","7:52:48.951 AM","25.42","97.264","36.445","0","24.955","23.25","23.45","None"
"2025-09-01","7:52:49.204 AM","25.42","97.264","36.445","0","24.955","23.25","23.43","None"
"2025-09-01","7:52:49.458 AM","25.42","97.264","36.445","0","24.955","23.25","23.43","None"
"2025-09-01","7:52:49.728 AM","25.42","97.269","36.462","0","25.025","23.18","23.43","None"
"2025-09-01","7:52:49.967 AM","25.42","97.269","36.462","0","25.025","23.18","23.36","None"
"2025-09-01","7:52:50.220 AM","25.42","97.271","36.445","0","24.92","23.18","23.36","None"
"2025-09-01","7:52:50.479 AM","25.42","97.271","36.445","0","24.92","23.05","23.36","None"
"2025-09-01","7:52:50.728 AM","25.42","97.271","36.445","0","24.92","23.05","23.38","None"
"2025-09-01","7:52:51.013 AM","25.42","97.273","36.446","0","24.98","23.05","23.38","None"
"2025-09-01","7:52:51.242 AM","25.42","97.273","36.446","0","24.98","23.16","23.38","None"
"2025-09-01","7:52:51.486 AM","25.42","97.273","36.446","0","24.98","23.16","23.41","None"
"2025-09-01","7:52:51.751 AM","25.42","97.271","36.457","0","24.9","23.16","23.41","None"
"2025-09-01","7:52:51.998 AM","25.42","97.271","36.457","0","24.9","23.10","23.41","None"
"2025-09-01","7:52:52.260 AM","25.42","97.271","36.457","0","24.9","23.10","23.41","None"
"2025-09-01","7:52:52.500 AM","25.42","97.271","36.446","0","25","23.10","23.41","None"
"2025-09-01","7:52:52.752 AM","25.42","97.271","36.446","0","25","23.14","23.37","None"
"2025-09-01","7:52:53.002 AM","25.42","97.271","36.446","0","25","23.14","23.37","None"
"2025-09-01","7:52:53.250 AM","25.42","97.265","36.446","0","24.98","23.14","23.37","None"
"2025-09-01","7:52:53.500 AM","25.42","97.265","36.446","0","24.98","23.16","23.48","None"
"2025-09-01","7:52:53.748 AM","25.42","97.265","36.446","0","24.98","23.16","23.48","None"
"2025-09-01","7:52:53.999 AM","25.42","97.268","36.446","0","24.935","23.14","23.48","None"
"2025-09-01","7:52:54.254 AM","25.42","97.268","36.446","0","24.935","23.14","23.44","None"
"2025-09-01","7:52:54.506 AM","25.42","97.268","36.446","0","24.935","23.14","23.44","None"
"2025-09-01","7:52:54.777 AM","25.42","97.271","36.429","0","24.94","23.18","23.44","None"
"2025-09-01","7:52:55.015 AM","25.42","97.271","36.429","0","24.94","23.18","23.45","None"
"2025-09-01","7:52:55.311 AM","25.42","97.268","36.44","0","24.9","23.18","23.45","None"
"2025-09-01","7:52:55.526 AM","25.42","97.268","36.44","0","24.9","23.18","23.45","None"
"2025-09-01","7:52:55.780 AM","25.42","97.268","36.44","0","24.9","23.18","23.44","None"
"2025-09-01","7:52:56.033 AM","25.42","97.264","36.434","0","24.98","23.18","23.44","None"
"2025-09-01","7:52:56.286 AM","25.42","97.264","36.434","0","24.98","23.16","23.44","None"
"2025-09-01","7:52:56.533 AM","25.42","97.264","36.434","0","24.98","23.16","23.45","None"
"2025-09-01","7:52:56.779 AM","25.42","97.266","36.44","0","24.96","23.16","23.45","None"
"2025-09-01","7:52:57.031 AM","25.42","97.266","36.44","0","24.96","23.25","23.55","None"
"2025-09-01","7:52:57.284 AM","25.42","97.266","36.44","0","24.96","23.25","23.55","None"
"2025-09-01","7:52:57.530 AM","25.42","97.271","36.434","0","24.99","23.25","23.55","None"
"2025-09-01","7:52:57.777 AM","25.42","97.271","36.434","0","24.99","23.12","23.52","None"
"2025-09-01","7:52:58.030 AM","25.42","97.271","36.434","0","24.99","23.12","23.52","None"
"2025-09-01","7:52:58.283 AM","25.42","97.279","36.434","0","25.02","23.08","23.52","None"
"2025-09-01","7:52:58.533 AM","25.42","97.279","36.434","0","25.02","23.08","23.49","None"
"2025-09-01","7:52:58.784 AM","25.42","97.279","36.434","0","25.02","23.08","23.49","None"
"2025-09-01","7:52:59.044 AM","25.42","97.273","36.434","0","24.96","23.10","23.49","None"
"2025-09-01","7:52:59.297 AM","25.42","97.273","36.434","0","24.96","23.10","23.52","None"
"2025-09-01","7:52:59.578 AM","25.42","97.273","36.434","0","24.96","23.10","23.52","None"
"2025-09-01","7:52:59.807 AM","25.42","97.28","36.446","0","24.91","23.19","23.52","None"
"2025-09-01","7:53:00.056 AM","25.42","97.28","36.446","0","24.91","23.19","23.49","None"
"2025-09-01","7:53:00.305 AM","25.42","97.275","36.44","0","24.925","23.19","23.49","None"
"2025-09-01","7:53:00.553 AM","25.42","97.275","36.44","0","24.925","23.16","23.49","None"
"2025-09-01","7:53:00.803 AM","25.42","97.275","36.44","0","24.925","23.16","23.41","None"
"2025-09-01","7:53:01.058 AM","25.42","97.272","36.429","0","24.94","23.16","23.41","None"
"2025-09-01","7:53:01.304 AM","25.42","97.272","36.429","0","24.94","23.21","23.41","None"
"2025-09-01","7:53:01.554 AM","25.42","97.272","36.429","0","24.94","23.21","23.44","None"
"2025-09-01","7:53:01.803 AM","25.42","97.272","36.44","0","24.875","23.21","23.44","None"
"2025-09-01","7:53:02.051 AM","25.42","97.272","36.44","0","24.875","23.13","23.52","None"
"2025-09-01","7:53:02.303 AM","25.42","97.272","36.44","0","24.875","23.13","23.52","None"
"2025-09-01","7:53:02.556 AM","25.42","97.273","36.429","0","24.995","23.13","23.52","None"
"2025-09-01","7:53:02.804 AM","25.42","97.273","36.429","0","24.995","23.30","23.45","None"
"2025-09-01","7:53:03.051 AM","25.42","97.273","36.429","0","24.995","23.30","23.45","None"
"2025-09-01","7:53:03.305 AM","25.42","97.27","36.434","0","24.945","23.30","23.45","None"
"2025-09-01","7:53:03.572 AM","25.42","97.27","36.434","0","24.945","23.19","23.44","None"
"2025-09-01","7:53:03.850 AM","25.42","97.27","36.434","0","24.945","23.19","23.44","None"
"2025-09-01","7:53:04.091 AM","25.43","97.275","36.417","0","24.955","23.03","23.44","None"
"2025-09-01","7:53:04.346 AM","25.43","97.275","36.417","0","24.955","23.03","23.41","None"
"2025-09-01","7:53:04.618 AM","25.43","97.281","36.429","0","24.96","23.03","23.41","None"
"2025-09-01","7:53:04.879 AM","25.43","97.281","36.429","0","24.96","23.19","23.41","None"
"2025-09-01","7:53:05.158 AM","25.43","97.281","36.429","0","24.96","23.19","23.45","None"
"2025-09-01","7:53:05.415 AM","25.43","97.277","36.446","0","24.975","23.19","23.45","None"
"2025-09-01","7:53:05.686 AM","25.43","97.277","36.446","0","24.975","23.14","23.50","None"
"2025-09-01","7:53:05.948 AM","25.43","97.277","36.446","0","24.975","23.14","23.50","None"
"2025-09-01","7:53:06.218 AM","25.43","97.277","36.446","0","24.995","23.14","23.50","None"
"2025-09-01","7:53:06.481 AM","25.43","97.277","36.446","0","24.995","23.14","23.41","None"
"2025-09-01","7:53:06.753 AM","25.43","97.285","36.446","0","25.03","23.14","23.41","None"
"2025-09-01","7:53:07.026 AM","25.43","97.285","36.446","0","25.03","23.16","23.41","None"
"2025-09-01","7:53:07.267 AM","25.43","97.285","36.446","0","25.03","23.16","23.47","None"
"2025-09-01","7:53:07.520 AM","25.43","97.282","36.435","0","24.93","23.16","23.47","None"
"2025-09-01","7:53:07.775 AM","25.43","97.282","36.435","0","24.93","23.19","23.47","None"
"2025-09-01","7:53:08.093 AM","25.43","97.282","36.435","0","24.93","23.19","23.47","None"
"2025-09-01","7:53:08.310 AM","25.43","97.28","36.423","0","25.035","23.19","23.47","None"
"2025-09-01","7:53:08.559 AM","25.43","97.28","36.423","0","25.035","23.21","23.41","None"
"2025-09-01","7:53:08.808 AM","25.43","97.28","36.423","0","25.035","23.21","23.41","None"
"2025-09-01","7:53:09.055 AM","25.43","97.274","36.435","0","24.96","23.21","23.41","None"
"2025-09-01","7:53:09.314 AM","25.43","97.274","36.435","0","24.96","23.20","23.39","None"
"2025-09-01","7:53:09.556 AM","25.43","97.274","36.435","0","24.96","23.20","23.39","None"
"2025-09-01","7:53:09.809 AM","25.43","97.275","36.447","0","24.92","23.16","23.39","None"
"2025-09-01","7:53:10.059 AM","25.43","97.275","36.447","0","24.92","23.16","23.43","None"
"2025-09-01","7:53:10.309 AM","25.43","97.275","36.447","0","24.92","23.16","23.43","None"
"2025-09-01","7:53:10.560 AM","25.43","97.277","36.441","0","24.97","23.16","23.43","None"
"2025-09-01","7:53:10.807 AM","25.43","97.277","36.441","0","24.97","23.16","23.34","None"
"2025-09-01","7:53:11.063 AM","25.43","97.278","36.447","0","24.98","23.16","23.34","None"
"2025-09-01","7:53:11.310 AM","25.43","97.278","36.447","0","24.98","23.20","23.34","None"
"2025-09-01","7:53:11.557 AM","25.43","97.278","36.447","0","24.98","23.20","23.50","None"
"2025-09-01","7:53:11.810 AM","25.43","97.276","36.435","0","24.99","23.20","23.50","None"
"2025-09-01","7:53:12.059 AM","25.43","97.276","36.435","0","24.99","23.20","23.50","None"
"2025-09-01","7:53:12.366 AM","25.43","97.276","36.435","0","24.99","23.20","23.50","None"
"2025-09-01","7:53:12.581 AM","25.43","97.273","36.429","0","24.97","23.20","23.50","None"
"2025-09-01","7:53:12.826 AM","25.43","97.273","36.429","0","24.97","23.23","23.50","None"
"2025-09-01","7:53:13.082 AM","25.43","97.273","36.429","0","24.97","23.23","23.45","None"
"2025-09-01","7:53:13.345 AM","25.43","97.272","36.418","0","25.035","23.23","23.45","None"
"2025-09-01","7:53:13.592 AM","25.43","97.272","36.418","0","25.035","23.16","23.44","None"
"2025-09-01","7:53:13.850 AM","25.43","97.272","36.418","0","25.035","23.16","23.44","None"
"2025-09-01","7:53:14.099 AM","25.43","97.273","36.417","0","24.995","23.16","23.44","None"
"2025-09-01","7:53:14.351 AM","25.43","97.273","36.417","0","24.995","23.20","23.41","None"
"2025-09-01","7:53:14.602 AM","25.43","97.273","36.417","0","24.995","23.20","23.41","None"
"2025-09-01","7:53:14.852 AM","25.43","97.28","36.44","0","25.015","23.16","23.41","None"
"2025-09-01","7:53:15.102 AM","25.43","97.28","36.44","0","25.015","23.16","23.52","None"
"2025-09-01","7:53:15.368 AM","25.43","97.28","36.44","0","25.015","23.16","23.52","None"
"2025-09-01","7:53:15.616 AM","25.42","97.28","36.434","0","25.02","23.14","23.52","None"
"2025-09-01","7:53:15.861 AM","25.42","97.28","36.434","0","25.02","23.14","23.38","None"
"2025-09-01","7:53:16.111 AM","25.42","97.278","36.434","0","24.955","23.14","23.38","None"
"2025-09-01","7:53:16.364 AM","25.42","97.278","36.434","0","24.955","23.05","23.38","None"
"2025-09-01","7:53:16.661 AM","25.42","97.278","36.434","0","24.955","23.05","23.48","None"
"2025-09-01","7:53:16.871 AM","25.42","97.276","36.446","0","24.97","23.05","23.48","None"
"2025-09-01","7:53:17.123 AM","25.42","97.276","36.446","0","24.97","23.14","23.48","None"
"2025-09-01","7:53:17.388 AM","25.42","97.276","36.446","0","24.97","23.14","23.44","None"
"2025-09-01","7:53:17.629 AM","25.42","97.273","36.434","0","25.01","23.14","23.44","None"
"2025-09-01","7:53:17.886 AM","25.42","97.273","36.434","0","25.01","23.18","23.52","None"
"2025-09-01","7:53:18.136 AM","25.42","97.273","36.434","0","25.01","23.18","23.52","None"
"2025-09-01","7:53:18.386 AM","25.43","97.277","36.434","0","24.96","23.18","23.52","None"
"2025-09-01","7:53:18.635 AM","25.43","97.277","36.434","0","24.96","23.12","23.41","None"
"2025-09-01","7:53:18.895 AM","25.43","97.277","36.434","0","24.96","23.12","23.41","None"
"2025-09-01","7:53:19.155 AM","25.43","97.279","36.435","0","24.98","23.16","23.41","None"
"2025-09-01","7:53:19.407 AM","25.43","97.279","36.435","0","24.98","23.16","23.45","None"
"2025-09-01","7:53:19.651 AM","25.43","97.279","36.435","0","24.98","23.16","23.45","None"
"2025-09-01","7:53:19.903 AM","25.43","97.278","36.435","0","25","23.16","23.45","None"
"2025-09-01","7:53:20.155 AM","25.43","97.278","36.435","0","25","23.16","23.37","None"
"2025-09-01","7:53:20.412 AM","25.43","97.278","36.435","0","25","23.16","23.37","None"
"2025-09-01","7:53:20.652 AM","25.43","97.277","36.441","0","24.92","23.16","23.37","None"
"2025-09-01","7:53:20.957 AM","25.43","97.277","36.441","0","24.92","23.16","23.49","None"
"2025-09-01","7:53:21.175 AM","25.43","97.272","36.429","0","25.025","23.16","23.49","None"
"2025-09-01","7:53:21.446 AM","25.43","97.272","36.429","0","25.025","23.23","23.49","None"
"2025-09-01","7:53:21.694 AM","25.43","97.272","36.429","0","25.025","23.23","23.44","None"
"2025-09-01","7:53:21.945 AM","25.43","97.275","36.441","0","24.98","23.23","23.44","None"
"2025-09-01","7:53:22.199 AM","25.43","97.275","36.441","0","24.98","23.14","23.50","None"
"2025-09-01","7:53:22.443 AM","25.43","97.275","36.441","0","24.98","23.14","23.50","None"
"2025-09-01","7:53:22.705 AM","25.43","97.269","36.435","0","24.98","23.14","23.50","None"
"2025-09-01","7:53:22.957 AM","25.43","97.269","36.435","0","24.98","23.18","23.52","None"
"2025-09-01","7:53:23.203 AM","25.43","97.269","36.435","0","24.98","23.18","23.52","None"
"2025-09-01","7:53:23.456 AM","25.43","97.274","36.418","0","24.985","23.14","23.52","None"
"2025-09-01","7:53:23.705 AM","25.43","97.274","36.418","0","24.985","23.14","23.50","None"
"2025-09-01","7:53:23.962 AM","25.43","97.274","36.418","0","24.985","23.14","23.50","None"
"2025-09-01","7:53:24.229 AM","25.43","97.277","36.43","0","25","23.16","23.50","None"
"2025-09-01","7:53:24.474 AM","25.43","97.277","36.43","0","25","23.16","23.54","None"
"2025-09-01","7:53:24.719 AM","25.43","97.284","36.43","0","24.99","23.16","23.54","None"
"2025-09-01","7:53:24.971 AM","25.43","97.284","36.43","0","24.99","23.16","23.54","None"
"2025-09-01","7:53:25.268 AM","25.43","97.284","36.43","0","24.99","23.16","23.49","None"
"2025-09-01","7:53:25.485 AM","25.44","97.281","36.43","0.001","25.05","23.16","23.49","None"
"2025-09-01","7:53:25.731 AM","25.44","97.281","36.43","0.001","25.05","23.18","23.49","None"
"2025-09-01","7:53:25.978 AM","25.44","97.281","36.43","0.001","25.05","23.18","23.54","None"
"2025-09-01","7:53:26.235 AM","25.44","97.282","36.43","0","24.995","23.18","23.54","None"
"2025-09-01","7:53:26.479 AM","25.44","97.282","36.43","0","24.995","23.23","23.54","None"
"2025-09-01","7:53:26.737 AM","25.44","97.282","36.43","0","24.995","23.23","23.54","None"
"2025-09-01","7:53:26.986 AM","25.44","97.277","36.43","0","25.065","23.23","23.54","None"
"2025-09-01","7:53:27.264 AM","25.44","97.277","36.43","0","25.065","23.21","23.41","None"
"2025-09-01","7:53:27.522 AM","25.44","97.277","36.43","0","25.065","23.21","23.41","None"
"2025-09-01","7:53:27.776 AM","25.44","97.279","36.447","0.001","25.03","23.23","23.41","None"
"2025-09-01","7:53:28.021 AM","25.44","97.279","36.447","0.001","25.03","23.23","23.44","None"
"2025-09-01","7:53:28.276 AM","25.44","97.279","36.447","0.001","25.03","23.23","23.44","None"
"2025-09-01","7:53:28.522 AM","25.43","97.274","36.43","0","25.025","23.16","23.44","None"
"2025-09-01","7:53:28.773 AM","25.43","97.274","36.43","0","25.025","23.16","23.49","None"
"2025-09-01","7:53:29.033 AM","25.43","97.274","36.43","0","25.025","23.16","23.49","None"
"2025-09-01","7:53:29.282 AM","25.43","97.276","36.43","0","25.015","23.16","23.49","None"
"2025-09-01","7:53:29.587 AM","25.43","97.276","36.43","0","25.015","23.16","23.39","None"
"2025-09-01","7:53:29.806 AM","25.43","97.27","36.441","0.001","25.015","23.16","23.39","None"
"2025-09-01","7:53:30.044 AM","25.43","97.27","36.441","0.001","25.015","23.18","23.39","None"
"2025-09-01","7:53:30.303 AM","25.43","97.27","36.441","0.001","25.015","23.18","23.56","None"
"2025-09-01","7:53:30.543 AM","25.43","97.277","36.424","0","25.035","23.18","23.56","None"
"2025-09-01","7:53:30.797 AM","25.43","97.277","36.424","0","25.035","23.05","23.56","None"
"2025-09-01","7:53:31.047 AM","25.43","97.277","36.424","0","25.035","23.05","23.41","None"
"2025-09-01","7:53:31.299 AM","25.43","97.277","36.429","0.001","24.975","23.05","23.41","None"
"2025-09-01","7:53:31.550 AM","25.43","97.277","36.429","0.001","24.975","23.14","23.48","None"
"2025-09-01","7:53:31.813 AM","25.43","97.277","36.429","0.001","24.975","23.14","23.48","None"
"2025-09-01","7:53:32.071 AM","25.43","97.283","36.441","0.001","24.945","23.14","23.48","None"
"2025-09-01","7:53:32.317 AM","25.43","97.283","36.441","0.001","24.945","23.19","23.54","None"
"2025-09-01","7:53:32.568 AM","25.43","97.283","36.441","0.001","24.945","23.19","23.54","None"
"2025-09-01","7:53:32.813 AM","25.43","97.282","36.429","0.001","24.985","23.16","23.54","None"
"2025-09-01","7:53:33.068 AM","25.43","97.282","36.429","0.001","24.985","23.16","23.56","None"
"2025-09-01","7:53:33.318 AM","25.43","97.282","36.429","0.001","24.985","23.16","23.56","None"
"2025-09-01","7:53:33.579 AM","25.43","97.281","36.429","0.001","25","23.25","23.56","None"
"2025-09-01","7:53:33.882 AM","25.43","97.281","36.429","0.001","25","23.25","23.48","None"
"2025-09-01","7:53:34.104 AM","25.43","97.278","36.429","0.001","25.04","23.25","23.48","None"
"2025-09-01","7:53:34.381 AM","25.43","97.278","36.429","0.001","25.04","23.21","23.48","None"
"2025-09-01","7:53:34.612 AM","25.43","97.278","36.429","0.001","25.04","23.21","23.50","None"
"2025-09-01","7:53:34.876 AM","25.43","97.278","36.418","0","24.98","23.21","23.50","None"
"2025-09-01","7:53:35.125 AM","25.43","97.278","36.418","0","24.98","23.23","23.50","None"
"2025-09-01","7:53:35.374 AM","25.43","97.278","36.418","0","24.98","23.23","23.50","None"
"2025-09-01","7:53:35.622 AM","25.43","97.279","36.43","0.001","25.035","23.23","23.50","None"
"2025-09-01","7:53:35.888 AM","25.43","97.279","36.43","0.001","25.035","23.16","23.52","None"
"2025-09-01","7:53:36.131 AM","25.43","97.279","36.43","0.001","25.035","23.16","23.52","None"
"2025-09-01","7:53:36.384 AM","25.43","97.276","36.412","0.001","24.975","23.16","23.52","None"
"2025-09-01","7:53:36.638 AM","25.43","97.276","36.412","0.001","24.975","23.21","23.52","None"
"2025-09-01","7:53:36.881 AM","25.43","97.276","36.412","0.001","24.975","23.21","23.52","None"
"2025-09-01","7:53:37.130 AM","25.43","97.275","36.435","0.001","25.02","23.23","23.52","None"
"2025-09-01","7:53:37.386 AM","25.43","97.275","36.435","0.001","25.02","23.23","23.49","None"
"2025-09-01","7:53:37.631 AM","25.43","97.275","36.435","0.001","25.02","23.23","23.49","None"
"2025-09-01","7:53:37.893 AM","25.43","97.276","36.418","0.001","25.04","23.19","23.49","None"
"2025-09-01","7:53:38.146 AM","25.43","97.276","36.418","0.001","25.04","23.19","23.44","None"
"2025-09-01","7:53:38.408 AM","25.43","97.27","36.412","0.001","24.965","23.19","23.44","None"
"2025-09-01","7:53:38.667 AM","25.43","97.27","36.412","0.001","24.965","23.19","23.44","None"
"2025-09-01","7:53:38.917 AM","25.43","97.27","36.412","0.001","24.965","23.19","23.50","None"
"2025-09-01","7:53:39.168 AM","25.43","97.272","36.412","0.001","24.995","23.19","23.50","None"
"2025-09-01","7:53:39.425 AM","25.43","97.272","36.412","0.001","24.995","23.19","23.50","None"
"2025-09-01","7:53:39.666 AM","25.43","97.272","36.412","0.001","24.995","23.19","23.45","None"
"2025-09-01","7:53:39.914 AM","25.43","97.275","36.424","0.001","24.995","23.19","23.45","None"
"2025-09-01","7:53:40.180 AM","25.43","97.275","36.424","0.001","24.995","23.18","23.52","None"
"2025-09-01","7:53:40.438 AM","25.43","97.275","36.424","0.001","24.995","23.18","23.52","None"
"2025-09-01","7:53:40.686 AM","25.43","97.275","36.418","0.001","25.005","23.18","23.52","None"
"2025-09-01","7:53:40.940 AM","25.43","97.275","36.418","0.001","25.005","23.21","23.48","None"
"2025-09-01","7:53:41.187 AM","25.43","97.275","36.418","0.001","25.005","23.21","23.48","None"
"2025-09-01","7:53:41.436 AM","25.43","97.275","36.429","0.001","24.96","23.16","23.48","None"
"2025-09-01","7:53:41.690 AM","25.43","97.275","36.429","0.001","24.96","23.16","23.45","None"
"2025-09-01","7:53:41.949 AM","25.43","97.275","36.429","0.001","24.96","23.16","23.45","None"
"2025-09-01","7:53:42.244 AM","25.43","97.277","36.418","0.001","24.985","23.20","23.45","None"
"2025-09-01","7:53:42.462 AM","25.43","97.277","36.418","0.001","24.985","23.20","23.45","None"
"2025-09-01","7:53:42.708 AM","25.43","97.273","36.435","0.001","24.965","23.20","23.45","None"
"2025-09-01","7:53:42.958 AM","25.43","97.273","36.435","0.001","24.965","23.20","23.45","None"
"2025-09-01","7:53:43.207 AM","25.43","97.273","36.435","0.001","24.965","23.20","23.52","None"
"2025-09-01","7:53:43.478 AM","25.43","97.278","36.424","0.001","24.96","23.20","23.52","None"
"2025-09-01","7:53:43.715 AM","25.43","97.278","36.424","0.001","24.96","23.20","23.52","None"
"2025-09-01","7:53:43.974 AM","25.43","97.278","36.424","0.001","24.96","23.20","23.52","None"
"2025-09-01","7:53:44.218 AM","25.43","97.279","36.424","0.001","25","23.20","23.52","None"
"2025-09-01","7:53:44.481 AM","25.43","97.279","36.424","0.001","25","23.18","23.50","None"
"2025-09-01","7:53:44.743 AM","25.43","97.279","36.424","0.001","25","23.18","23.50","None"
"2025-09-01","7:53:44.976 AM","25.43","97.278","36.424","0.001","24.98","23.18","23.50","None"
"2025-09-01","7:53:45.243 AM","25.43","97.278","36.424","0.001","24.98","23.10","23.50","None"
"2025-09-01","7:53:45.487 AM","25.43","97.278","36.424","0.001","24.98","23.10","23.50","None"
"2025-09-01","7:53:45.737 AM","25.43","97.279","36.424","0.001","24.985","23.10","23.50","None"
"2025-09-01","7:53:45.987 AM","25.43","97.279","36.424","0.001","24.985","23.12","23.49","None"
"2025-09-01","7:53:46.241 AM","25.43","97.279","36.424","0.001","24.985","23.12","23.49","None"
"2025-09-01","7:53:46.545 AM","25.43","97.282","36.424","0.001","24.98","23.14","23.49","None"
"2025-09-01","7:53:46.757 AM","25.43","97.282","36.424","0.001","24.98","23.14","23.45","None"
"2025-09-01","7:53:47.024 AM","25.44","97.28","36.424","0.001","25.04","23.14","23.45","None"
"2025-09-01","7:53:47.278 AM","25.44","97.28","36.424","0.001","25.04","23.18","23.45","None"
"2025-09-01","7:53:47.526 AM","25.44","97.28","36.424","0.001","25.04","23.18","23.47","None"
"2025-09-01","7:53:47.784 AM","25.44","97.278","36.424","0.001","24.98","23.18","23.47","None"
"2025-09-01","7:53:48.026 AM","25.44","97.278","36.424","0.001","24.98","23.08","23.47","None"
"2025-09-01","7:53:48.289 AM","25.44","97.278","36.424","0.001","24.98","23.08","23.50","None"
"2025-09-01","7:53:48.551 AM","25.44","97.278","36.413","0.001","25.005","23.08","23.50","None"
"2025-09-01","7:53:48.787 AM","25.44","97.278","36.413","0.001","25.005","23.13","23.45","None"
"2025-09-01","7:53:49.039 AM","25.44","97.278","36.413","0.001","25.005","23.13","23.45","None"
"2025-09-01","7:53:49.284 AM","25.44","97.279","36.43","0.001","24.975","23.13","23.45","None"
"2025-09-01","7:53:49.539 AM","25.44","97.279","36.43","0.001","24.975","23.19","23.48","None"
"2025-09-01","7:53:49.786 AM","25.44","97.279","36.43","0.001","24.975","23.19","23.48","None"
"2025-09-01","7:53:50.040 AM","25.44","97.279","36.407","0.001","25","23.19","23.48","None"
"2025-09-01","7:53:50.294 AM","25.44","97.279","36.407","0.001","25","23.14","23.50","None"
"2025-09-01","7:53:50.538 AM","25.44","97.279","36.407","0.001","25","23.14","23.50","None"
"2025-09-01","7:53:50.822 AM","25.44","97.28","36.413","0.001","24.95","23.19","23.50","None"
"2025-09-01","7:53:51.045 AM","25.44","97.28","36.413","0.001","24.95","23.19","23.43","None"
"2025-09-01","7:53:51.292 AM","25.44","97.28","36.413","0.001","24.95","23.19","23.43","None"
"2025-09-01","7:53:51.545 AM","25.44","97.281","36.43","0.001","24.94","23.14","23.43","None"
"2025-09-01","7:53:51.790 AM","25.44","97.281","36.43","0.001","24.94","23.14","23.47","None"
"2025-09-01","7:53:52.043 AM","25.44","97.277","36.407","0.001","25.005","23.14","23.47","None"
"2025-09-01","7:53:52.314 AM","25.44","97.277","36.407","0.001","25.005","23.16","23.47","None"
"2025-09-01","7:53:52.584 AM","25.44","97.277","36.407","0.001","25.005","23.16","23.41","None"
"2025-09-01","7:53:52.839 AM","25.44","97.28","36.43","0.001","24.945","23.16","23.41","None"
"2025-09-01","7:53:53.086 AM","25.44","97.28","36.43","0.001","24.945","23.12","23.41","None"
"2025-09-01","7:53:53.344 AM","25.44","97.28","36.43","0.001","24.945","23.12","23.52","None"
"2025-09-01","7:53:53.591 AM","25.44","97.279","36.407","0.001","24.995","23.12","23.52","None"
"2025-09-01","7:53:53.843 AM","25.44","97.279","36.407","0.001","24.995","23.23","23.45","None"
"2025-09-01","7:53:54.090 AM","25.44","97.279","36.407","0.001","24.995","23.23","23.45","None"
"2025-09-01","7:53:54.341 AM","25.44","97.28","36.424","0.001","25.065","23.23","23.45","None"
"2025-09-01","7:53:54.589 AM","25.44","97.28","36.424","0.001","25.065","23.18","23.47","None"
"2025-09-01","7:53:54.876 AM","25.44","97.28","36.424","0.001","25.065","23.18","23.47","None"
"2025-09-01","7:53:55.110 AM","25.44","97.281","36.413","0.001","25.01","23.20","23.47","None"
"2025-09-01","7:53:55.363 AM","25.44","97.281","36.413","0.001","25.01","23.20","23.34","None"
"2025-09-01","7:53:55.611 AM","25.44","97.281","36.413","0.001","25.01","23.20","23.34","None"
"2025-09-01","7:53:55.857 AM","25.44","97.284","36.43","0.001","25.025","23.14","23.34","None"
"2025-09-01","7:53:56.122 AM","25.44","97.284","36.43","0.001","25.025","23.14","23.48","None"
"2025-09-01","7:53:56.362 AM","25.44","97.278","36.401","0.001","25","23.14","23.48","None"
"2025-09-01","7:53:56.614 AM","25.44","97.278","36.401","0.001","25","23.23","23.48","None"
"2025-09-01","7:53:56.862 AM","25.44","97.278","36.401","0.001","25","23.23","23.50","None"
"2025-09-01","7:53:57.111 AM","25.44","97.276","36.407","0.001","24.985","23.23","23.50","None"
"2025-09-01","7:53:57.374 AM","25.44","97.276","36.407","0.001","24.985","23.21","23.50","None"
"2025-09-01","7:53:57.625 AM","25.44","97.276","36.407","0.001","24.985","23.21","23.41","None"
"2025-09-01","7:53:57.877 AM","25.44","97.271","36.419","0.001","25.095","23.21","23.41","None"
"2025-09-01","7:53:58.125 AM","25.44","97.271","36.419","0.001","25.095","23.16","23.44","None"
"2025-09-01","7:53:58.379 AM","25.44","97.271","36.419","0.001","25.095","23.16","23.44","None"
"2025-09-01","7:53:58.624 AM","25.44","97.272","36.407","0.001","25.04","23.16","23.44","None"
"2025-09-01","7:53:58.876 AM","25.44","97.272","36.407","0.001","25.04","23.20","23.41","None"
"2025-09-01","7:53:59.158 AM","25.44","97.272","36.407","0.001","25.04","23.20","23.41","None"
"2025-09-01","7:53:59.386 AM","25.44","97.272","36.413","0.001","24.975","23.20","23.41","None"
"2025-09-01","7:53:59.647 AM","25.44","97.272","36.413","0.001","24.975","23.14","23.43","None"
"2025-09-01","7:53:59.892 AM","25.44","97.272","36.413","0.001","24.975","23.14","23.43","None"
"2025-09-01","7:54:00.146 AM","25.44","97.272","36.407","0.001","24.96","23.09","23.43","None"
"2025-09-01","7:54:00.403 AM","25.44","97.272","36.407","0.001","24.96","23.09","23.47","None"
"2025-09-01","7:54:00.643 AM","25.44","97.272","36.407","0.001","24.96","23.09","23.47","None"
"2025-09-01","7:54:00.894 AM","25.43","97.275","36.418","0.001","24.945","23.12","23.47","None"
"2025-09-01","7:54:01.146 AM","25.43","97.275","36.418","0.001","24.945","23.12","23.38","None"
"2025-09-01","7:54:01.397 AM","25.43","97.274","36.412","0.001","25.035","23.12","23.38","None"
"2025-09-01","7:54:01.660 AM","25.43","97.274","36.412","0.001","25.035","23.21","23.38","None"
"2025-09-01","7:54:01.918 AM","25.43","97.274","36.412","0.001","25.035","23.21","23.41","None"
"2025-09-01","7:54:02.164 AM","25.43","97.272","36.4","0.001","25","23.21","23.41","None"
"2025-09-01","7:54:02.414 AM","25.43","97.272","36.4","0.001","25","23.23","23.41","None"
"2025-09-01","7:54:02.661 AM","25.43","97.272","36.4","0.001","25","23.23","23.50","None"
"2025-09-01","7:54:02.914 AM","25.43","97.28","36.418","0.001","25.025","23.23","23.50","None"
"2025-09-01","7:54:03.164 AM","25.43","97.28","36.418","0.001","25.025","23.21","23.52","None"
"2025-09-01","7:54:03.450 AM","25.43","97.28","36.418","0.001","25.025","23.21","23.52","None"
"2025-09-01","7:54:03.671 AM","25.43","97.274","36.406","0.001","25.045","23.21","23.52","None"
"2025-09-01","7:54:03.932 AM","25.43","97.274","36.406","0.001","25.045","23.16","23.44","None"
"2025-09-01","7:54:04.181 AM","25.43","97.274","36.406","0.001","25.045","23.16","23.44","None"
"2025-09-01","7:54:04.431 AM","25.43","97.27","36.418","0.001","25.03","23.23","23.44","None"
"2025-09-01","7:54:04.687 AM","25.43","97.27","36.418","0.001","25.03","23.23","23.54","None"
"2025-09-01","7:54:04.930 AM","25.43","97.27","36.418","0.001","25.03","23.23","23.54","None"
"2025-09-01","7:54:05.180 AM","25.43","97.267","36.412","0.001","24.99","23.16","23.54","None"
"2025-09-01","7:54:05.431 AM","25.43","97.267","36.412","0.001","24.99","23.16","23.44","None"
"2025-09-01","7:54:05.681 AM","25.43","97.267","36.412","0.001","24.99","23.16","23.44","None"
"2025-09-01","7:54:05.929 AM","25.43","97.269","36.418","0.001","25.05","23.23","23.44","None"
"2025-09-01","7:54:06.195 AM","25.43","97.269","36.418","0.001","25.05","23.23","23.52","None"
"2025-09-01","7:54:06.448 AM","25.43","97.271","36.418","0.001","24.97","23.23","23.52","None"
"2025-09-01","7:54:06.694 AM","25.43","97.271","36.418","0.001","24.97","23.19","23.52","None"
"2025-09-01","7:54:06.943 AM","25.43","97.271","36.418","0.001","24.97","23.19","23.45","None"
"2025-09-01","7:54:07.193 AM","25.43","97.268","36.418","0.001","24.98","23.19","23.45","None"
"2025-09-01","7:54:07.449 AM","25.43","97.268","36.418","0.001","24.98","23.19","23.45","None"
"2025-09-01","7:54:07.728 AM","25.43","97.268","36.418","0.001","24.98","23.19","23.49","None"
"2025-09-01","7:54:07.954 AM","25.43","97.277","36.418","0.001","25","23.19","23.49","None"
"2025-09-01","7:54:08.197 AM","25.43","97.277","36.418","0.001","25","23.16","23.37","None"
"2025-09-01","7:54:08.461 AM","25.43","97.277","36.418","0.001","25","23.16","23.37","None"
"2025-09-01","7:54:08.717 AM","25.43","97.274","36.429","0.001","24.98","23.16","23.37","None"
"2025-09-01","7:54:08.973 AM","25.43","97.274","36.429","0.001","24.98","23.21","23.45","None"
"2025-09-01","7:54:09.213 AM","25.43","97.274","36.429","0.001","24.98","23.21","23.45","None"
"2025-09-01","7:54:09.465 AM","25.43","97.264","36.412","0.001","25.045","23.18","23.45","None"
"2025-09-01","7:54:09.716 AM","25.43","97.264","36.412","0.001","25.045","23.18","23.39","None"
"2025-09-01","7:54:09.965 AM","25.43","97.264","36.412","0.001","25.045","23.18","23.39","None"
"2025-09-01","7:54:10.216 AM","25.43","97.268","36.401","0.001","25.02","23.18","23.39","None"
"2025-09-01","7:54:10.470 AM","25.43","97.268","36.401","0.001","25.02","23.18","23.47","None"
"2025-09-01","7:54:10.729 AM","25.43","97.268","36.401","0.001","25.02","23.18","23.47","None"
"2025-09-01","7:54:10.981 AM","25.43","97.268","36.418","0.001","25.005","23.21","23.47","None"
"2025-09-01","7:54:11.231 AM","25.43","97.268","36.418","0.001","25.005","23.21","23.45","None"
"2025-09-01","7:54:11.483 AM","25.43","97.28","36.418","0.001","25.015","23.21","23.45","None"
"2025-09-01","7:54:11.730 AM","25.43","97.28","36.418","0.001","25.015","23.16","23.45","None"
"2025-09-01","7:54:12.036 AM","25.43","97.28","36.418","0.001","25.015","23.16","23.48","None"
"2025-09-01","7:54:12.263 AM","25.43","97.283","36.406","0.001","25.035","23.16","23.48","None"
"2025-09-01","7:54:12.504 AM","25.43","97.283","36.406","0.001","25.035","23.14","23.48","None"
"2025-09-01","7:54:12.759 AM","25.43","97.283","36.406","0.001","25.035","23.14","23.41","None"
"2025-09-01","7:54:13.005 AM","25.43","97.287","36.406","0.001","25.005","23.14","23.41","None"
"2025-09-01","7:54:13.264 AM","25.43","97.287","36.406","0.001","25.005","23.07","23.39","None"
"2025-09-01","7:54:13.505 AM","25.43","97.287","36.406","0.001","25.005","23.07","23.39","None"
"2025-09-01","7:54:13.768 AM","25.43","97.286","36.412","0.001","24.995","23.07","23.39","None"
"2025-09-01","7:54:14.021 AM","25.43","97.286","36.412","0.001","24.995","23.13","23.47","None"
"2025-09-01","7:54:14.270 AM","25.43","97.286","36.412","0.001","24.995","23.13","23.47","None"
"2025-09-01","7:54:14.518 AM","25.43","97.28","36.418","0.001","25.07","23.18","23.47","None"
"2025-09-01","7:54:14.773 AM","25.43","97.28","36.418","0.001","25.07","23.18","23.44","None"
"2025-09-01","7:54:15.020 AM","25.43","97.28","36.418","0.001","25.07","23.18","23.44","None"
"2025-09-01","7:54:15.269 AM","25.43","97.273","36.412","0.001","25.04","23.12","23.44","None"
"2025-09-01","7:54:15.519 AM","25.43","97.273","36.412","0.001","25.04","23.12","23.47","None"
"2025-09-01","7:54:15.769 AM","25.43","97.274","36.418","0.001","24.98","23.12","23.47","None"
"2025-09-01","7:54:16.020 AM","25.43","97.274","36.418","0.001","24.98","23.13","23.47","None"
"2025-09-01","7:54:16.335 AM","25.43","97.274","36.418","0.001","24.98","23.13","23.44","None"
"2025-09-01","7:54:16.534 AM","25.43","97.27","36.406","0.001","25.035","23.13","23.44","None"
"2025-09-01","7:54:16.789 AM","25.43","97.27","36.406","0.001","25.035","23.14","23.44","None"
"2025-09-01","7:54:17.037 AM","25.43","97.27","36.406","0.001","25.035","23.14","23.45","None"
"2025-09-01","7:54:17.290 AM","25.43","97.276","36.406","0.001","24.96","23.14","23.45","None"
"2025-09-01","7:54:17.543 AM","25.43","97.276","36.406","0.001","24.96","23.20","23.48","None"
"2025-09-01","7:54:17.787 AM","25.43","97.276","36.406","0.001","24.96","23.20","23.48","None"
"2025-09-01","7:54:18.037 AM","25.43","97.276","36.418","0.001","25","23.20","23.48","None"
"2025-09-01","7:54:18.291 AM","25.43","97.276","36.418","0.001","25","23.09","23.44","None"
"2025-09-01","7:54:18.539 AM","25.43","97.276","36.418","0.001","25","23.09","23.44","None"
"2025-09-01","7:54:18.791 AM","25.43","97.277","36.435","0.001","25.005","23.09","23.44","None"
"2025-09-01","7:54:19.057 AM","25.43","97.277","36.435","0.001","25.005","23.13","23.47","None"
"2025-09-01","7:54:19.305 AM","25.43","97.277","36.435","0.001","25.005","23.13","23.47","None"
"2025-09-01","7:54:19.554 AM","25.43","97.277","36.424","0.001","25.005","23.14","23.47","None"
"2025-09-01","7:54:19.803 AM","25.43","97.277","36.424","0.001","25.005","23.14","23.32","None"
"2025-09-01","7:54:20.054 AM","25.43","97.277","36.424","0.001","25.005","23.14","23.32","None"
"2025-09-01","7:54:20.343 AM","25.43","97.274","36.412","0.001","25.02","23.10","23.32","None"
"2025-09-01","7:54:20.563 AM","25.43","97.274","36.412","0.001","25.02","23.10","23.49","None"
"2025-09-01","7:54:20.813 AM","25.43","97.269","36.418","0.001","25","23.10","23.49","None"
"2025-09-01","7:54:21.062 AM","25.43","97.269","36.418","0.001","25","23.13","23.49","None"
"2025-09-01","7:54:21.323 AM","25.43","97.269","36.418","0.001","25","23.13","23.44","None"
"2025-09-01","7:54:21.579 AM","25.43","97.268","36.423","0.001","24.975","23.13","23.44","None"
"2025-09-01","7:54:21.840 AM","25.43","97.268","36.423","0.001","24.975","23.14","23.44","None"
"2025-09-01","7:54:22.098 AM","25.43","97.268","36.423","0.001","24.975","23.14","23.41","None"
"2025-09-01","7:54:22.376 AM","25.43","97.269","36.417","0.001","25.03","23.14","23.41","None"
"2025-09-01","7:54:22.635 AM","25.43","97.269","36.417","0.001","25.03","23.16","23.39","None"
"2025-09-01","7:54:22.909 AM","25.43","97.269","36.417","0.001","25.03","23.16","23.39","None"
"2025-09-01","7:54:23.170 AM","25.43","97.266","36.406","0.001","25","23.09","23.39","None"
"2025-09-01","7:54:23.442 AM","25.43","97.266","36.406","0.001","25","23.09","23.39","None"
"2025-09-01","7:54:23.706 AM","25.43","97.267","36.417","0.001","24.95","23.09","23.39","None"
"2025-09-01","7:54:23.979 AM","25.43","97.267","36.417","0.001","24.95","23.09","23.39","None"
"2025-09-01","7:54:24.246 AM","25.43","97.267","36.417","0.001","24.95","23.09","23.48","None"
"2025-09-01","7:54:24.493 AM","25.43","97.276","36.412","0.001","24.97","23.09","23.48","None"
"2025-09-01","7:54:24.800 AM","25.43","97.276","36.412","0.001","24.97","23.18","23.48","None"
"2025-09-01","7:54:25.031 AM","25.43","97.276","36.412","0.001","24.97","23.18","23.48","None"
"2025-09-01","7:54:25.282 AM","25.43","97.278","36.423","0.001","25.02","23.18","23.48","None"
"2025-09-01","7:54:25.528 AM","25.43","97.278","36.423","0.001","25.02","23.13","23.48","None"
"2025-09-01","7:54:25.776 AM","25.43","97.278","36.423","0.001","25.02","23.13","23.48","None"
"2025-09-01","7:54:26.028 AM","25.43","97.277","36.417","0.001","25","23.12","23.48","None"
"2025-09-01","7:54:26.282 AM","25.43","97.277","36.417","0.001","25","23.12","23.44","None"
"2025-09-01","7:54:26.533 AM","25.43","97.277","36.417","0.001","25","23.12","23.44","None"
"2025-09-01","7:54:26.782 AM","25.42","97.278","36.423","0.001","25.015","23.14","23.44","None"
"2025-09-01","7:54:27.027 AM","25.42","97.278","36.423","0.001","25.015","23.14","23.44","None"
"2025-09-01","7:54:27.279 AM","25.43","97.283","36.411","0.001","24.945","23.14","23.44","None"
"2025-09-01","7:54:27.529 AM","25.43","97.283","36.411","0.001","24.945","23.09","23.44","None"
"2025-09-01","7:54:27.794 AM","25.43","97.283","36.411","0.001","24.945","23.09","23.50","None"
"2025-09-01","7:54:28.045 AM","25.43","97.284","36.429","0.001","24.935","23.09","23.50","None"
"2025-09-01","7:54:28.296 AM","25.43","97.284","36.429","0.001","24.935","23.13","23.50","None"
"2025-09-01","7:54:28.544 AM","25.43","97.284","36.429","0.001","24.935","23.13","23.41","None"
"2025-09-01","7:54:28.829 AM","25.42","97.283","36.417","0.001","24.985","23.13","23.41","None"
"2025-09-01","7:54:29.051 AM","25.42","97.283","36.417","0.001","24.985","23.14","23.38","None"
"2025-09-01","7:54:29.306 AM","25.42","97.283","36.417","0.001","24.985","23.14","23.38","None"
"2025-09-01","7:54:29.565 AM","25.42","97.281","36.428","0.001","24.985","23.14","23.38","None"
"2025-09-01","7:54:29.811 AM","25.42","97.281","36.428","0.001","24.985","23.09","23.41","None"
"2025-09-01","7:54:30.071 AM","25.42","97.281","36.428","0.001","24.985","23.09","23.41","None"
"2025-09-01","7:54:30.313 AM","25.42","97.28","36.423","0.001","24.99","23.10","23.41","None"
"2025-09-01","7:54:30.562 AM","25.42","97.28","36.423","0.001","24.99","23.10","23.47","None"
"2025-09-01","7:54:30.814 AM","25.42","97.28","36.423","0.001","24.99","23.10","23.47","None"
"2025-09-01","7:54:31.067 AM","25.42","97.278","36.428","0.001","24.965","23.18","23.47","None"
"2025-09-01","7:54:31.320 AM","25.42","97.278","36.428","0.001","24.965","23.18","23.41","None"
"2025-09-01","7:54:31.564 AM","25.42","97.278","36.428","0.001","24.965","23.18","23.41","None"
"2025-09-01","7:54:31.817 AM","25.42","97.275","36.428","0.001","24.985","23.05","23.41","None"
"2025-09-01","7:54:32.081 AM","25.42","97.275","36.428","0.001","24.985","23.05","23.45","None"
"2025-09-01","7:54:32.334 AM","25.42","97.274","36.428","0.001","25.02","23.05","23.45","None"
"2025-09-01","7:54:32.590 AM","25.42","97.274","36.428","0.001","25.02","23.14","23.45","None"
"2025-09-01","7:54:32.834 AM","25.42","97.274","36.428","0.001","25.02","23.14","23.39","None"
"2025-09-01","7:54:33.202 AM","25.42","97.272","36.428","0.001","24.985","23.14","23.39","None"
"2025-09-01","7:54:33.355 AM","25.42","97.272","36.428","0.001","24.985","23.10","23.39","None"
"2025-09-01","7:54:33.607 AM","25.42","97.272","36.428","0.001","24.985","23.10","23.39","None"
"2025-09-01","7:54:33.856 AM","25.42","97.273","36.422","0.001","25.015","23.10","23.39","None"
"2025-09-01","7:54:34.108 AM","25.42","97.273","36.422","0.001","25.015","23.12","23.39","None"
"2025-09-01","7:54:34.365 AM","25.42","97.273","36.422","0.001","25.015","23.12","23.39","None"
"2025-09-01","7:54:34.608 AM","25.42","97.271","36.416","0.001","25.03","23.12","23.39","None"
"2025-09-01","7:54:34.870 AM","25.42","97.271","36.416","0.001","25.03","23.10","23.33","None"
"2025-09-01","7:54:35.105 AM","25.42","97.271","36.416","0.001","25.03","23.10","23.33","None"
"2025-09-01","7:54:35.355 AM","25.42","97.276","36.434","0.001","25.01","23.12","23.33","None"
"2025-09-01","7:54:35.606 AM","25.42","97.276","36.434","0.001","25.01","23.12","23.48","None"
"2025-09-01","7:54:35.858 AM","25.42","97.276","36.434","0.001","25.01","23.12","23.48","None"
"2025-09-01","7:54:36.121 AM","25.42","97.273","36.417","0.001","24.9","23.08","23.48","None"
"2025-09-01","7:54:36.367 AM","25.42","97.273","36.417","0.001","24.9","23.08","23.44","None"
"2025-09-01","7:54:36.634 AM","25.42","97.28","36.44","0.001","25.04","23.08","23.44","None"
"2025-09-01","7:54:36.883 AM","25.42","97.28","36.44","0.001","25.04","23.18","23.44","None"
"2025-09-01","7:54:37.133 AM","25.42","97.28","36.44","0.001","25.04","23.18","23.41","None"
"2025-09-01","7:54:37.416 AM","25.42","97.284","36.434","0.001","25.03","23.18","23.41","None"
"2025-09-01","7:54:37.641 AM","25.42","97.284","36.434","0.001","25.03","23.07","23.41","None"
"2025-09-01","7:54:37.886 AM","25.42","97.284","36.434","0.001","25.03","23.07","23.44","None"
"2025-09-01","7:54:38.143 AM","25.42","97.28","36.434","0.001","24.98","23.07","23.44","None"
"2025-09-01","7:54:38.393 AM","25.42","97.28","36.434","0.001","24.98","23.10","23.45","None"
"2025-09-01","7:54:38.653 AM","25.42","97.28","36.434","0.001","24.98","23.10","23.45","None"
"2025-09-01","7:54:38.902 AM","25.42","97.285","36.44","0.001","24.96","23.10","23.45","None"
"2025-09-01","7:54:39.150 AM","25.42","97.285","36.44","0.001","24.96","23.14","23.47","None"
"2025-09-01","7:54:39.403 AM","25.42","97.285","36.44","0.001","24.96","23.14","23.47","None"
"2025-09-01","7:54:39.654 AM","25.42","97.279","36.434","0.001","24.95","23.14","23.47","None"
"2025-09-01","7:54:39.905 AM","25.42","97.279","36.434","0.001","24.95","23.14","23.39","None"
"2025-09-01","7:54:40.158 AM","25.42","97.279","36.434","0.001","24.95","23.14","23.39","None"
"2025-09-01","7:54:40.407 AM","25.42","97.275","36.434","0.001","24.92","23.12","23.39","None"
"2025-09-01","7:54:40.654 AM","25.42","97.275","36.434","0.001","24.92","23.12","23.54","None"
"2025-09-01","7:54:40.905 AM","25.42","97.275","36.434","0.001","24.92","23.12","23.54","None"
"2025-09-01","7:54:41.154 AM","25.42","97.276","36.428","0.001","24.975","23.12","23.54","None"
"2025-09-01","7:54:41.411 AM","25.42","97.276","36.428","0.001","24.975","23.12","23.52","None"
"2025-09-01","7:54:41.726 AM","25.42","97.272","36.434","0.001","25.05","23.12","23.52","None"
"2025-09-01","7:54:41.918 AM","25.42","97.272","36.434","0.001","25.05","23.07","23.52","None"
"2025-09-01","7:54:42.175 AM","25.42","97.272","36.434","0.001","25.05","23.07","23.49","None"
"2025-09-01","7:54:42.431 AM","25.42","97.271","36.422","0.001","25.09","23.07","23.49","None"
"2025-09-01","7:54:42.671 AM","25.42","97.271","36.422","0.001","25.09","23.16","23.49","None"
"2025-09-01","7:54:42.934 AM","25.42","97.271","36.422","0.001","25.09","23.16","23.44","None"
"2025-09-01","7:54:43.175 AM","25.42","97.274","36.434","0.001","24.98","23.16","23.44","None"
"2025-09-01","7:54:43.430 AM","25.42","97.274","36.434","0.001","24.98","23.14","23.41","None"
"2025-09-01","7:54:43.678 AM","25.42","97.274","36.434","0.001","24.98","23.14","23.41","None"
"2025-09-01","7:54:43.925 AM","25.42","97.275","36.446","0.001","24.94","23.14","23.41","None"
"2025-09-01","7:54:44.174 AM","25.42","97.275","36.446","0.001","24.94","23.16","23.45","None"
"2025-09-01","7:54:44.438 AM","25.42","97.275","36.446","0.001","24.94","23.16","23.45","Refrigerant Gas"
"2025-09-01","7:54:44.679 AM","25.42","97.276","36.434","0.001","24.97","23.16","23.45","Refrigerant Gas"
"2025-09-01","7:54:44.925 AM","25.42","97.276","36.434","0.001","24.97","22.99","23.44","Refrigerant Gas"
"2025-09-01","7:54:45.183 AM","25.42","97.276","36.434","0.001","24.97","22.99","23.44","Refrigerant Gas"
"2025-09-01","7:54:45.441 AM","25.42","97.274","36.434","0.001","25.005","23.02","23.44","Refrigerant Gas"
"2025-09-01","7:54:45.694 AM","25.42","97.274","36.434","0.001","25.005","23.02","23.36","Refrigerant Gas"
"2025-09-01","7:54:45.977 AM","25.42","97.274","36.434","0.001","25.005","23.02","23.36","Refrigerant Gas"
"2025-09-01","7:54:46.196 AM","25.42","97.27","36.434","0.001","24.965","23.10","23.36","Refrigerant Gas"
"2025-09-01","7:54:46.453 AM","25.42","97.27","36.434","0.001","24.965","23.10","23.43","Refrigerant Gas"
"2025-09-01","7:54:46.707 AM","25.42","97.271","36.434","0.001","25","23.10","23.43","Refrigerant Gas"
"2025-09-01","7:54:46.957 AM","25.42","97.271","36.434","0.001","25","23.10","23.43","Refrigerant Gas"
"2025-09-01","7:54:47.216 AM","25.42","97.271","36.434","0.001","25","23.10","23.34","Refrigerant Gas"
"2025-09-01","7:54:47.459 AM","25.43","97.271","36.423","0.001","25.06","23.10","23.34","Refrigerant Gas"
"2025-09-01","7:54:47.711 AM","25.43","97.271","36.423","0.001","25.06","23.13","23.34","Refrigerant Gas"
"2025-09-01","7:54:47.962 AM","25.43","97.271","36.423","0.001","25.06","23.13","23.44","Refrigerant Gas"
"2025-09-01","7:54:48.215 AM","25.43","97.273","36.435","0.001","24.99","23.13","23.44","Refrigerant Gas"
"2025-09-01","7:54:48.463 AM","25.43","97.273","36.435","0.001","24.99","23.14","23.50","Refrigerant Gas"
"2025-09-01","7:54:48.713 AM","25.43","97.273","36.435","0.001","24.99","23.14","23.50","Refrigerant Gas"
"2025-09-01","7:54:48.964 AM","25.43","97.274","36.429","0.001","24.965","23.14","23.50","Refrigerant Gas"
"2025-09-01","7:54:49.216 AM","25.43","97.274","36.429","0.001","24.965","23.14","23.41","Refrigerant Gas"
"2025-09-01","7:54:49.487 AM","25.43","97.274","36.429","0.001","24.965","23.14","23.41","Refrigerant Gas"
"2025-09-01","7:54:49.727 AM","25.43","97.275","36.429","0.001","25.025","23.14","23.41","Refrigerant Gas"
"2025-09-01","7:54:49.977 AM","25.43","97.275","36.429","0.001","25.025","23.14","23.45","Refrigerant Gas"
"2025-09-01","7:54:50.276 AM","25.43","97.275","36.429","0.001","25.025","23.14","23.45","Refrigerant Gas"
"2025-09-01","7:54:50.501 AM","25.43","97.275","36.435","0.001","25.015","23.10","23.45","Refrigerant Gas"
"2025-09-01","7:54:50.763 AM","25.43","97.275","36.435","0.001","25.015","23.10","23.39","Refrigerant Gas"
"2025-09-01","7:54:51.024 AM","25.42","97.269","36.429","0.001","25.015","23.10","23.39","Refrigerant Gas"
"2025-09-01","7:54:51.254 AM","25.42","97.269","36.429","0.001","25.045","23.13","23.39","Refrigerant Gas"
"2025-09-01","7:54:51.520 AM","25.42","97.269","36.429","0.001","25.045","23.13","23.39","Refrigerant Gas"
"2025-09-01","7:54:51.757 AM","25.42","97.274","36.434","0.001","24.97","23.13","23.39","Refrigerant Gas"
"2025-09-01","7:54:52.032 AM","25.42","97.274","36.434","0.001","24.97","23.16","23.39","Refrigerant Gas"
"2025-09-01","7:54:52.292 AM","25.42","97.274","36.434","0.001","24.97","23.16","23.50","Refrigerant Gas"
"2025-09-01","7:54:52.548 AM","25.42","97.27","36.429","0.001","24.98","23.16","23.50","Refrigerant Gas"
"2025-09-01","7:54:52.795 AM","25.42","97.27","36.429","0.001","24.98","23.02","23.47","Refrigerant Gas"
"2025-09-01","7:54:53.053 AM","25.42","97.27","36.429","0.001","24.98","23.02","23.47","Refrigerant Gas"
"2025-09-01","7:54:53.299 AM","25.42","97.271","36.417","0.001","25.06","23.02","23.47","Refrigerant Gas"
"2025-09-01","7:54:53.549 AM","25.42","97.271","36.417","0.001","25.06","23.16","23.45","Refrigerant Gas"
"2025-09-01","7:54:53.797 AM","25.42","97.271","36.417","0.001","25.06","23.16","23.45","Refrigerant Gas"
"2025-09-01","7:54:54.055 AM","25.43","97.27","36.417","0.001","24.98","23.05","23.45","Refrigerant Gas"
"2025-09-01","7:54:54.345 AM","25.43","97.27","36.417","0.001","24.98","23.05","23.48","Refrigerant Gas"
"2025-09-01","7:54:54.560 AM","25.43","97.27","36.417","0.001","24.98","23.05","23.48","Refrigerant Gas"
"2025-09-01","7:54:54.803 AM","25.42","97.27","36.417","0.001","25.01","23.05","23.48","Refrigerant Gas"
"2025-09-01","7:54:55.062 AM","25.42","97.27","36.417","0.001","25.01","23.05","23.49","Refrigerant Gas"
"2025-09-01","7:54:55.337 AM","25.43","97.272","36.423","0.001","24.94","23.05","23.49","Refrigerant Gas"
"2025-09-01","7:54:55.606 AM","25.43","97.272","36.423","0.001","24.94","23.03","23.49","Refrigerant Gas"
"2025-09-01","7:54:55.848 AM","25.43","97.272","36.423","0.001","24.94","23.03","23.41","Refrigerant Gas"
"2025-09-01","7:54:56.096 AM","25.43","97.274","36.423","0.001","25.03","23.03","23.41","Refrigerant Gas"
"2025-09-01","7:54:56.352 AM","25.43","97.274","36.423","0.001","25.03","23.07","23.41","Refrigerant Gas"
"2025-09-01","7:54:56.597 AM","25.43","97.274","36.423","0.001","25.03","23.07","23.49","Refrigerant Gas"
"2025-09-01","7:54:56.847 AM","25.43","97.275","36.429","0.001","25.025","23.07","23.49","Refrigerant Gas"
"2025-09-01","7:54:57.096 AM","25.43","97.275","36.429","0.001","25.025","23.10","23.44","Refrigerant Gas"
"2025-09-01","7:54:57.360 AM","25.43","97.275","36.429","0.001","25.025","23.10","23.44","Refrigerant Gas"
"2025-09-01","7:54:57.605 AM","25.43","97.274","36.417","0.001","24.99","23.10","23.44","Refrigerant Gas"
"2025-09-01","7:54:57.857 AM","25.43","97.274","36.417","0.001","24.99","23.09","23.41","Refrigerant Gas"
"2025-09-01","7:54:58.102 AM","25.43","97.274","36.417","0.001","24.99","23.09","23.41","Refrigerant Gas"
"2025-09-01","7:54:58.353 AM","25.43","97.273","36.412","0.001","24.945","23.09","23.41","Refrigerant Gas"
"2025-09-01","7:54:58.633 AM","25.43","97.273","36.412","0.001","24.945","23.14","23.44","Refrigerant Gas"
"2025-09-01","7:54:58.857 AM","25.43","97.273","36.412","0.001","24.945","23.14","23.44","Refrigerant Gas"
"2025-09-01","7:54:59.104 AM","25.43","97.276","36.423","0.001","24.95","23.09","23.44","Refrigerant Gas"
"2025-09-01","7:54:59.366 AM","25.43","97.276","36.423","0.001","24.95","23.09","23.45","Refrigerant Gas"
"2025-09-01","7:54:59.619 AM","25.43","97.276","36.423","0.001","24.95","23.09","23.45","Refrigerant Gas"
"2025-09-01","7:54:59.870 AM","25.43","97.276","36.429","0.001","25.03","23.19","23.45","Refrigerant Gas"
"2025-09-01","7:55:00.118 AM","25.43","97.276","36.429","0.001","25.03","23.19","23.47","Refrigerant Gas"
"2025-09-01","7:55:00.372 AM","25.43","97.277","36.423","0.001","25.03","23.19","23.47","Refrigerant Gas"
"2025-09-01","7:55:00.620 AM","25.43","97.277","36.423","0.001","25.03","23.09","23.47","Refrigerant Gas"
"2025-09-01","7:55:00.869 AM","25.43","97.277","36.423","0.001","25.03","23.09","23.44","Refrigerant Gas"
"2025-09-01","7:55:01.126 AM","25.43","97.271","36.418","0.001","25.05","23.09","23.44","Refrigerant Gas"
"2025-09-01","7:55:01.371 AM","25.43","97.271","36.418","0.001","25.05","23.03","23.44","Refrigerant Gas"
"2025-09-01","7:55:01.620 AM","25.43","97.271","36.418","0.001","25.05","23.03","23.41","Refrigerant Gas"
"2025-09-01","7:55:01.868 AM","25.43","97.276","36.429","0.001","25.06","23.03","23.41","Refrigerant Gas"
"2025-09-01","7:55:02.131 AM","25.43","97.276","36.429","0.001","25.06","23.01","23.47","Refrigerant Gas"
"2025-09-01","7:55:02.391 AM","25.43","97.276","36.429","0.001","25.06","23.01","23.47","Refrigerant Gas"
"2025-09-01","7:55:02.640 AM","25.43","97.273","36.406","0.001","24.995","23.01","23.47","Refrigerant Gas"
"2025-09-01","7:55:02.923 AM","25.43","97.273","36.406","0.001","24.995","23.14","23.39","Refrigerant Gas"
"2025-09-01","7:55:03.139 AM","25.43","97.273","36.406","0.001","24.995","23.14","23.39","Refrigerant Gas"
"2025-09-01","7:55:03.395 AM","25.43","97.279","36.435","0.001","25","23.13","23.39","Refrigerant Gas"
"2025-09-01","7:55:03.642 AM","25.43","97.279","36.435","0.001","25","23.13","23.30","Refrigerant Gas"
"2025-09-01","7:55:03.898 AM","25.43","97.279","36.435","0.001","25","23.13","23.30","Refrigerant Gas"
"2025-09-01","7:55:04.159 AM","25.43","97.283","36.423","0.001","24.99","23.10","23.30","Refrigerant Gas"
"2025-09-01","7:55:04.411 AM","25.43","97.283","36.423","0.001","24.99","23.10","23.44","Refrigerant Gas"
"2025-09-01","7:55:04.672 AM","25.43","97.283","36.423","0.001","24.99","23.10","23.44","Refrigerant Gas"
"2025-09-01","7:55:04.907 AM","25.43","97.281","36.411","0.001","24.99","23.16","23.44","Refrigerant Gas"
"2025-09-01","7:55:05.157 AM","25.43","97.281","36.411","0.001","24.99","23.16","23.41","Refrigerant Gas"
"2025-09-01","7:55:05.407 AM","25.43","97.28","36.417","0.001","25.02","23.16","23.41","Refrigerant Gas"
"2025-09-01","7:55:05.663 AM","25.43","97.28","36.417","0.001","25.02","23.05","23.41","Refrigerant Gas"
"2025-09-01","7:55:05.919 AM","25.43","97.28","36.417","0.001","25.02","23.05","23.44","Refrigerant Gas"
"2025-09-01","7:55:06.160 AM","25.42","97.284","36.417","0.001","24.955","23.05","23.44","Refrigerant Gas"
"2025-09-01","7:55:06.410 AM","25.42","97.284","36.417","0.001","24.955","23.08","23.44","Refrigerant Gas"
"2025-09-01","7:55:06.667 AM","25.42","97.284","36.417","0.001","24.955","23.08","23.37","Refrigerant Gas"
"2025-09-01","7:55:06.943 AM","25.43","97.28","36.429","0.001","24.925","23.08","23.37","Refrigerant Gas"
"2025-09-01","7:55:07.239 AM","25.43","97.28","36.429","0.001","24.925","23.14","23.49","Refrigerant Gas"
"2025-09-01","7:55:07.463 AM","25.43","97.28","36.429","0.001","24.925","23.14","23.49","Refrigerant Gas"
"2025-09-01","7:55:07.711 AM","25.42","97.281","36.429","0.001","25.035","23.09","23.49","Refrigerant Gas"
"2025-09-01","7:55:07.963 AM","25.42","97.281","36.429","0.001","25.035","23.09","23.44","Refrigerant Gas"
"2025-09-01","7:55:08.215 AM","25.42","97.281","36.429","0.001","25.035","23.09","23.44","Refrigerant Gas"
"2025-09-01","7:55:08.481 AM","25.42","97.281","36.423","0.001","24.99","22.96","23.44","Refrigerant Gas"
"2025-09-01","7:55:08.724 AM","25.42","97.281","36.423","0.001","24.99","22.96","23.39","Refrigerant Gas"
"2025-09-01","7:55:08.974 AM","25.42","97.281","36.423","0.001","24.99","22.96","23.39","Refrigerant Gas"
"2025-09-01","7:55:09.226 AM","25.42","97.281","36.417","0.001","24.975","23.08","23.39","Refrigerant Gas"
"2025-09-01","7:55:09.476 AM","25.42","97.281","36.417","0.001","24.975","23.08","23.39","Refrigerant Gas"
"2025-09-01","7:55:09.725 AM","25.42","97.277","36.411","0.001","25.03","23.08","23.39","Refrigerant Gas"
"2025-09-01","7:55:09.980 AM","25.42","97.277","36.411","0.001","25.03","23.05","23.39","Refrigerant Gas"
"2025-09-01","7:55:10.227 AM","25.42","97.277","36.411","0.001","25.03","23.05","23.44","Refrigerant Gas"
"2025-09-01","7:55:10.474 AM","25.41","97.277","36.422","0.001","25.02","23.05","23.44","Refrigerant Gas"
"2025-09-01","7:55:10.729 AM","25.41","97.277","36.422","0.001","25.02","23.08","23.44","Refrigerant Gas"
"2025-09-01","7:55:10.995 AM","25.41","97.277","36.422","0.001","25.02","23.08","23.36","Refrigerant Gas"
"2025-09-01","7:55:11.302 AM","25.41","97.276","36.428","0.001","25.01","23.08","23.36","Refrigerant Gas"
"2025-09-01","7:55:11.523 AM","25.41","97.276","36.428","0.001","25.01","23.01","23.38","Refrigerant Gas"
"2025-09-01","7:55:11.782 AM","25.41","97.276","36.428","0.001","25.01","23.01","23.38","Refrigerant Gas"
"2025-09-01","7:55:12.029 AM","25.41","97.275","36.422","0.001","24.975","23.05","23.38","Refrigerant Gas"
"2025-09-01","7:55:12.277 AM","25.41","97.275","36.422","0.001","24.975","23.05","23.37","Refrigerant Gas"
"2025-09-01","7:55:12.535 AM","25.41","97.275","36.422","0.001","24.975","23.05","23.37","Refrigerant Gas"
"2025-09-01","7:55:12.776 AM","25.42","97.274","36.434","0.001","25.035","23.01","23.37","Refrigerant Gas"
"2025-09-01","7:55:13.026 AM","25.42","97.274","36.434","0.001","25.035","23.01","23.33","Refrigerant Gas"
"2025-09-01","7:55:13.281 AM","25.42","97.274","36.434","0.001","25.035","23.01","23.33","Refrigerant Gas"
"2025-09-01","7:55:13.528 AM","25.42","97.269","36.428","0.001","25.03","22.97","23.33","Refrigerant Gas"
"2025-09-01","7:55:13.778 AM","25.42","97.269","36.428","0.001","25.03","22.97","23.37","Refrigerant Gas"
"2025-09-01","7:55:14.033 AM","25.42","97.271","36.428","0.001","25.04","22.97","23.37","Refrigerant Gas"
"2025-09-01","7:55:14.282 AM","25.42","97.271","36.428","0.001","25.04","23.09","23.37","Refrigerant Gas"
"2025-09-01","7:55:14.529 AM","25.42","97.271","36.428","0.001","25.04","23.09","23.43","Refrigerant Gas"
"2025-09-01","7:55:14.779 AM","25.42","97.28","36.428","0.001","25.02","23.09","23.43","Refrigerant Gas"
"2025-09-01","7:55:15.030 AM","25.42","97.28","36.428","0.001","25.02","23.09","23.43","Refrigerant Gas"
"2025-09-01","7:55:15.284 AM","25.42","97.28","36.428","0.001","25.02","23.09","23.39","Refrigerant Gas"
"2025-09-01","7:55:15.538 AM","25.42","97.283","36.422","0.001","25.005","23.09","23.39","Refrigerant Gas"
"2025-09-01","7:55:15.831 AM","25.42","97.283","36.422","0.001","25.005","23.12","23.41","Refrigerant Gas"
"2025-09-01","7:55:16.053 AM","25.42","97.283","36.422","0.001","25.005","23.12","23.41","Refrigerant Gas"
"2025-09-01","7:55:16.305 AM","25.42","97.282","36.428","0.001","24.96","23.12","23.41","Refrigerant Gas"
"2025-09-01","7:55:16.549 AM","25.42","97.282","36.428","0.001","24.96","23.16","23.41","Refrigerant Gas"
"2025-09-01","7:55:16.798 AM","25.42","97.282","36.428","0.001","24.96","23.16","23.41","None"
"2025-09-01","7:55:17.051 AM","25.42","97.28","36.422","0.001","25.015","23.16","23.41","None"
"2025-09-01","7:55:17.302 AM","25.42","97.28","36.422","0.001","25.015","23.13","23.41","None"
"2025-09-01","7:55:17.550 AM","25.42","97.28","36.422","0.001","25.015","23.13","23.41","None"
"2025-09-01","7:55:17.808 AM","25.42","97.279","36.428","0.001","25","23.10","23.41","None"
"2025-09-01","7:55:18.066 AM","25.42","97.279","36.428","0.001","25","23.10","23.47","None"
"2025-09-01","7:55:18.320 AM","25.42","97.279","36.428","0.001","25","23.10","23.47","None"
"2025-09-01","7:55:18.560 AM","25.42","97.283","36.428","0.001","24.975","23.03","23.47","None"
"2025-09-01","7:55:18.812 AM","25.42","97.283","36.428","0.001","24.975","23.03","23.39","None"
"2025-09-01","7:55:19.063 AM","25.42","97.276","36.422","0.001","24.98","23.03","23.39","None"
"2025-09-01","7:55:19.314 AM","25.42","97.276","36.422","0.001","24.98","23.10","23.39","None"
"2025-09-01","7:55:19.568 AM","25.42","97.276","36.422","0.001","24.98","23.10","23.49","None"
"2025-09-01","7:55:19.848 AM","25.42","97.28","36.411","0.001","25.07","23.10","23.49","None"
"2025-09-01","7:55:20.080 AM","25.42","97.28","36.411","0.001","25.07","23.13","23.49","None"
"2025-09-01","7:55:20.335 AM","25.42","97.28","36.411","0.001","25.07","23.13","23.50","None"
"2025-09-01","7:55:20.583 AM","25.42","97.279","36.428","0.001","25.06","23.13","23.50","None"
"2025-09-01","7:55:20.838 AM","25.42","97.279","36.428","0.001","25.06","23.14","23.50","None"
"2025-09-01","7:55:21.081 AM","25.42","97.279","36.428","0.001","25.06","23.14","23.50","None"
"2025-09-01","7:55:21.336 AM","25.42","97.279","36.434","0.001","25.025","23.14","23.50","None"
"2025-09-01","7:55:21.583 AM","25.42","97.279","36.434","0.001","25.025","23.14","23.41","None"
"2025-09-01","7:55:21.836 AM","25.42","97.279","36.434","0.001","25.025","23.14","23.41","None"
"2025-09-01","7:55:22.087 AM","25.43","97.285","36.423","0.001","25.03","23.10","23.41","None"
"2025-09-01","7:55:22.344 AM","25.43","97.285","36.423","0.001","25.03","23.10","23.41","None"
"2025-09-01","7:55:22.600 AM","25.43","97.285","36.423","0.001","25.03","23.10","23.41","None"
"2025-09-01","7:55:22.849 AM","25.42","97.291","36.429","0.001","25.04","23.10","23.41","None"
"2025-09-01","7:55:23.101 AM","25.42","97.291","36.429","0.001","25.04","23.10","23.44","None"
"2025-09-01","7:55:23.360 AM","25.42","97.291","36.429","0.001","25.04","23.10","23.44","None"
"2025-09-01","7:55:23.608 AM","25.42","97.288","36.417","0.001","25.07","23.09","23.44","None"
"2025-09-01","7:55:23.857 AM","25.42","97.288","36.417","0.001","25.07","23.09","23.39","None"
"2025-09-01","7:55:24.149 AM","25.42","97.285","36.428","0.001","25.02","23.09","23.39","None"
"2025-09-01","7:55:24.373 AM","25.42","97.285","36.428","0.001","25.02","23.10","23.39","None"
"2025-09-01","7:55:24.623 AM","25.42","97.285","36.428","0.001","25.02","23.10","23.44","None"
"2025-09-01","7:55:24.890 AM","25.42","97.285","36.417","0.001","25.075","23.10","23.44","None"
"2025-09-01","7:55:25.146 AM","25.42","97.285","36.417","0.001","25.075","23.14","23.33","None"
"2025-09-01","7:55:25.397 AM","25.42","97.285","36.417","0.001","25.075","23.14","23.33","None"
"2025-09-01","7:55:25.641 AM","25.42","97.282","36.429","0.001","25.04","23.14","23.33","None"
"2025-09-01","7:55:25.893 AM","25.42","97.282","36.429","0.001","25.04","23.16","23.45","None"
"2025-09-01","7:55:26.140 AM","25.42","97.282","36.429","0.001","25.04","23.16","23.45","None"
"2025-09-01","7:55:26.396 AM","25.43","97.283","36.434","0.001","25.08","23.16","23.45","None"
"2025-09-01","7:55:26.641 AM","25.43","97.283","36.434","0.001","25.08","23.09","23.39","None"
"2025-09-01","7:55:26.910 AM","25.43","97.283","36.434","0.001","25.08","23.09","23.39","None"
"2025-09-01","7:55:27.164 AM","25.43","97.277","36.423","0.001","25","23.19","23.39","None"
"2025-09-01","7:55:27.413 AM","25.43","97.277","36.423","0.001","25","23.19","23.43","None"
"2025-09-01","7:55:27.662 AM","25.43","97.277","36.423","0.001","25","23.19","23.43","None"
"2025-09-01","7:55:27.920 AM","25.43","97.281","36.4","0.001","25.04","23.05","23.43","None"
"2025-09-01","7:55:28.176 AM","25.43","97.281","36.4","0.001","25.04","23.05","23.43","None"
"2025-09-01","7:55:28.470 AM","25.43","97.28","36.417","0.001","25.035","23.05","23.43","None"
"2025-09-01","7:55:28.686 AM","25.43","97.28","36.417","0.001","25.035","23.19","23.43","None"
"2025-09-01","7:55:28.937 AM","25.43","97.28","36.417","0.001","25.035","23.19","23.45","None"
"2025-09-01","7:55:29.182 AM","25.43","97.283","36.44","0.001","25.07","23.19","23.45","None"
"2025-09-01","7:55:29.440 AM","25.43","97.283","36.44","0.001","25.07","23.14","23.45","None"
"2025-09-01","7:55:29.684 AM","25.43","97.283","36.44","0.001","25.07","23.14","23.48","None"
"2025-09-01","7:55:29.931 AM","25.43","97.28","36.435","0.001","24.99","23.14","23.48","None"
"2025-09-01","7:55:30.183 AM","25.43","97.28","36.435","0.001","24.99","23.10","23.50","None"
"2025-09-01","7:55:30.432 AM","25.43","97.28","36.435","0.001","24.99","23.10","23.50","None"
"2025-09-01","7:55:30.683 AM","25.43","97.281","36.424","0.001","25.02","23.10","23.50","None"
"2025-09-01","7:55:30.930 AM","25.43","97.281","36.424","0.001","25.02","23.18","23.41","None"
"2025-09-01","7:55:31.198 AM","25.43","97.281","36.424","0.001","25.02","23.18","23.41","None"
"2025-09-01","7:55:31.450 AM","25.43","97.278","36.418","0.001","25.015","23.16","23.41","None"
"2025-09-01","7:55:31.703 AM","25.43","97.278","36.418","0.001","25.015","23.16","23.44","None"
"2025-09-01","7:55:31.945 AM","25.43","97.278","36.418","0.001","25.015","23.16","23.44","None"
"2025-09-01","7:55:32.197 AM","25.43","97.277","36.418","0.001","24.995","23.08","23.44","None"
"2025-09-01","7:55:32.447 AM","25.43","97.277","36.418","0.001","24.995","23.08","23.45","None"
"2025-09-01","7:55:32.741 AM","25.43","97.277","36.418","0.001","24.995","23.08","23.45","None"
"2025-09-01","7:55:33.093 AM","25.44","97.276","36.424","0.001","25","23.21","23.47","None"
"2025-09-01","7:55:33.324 AM","25.44","97.276","36.424","0.001","25","23.21","23.47","None"
"2025-09-01","7:55:33.611 AM","25.44","97.281","36.43","0.001","25.065","23.21","23.47","None"
"2025-09-01","7:55:33.842 AM","25.44","97.281","36.43","0.001","25.065","23.20","23.49","None"
"2025-09-01","7:55:34.120 AM","25.44","97.281","36.43","0.001","25.065","23.20","23.49","None"
"2025-09-01","7:55:34.361 AM","25.44","97.281","36.419","0.001","25.035","23.18","23.49","None"
"2025-09-01","7:55:34.617 AM","25.44","97.281","36.419","0.001","25.035","23.18","23.47","None"
"2025-09-01","7:55:34.870 AM","25.44","97.281","36.419","0.001","24.965","23.18","23.47","None"
"2025-09-01","7:55:35.120 AM","25.44","97.281","36.419","0.001","24.965","23.16","23.47","None"
"2025-09-01","7:55:35.373 AM","25.44","97.281","36.419","0.001","24.965","23.16","23.50","None"
"2025-09-01","7:55:35.635 AM","25.44","97.279","36.413","0.001","25.095","23.16","23.50","None"
"2025-09-01","7:55:35.889 AM","25.44","97.279","36.413","0.001","25.095","23.10","23.50","None"
"2025-09-01","7:55:36.134 AM","25.44","97.279","36.413","0.001","25.095","23.10","23.45","None"
"2025-09-01","7:55:36.392 AM","25.44","97.278","36.413","0.001","25","23.10","23.45","None"
"2025-09-01","7:55:36.660 AM","25.44","97.278","36.413","0.001","25","23.18","23.36","None"
"2025-09-01","7:55:36.897 AM","25.44","97.278","36.413","0.001","25","23.18","23.36","None"
"2025-09-01","7:55:37.160 AM","25.44","97.281","36.413","0.001","25.07","23.18","23.36","None"
"2025-09-01","7:55:37.460 AM","25.44","97.281","36.413","0.001","25.07","23.16","23.44","None"
"2025-09-01","7:55:37.682 AM","25.44","97.281","36.413","0.001","25.07","23.16","23.44","None"
"2025-09-01","7:55:37.925 AM","25.44","97.282","36.402","0.001","24.99","23.18","23.44","None"
"2025-09-01","7:55:38.179 AM","25.44","97.282","36.402","0.001","24.99","23.18","23.37","None"
"2025-09-01","7:55:38.456 AM","25.44","97.282","36.402","0.001","24.99","23.18","23.37","None"
"2025-09-01","7:55:38.691 AM","25.44","97.284","36.39","0.001","25.02","23.14","23.37","None"
"2025-09-01","7:55:38.935 AM","25.44","97.284","36.39","0.001","25.02","23.14","23.44","None"
"2025-09-01","7:55:39.201 AM","25.45","97.281","36.414","0.001","25.04","23.14","23.44","None"
"2025-09-01","7:55:39.460 AM","25.45","97.281","36.414","0.001","25.04","23.20","23.44","None"
"2025-09-01","7:55:39.707 AM","25.45","97.281","36.414","0.001","25.04","23.20","23.45","None"
"2025-09-01","7:55:39.957 AM","25.45","97.287","36.408","0.001","25.02","23.20","23.45","None"
"2025-09-01","7:55:40.212 AM","25.45","97.287","36.408","0.001","25.02","23.18","23.45","None"
"2025-09-01","7:55:40.453 AM","25.45","97.287","36.408","0.001","25.02","23.18","23.48","None"
"2025-09-01","7:55:40.704 AM","25.45","97.285","36.408","0.001","24.985","23.18","23.48","None"
"2025-09-01","7:55:40.952 AM","25.45","97.285","36.408","0.001","24.985","23.18","23.45","None"
"2025-09-01","7:55:41.212 AM","25.45","97.285","36.408","0.001","24.985","23.18","23.45","None"
"2025-09-01","7:55:41.519 AM","25.45","97.288","36.408","0.001","25.02","23.18","23.45","None"
"2025-09-01","7:55:41.742 AM","25.45","97.288","36.408","0.001","25.02","23.21","23.48","None"
"2025-09-01","7:55:41.991 AM","25.45","97.288","36.408","0.001","25.02","23.21","23.48","None"
"2025-09-01","7:55:42.258 AM","25.45","97.288","36.396","0.001","25.06","23.08","23.48","None"
"2025-09-01","7:55:42.488 AM","25.45","97.288","36.396","0.001","25.06","23.08","23.49","None"
"2025-09-01","7:55:42.766 AM","25.45","97.288","36.396","0.001","25.06","23.08","23.49","None"
"2025-09-01","7:55:42.995 AM","25.44","97.282","36.407","0.001","24.995","23.14","23.49","None"
"2025-09-01","7:55:43.273 AM","25.44","97.282","36.407","0.001","24.995","23.14","23.54","None"
"2025-09-01","7:55:43.496 AM","25.44","97.279","36.39","0.001","25.03","23.14","23.54","None"
"2025-09-01","7:55:43.757 AM","25.44","97.279","36.39","0.001","25.03","23.20","23.54","None"
"2025-09-01","7:55:44.005 AM","25.44","97.279","36.39","0.001","25.03","23.20","23.48","None"
"2025-09-01","7:55:44.259 AM","25.44","97.281","36.402","0.001","24.985","23.20","23.48","None"
"2025-09-01","7:55:44.510 AM","25.44","97.281","36.402","0.001","24.985","23.05","23.48","None"
"2025-09-01","7:55:44.759 AM","25.44","97.281","36.402","0.001","24.985","23.05","23.41","None"
"2025-09-01","7:55:45.011 AM","25.44","97.28","36.402","0.001","24.97","23.05","23.41","None"
"2025-09-01","7:55:45.260 AM","25.44","97.28","36.402","0.001","24.97","23.12","23.41","None"
"2025-09-01","7:55:45.530 AM","25.44","97.28","36.402","0.001","24.97","23.12","23.45","None"
"2025-09-01","7:55:45.808 AM","25.44","97.279","36.407","0.001","25.035","23.12","23.45","None"
"2025-09-01","7:55:46.032 AM","25.44","97.279","36.407","0.001","25.035","23.19","23.54","None"
"2025-09-01","7:55:46.299 AM","25.44","97.279","36.407","0.001","25.035","23.19","23.54","None"
"2025-09-01","7:55:46.554 AM","25.44","97.285","36.39","0.001","25.035","23.13","23.54","None"
"2025-09-01","7:55:46.815 AM","25.44","97.285","36.39","0.001","25.035","23.13","23.50","None"
"2025-09-01","7:55:47.085 AM","25.44","97.285","36.39","0.001","25.035","23.13","23.50","None"
"2025-09-01","7:55:47.326 AM","25.45","97.286","36.385","0.001","25.03","23.21","23.50","None"
"2025-09-01","7:55:47.579 AM","25.45","97.286","36.385","0.001","25.03","23.21","23.48","None"
"2025-09-01","7:55:47.851 AM","25.45","97.282","36.379","0.001","24.98","23.21","23.48","None"
"2025-09-01","7:55:48.093 AM","25.45","97.282","36.379","0.001","24.98","23.14","23.48","None"
"2025-09-01","7:55:48.352 AM","25.45","97.282","36.379","0.001","24.98","23.14","23.47","None"
"2025-09-01","7:55:48.615 AM","25.45","97.277","36.385","0.001","25.045","23.14","23.47","None"
"2025-09-01","7:55:48.863 AM","25.45","97.277","36.385","0.001","25.045","23.23","23.50","None"
"2025-09-01","7:55:49.110 AM","25.45","97.277","36.385","0.001","25.045","23.23","23.50","None"
"2025-09-01","7:55:49.375 AM","25.45","97.274","36.397","0.001","24.97","23.23","23.50","None"
"2025-09-01","7:55:49.623 AM","25.45","97.274","36.397","0.001","24.97","23.14","23.39","None"
"2025-09-01","7:55:49.895 AM","25.45","97.274","36.397","0.001","24.97","23.14","23.39","None"
"2025-09-01","7:55:50.198 AM","25.45","97.274","36.391","0.001","25.035","23.14","23.39","None"
"2025-09-01","7:55:50.414 AM","25.45","97.274","36.391","0.001","25.035","23.14","23.49","None"
"2025-09-01","7:55:50.681 AM","25.45","97.274","36.391","0.001","25.035","23.14","23.49","None"
"2025-09-01","7:55:50.930 AM","25.45","97.274","36.385","0.001","25.005","23.18","23.49","None"
"2025-09-01","7:55:51.178 AM","25.45","97.274","36.385","0.001","25.005","23.18","23.45","None"
"2025-09-01","7:55:51.439 AM","25.45","97.272","36.368","0.001","25.045","23.18","23.45","None"
"2025-09-01","7:55:51.678 AM","25.45","97.272","36.368","0.001","25.045","23.13","23.45","None"
"2025-09-01","7:55:51.931 AM","25.45","97.272","36.368","0.001","25.045","23.13","23.45","None"
"2025-09-01","7:55:52.194 AM","25.45","97.274","36.368","0.001","24.995","23.13","23.45","None"
"2025-09-01","7:55:52.455 AM","25.45","97.274","36.368","0.001","24.995","23.10","23.45","None"
"2025-09-01","7:55:52.700 AM","25.45","97.274","36.368","0.001","24.995","23.10","23.49","None"
"2025-09-01","7:55:52.946 AM","25.45","97.274","36.368","0.001","25.025","23.10","23.49","None"
"2025-09-01","7:55:53.199 AM","25.45","97.274","36.368","0.001","25.025","23.16","23.44","None"
"2025-09-01","7:55:53.452 AM","25.45","97.274","36.368","0.001","25.025","23.16","23.44","None"
"2025-09-01","7:55:53.699 AM","25.45","97.272","36.362","0.001","25","23.16","23.44","None"
"2025-09-01","7:55:53.946 AM","25.45","97.272","36.362","0.001","25","23.18","23.49","None"
"2025-09-01","7:55:54.198 AM","25.45","97.272","36.362","0.001","25","23.18","23.49","None"
"2025-09-01","7:55:54.496 AM","25.45","97.276","36.373","0.001","25.05","23.09","23.49","None"
"2025-09-01","7:55:54.708 AM","25.45","97.276","36.373","0.001","25.05","23.09","23.43","None"
"2025-09-01","7:55:54.974 AM","25.45","97.276","36.373","0.001","25.05","23.09","23.43","None"
"2025-09-01","7:55:55.226 AM","25.45","97.272","36.385","0.001","25.035","23.13","23.43","None"
"2025-09-01","7:55:55.471 AM","25.45","97.272","36.385","0.001","25.035","23.13","23.44","None"
"2025-09-01","7:55:55.720 AM","25.45","97.274","36.385","0.001","25.04","23.13","23.44","None"
"2025-09-01","7:55:55.973 AM","25.45","97.274","36.385","0.001","25.04","23.12","23.44","None"
"2025-09-01","7:55:56.222 AM","25.45","97.274","36.385","0.001","25.04","23.12","23.44","None"
"2025-09-01","7:55:56.479 AM","25.45","97.275","36.368","0.001","25.04","23.12","23.44","None"
"2025-09-01","7:55:56.746 AM","25.45","97.275","36.368","0.001","25.04","23.12","23.44","None"
"2025-09-01","7:55:56.976 AM","25.45","97.275","36.368","0.001","25.04","23.12","23.45","None"
"2025-09-01","7:55:57.237 AM","25.45","97.277","36.385","0.001","25.01","23.12","23.45","None"
"2025-09-01","7:55:57.484 AM","25.45","97.277","36.385","0.001","25.01","23.23","23.45","None"
"2025-09-01","7:55:57.734 AM","25.45","97.277","36.385","0.001","25.01","23.23","23.45","None"
"2025-09-01","7:55:57.983 AM","25.45","97.277","36.362","0.001","25.095","23.23","23.45","None"
"2025-09-01","7:55:58.240 AM","25.45","97.277","36.362","0.001","25.095","23.16","23.45","None"
"2025-09-01","7:55:58.503 AM","25.45","97.277","36.362","0.001","25.095","23.16","23.45","None"
"2025-09-01","7:55:58.788 AM","25.45","97.275","36.391","0.001","25.05","23.16","23.45","None"
"2025-09-01","7:55:59.016 AM","25.45","97.275","36.391","0.001","25.05","23.18","23.50","None"
"2025-09-01","7:55:59.251 AM","25.45","97.275","36.391","0.001","25.05","23.18","23.50","None"
"2025-09-01","7:55:59.500 AM","25.45","97.274","36.379","0.001","24.985","23.08","23.50","None"
"2025-09-01","7:55:59.747 AM","25.45","97.274","36.379","0.001","24.985","23.08","23.33","None"
"2025-09-01","7:55:59.998 AM","25.45","97.274","36.379","0.001","24.985","23.08","23.33","None"
"2025-09-01","7:56:00.247 AM","25.45","97.276","36.373","0.001","25","23.18","23.33","None"
"2025-09-01","7:56:00.515 AM","25.45","97.276","36.373","0.001","25","23.18","23.48","None"
"2025-09-01","7:56:00.761 AM","25.45","97.275","36.368","0.001","25.055","23.18","23.48","None"
"2025-09-01","7:56:01.010 AM","25.45","97.275","36.368","0.001","25.055","23.14","23.48","None"
"2025-09-01","7:56:01.267 AM","25.45","97.275","36.368","0.001","25.055","23.14","23.48","None"
"2025-09-01","7:56:01.516 AM","25.45","97.274","36.374","0.001","25.025","23.14","23.48","None"
"2025-09-01","7:56:01.770 AM","25.45","97.274","36.374","0.001","25.025","23.21","23.48","None"
"2025-09-01","7:56:02.010 AM","25.45","97.274","36.374","0.001","25.025","23.21","23.54","None"
"2025-09-01","7:56:02.267 AM","25.45","97.274","36.368","0.001","25.02","23.21","23.54","None"
"2025-09-01","7:56:02.510 AM","25.45","97.274","36.368","0.001","25.02","23.12","23.44","None"
"2025-09-01","7:56:02.800 AM","25.45","97.274","36.368","0.001","25.02","23.12","23.44","None"
"2025-09-01","7:56:03.034 AM","25.45","97.277","36.362","0.001","24.995","23.12","23.44","None"
"2025-09-01","7:56:03.285 AM","25.45","97.277","36.362","0.001","24.995","23.13","23.54","None"
"2025-09-01","7:56:03.533 AM","25.45","97.277","36.362","0.001","24.995","23.13","23.54","None"
"2025-09-01","7:56:03.783 AM","25.44","97.275","36.361","0.001","25.065","23.13","23.54","None"
"2025-09-01","7:56:04.037 AM","25.44","97.275","36.361","0.001","25.065","23.14","23.45","None"
"2025-09-01","7:56:04.288 AM","25.44","97.275","36.361","0.001","25.065","23.14","23.45","None"
"2025-09-01","7:56:04.544 AM","25.44","97.281","36.379","0.001","24.985","23.16","23.45","None"
"2025-09-01","7:56:04.802 AM","25.44","97.281","36.379","0.001","24.985","23.16","23.41","None"
"2025-09-01","7:56:05.047 AM","25.44","97.281","36.379","0.001","24.985","23.16","23.41","None"
"2025-09-01","7:56:05.305 AM","25.44","97.28","36.361","0.001","25.02","23.18","23.41","None"
"2025-09-01","7:56:05.548 AM","25.44","97.28","36.361","0.001","25.02","23.18","23.45","None"
"2025-09-01","7:56:05.801 AM","25.44","97.277","36.361","0.001","24.975","23.18","23.45","None"
"2025-09-01","7:56:06.050 AM","25.44","97.277","36.361","0.001","24.975","23.09","23.45","None"
"2025-09-01","7:56:06.301 AM","25.44","97.277","36.361","0.001","24.975","23.09","23.30","None"
"2025-09-01","7:56:06.549 AM","25.44","97.274","36.361","0.001","25.065","23.09","23.30","None"
"2025-09-01","7:56:06.803 AM","25.44","97.274","36.361","0.001","25.065","23.09","23.30","None"
"2025-09-01","7:56:07.049 AM","25.44","97.274","36.361","0.001","25.065","23.09","23.45","None"
"2025-09-01","7:56:07.355 AM","25.44","97.274","36.367","0.001","25.01","23.09","23.45","None"
"2025-09-01","7:56:07.589 AM","25.44","97.274","36.367","0.001","25.01","23.16","23.44","None"
"2025-09-01","7:56:07.846 AM","25.44","97.274","36.367","0.001","25.01","23.16","23.44","None"
"2025-09-01","7:56:08.117 AM","25.44","97.272","36.367","0.001","25.07","23.07","23.44","None"
"2025-09-01","7:56:08.385 AM","25.44","97.272","36.367","0.001","25.07","23.07","23.54","None"
"2025-09-01","7:56:08.640 AM","25.44","97.272","36.367","0.001","25.07","23.07","23.54","None"
"2025-09-01","7:56:08.884 AM","25.44","97.274","36.361","0.001","25","23.13","23.54","None"
"2025-09-01","7:56:09.153 AM","25.44","97.274","36.361","0.001","25","23.13","23.48","None"
"2025-09-01","7:56:09.405 AM","25.44","97.275","36.367","0.001","25.065","23.13","23.48","None"
"2025-09-01","7:56:09.653 AM","25.44","97.275","36.367","0.001","25.065","23.16","23.48","None"
"2025-09-01","7:56:09.910 AM","25.44","97.275","36.367","0.001","25.065","23.16","23.36","None"
"2025-09-01","7:56:10.155 AM","25.44","97.279","36.379","0.001","25.075","23.16","23.36","None"
"2025-09-01","7:56:10.406 AM","25.44","97.279","36.379","0.001","25.075","23.09","23.36","None"
"2025-09-01","7:56:10.651 AM","25.44","97.279","36.379","0.001","25.075","23.09","23.52","None"
"2025-09-01","7:56:10.903 AM","25.45","97.275","36.367","0.001","25.035","23.09","23.52","None"
"2025-09-01","7:56:11.155 AM","25.45","97.275","36.367","0.001","25.035","23.20","23.49","None"
"2025-09-01","7:56:11.452 AM","25.45","97.275","36.367","0.001","25.035","23.20","23.49","None"
"2025-09-01","7:56:11.680 AM","25.45","97.278","36.367","0.001","24.96","23.20","23.49","None"
"2025-09-01","7:56:11.939 AM","25.45","97.278","36.367","0.001","24.96","23.18","23.45","None"
"2025-09-01","7:56:12.186 AM","25.45","97.278","36.367","0.001","24.96","23.18","23.45","None"
"2025-09-01","7:56:12.441 AM","25.45","97.284","36.385","0.001","25","23.21","23.45","None"
"2025-09-01","7:56:12.694 AM","25.45","97.284","36.385","0.001","25","23.21","23.41","None"
"2025-09-01","7:56:12.938 AM","25.45","97.284","36.385","0.001","25","23.21","23.41","None"
"2025-09-01","7:56:13.189 AM","25.45","97.282","36.368","0.001","25.04","23.20","23.41","None"
"2025-09-01","7:56:13.452 AM","25.45","97.282","36.368","0.001","25.04","23.20","23.45","None"
"2025-09-01","7:56:13.694 AM","25.45","97.283","36.362","0.001","25.04","23.20","23.45","None"
"2025-09-01","7:56:13.952 AM","25.45","97.283","36.362","0.001","25.04","23.21","23.45","None"
"2025-09-01","7:56:14.205 AM","25.45","97.283","36.362","0.001","25.04","23.21","23.41","None"
"2025-09-01","7:56:14.457 AM","25.45","97.278","36.367","0.001","25.025","23.21","23.41","None"
"2025-09-01","7:56:14.710 AM","25.45","97.278","36.367","0.001","25.025","23.12","23.41","None"
"2025-09-01","7:56:14.965 AM","25.45","97.278","36.367","0.001","25.025","23.12","23.44","None"
"2025-09-01","7:56:15.207 AM","25.45","97.279","36.379","0.001","25.06","23.12","23.44","None"
"2025-09-01","7:56:15.513 AM","25.45","97.279","36.379","0.001","25.06","23.18","23.44","None"
"2025-09-01","7:56:15.718 AM","25.45","97.279","36.379","0.001","25.06","23.18","23.44","None"
"2025-09-01","7:56:15.986 AM","25.45","97.278","36.367","0.001","25.065","23.18","23.44","None"
"2025-09-01","7:56:16.247 AM","25.45","97.278","36.367","0.001","25.065","23.18","23.43","None"
"2025-09-01","7:56:16.492 AM","25.45","97.278","36.367","0.001","25.065","23.18","23.43","None"
"2025-09-01","7:56:16.747 AM","25.44","97.272","36.373","0.001","25.025","23.05","23.43","None"
"2025-09-01","7:56:16.998 AM","25.44","97.272","36.373","0.001","25.025","23.05","23.48","None"
"2025-09-01","7:56:17.245 AM","25.44","97.272","36.373","0.001","25.025","23.05","23.48","None"
"2025-09-01","7:56:17.493 AM","25.44","97.277","36.373","0.001","25.02","23.18","23.48","None"
"2025-09-01","7:56:17.745 AM","25.44","97.277","36.373","0.001","25.02","23.18","23.45","None"
"2025-09-01","7:56:17.998 AM","25.44","97.277","36.373","0.001","25.02","23.18","23.45","None"
"2025-09-01","7:56:18.263 AM","25.44","97.28","36.367","0.001","25.025","23.19","23.45","None"
"2025-09-01","7:56:18.513 AM","25.44","97.28","36.367","0.001","25.025","23.19","23.50","None"
"2025-09-01","7:56:18.761 AM","25.44","97.279","36.367","0.001","25.065","23.19","23.50","None"
"2025-09-01","7:56:19.006 AM","25.44","97.279","36.367","0.001","25.065","23.09","23.50","None"
"2025-09-01","7:56:19.259 AM","25.44","97.279","36.367","0.001","25.065","23.09","23.38","None"
"2025-09-01","7:56:19.546 AM","25.45","97.276","36.367","0.001","25.04","23.09","23.38","None"
"2025-09-01","7:56:19.831 AM","25.45","97.276","36.367","0.001","25.04","23.23","23.38","None"
"2025-09-01","7:56:20.025 AM","25.45","97.276","36.367","0.001","25.04","23.23","23.49","None"
"2025-09-01","7:56:20.289 AM","25.45","97.275","36.356","0.001","25.03","23.23","23.49","None"
"2025-09-01","7:56:20.549 AM","25.45","97.275","36.356","0.001","25.03","23.13","23.48","None"
"2025-09-01","7:56:20.793 AM","25.45","97.275","36.356","0.001","25.03","23.13","23.48","None"
"2025-09-01","7:56:21.046 AM","25.45","97.279","36.367","0.001","25.05","23.21","23.48","None"
"2025-09-01","7:56:21.299 AM","25.45","97.279","36.367","0.001","25.05","23.21","23.43","None"
"2025-09-01","7:56:21.545 AM","25.45","97.279","36.367","0.001","25.05","23.21","23.43","None"
"2025-09-01","7:56:21.793 AM","25.45","97.279","36.356","0.001","25","23.19","23.43","None"
"2025-09-01","7:56:22.050 AM","25.45","97.279","36.356","0.001","25","23.19","23.49","None"
"2025-09-01","7:56:22.306 AM","25.45","97.279","36.356","0.001","25","23.19","23.49","None"
"2025-09-01","7:56:22.554 AM","25.45","97.281","36.362","0.001","25.025","23.14","23.49","None"
"2025-09-01","7:56:22.803 AM","25.45","97.281","36.362","0.001","25.025","23.14","23.50","None"
"2025-09-01","7:56:23.048 AM","25.45","97.276","36.362","0.001","25.035","23.14","23.50","None"
"2025-09-01","7:56:23.298 AM","25.45","97.276","36.362","0.001","25.035","23.18","23.50","None"
"2025-09-01","7:56:23.550 AM","25.45","97.276","36.362","0.001","25.035","23.18","23.41","None"
"2025-09-01","7:56:23.803 AM","25.45","97.274","36.35","0.001","24.955","23.18","23.41","None"
"2025-09-01","7:56:24.094 AM","25.45","97.274","36.35","0.001","24.955","23.16","23.41","Natural Gas"
"2025-09-01","7:56:24.334 AM","25.45","97.274","36.35","0.001","24.955","23.16","23.47","Natural Gas"
"2025-09-01","7:56:24.587 AM","25.45","97.273","36.361","0.678","25.065","23.16","23.47","Natural Gas"
"2025-09-01","7:56:24.833 AM","25.45","97.273","36.361","0.678","25.065","23.21","23.49","Natural Gas"
"2025-09-01","7:56:25.086 AM","25.45","97.273","36.361","0.678","25.065","23.21","23.49","Natural Gas"
"2025-09-01","7:56:25.336 AM","25.45","97.273","36.373","0.764","24.98","23.21","23.49","Natural Gas"
"2025-09-01","7:56:25.582 AM","25.45","97.273","36.373","0.764","24.98","23.16","23.43","Natural Gas"
"2025-09-01","7:56:25.835 AM","25.45","97.273","36.373","0.764","24.98","23.16","23.43","Natural Gas"
"2025-09-01","7:56:26.086 AM","25.45","97.274","36.373","0.778","25.05","23.08","23.43","Natural Gas"
"2025-09-01","7:56:26.335 AM","25.45","97.274","36.373","0.778","25.05","23.08","23.43","Natural Gas"
"2025-09-01","7:56:26.587 AM","25.45","97.274","36.373","0.778","25.05","23.08","23.43","Natural Gas"
"2025-09-01","7:56:26.833 AM","25.45","97.274","36.362","0.784","25.05","23.08","23.43","Natural Gas"
"2025-09-01","7:56:27.084 AM","25.45","97.274","36.362","0.784","25.05","23.08","23.43","Natural Gas"
"2025-09-01","7:56:27.334 AM","25.45","97.274","36.362","0.784","25.05","23.08","23.43","Natural Gas"
"2025-09-01","7:56:27.585 AM","25.45","97.275","36.356","0.785","25.04","23.20","23.43","Natural Gas"
"2025-09-01","7:56:27.836 AM","25.45","97.275","36.356","0.785","25.04","23.20","23.45","Natural Gas"
"2025-09-01","7:56:28.127 AM","25.45","97.278","36.367","0.787","24.98","23.20","23.45","Natural Gas"
"2025-09-01","7:56:28.369 AM","25.45","97.278","36.367","0.787","24.98","23.16","23.45","Natural Gas"
"2025-09-01","7:56:28.623 AM","25.45","97.278","36.367","0.787","24.98","23.16","23.41","Natural Gas"
"2025-09-01","7:56:28.868 AM","25.45","97.278","36.356","0.788","24.985","23.16","23.41","Natural Gas"
"2025-09-01","7:56:29.117 AM","25.45","97.278","36.356","0.788","24.985","23.13","23.41","Natural Gas"
"2025-09-01","7:56:29.368 AM","25.45","97.278","36.356","0.788","24.985","23.13","23.44","Natural Gas"
"2025-09-01","7:56:29.618 AM","25.44","97.276","36.367","0.792","24.96","23.13","23.44","Natural Gas"
"2025-09-01","7:56:29.871 AM","25.44","97.276","36.367","0.792","24.96","23.13","23.47","Natural Gas"
"2025-09-01","7:56:30.119 AM","25.44","97.276","36.367","0.792","24.96","23.13","23.47","Natural Gas"
"2025-09-01","7:56:30.373 AM","25.44","97.276","36.361","0.795","25.03","23.13","23.47","Natural Gas"
"2025-09-01","7:56:30.634 AM","25.44","97.276","36.361","0.795","25.03","23.09","23.58","Natural Gas"
"2025-09-01","7:56:30.888 AM","25.44","97.276","36.361","0.795","25.03","23.09","23.58","Natural Gas"
"2025-09-01","7:56:31.139 AM","25.44","97.274","36.356","0.799","24.97","23.10","23.58","Natural Gas"
"2025-09-01","7:56:31.385 AM","25.44","97.274","36.356","0.799","24.97","23.10","23.41","Natural Gas"
"2025-09-01","7:56:31.632 AM","25.44","97.274","36.356","0.799","24.97","23.10","23.41","Natural Gas"
"2025-09-01","7:56:31.888 AM","25.44","97.272","36.344","0.802","24.985","23.13","23.41","Natural Gas"
"2025-09-01","7:56:32.140 AM","25.44","97.272","36.344","0.802","24.985","23.13","23.44","Natural Gas"
"2025-09-01","7:56:32.420 AM","25.45","97.273","36.344","0.805","24.945","23.13","23.44","Natural Gas"
"2025-09-01","7:56:32.642 AM","25.45","97.273","36.344","0.805","24.945","23.21","23.44","Natural Gas"
"2025-09-01","7:56:32.900 AM","25.45","97.273","36.344","0.805","24.945","23.21","23.52","Natural Gas"
"2025-09-01","7:56:33.157 AM","25.44","97.273","36.356","0.808","24.96","23.21","23.52","Natural Gas"
"2025-09-01","7:56:33.410 AM","25.44","97.273","36.356","0.808","24.96","23.14","23.52","Natural Gas"
"2025-09-01","7:56:33.665 AM","25.44","97.273","36.356","0.808","24.96","23.14","23.49","Natural Gas"
"2025-09-01","7:56:33.902 AM","25.44","97.274","36.361","0.81","24.91","23.14","23.49","Natural Gas"
"2025-09-01","7:56:34.160 AM","25.44","97.274","36.361","0.81","24.91","23.16","23.45","Natural Gas"
"2025-09-01","7:56:34.427 AM","25.44","97.274","36.361","0.81","24.91","23.16","23.45","Natural Gas"
"2025-09-01","7:56:34.668 AM","25.45","97.274","36.35","0.812","24.915","23.16","23.45","Natural Gas"
"2025-09-01","7:56:34.932 AM","25.45","97.274","36.35","0.812","24.915","23.13","23.49","Natural Gas"
"2025-09-01","7:56:35.190 AM","25.45","97.274","36.35","0.812","24.915","23.13","23.49","Natural Gas"
"2025-09-01","7:56:35.443 AM","25.45","97.277","36.344","0.814","24.96","23.23","23.49","Natural Gas"
"2025-09-01","7:56:35.685 AM","25.45","97.277","36.344","0.814","24.96","23.23","23.50","Natural Gas"
"2025-09-01","7:56:35.938 AM","25.45","97.277","36.344","0.814","24.96","23.23","23.50","Natural Gas"
"2025-09-01","7:56:36.184 AM","25.45","97.277","36.356","0.818","24.97","23.12","23.50","Natural Gas"
"2025-09-01","7:56:36.440 AM","25.45","97.277","36.356","0.818","24.97","23.12","23.44","Natural Gas"
"2025-09-01","7:56:36.726 AM","25.45","97.277","36.356","0.818","24.97","23.12","23.44","Natural Gas"
"2025-09-01","7:56:36.965 AM","25.45","97.276","36.333","0.819","25.005","23.18","23.44","Natural Gas"
"2025-09-01","7:56:37.205 AM","25.45","97.276","36.333","0.819","25.005","23.18","23.52","Natural Gas"
"2025-09-01","7:56:37.459 AM","25.45","97.276","36.339","0.82","24.92","23.18","23.52","Natural Gas"
"2025-09-01","7:56:37.704 AM","25.45","97.276","36.339","0.82","24.92","23.14","23.52","Natural Gas"
"2025-09-01","7:56:37.962 AM","25.45","97.276","36.339","0.82","24.92","23.14","23.41","Natural Gas"
"2025-09-01","7:56:38.205 AM","25.45","97.274","36.344","0.822","24.925","23.14","23.41","Natural Gas"
"2025-09-01","7:56:38.457 AM","25.45","97.274","36.344","0.822","24.925","23.09","23.41","Natural Gas"
"2025-09-01","7:56:38.703 AM","25.45","97.274","36.344","0.822","24.925","23.09","23.49","Natural Gas"
"2025-09-01","7:56:38.959 AM","25.45","97.275","36.339","0.824","24.91","23.09","23.49","Natural Gas"
"2025-09-01","7:56:39.212 AM","25.45","97.275","36.339","0.824","24.91","23.16","23.47","Natural Gas"
"2025-09-01","7:56:39.471 AM","25.45","97.275","36.339","0.824","24.91","23.16","23.47","Natural Gas"
"2025-09-01","7:56:39.725 AM","25.45","97.276","36.339","0.825","24.92","23.16","23.47","Natural Gas"
"2025-09-01","7:56:39.971 AM","25.45","97.276","36.339","0.825","24.92","23.09","23.49","Natural Gas"
"2025-09-01","7:56:40.229 AM","25.45","97.276","36.339","0.825","24.92","23.09","23.49","Natural Gas"
"2025-09-01","7:56:40.481 AM","25.45","97.277","36.339","0.826","24.975","23.21","23.49","Natural Gas"
"2025-09-01","7:56:40.727 AM","25.45","97.277","36.339","0.826","24.975","23.21","23.44","Natural Gas"
"2025-09-01","7:56:41.023 AM","25.45","97.277","36.339","0.826","24.975","23.21","23.44","Natural Gas"
"2025-09-01","7:56:41.257 AM","25.45","97.276","36.333","0.828","24.94","23.18","23.44","Natural Gas"
"2025-09-01","7:56:41.514 AM","25.45","97.276","36.333","0.828","24.94","23.18","23.44","Natural Gas"
"2025-09-01","7:56:41.765 AM","25.45","97.275","36.333","0.829","24.88","23.18","23.44","Natural Gas"
"2025-09-01","7:56:42.017 AM","25.45","97.275","36.333","0.829","24.88","23.16","23.44","Natural Gas"
"2025-09-01","7:56:42.279 AM","25.45","97.275","36.333","0.829","24.88","23.16","23.45","Natural Gas"
"2025-09-01","7:56:42.529 AM","25.45","97.274","36.333","0.83","24.94","23.16","23.45","Natural Gas"
"2025-09-01","7:56:42.777 AM","25.45","97.274","36.333","0.83","24.94","23.13","23.45","Natural Gas"
"2025-09-01","7:56:43.028 AM","25.45","97.274","36.333","0.83","24.94","23.13","23.54","Natural Gas"
"2025-09-01","7:56:43.279 AM","25.45","97.275","36.322","0.83","24.985","23.13","23.54","Natural Gas"
"2025-09-01","7:56:43.532 AM","25.45","97.275","36.322","0.83","24.985","23.20","23.43","Natural Gas"
"2025-09-01","7:56:43.779 AM","25.45","97.275","36.322","0.83","24.985","23.20","23.43","Natural Gas"
"2025-09-01","7:56:44.032 AM","25.45","97.276","36.322","0.831","24.88","23.20","23.43","Natural Gas"
"2025-09-01","7:56:44.281 AM","25.45","97.276","36.322","0.831","24.88","23.23","23.49","Natural Gas"
"2025-09-01","7:56:44.539 AM","25.45","97.276","36.322","0.831","24.88","23.23","23.49","Natural Gas"
"2025-09-01","7:56:44.799 AM","25.45","97.276","36.316","0.832","24.89","23.16","23.49","Natural Gas"
"2025-09-01","7:56:45.079 AM","25.45","97.276","36.316","0.832","24.89","23.16","23.55","Natural Gas"
"2025-09-01","7:56:45.304 AM","25.45","97.276","36.316","0.832","24.89","23.16","23.55","Natural Gas"
"2025-09-01","7:56:45.558 AM","25.45","97.278","36.305","0.832","24.94","23.16","23.55","Natural Gas"
"2025-09-01","7:56:45.804 AM","25.45","97.278","36.305","0.832","24.94","23.16","23.59","Natural Gas"
"2025-09-01","7:56:46.072 AM","25.45","97.278","36.316","0.832","24.92","23.16","23.59","Natural Gas"
"2025-09-01","7:56:46.320 AM","25.45","97.278","36.316","0.832","24.92","23.10","23.59","Natural Gas"
"2025-09-01","7:56:46.564 AM","25.45","97.278","36.316","0.832","24.92","23.10","23.49","Natural Gas"
"2025-09-01","7:56:46.815 AM","25.45","97.277","36.316","0.832","24.93","23.10","23.49","Natural Gas"
"2025-09-01","7:56:47.067 AM","25.45","97.277","36.316","0.832","24.93","23.09","23.49","Natural Gas"
"2025-09-01","7:56:47.317 AM","25.45","97.277","36.316","0.832","24.93","23.09","23.41","Natural Gas"
"2025-09-01","7:56:47.567 AM","25.45","97.278","36.316","0.831","24.9","23.09","23.41","Natural Gas"
"2025-09-01","7:56:47.816 AM","25.45","97.278","36.316","0.831","24.9","23.21","23.43","Natural Gas"
"2025-09-01","7:56:48.077 AM","25.45","97.278","36.316","0.831","24.9","23.21","23.43","Natural Gas"
"2025-09-01","7:56:48.329 AM","25.45","97.279","36.299","0.832","24.915","23.21","23.43","Natural Gas"
"2025-09-01","7:56:48.580 AM","25.45","97.279","36.299","0.832","24.915","23.12","23.41","Natural Gas"
"2025-09-01","7:56:48.834 AM","25.45","97.279","36.299","0.832","24.915","23.12","23.41","Natural Gas"
"2025-09-01","7:56:49.083 AM","25.45","97.276","36.305","0.832","24.94","23.12","23.41","Natural Gas"
"2025-09-01","7:56:49.373 AM","25.45","97.276","36.305","0.832","24.94","23.16","23.44","Natural Gas"
"2025-09-01","7:56:49.608 AM","25.45","97.276","36.305","0.832","24.94","23.16","23.44","Natural Gas"
"2025-09-01","7:56:49.850 AM","25.45","97.276","36.31","0.832","24.885","23.20","23.44","Natural Gas"
"2025-09-01","7:56:50.101 AM","25.45","97.276","36.31","0.832","24.885","23.20","23.48","Natural Gas"
"2025-09-01","7:56:50.351 AM","25.45","97.276","36.31","0.832","24.885","23.20","23.48","Natural Gas"
"2025-09-01","7:56:50.607 AM","25.45","97.276","36.31","0.831","24.86","23.16","23.48","Natural Gas"
"2025-09-01","7:56:50.847 AM","25.45","97.276","36.31","0.831","24.86","23.16","23.44","Natural Gas"
"2025-09-01","7:56:51.101 AM","25.45","97.276","36.31","0.831","24.905","23.16","23.44","Natural Gas"
"2025-09-01","7:56:51.352 AM","25.45","97.276","36.31","0.831","24.905","23.18","23.44","Natural Gas"
"2025-09-01","7:56:51.602 AM","25.45","97.276","36.31","0.831","24.905","23.18","23.48","Natural Gas"
"2025-09-01","7:56:51.854 AM","25.45","97.275","36.327","0.831","24.91","23.18","23.48","Natural Gas"
"2025-09-01","7:56:52.112 AM","25.45","97.275","36.327","0.831","24.91","23.19","23.48","Natural Gas"
"2025-09-01","7:56:52.369 AM","25.45","97.275","36.327","0.831","24.91","23.19","23.52","Natural Gas"
"2025-09-01","7:56:52.614 AM","25.45","97.277","36.321","0.831","24.855","23.19","23.52","Natural Gas"
"2025-09-01","7:56:52.864 AM","25.45","97.277","36.321","0.831","24.855","23.18","23.41","Natural Gas"
"2025-09-01","7:56:53.119 AM","25.45","97.277","36.321","0.831","24.855","23.18","23.41","Natural Gas"
"2025-09-01","7:56:53.403 AM","25.45","97.278","36.321","0.83","24.92","23.18","23.41","Natural Gas"
"2025-09-01","7:56:53.622 AM","25.45","97.278","36.321","0.83","24.92","23.14","23.47","Natural Gas"
"2025-09-01","7:56:53.872 AM","25.45","97.278","36.321","0.83","24.92","23.14","23.47","Natural Gas"
"2025-09-01","7:56:54.119 AM","25.45","97.278","36.315","0.031","24.99","23.16","23.47","Natural Gas"
"2025-09-01","7:56:54.380 AM","25.45","97.278","36.315","0.031","24.99","23.16","23.47","Natural Gas"
"2025-09-01","7:56:54.639 AM","25.45","97.278","36.315","0.031","24.99","23.16","23.47","Natural Gas"
"2025-09-01","7:56:54.883 AM","25.45","97.276","36.315","0","24.86","23.14","23.47","Natural Gas"
"2025-09-01","7:56:55.137 AM","25.45","97.276","36.315","0","24.86","23.14","23.39","Natural Gas"
"2025-09-01","7:56:55.385 AM","25.45","97.278","36.327","0","24.96","23.14","23.39","Natural Gas"
"2025-09-01","7:56:55.637 AM","25.45","97.278","36.327","0","24.96","23.09","23.39","Natural Gas"
"2025-09-01","7:56:55.887 AM","25.45","97.278","36.327","0","24.96","23.09","23.45","Natural Gas"
"2025-09-01","7:56:56.139 AM","25.45","97.276","36.327","0","24.905","23.09","23.45","None"
"2025-09-01","7:56:56.393 AM","25.45","97.276","36.327","0","24.905","23.14","23.45","None"
"2025-09-01","7:56:56.637 AM","25.45","97.276","36.327","0","24.905","23.14","23.55","None"
"2025-09-01","7:56:56.884 AM","25.45","97.277","36.321","0","24.905","23.14","23.55","None"
"2025-09-01","7:56:57.135 AM","25.45","97.277","36.321","0","24.905","23.16","23.55","None"
"2025-09-01","7:56:57.388 AM","25.45","97.277","36.321","0","24.905","23.16","23.41","None"
"2025-09-01","7:56:57.688 AM","25.45","97.278","36.321","0","24.98","23.16","23.41","None"
"2025-09-01","7:56:57.900 AM","25.45","97.278","36.321","0","24.98","23.10","23.63","None"
"2025-09-01","7:56:58.146 AM","25.45","97.278","36.321","0","24.98","23.10","23.63","None"
"2025-09-01","7:56:58.393 AM","25.45","97.276","36.316","0","25.01","23.10","23.63","None"
"2025-09-01","7:56:58.645 AM","25.45","97.276","36.316","0","25.01","23.13","23.52","None"
"2025-09-01","7:56:58.908 AM","25.45","97.276","36.316","0","25.01","23.13","23.52","None"
"2025-09-01","7:56:59.150 AM","25.45","97.279","36.31","0","24.91","23.21","23.52","None"
"2025-09-01","7:56:59.406 AM","25.45","97.279","36.31","0","24.91","23.21","23.41","None"
"2025-09-01","7:56:59.654 AM","25.45","97.279","36.31","0","24.91","23.21","23.41","None"
"2025-09-01","7:56:59.902 AM","25.45","97.277","36.322","0","25.005","23.13","23.41","None"
"2025-09-01","7:57:00.154 AM","25.45","97.277","36.322","0","25.005","23.13","23.45","None"
"2025-09-01","7:57:00.410 AM","25.45","97.277","36.322","0","25.005","23.13","23.45","None"
"2025-09-01","7:57:00.659 AM","25.45","97.277","36.328","0","24.865","23.16","23.45","None"
"2025-09-01","7:57:00.908 AM","25.45","97.277","36.328","0","24.865","23.16","23.37","None"
"2025-09-01","7:57:01.170 AM","25.45","97.277","36.328","0","24.94","23.16","23.37","None"
"2025-09-01","7:57:01.424 AM","25.45","97.277","36.328","0","24.94","23.14","23.37","None"
"2025-09-01","7:57:01.689 AM","25.45","97.277","36.328","0","24.94","23.14","23.47","None"
"2025-09-01","7:57:01.981 AM","25.45","97.274","36.322","0","24.965","23.14","23.47","None"
"2025-09-01","7:57:02.200 AM","25.45","97.274","36.322","0","24.965","23.09","23.56","None"
"2025-09-01","7:57:02.464 AM","25.45","97.274","36.322","0","24.965","23.09","23.56","None"
"2025-09-01","7:57:02.712 AM","25.46","97.275","36.322","0","24.96","23.09","23.56","None"
"2025-09-01","7:57:02.958 AM","25.46","97.275","36.322","0","24.96","23.23","23.48","None"
"2025-09-01","7:57:03.224 AM","25.46","97.275","36.322","0","24.96","23.23","23.48","None"
"2025-09-01","7:57:03.483 AM","25.46","97.276","36.311","0","24.94","23.16","23.48","None"
"2025-09-01","7:57:03.727 AM","25.46","97.276","36.311","0","24.94","23.16","23.41","None"
"2025-09-01","7:57:03.974 AM","25.46","97.276","36.311","0","24.94","23.16","23.41","None"
"2025-09-01","7:57:04.222 AM","25.46","97.273","36.322","0","24.94","23.23","23.41","None"
"2025-09-01","7:57:04.482 AM","25.46","97.273","36.322","0","24.94","23.23","23.50","None"
"2025-09-01","7:57:04.730 AM","25.46","97.273","36.322","0","24.94","23.23","23.50","None"
"2025-09-01","7:57:04.981 AM","25.46","97.272","36.328","0","25","23.16","23.50","None"
"2025-09-01","7:57:05.246 AM","25.46","97.272","36.328","0","25","23.16","23.47","None"
"2025-09-01","7:57:05.488 AM","25.46","97.273","36.322","-0.001","24.94","23.16","23.47","None"
"2025-09-01","7:57:05.761 AM","25.46","97.273","36.322","-0.001","24.94","23.20","23.47","None"
"2025-09-01","7:57:06.024 AM","25.46","97.273","36.322","-0.001","24.94","23.20","23.49","None"
"2025-09-01","7:57:06.312 AM","25.46","97.27","36.334","-0.001","24.925","23.20","23.49","None"
"2025-09-01","7:57:06.531 AM","25.46","97.27","36.334","-0.001","24.925","23.12","23.45","None"
"2025-09-01","7:57:06.779 AM","25.46","97.27","36.334","-0.001","24.925","23.12","23.45","None"
"2025-09-01","7:57:07.031 AM","25.46","97.27","36.328","-0.001","24.935","23.12","23.45","None"
"2025-09-01","7:57:07.279 AM","25.46","97.27","36.328","-0.001","24.935","23.09","23.52","None"
"2025-09-01","7:57:07.527 AM","25.46","97.27","36.328","-0.001","24.935","23.09","23.52","None"
"2025-09-01","7:57:07.779 AM","25.45","97.27","36.305","-0.001","24.98","23.14","23.52","None"
"2025-09-01","7:57:08.026 AM","25.45","97.27","36.305","-0.001","24.98","23.14","23.39","None"
"2025-09-01","7:57:08.281 AM","25.45","97.27","36.305","-0.001","24.98","23.14","23.39","None"
"2025-09-01","7:57:08.527 AM","25.45","97.27","36.327","-0.001","24.92","23.21","23.39","None"
"2025-09-01","7:57:08.780 AM","25.45","97.27","36.327","-0.001","24.92","23.21","23.48","None"
"2025-09-01","7:57:09.028 AM","25.45","97.27","36.327","-0.001","24.92","23.21","23.48","None"
"2025-09-01","7:57:09.286 AM","25.45","97.271","36.316","-0.001","25.02","23.14","23.48","None"
"2025-09-01","7:57:09.535 AM","25.45","97.271","36.316","-0.001","25.02","23.14","23.45","None"
"2025-09-01","7:57:09.790 AM","25.45","97.266","36.327","-0.001","25","23.14","23.45","None"
"2025-09-01","7:57:10.045 AM","25.45","97.266","36.327","-0.001","25","23.08","23.45","None"
"2025-09-01","7:57:10.295 AM","25.45","97.266","36.327","-0.001","25","23.08","23.41","None"
"2025-09-01","7:57:10.593 AM","25.45","97.266","36.321","-0.001","24.975","23.08","23.41","None"
"2025-09-01","7:57:10.816 AM","25.45","97.266","36.321","-0.001","24.975","23.16","23.41","None"
"2025-09-01","7:57:11.063 AM","25.45","97.266","36.321","-0.001","24.975","23.16","23.45","None"
"2025-09-01","7:57:11.314 AM","25.44","97.267","36.315","-0.001","24.965","23.16","23.45","None"
"2025-09-01","7:57:11.565 AM","25.44","97.267","36.315","-0.001","24.965","23.14","23.44","None"
"2025-09-01","7:57:11.822 AM","25.44","97.267","36.315","-0.001","24.965","23.14","23.44","None"
"2025-09-01","7:57:12.064 AM","25.44","97.272","36.333","-0.001","24.98","23.14","23.44","None"
"2025-09-01","7:57:12.326 AM","25.44","97.272","36.333","-0.001","24.98","23.25","23.54","None"
"2025-09-01","7:57:12.580 AM","25.44","97.272","36.333","-0.001","24.98","23.25","23.54","None"
"2025-09-01","7:57:12.826 AM","25.45","97.269","36.338","-0.001","24.955","23.16","23.54","None"
"2025-09-01","7:57:13.077 AM","25.45","97.269","36.338","-0.001","24.955","23.16","23.47","None"
"2025-09-01","7:57:13.331 AM","25.45","97.269","36.338","-0.001","24.955","23.16","23.47","None"
"2025-09-01","7:57:13.594 AM","25.45","97.271","36.333","-0.001","24.965","23.13","23.47","None"
"2025-09-01","7:57:13.833 AM","25.45","97.271","36.333","-0.001","24.965","23.13","23.41","None"
"2025-09-01","7:57:14.087 AM","25.45","97.272","36.327","-0.001","24.92","23.13","23.41","None"
"2025-09-01","7:57:14.365 AM","25.45","97.272","36.327","-0.001","24.92","23.16","23.41","None"
"2025-09-01","7:57:14.624 AM","25.45","97.272","36.327","-0.001","24.92","23.16","23.44","None"
"2025-09-01","7:57:14.927 AM","25.45","97.273","36.333","-0.001","24.995","23.16","23.44","None"
"2025-09-01","7:57:15.156 AM","25.45","97.273","36.333","-0.001","24.995","23.16","23.44","None"
"2025-09-01","7:57:15.419 AM","25.45","97.273","36.333","-0.001","24.995","23.16","23.44","None"
"2025-09-01","7:57:15.677 AM","25.45","97.273","36.321","-0.001","24.955","23.16","23.44","None"
"2025-09-01","7:57:15.927 AM","25.45","97.273","36.321","-0.001","24.955","23.12","23.47","None"
"2025-09-01","7:57:16.192 AM","25.45","97.273","36.321","-0.001","24.955","23.12","23.47","None"
"2025-09-01","7:57:16.464 AM","25.45","97.274","36.327","-0.001","25.005","23.16","23.47","None"
"2025-09-01","7:57:16.696 AM","25.45","97.274","36.327","-0.001","25.005","23.16","23.50","None"
"2025-09-01","7:57:16.961 AM","25.45","97.274","36.327","-0.001","25.005","23.16","23.50","None"
"2025-09-01","7:57:17.208 AM","25.45","97.275","36.333","-0.001","25.025","23.14","23.50","None"
"2025-09-01","7:57:17.458 AM","25.45","97.275","36.333","-0.001","25.025","23.14","23.48","None"
"2025-09-01","7:57:17.707 AM","25.45","97.275","36.345","-0.001","24.905","23.14","23.48","None"
"2025-09-01","7:57:17.973 AM","25.45","97.275","36.345","-0.001","24.905","23.16","23.48","None"
"2025-09-01","7:57:18.224 AM","25.45","97.275","36.345","-0.001","24.905","23.16","23.48","None"
"2025-09-01","7:57:18.478 AM","25.45","97.275","36.333","-0.001","24.945","23.16","23.48","None"
"2025-09-01","7:57:18.723 AM","25.45","97.275","36.333","-0.001","24.945","23.18","23.48","None"
"2025-09-01","7:57:18.995 AM","25.45","97.275","36.333","-0.001","24.945","23.18","23.47","None"
"2025-09-01","7:57:19.284 AM","25.45","97.272","36.328","-0.001","24.96","23.18","23.47","None"
"2025-09-01","7:57:19.505 AM","25.45","97.272","36.328","-0.001","24.96","23.12","23.49","None"
"2025-09-01","7:57:19.749 AM","25.45","97.272","36.328","-0.001","24.96","23.12","23.49","None"
"2025-09-01","7:57:20.050 AM","25.45","97.271","36.328","-0.001","24.945","23.20","23.49","None"
"2025-09-01","7:57:20.274 AM","25.45","97.271","36.328","-0.001","24.945","23.20","23.52","None"
"2025-09-01","7:57:20.512 AM","25.45","97.271","36.328","-0.001","24.945","23.20","23.52","None"
"2025-09-01","7:57:20.771 AM","25.45","97.273","36.333","-0.001","24.9","23.16","23.52","None"
"2025-09-01","7:57:21.025 AM","25.45","97.273","36.333","-0.001","24.9","23.16","23.49","None"
"2025-09-01","7:57:21.277 AM","25.45","97.273","36.333","-0.001","24.9","23.16","23.49","None"
"2025-09-01","7:57:21.528 AM","25.45","97.275","36.339","-0.001","25.04","23.16","23.49","None"
"2025-09-01","7:57:21.772 AM","25.45","97.275","36.339","-0.001","25.04","23.16","23.52","None"
"2025-09-01","7:57:22.023 AM","25.45","97.275","36.333","-0.001","24.95","23.16","23.52","None"
"2025-09-01","7:57:22.280 AM","25.45","97.275","36.333","-0.001","24.95","23.16","23.52","None"
"2025-09-01","7:57:22.545 AM","25.45","97.275","36.333","-0.001","24.95","23.16","23.52","None"
"2025-09-01","7:57:22.793 AM","25.45","97.275","36.316","-0.001","24.955","23.16","23.52","None"
"2025-09-01","7:57:23.044 AM","25.45","97.275","36.316","-0.001","24.955","23.16","23.50","None"
"2025-09-01","7:57:23.344 AM","25.45","97.275","36.316","-0.001","24.955","23.16","23.50","None"
"2025-09-01","7:57:23.569 AM","25.45","97.278","36.333","-0.001","24.94","23.16","23.50","None"
"2025-09-01","7:57:23.823 AM","25.45","97.278","36.333","-0.001","24.94","23.16","23.49","None"
"2025-09-01","7:57:24.078 AM","25.45","97.278","36.333","-0.001","24.94","23.16","23.49","None"
"2025-09-01","7:57:24.323 AM","25.45","97.279","36.339","-0.001","24.96","23.16","23.49","None"
"2025-09-01","7:57:24.580 AM","25.45","97.279","36.339","-0.001","24.96","23.27","23.43","None"
"2025-09-01","7:57:24.818 AM","25.45","97.279","36.339","-0.001","24.96","23.27","23.43","None"
"2025-09-01","7:57:25.077 AM","25.46","97.282","36.334","-0.001","25.015","23.20","23.43","None"
"2025-09-01","7:57:25.337 AM","25.46","97.282","36.334","-0.001","25.015","23.20","23.49","None"
"2025-09-01","7:57:25.578 AM","25.46","97.282","36.334","-0.001","25.015","23.20","23.49","None"
"2025-09-01","7:57:25.845 AM","25.46","97.275","36.328","-0.001","25.06","23.16","23.49","None"
"2025-09-01","7:57:26.094 AM","25.46","97.275","36.328","-0.001","25.06","23.16","23.47","None"
"2025-09-01","7:57:26.350 AM","25.46","97.276","36.334","-0.001","25.035","23.16","23.47","None"
"2025-09-01","7:57:26.600 AM","25.46","97.276","36.334","-0.001","25.035","23.14","23.47","None"
"2025-09-01","7:57:26.847 AM","25.46","97.276","36.334","-0.001","25.035","23.14","23.48","None"
"2025-09-01","7:57:27.102 AM","25.46","97.276","36.323","-0.001","24.98","23.14","23.48","None"
"2025-09-01","7:57:27.355 AM","25.46","97.276","36.323","-0.001","24.98","23.16","23.48","None"
"2025-09-01","7:57:27.647 AM","25.46","97.276","36.323","-0.001","24.98","23.16","23.47","None"
"2025-09-01","7:57:27.860 AM","25.46","97.274","36.328","-0.001","25.04","23.16","23.47","None"
"2025-09-01","7:57:28.106 AM","25.46","97.274","36.328","-0.001","25.04","23.16","23.50","None"
"2025-09-01","7:57:28.356 AM","25.46","97.274","36.328","-0.001","25.04","23.16","23.50","None"
"2025-09-01","7:57:28.617 AM","25.46","97.271","36.328","-0.001","24.92","23.16","23.50","None"
"2025-09-01","7:57:28.872 AM","25.46","97.271","36.328","-0.001","24.92","23.18","23.44","None"
"2025-09-01","7:57:29.115 AM","25.46","97.271","36.328","-0.001","24.92","23.18","23.44","None"
"2025-09-01","7:57:29.372 AM","25.46","97.274","36.323","-0.001","24.995","23.18","23.44","None"
"2025-09-01","7:57:29.616 AM","25.46","97.274","36.323","-0.001","24.995","23.18","23.47","None"
"2025-09-01","7:57:29.865 AM","25.46","97.274","36.323","-0.001","24.995","23.18","23.47","None"
"2025-09-01","7:57:30.119 AM","25.46","97.272","36.334","-0.001","24.925","23.16","23.47","None"
"2025-09-01","7:57:30.377 AM","25.46","97.272","36.334","-0.001","24.925","23.16","23.48","None"
"2025-09-01","7:57:30.625 AM","25.46","97.272","36.334","-0.001","24.925","23.16","23.48","None"
"2025-09-01","7:57:30.885 AM","25.46","97.275","36.317","-0.001","25","23.08","23.48","None"
"2025-09-01","7:57:31.130 AM","25.46","97.275","36.317","-0.001","25","23.08","23.49","None"
"2025-09-01","7:57:31.384 AM","25.46","97.275","36.328","-0.001","24.97","23.08","23.49","None"
"2025-09-01","7:57:31.634 AM","25.46","97.275","36.328","-0.001","24.97","23.23","23.49","None"
"2025-09-01","7:57:31.929 AM","25.46","97.275","36.328","-0.001","24.97","23.23","23.45","None"
"2025-09-01","7:57:32.155 AM","25.46","97.274","36.322","-0.001","24.94","23.23","23.45","None"
"2025-09-01","7:57:32.411 AM","25.46","97.274","36.322","-0.001","24.94","23.05","23.38","None"
"2025-09-01","7:57:32.677 AM","25.46","97.274","36.322","-0.001","24.94","23.05","23.38","None"
"2025-09-01","7:57:32.929 AM","25.46","97.272","36.334","-0.001","25.005","23.05","23.38","None"
"2025-09-01","7:57:33.179 AM","25.46","97.272","36.334","-0.001","25.005","23.09","23.47","None"
"2025-09-01","7:57:33.458 AM","25.46","97.272","36.334","-0.001","25.005","23.09","23.47","None"
"2025-09-01","7:57:33.676 AM","25.45","97.273","36.316","-0.001","25","23.16","23.47","None"
"2025-09-01","7:57:33.965 AM","25.45","97.273","36.316","-0.001","25","23.16","23.34","None"
"2025-09-01","7:57:34.173 AM","25.45","97.273","36.316","-0.001","25","23.16","23.34","None"
"2025-09-01","7:57:34.446 AM","25.45","97.27","36.322","-0.001","24.99","23.09","23.34","None"
"2025-09-01","7:57:34.729 AM","25.45","97.27","36.322","-0.001","24.99","23.09","23.44","None"
"2025-09-01","7:57:34.941 AM","25.45","97.267","36.322","-0.001","24.925","23.09","23.44","None"
"2025-09-01","7:57:35.215 AM","25.45","97.267","36.322","-0.001","24.925","23.07","23.44","None"
"2025-09-01","7:57:35.454 AM","25.45","97.267","36.322","-0.001","24.925","23.07","23.45","None"
"2025-09-01","7:57:35.713 AM","25.45","97.266","36.327","-0.001","25.02","23.07","23.45","None"
"2025-09-01","7:57:35.954 AM","25.45","97.266","36.327","-0.001","25.02","23.16","23.45","None"
"2025-09-01","7:57:36.249 AM","25.45","97.266","36.327","-0.001","25.02","23.16","23.50","None"
"2025-09-01","7:57:36.482 AM","25.45","97.264","36.327","-0.001","24.92","23.16","23.50","None"
"2025-09-01","7:57:36.715 AM","25.45","97.264","36.327","-0.001","24.92","23.14","23.45","None"
"2025-09-01","7:57:36.980 AM","25.45","97.264","36.327","-0.001","24.92","23.14","23.45","None"
"2025-09-01","7:57:37.224 AM","25.45","97.263","36.316","-0.001","25.04","23.14","23.45","None"
"2025-09-01","7:57:37.475 AM","25.45","97.263","36.316","-0.001","25.04","23.14","23.52","None"
"2025-09-01","7:57:37.730 AM","25.45","97.263","36.316","-0.001","25.04","23.14","23.52","None"
"2025-09-01","7:57:37.979 AM","25.45","97.267","36.333","-0.001","25.005","23.14","23.52","None"
"2025-09-01","7:57:38.242 AM","25.45","97.267","36.333","-0.001","25.005","23.21","23.45","None"
"2025-09-01","7:57:38.514 AM","25.45","97.267","36.333","-0.001","25.005","23.21","23.45","None"
"2025-09-01","7:57:38.750 AM","25.45","97.268","36.327","-0.001","24.95","23.16","23.45","None"
"2025-09-01","7:57:39.016 AM","25.45","97.268","36.327","-0.001","24.95","23.16","23.48","None"
"2025-09-01","7:57:39.247 AM","25.45","97.268","36.327","-0.001","24.95","23.16","23.48","None"
"2025-09-01","7:57:39.512 AM","25.45","97.268","36.316","-0.001","24.945","23.21","23.48","None"
"2025-09-01","7:57:39.744 AM","25.45","97.268","36.316","-0.001","24.945","23.21","23.56","None"
"2025-09-01","7:57:40.011 AM","25.45","97.269","36.327","-0.001","24.975","23.21","23.56","None"
"2025-09-01","7:57:40.254 AM","25.45","97.269","36.327","-0.001","24.975","23.09","23.56","None"
"2025-09-01","7:57:40.549 AM","25.45","97.269","36.327","-0.001","24.975","23.09","23.55","None"
"2025-09-01","7:57:40.804 AM","25.45","97.268","36.321","-0.001","25","23.09","23.55","None"
"2025-09-01","7:57:41.027 AM","25.45","97.268","36.321","-0.001","25","23.09","23.48","None"
"2025-09-01","7:57:41.302 AM","25.45","97.268","36.321","-0.001","25","23.09","23.48","None"
"2025-09-01","7:57:41.544 AM","25.45","97.274","36.339","-0.001","24.93","23.09","23.48","None"
"2025-09-01","7:57:41.796 AM","25.45","97.274","36.339","-0.001","24.93","23.12","23.44","None"
"2025-09-01","7:57:42.043 AM","25.45","97.274","36.339","-0.001","24.93","23.12","23.44","None"
"2025-09-01","7:57:42.295 AM","25.45","97.275","36.333","-0.001","25.005","23.12","23.44","None"
"2025-09-01","7:57:42.542 AM","25.45","97.275","36.333","-0.001","25.005","23.20","23.45","None"
"2025-09-01","7:57:42.792 AM","25.45","97.275","36.333","-0.001","25.005","23.20","23.45","None"
"2025-09-01","7:57:43.049 AM","25.45","97.275","36.327","-0.001","25.005","23.10","23.45","None"
"2025-09-01","7:57:43.307 AM","25.45","97.275","36.327","-0.001","25.005","23.10","23.43","None"
"2025-09-01","7:57:43.549 AM","25.45","97.275","36.327","-0.001","25.005","23.10","23.43","None"
"2025-09-01","7:57:43.794 AM","25.45","97.275","36.327","-0.001","24.995","23.16","23.43","None"
"2025-09-01","7:57:44.041 AM","25.45","97.275","36.327","-0.001","24.995","23.16","23.41","None"
"2025-09-01","7:57:44.292 AM","25.45","97.273","36.333","-0.001","24.995","23.16","23.41","None"
"2025-09-01","7:57:44.542 AM","25.45","97.273","36.333","-0.001","24.995","23.18","23.41","None"
"2025-09-01","7:57:44.840 AM","25.45","97.273","36.333","-0.001","24.995","23.18","23.48","None"
"2025-09-01","7:57:45.064 AM","25.45","97.275","36.339","-0.001","24.975","23.18","23.48","None"
"2025-09-01","7:57:45.314 AM","25.45","97.275","36.339","-0.001","24.975","23.05","23.48","None"
"2025-09-01","7:57:45.570 AM","25.45","97.275","36.339","-0.001","24.975","23.05","23.41","None"
"2025-09-01","7:57:45.820 AM","25.45","97.275","36.327","-0.001","25.01","23.05","23.41","None"
"2025-09-01","7:57:46.072 AM","25.45","97.275","36.327","-0.001","25.01","23.23","23.41","None"
"2025-09-01","7:57:46.316 AM","25.45","97.275","36.327","-0.001","25.01","23.23","23.41","None"
"2025-09-01","7:57:46.567 AM","25.45","97.276","36.322","-0.001","25.065","23.23","23.41","None"
"2025-09-01","7:57:46.838 AM","25.45","97.276","36.322","-0.001","25.065","23.23","23.48","None"
"2025-09-01","7:57:47.086 AM","25.45","97.276","36.322","-0.001","25.065","23.23","23.48","None"
"2025-09-01","7:57:47.330 AM","25.45","97.273","36.333","-0.001","24.945","23.18","23.48","None"
"2025-09-01","7:57:47.591 AM","25.45","97.273","36.333","-0.001","24.945","23.18","23.58","None"
"2025-09-01","7:57:47.836 AM","25.45","97.273","36.333","-0.001","24.945","23.18","23.58","None"
"2025-09-01","7:57:48.089 AM","25.45","97.275","36.333","-0.001","24.925","23.16","23.58","None"
"2025-09-01","7:57:48.335 AM","25.45","97.275","36.333","-0.001","24.925","23.16","23.47","None"
"2025-09-01","7:57:48.582 AM","25.45","97.275","36.333","-0.001","24.925","23.16","23.47","None"
"2025-09-01","7:57:48.835 AM","25.45","97.275","36.322","-0.001","25.04","23.09","23.47","None"
"2025-09-01","7:57:49.125 AM","25.45","97.275","36.322","-0.001","25.04","23.09","23.44","None"
"2025-09-01","7:57:49.339 AM","25.45","97.273","36.345","-0.001","25.075","23.09","23.44","None"
"2025-09-01","7:57:49.587 AM","25.45","97.273","36.345","-0.001","25.075","23.12","23.44","None"
"2025-09-01","7:57:49.837 AM","25.45","97.273","36.345","-0.001","25.075","23.12","23.43","None"
"2025-09-01","7:57:50.102 AM","25.45","97.268","36.328","-0.001","24.965","23.12","23.43","None"
"2025-09-01","7:57:50.360 AM","25.45","97.268","36.328","-0.001","24.965","23.16","23.43","None"
"2025-09-01","7:57:50.616 AM","25.45","97.268","36.328","-0.001","24.965","23.16","23.45","None"
"2025-09-01","7:57:50.869 AM","25.45","97.262","36.339","-0.001","25.02","23.16","23.45","None"
"2025-09-01","7:57:51.119 AM","25.45","97.262","36.339","-0.001","25.02","23.16","23.48","None"
"2025-09-01","7:57:51.383 AM","25.45","97.262","36.339","-0.001","25.02","23.16","23.48","None"
"2025-09-01","7:57:51.632 AM","25.45","97.264","36.345","-0.001","25.005","23.16","23.48","None"
"2025-09-01","7:57:51.884 AM","25.45","97.264","36.345","-0.001","25.005","23.16","23.54","None"
"2025-09-01","7:57:52.147 AM","25.45","97.264","36.345","-0.001","25.005","23.16","23.54","None"
"2025-09-01","7:57:52.400 AM","25.45","97.267","36.333","-0.001","24.99","23.14","23.54","None"
"2025-09-01","7:57:52.648 AM","25.45","97.267","36.333","-0.001","24.99","23.14","23.56","None"
"2025-09-01","7:57:52.918 AM","25.45","97.267","36.333","-0.001","24.99","23.14","23.56","None"
"2025-09-01","7:57:53.146 AM","25.45","97.266","36.322","-0.001","25.045","23.18","23.56","None"
"2025-09-01","7:57:53.525 AM","25.45","97.266","36.322","-0.001","25.045","23.18","23.39","None"
"2025-09-01","7:57:53.751 AM","25.45","97.267","36.333","-0.001","25.085","23.18","23.39","None"
"2025-09-01","7:57:54.017 AM","25.45","97.267","36.333","-0.001","25.085","23.20","23.44","None"
"2025-09-01","7:57:54.268 AM","25.45","97.267","36.333","-0.001","25.085","23.20","23.44","None"
"2025-09-01","7:57:54.512 AM","25.46","97.268","36.316","-0.001","25","23.20","23.44","None"
"2025-09-01","7:57:54.769 AM","25.46","97.268","36.316","-0.001","25","23.18","23.41","None"
"2025-09-01","7:57:55.013 AM","25.46","97.268","36.316","-0.001","25","23.18","23.41","None"
"2025-09-01","7:57:55.264 AM","25.46","97.268","36.328","-0.001","25.015","23.16","23.41","None"
"2025-09-01","7:57:55.520 AM","25.46","97.268","36.328","-0.001","25.015","23.16","23.47","None"
"2025-09-01","7:57:55.794 AM","25.46","97.271","36.328","-0.001","25","23.16","23.47","None"
"2025-09-01","7:57:56.062 AM","25.46","97.271","36.328","-0.001","25","23.12","23.47","None"
"2025-09-01","7:57:56.316 AM","25.46","97.271","36.328","-0.001","25","23.12","23.45","None"
"2025-09-01","7:57:56.561 AM","25.46","97.272","36.339","-0.001","24.92","23.12","23.45","None"
"2025-09-01","7:57:56.811 AM","25.46","97.272","36.339","-0.001","24.92","23.16","23.45","None"
"2025-09-01","7:57:57.060 AM","25.46","97.272","36.339","-0.001","24.92","23.16","23.44","None"
"2025-09-01","7:57:57.319 AM","25.45","97.273","36.328","-0.001","25.005","23.16","23.44","None"
"2025-09-01","7:57:57.565 AM","25.45","97.273","36.328","-0.001","25.005","23.19","23.47","None"
"2025-09-01","7:57:57.874 AM","25.45","97.273","36.328","-0.001","25.005","23.19","23.47","None"
"2025-09-01","7:57:58.102 AM","25.45","97.272","36.333","-0.001","24.975","23.19","23.47","None"
"2025-09-01","7:57:58.365 AM","25.45","97.272","36.333","-0.001","24.975","22.99","23.43","None"
"2025-09-01","7:57:58.613 AM","25.45","97.272","36.333","-0.001","24.975","22.99","23.43","None"
"2025-09-01","7:57:58.867 AM","25.45","97.273","36.339","-0.001","25.01","23.08","23.43","None"
"2025-09-01","7:57:59.111 AM","25.45","97.273","36.339","-0.001","25.01","23.08","23.50","None"
"2025-09-01","7:57:59.362 AM","25.45","97.273","36.339","-0.001","25.01","23.08","23.50","None"
"2025-09-01","7:57:59.616 AM","25.45","97.275","36.327","-0.001","24.98","23.19","23.50","None"
"2025-09-01","7:57:59.864 AM","25.45","97.275","36.327","-0.001","24.98","23.19","23.44","None"
"2025-09-01","7:58:00.116 AM","25.45","97.276","36.333","-0.001","24.95","23.19","23.44","None"
"2025-09-01","7:58:00.366 AM","25.45","97.276","36.333","-0.001","24.95","23.18","23.44","None"
"2025-09-01","7:58:00.631 AM","25.45","97.276","36.333","-0.001","24.95","23.18","23.44","None"
"2025-09-01","7:58:00.887 AM","25.45","97.278","36.322","-0.001","25.025","23.18","23.44","None"
"2025-09-01","7:58:01.127 AM","25.45","97.278","36.322","-0.001","25.025","23.09","23.44","None"
"2025-09-01","7:58:01.379 AM","25.45","97.278","36.322","-0.001","25.025","23.09","23.45","None"
"2025-09-01","7:58:01.629 AM","25.45","97.273","36.345","-0.001","24.98","23.09","23.45","None"
"2025-09-01","7:58:01.923 AM","25.45","97.273","36.345","-0.001","24.98","23.14","23.44","None"
"2025-09-01","7:58:02.141 AM","25.45","97.273","36.345","-0.001","24.98","23.14","23.44","None"
"2025-09-01","7:58:02.392 AM","25.45","97.274","36.333","-0.001","24.98","23.14","23.44","None"
"2025-09-01","7:58:02.635 AM","25.45","97.274","36.333","-0.001","24.98","23.13","23.50","None"
"2025-09-01","7:58:02.901 AM","25.45","97.274","36.333","-0.001","24.98","23.13","23.50","None"
"2025-09-01","7:58:03.148 AM","25.45","97.273","36.322","-0.001","24.985","23.16","23.50","None"
"2025-09-01","7:58:03.399 AM","25.45","97.273","36.322","-0.001","24.985","23.16","23.48","None"
"2025-09-01","7:58:03.654 AM","25.45","97.273","36.322","-0.001","24.985","23.16","23.48","None"
"2025-09-01","7:58:03.903 AM","25.45","97.274","36.328","-0.001","25","23.21","23.48","None"
"2025-09-01","7:58:04.157 AM","25.45","97.274","36.328","-0.001","25","23.21","23.50","None"
"2025-09-01","7:58:04.405 AM","25.45","97.274","36.328","-0.001","25","23.21","23.50","None"
"2025-09-01","7:58:04.653 AM","25.45","97.273","36.345","-0.001","24.975","23.13","23.50","None"
"2025-09-01","7:58:04.905 AM","25.45","97.273","36.345","-0.001","24.975","23.13","23.58","None"
"2025-09-01","7:58:05.161 AM","25.46","97.274","36.328","-0.001","25.04","23.13","23.58","None"
"2025-09-01","7:58:05.420 AM","25.46","97.274","36.328","-0.001","25.04","23.20","23.58","None"
"2025-09-01","7:58:05.666 AM","25.46","97.274","36.328","-0.001","25.04","23.20","23.48","None"
"2025-09-01","7:58:05.923 AM","25.46","97.275","36.339","-0.001","24.965","23.20","23.48","None"
"2025-09-01","7:58:06.204 AM","25.46","97.275","36.339","-0.001","24.965","23.16","23.48","None"
"2025-09-01","7:58:06.428 AM","25.46","97.275","36.339","-0.001","24.965","23.16","23.52","None"
"2025-09-01","7:58:06.676 AM","25.46","97.276","36.322","-0.001","24.98","23.16","23.52","None"
"2025-09-01","7:58:06.923 AM","25.46","97.276","36.322","-0.001","24.98","23.16","23.49","None"
"2025-09-01","7:58:07.178 AM","25.46","97.276","36.322","-0.001","24.98","23.16","23.49","None"
"2025-09-01","7:58:07.433 AM","25.46","97.275","36.334","-0.001","24.98","23.16","23.49","None"
"2025-09-01","7:58:07.689 AM","25.46","97.275","36.334","-0.001","24.98","23.19","23.49","None"
"2025-09-01","7:58:07.941 AM","25.46","97.275","36.334","-0.001","24.98","23.19","23.49","None"
"2025-09-01","7:58:08.187 AM","25.46","97.274","36.328","-0.001","25.015","23.14","23.49","None"
"2025-09-01","7:58:08.441 AM","25.46","97.274","36.328","-0.001","25.015","23.14","23.52","None"
"2025-09-01","7:58:08.689 AM","25.46","97.274","36.328","-0.001","25.015","23.14","23.52","None"
"2025-09-01","7:58:08.938 AM","25.46","97.271","36.328","-0.001","25.03","23.14","23.52","None"
"2025-09-01","7:58:09.205 AM","25.46","97.271","36.328","-0.001","25.03","23.14","23.49","None"
"2025-09-01","7:58:09.458 AM","25.46","97.274","36.316","-0.001","25.02","23.14","23.49","None"
"2025-09-01","7:58:09.709 AM","25.46","97.274","36.316","-0.001","25.02","23.12","23.49","None"
"2025-09-01","7:58:09.954 AM","25.46","97.274","36.316","-0.001","25.02","23.12","23.48","None"
"2025-09-01","7:58:10.204 AM","25.46","97.271","36.334","-0.001","25","23.12","23.48","None"
"2025-09-01","7:58:10.506 AM","25.46","97.271","36.334","-0.001","25","23.07","23.48","None"
"2025-09-01","7:58:10.728 AM","25.46","97.271","36.334","-0.001","25","23.07","23.49","None"
"2025-09-01","7:58:10.997 AM","25.46","97.274","36.328","-0.001","25","23.07","23.49","None"
"2025-09-01","7:58:11.232 AM","25.46","97.274","36.328","-0.001","25","23.13","23.50","None"
"2025-09-01","7:58:11.492 AM","25.46","97.274","36.328","-0.001","25","23.13","23.50","None"
"2025-09-01","7:58:11.749 AM","25.46","97.272","36.334","-0.001","25.02","23.13","23.50","None"
"2025-09-01","7:58:11.992 AM","25.46","97.272","36.334","-0.001","25.02","23.18","23.49","None"
"2025-09-01","7:58:12.242 AM","25.46","97.272","36.334","-0.001","25.02","23.18","23.49","None"
"2025-09-01","7:58:12.503 AM","25.46","97.274","36.323","-0.001","24.99","23.13","23.49","None"
"2025-09-01","7:58:12.756 AM","25.46","97.274","36.323","-0.001","24.99","23.13","23.52","None"
"2025-09-01","7:58:13.011 AM","25.46","97.274","36.323","-0.001","24.99","23.13","23.52","None"
"2025-09-01","7:58:13.264 AM","25.46","97.273","36.323","-0.001","25.02","23.19","23.52","None"
"2025-09-01","7:58:13.507 AM","25.46","97.273","36.323","-0.001","25.02","23.19","23.47","None"
"2025-09-01","7:58:13.761 AM","25.46","97.281","36.322","-0.001","24.96","23.19","23.47","None"
"2025-09-01","7:58:14.014 AM","25.46","97.281","36.322","-0.001","24.96","23.14","23.47","None"
"2025-09-01","7:58:14.264 AM","25.46","97.281","36.322","-0.001","24.96","23.14","23.50","None"
"2025-09-01","7:58:14.529 AM","25.46","97.281","36.311","-0.001","24.985","23.14","23.50","None"
"2025-09-01","7:58:14.804 AM","25.46","97.281","36.311","-0.001","24.985","23.14","23.50","None"
"2025-09-01","7:58:15.050 AM","25.46","97.281","36.311","-0.001","24.985","23.14","23.45","None"
"2025-09-01","7:58:15.316 AM","25.46","97.279","36.317","-0.001","25.01","23.14","23.45","None"
"2025-09-01","7:58:15.558 AM","25.46","97.279","36.317","-0.001","25.01","23.16","23.43","None"
"2025-09-01","7:58:15.809 AM","25.46","97.279","36.317","-0.001","25.01","23.16","23.43","None"
"2025-09-01","7:58:16.062 AM","25.46","97.277","36.323","-0.001","24.985","23.16","23.43","None"
"2025-09-01","7:58:16.316 AM","25.46","97.277","36.323","-0.001","24.985","23.14","23.44","None"
"2025-09-01","7:58:16.568 AM","25.46","97.277","36.323","-0.001","24.985","23.14","23.44","None"
"2025-09-01","7:58:16.812 AM","25.46","97.276","36.317","-0.001","25.06","23.18","23.44","None"
"2025-09-01","7:58:17.071 AM","25.46","97.276","36.317","-0.001","25.06","23.18","23.45","None"
"2025-09-01","7:58:17.345 AM","25.46","97.276","36.317","-0.001","25.06","23.18","23.45","None"
"2025-09-01","7:58:17.612 AM","25.46","97.277","36.323","-0.001","25.005","23.16","23.45","None"
"2025-09-01","7:58:17.865 AM","25.46","97.277","36.323","-0.001","25.005","23.16","23.48","None"
"2025-09-01","7:58:18.109 AM","25.46","97.277","36.3","-0.001","25.055","23.16","23.48","None"
"2025-09-01","7:58:18.358 AM","25.46","97.277","36.3","-0.001","25.055","23.08","23.48","None"
"2025-09-01","7:58:18.608 AM","25.46","97.277","36.3","-0.001","25.055","23.08","23.45","None"
"2025-09-01","7:58:18.896 AM","25.46","97.277","36.328","-0.001","24.98","23.08","23.45","None"
"2025-09-01","7:58:19.119 AM","25.46","97.277","36.328","-0.001","24.98","23.10","23.45","None"
"2025-09-01","7:58:19.369 AM","25.46","97.277","36.328","-0.001","24.98","23.10","23.49","None"
"2025-09-01","7:58:19.617 AM","25.46","97.277","36.329","-0.001","25.04","23.10","23.49","None"
"2025-09-01","7:58:19.865 AM","25.46","97.277","36.329","-0.001","25.04","23.10","23.48","None"
"2025-09-01","7:58:20.135 AM","25.46","97.277","36.329","-0.001","25.04","23.10","23.48","None"
"2025-09-01","7:58:20.379 AM","25.46","97.278","36.317","-0.001","25","23.10","23.48","None"
"2025-09-01","7:58:20.628 AM","25.46","97.278","36.317","-0.001","25","23.14","23.41","None"
"2025-09-01","7:58:20.879 AM","25.46","97.278","36.317","-0.001","25","23.14","23.41","None"
"2025-09-01","7:58:21.127 AM","25.46","97.277","36.317","-0.001","25.055","23.16","23.41","None"
"2025-09-01","7:58:21.379 AM","25.46","97.277","36.317","-0.001","25.055","23.16","23.49","None"
"2025-09-01","7:58:21.634 AM","25.46","97.277","36.317","-0.001","25.055","23.16","23.49","None"
"2025-09-01","7:58:21.883 AM","25.46","97.277","36.317","-0.001","24.97","23.14","23.49","None"
"2025-09-01","7:58:22.133 AM","25.46","97.277","36.317","-0.001","24.97","23.14","23.38","None"
"2025-09-01","7:58:22.396 AM","25.46","97.281","36.328","-0.001","25.005","23.14","23.38","None"
"2025-09-01","7:58:22.642 AM","25.46","97.281","36.328","-0.001","25.005","23.05","23.38","None"
"2025-09-01","7:58:22.897 AM","25.46","97.281","36.328","-0.001","25.005","23.05","23.47","None"
"2025-09-01","7:58:23.179 AM","25.46","97.281","36.322","-0.001","25.065","23.05","23.47","None"
"2025-09-01","7:58:23.405 AM","25.46","97.281","36.322","-0.001","25.065","23.18","23.47","None"
"2025-09-01","7:58:23.656 AM","25.46","97.281","36.322","-0.001","25.065","23.18","23.44","None"
"2025-09-01","7:58:23.902 AM","25.46","97.279","36.328","-0.001","24.92","23.18","23.44","None"
"2025-09-01","7:58:24.154 AM","25.46","97.279","36.328","-0.001","24.92","23.14","23.44","None"
"2025-09-01","7:58:24.402 AM","25.46","97.279","36.328","-0.001","24.92","23.14","23.49","None"
"2025-09-01","7:58:24.666 AM","25.46","97.279","36.317","-0.001","25.03","23.14","23.49","None"
"2025-09-01","7:58:24.918 AM","25.46","97.279","36.317","-0.001","25.03","23.14","23.44","None"
"2025-09-01","7:58:25.164 AM","25.46","97.279","36.317","-0.001","25.03","23.14","23.44","None"
"2025-09-01","7:58:25.420 AM","25.46","97.275","36.317","-0.001","24.99","23.14","23.44","None"
"2025-09-01","7:58:25.675 AM","25.46","97.275","36.317","-0.001","24.99","23.09","23.45","None"
"2025-09-01","7:58:25.951 AM","25.46","97.275","36.317","-0.001","24.99","23.09","23.45","None"
"2025-09-01","7:58:26.216 AM","25.46","97.273","36.317","-0.001","25.025","23.12","23.45","None"
"2025-09-01","7:58:26.464 AM","25.46","97.273","36.317","-0.001","25.025","23.12","23.39","None"
"2025-09-01","7:58:26.716 AM","25.46","97.274","36.317","-0.001","25.02","23.12","23.39","None"
"2025-09-01","7:58:26.972 AM","25.46","97.274","36.317","-0.001","25.02","23.09","23.39","None"
"2025-09-01","7:58:27.214 AM","25.46","97.274","36.317","-0.001","25.02","23.09","23.54","None"
"2025-09-01","7:58:27.512 AM","25.46","97.276","36.317","-0.001","25.06","23.09","23.54","None"
"2025-09-01","7:58:27.736 AM","25.46","97.276","36.317","-0.001","25.06","23.05","23.54","None"
"2025-09-01","7:58:27.991 AM","25.46","97.276","36.317","-0.001","25.06","23.05","23.44","None"
"2025-09-01","7:58:28.236 AM","25.46","97.276","36.328","-0.001","25.005","23.05","23.44","None"
"2025-09-01","7:58:28.485 AM","25.46","97.276","36.328","-0.001","25.005","23.18","23.44","None"
"2025-09-01","7:58:28.735 AM","25.46","97.276","36.328","-0.001","25.005","23.18","23.44","None"
"2025-09-01","7:58:29.002 AM","25.46","97.275","36.317","-0.001","25.015","23.18","23.44","None"
"2025-09-01","7:58:29.237 AM","25.46","97.275","36.317","-0.001","25.015","23.14","23.44","None"
"2025-09-01","7:58:29.485 AM","25.46","97.275","36.317","-0.001","25.015","23.14","23.44","None"
"2025-09-01","7:58:29.751 AM","25.46","97.273","36.322","-0.001","25.04","23.08","23.44","None"
"2025-09-01","7:58:30.007 AM","25.46","97.273","36.322","-0.001","25.04","23.08","23.52","None"
"2025-09-01","7:58:30.251 AM","25.46","97.273","36.322","-0.001","25.04","23.08","23.52","None"
"2025-09-01","7:58:30.504 AM","25.46","97.276","36.317","-0.002","25.025","23.13","23.52","None"
"2025-09-01","7:58:30.765 AM","25.46","97.276","36.317","-0.002","25.025","23.13","23.39","None"
"2025-09-01","7:58:31.008 AM","25.46","97.276","36.317","-0.002","25.025","23.13","23.39","None"
"2025-09-01","7:58:31.279 AM","25.46","97.281","36.323","-0.001","25.07","23.18","23.39","None"
"2025-09-01","7:58:31.507 AM","25.46","97.281","36.323","-0.001","25.07","23.18","23.47","None"
"2025-09-01","7:58:31.819 AM","25.46","97.287","36.328","-0.001","24.98","23.18","23.47","None"
"2025-09-01","7:58:32.015 AM","25.46","97.287","36.328","-0.001","24.98","23.13","23.47","None"
"2025-09-01","7:58:32.286 AM","25.46","97.287","36.328","-0.001","24.98","23.13","23.55","None"
"2025-09-01","7:58:32.537 AM","25.46","97.29","36.334","-0.001","25","23.13","23.55","None"
"2025-09-01","7:58:32.789 AM","25.46","97.29","36.334","-0.001","25","23.13","23.45","None"
"2025-09-01","7:58:33.042 AM","25.46","97.29","36.334","-0.001","25","23.13","23.45","None"
"2025-09-01","7:58:33.293 AM","25.46","97.286","36.328","-0.002","24.98","23.13","23.45","None"
"2025-09-01","7:58:33.537 AM","25.46","97.286","36.328","-0.002","24.98","23.19","23.45","None"
"2025-09-01","7:58:33.790 AM","25.46","97.286","36.328","-0.002","24.98","23.19","23.45","None"
"2025-09-01","7:58:34.037 AM","25.46","97.277","36.311","-0.001","25.08","23.19","23.45","None"
"2025-09-01","7:58:34.287 AM","25.46","97.277","36.311","-0.001","25.08","23.09","23.45","None"
"2025-09-01","7:58:34.543 AM","25.46","97.277","36.311","-0.001","25.08","23.09","23.45","None"
"2025-09-01","7:58:34.790 AM","25.46","97.276","36.305","-0.001","24.965","23.16","23.45","None"
"2025-09-01","7:58:35.043 AM","25.46","97.276","36.305","-0.001","24.965","23.16","23.52","None"
"2025-09-01","7:58:35.304 AM","25.46","97.276","36.305","-0.001","24.965","23.16","23.52","None"
"2025-09-01","7:58:35.553 AM","25.46","97.279","36.329","-0.002","25","23.12","23.52","None"
"2025-09-01","7:58:35.848 AM","25.46","97.279","36.329","-0.002","25","23.12","23.41","None"
"2025-09-01","7:58:36.068 AM","25.46","97.282","36.3","-0.002","25.085","23.12","23.41","None"
"2025-09-01","7:58:36.319 AM","25.46","97.282","36.3","-0.002","25.085","23.05","23.41","None"
"2025-09-01","7:58:36.559 AM","25.46","97.282","36.3","-0.002","25.085","23.05","23.41","None"
"2025-09-01","7:58:36.812 AM","25.46","97.278","36.317","-0.002","25.03","23.05","23.41","None"
"2025-09-01","7:58:37.062 AM","25.46","97.278","36.317","-0.002","25.03","23.12","23.41","None"
"2025-09-01","7:58:37.315 AM","25.46","97.278","36.317","-0.002","25.03","23.12","23.41","None"
"2025-09-01","7:58:37.573 AM","25.46","97.276","36.306","-0.001","25.015","23.12","23.41","None"
"2025-09-01","7:58:37.825 AM","25.46","97.276","36.306","-0.001","25.015","23.16","23.48","None"
"2025-09-01","7:58:38.073 AM","25.46","97.276","36.306","-0.001","25.015","23.16","23.48","None"
"2025-09-01","7:58:38.325 AM","25.47","97.273","36.317","-0.002","24.98","23.16","23.48","None"
"2025-09-01","7:58:38.583 AM","25.47","97.273","36.317","-0.002","24.98","23.10","23.50","None"
"2025-09-01","7:58:38.851 AM","25.47","97.273","36.317","-0.002","24.98","23.10","23.50","None"
"2025-09-01","7:58:39.086 AM","25.47","97.274","36.312","-0.002","24.975","23.10","23.50","None"
"2025-09-01","7:58:39.340 AM","25.47","97.274","36.312","-0.002","24.975","23.16","23.44","None"
"2025-09-01","7:58:39.591 AM","25.47","97.274","36.312","-0.002","24.975","23.16","23.44","None"
"2025-09-01","7:58:39.842 AM","25.46","97.274","36.323","-0.001","25.045","23.09","23.44","None"
"2025-09-01","7:58:40.103 AM","25.46","97.274","36.323","-0.001","25.045","23.09","23.44","Helium"
"2025-09-01","7:58:40.343 AM","25.46","97.274","36.323","-0.001","25.045","23.09","23.44","Helium"
"2025-09-01","7:58:40.592 AM","25.46","97.269","36.311","0.692","25","23.07","23.44","Helium"
"2025-09-01","7:58:40.858 AM","25.46","97.269","36.311","0.692","25","23.07","23.49","Helium"
"2025-09-01","7:58:41.118 AM","25.46","97.27","36.311","0.626","24.985","23.07","23.49","Helium"
"2025-09-01","7:58:41.353 AM","25.46","97.27","36.311","0.626","24.985","23.16","23.49","Helium"
"2025-09-01","7:58:41.613 AM","25.46","97.27","36.311","0.626","24.985","23.16","23.43","Helium"
"2025-09-01","7:58:41.860 AM","25.46","97.273","36.305","0.616","24.955","23.16","23.43","Helium"
"2025-09-01","7:58:42.109 AM","25.46","97.273","36.305","0.616","24.955","23.08","23.43","Helium"
"2025-09-01","7:58:42.360 AM","25.46","97.273","36.305","0.616","24.955","23.08","23.47","Helium"
"2025-09-01","7:58:42.612 AM","25.46","97.276","36.317","0.609","24.94","23.08","23.47","Helium"
"2025-09-01","7:58:42.864 AM","25.46","97.276","36.317","0.609","24.94","23.16","23.38","Helium"
"2025-09-01","7:58:43.122 AM","25.46","97.276","36.317","0.609","24.94","23.16","23.38","Helium"
"2025-09-01","7:58:43.360 AM","25.46","97.276","36.311","0.602","24.895","23.16","23.38","Helium"
"2025-09-01","7:58:43.613 AM","25.46","97.276","36.311","0.602","24.895","23.16","23.50","Helium"
"2025-09-01","7:58:43.875 AM","25.46","97.276","36.311","0.602","24.895","23.16","23.50","Helium"
"2025-09-01","7:58:44.126 AM","25.46","97.275","36.317","0.592","24.885","23.16","23.50","Helium"
"2025-09-01","7:58:44.418 AM","25.46","97.275","36.317","0.592","24.885","23.16","23.48","Helium"
"2025-09-01","7:58:44.634 AM","25.46","97.275","36.317","0.592","24.885","23.16","23.48","Helium"
"2025-09-01","7:58:44.884 AM","25.46","97.275","36.323","0.586","24.915","23.12","23.48","Helium"
"2025-09-01","7:58:45.131 AM","25.46","97.275","36.323","0.586","24.915","23.12","23.50","Helium"
"2025-09-01","7:58:45.380 AM","25.46","97.275","36.323","0.586","24.915","23.12","23.50","Helium"
"2025-09-01","7:58:45.637 AM","25.46","97.275","36.323","0.584","24.905","23.05","23.50","Helium"
"2025-09-01","7:58:45.880 AM","25.46","97.275","36.323","0.584","24.905","23.05","23.41","Helium"
"2025-09-01","7:58:46.138 AM","25.46","97.275","36.306","0.583","24.95","23.05","23.41","Helium"
"2025-09-01","7:58:46.395 AM","25.46","97.275","36.306","0.583","24.95","23.16","23.41","Helium"
"2025-09-01","7:58:46.646 AM","25.46","97.275","36.306","0.583","24.95","23.16","23.44","Helium"
"2025-09-01","7:58:46.901 AM","25.46","97.274","36.311","0.581","24.865","23.16","23.44","Helium"
"2025-09-01","7:58:47.145 AM","25.46","97.274","36.311","0.581","24.865","23.08","23.44","Helium"
"2025-09-01","7:58:47.398 AM","25.46","97.274","36.311","0.581","24.865","23.08","23.45","Helium"
"2025-09-01","7:58:47.644 AM","25.47","97.276","36.312","0.581","24.83","23.08","23.45","Helium"
"2025-09-01","7:58:47.896 AM","25.47","97.276","36.312","0.581","24.83","23.21","23.41","Helium"
"2025-09-01","7:58:48.150 AM","25.47","97.276","36.312","0.581","24.83","23.21","23.41","Helium"
"2025-09-01","7:58:48.420 AM","25.47","97.275","36.312","0.58","24.885","23.21","23.41","Helium"
"2025-09-01","7:58:48.690 AM","25.47","97.275","36.312","0.58","24.885","23.16","23.47","Helium"
"2025-09-01","7:58:48.923 AM","25.47","97.275","36.312","0.58","24.885","23.16","23.47","Helium"
"2025-09-01","7:58:49.190 AM","25.46","97.275","36.317","0.58","24.895","23.20","23.47","Helium"
"2025-09-01","7:58:49.423 AM","25.46","97.275","36.317","0.58","24.895","23.20","23.50","Helium"
"2025-09-01","7:58:49.685 AM","25.46","97.275","36.317","0.58","24.895","23.20","23.50","Helium"
"2025-09-01","7:58:49.930 AM","25.46","97.276","36.311","0.579","24.795","23.09","23.50","Helium"
"2025-09-01","7:58:50.195 AM","25.46","97.276","36.311","0.579","24.795","23.09","23.44","Helium"
"2025-09-01","7:58:50.425 AM","25.46","97.276","36.311","0.579","24.795","23.09","23.44","Helium"
"2025-09-01","7:58:50.690 AM","25.46","97.277","36.317","0.579","24.85","23.10","23.44","Helium"
"2025-09-01","7:58:50.948 AM","25.46","97.277","36.317","0.579","24.85","23.10","23.44","Helium"
"2025-09-01","7:58:51.199 AM","25.46","97.275","36.306","0.579","24.805","23.10","23.44","Helium"
"2025-09-01","7:58:51.447 AM","25.46","97.275","36.306","0.579","24.805","23.09","23.44","Helium"
"2025-09-01","7:58:51.697 AM","25.46","97.275","36.306","0.579","24.805","23.09","23.49","Helium"
"2025-09-01","7:58:51.951 AM","25.46","97.276","36.317","0.578","24.825","23.09","23.49","Helium"
"2025-09-01","7:58:52.203 AM","25.46","97.276","36.317","0.578","24.825","23.16","23.55","Helium"
"2025-09-01","7:58:52.453 AM","25.46","97.276","36.317","0.578","24.825","23.16","23.55","Helium"
"2025-09-01","7:58:52.699 AM","25.46","97.277","36.3","0.579","24.87","23.16","23.55","Helium"
"2025-09-01","7:58:53.005 AM","25.46","97.277","36.3","0.579","24.87","23.08","23.37","Helium"
"2025-09-01","7:58:53.242 AM","25.46","97.277","36.3","0.579","24.87","23.08","23.37","Helium"
"2025-09-01","7:58:53.492 AM","25.46","97.28","36.311","0.578","24.83","23.07","23.37","Helium"
"2025-09-01","7:58:53.739 AM","25.46","97.28","36.311","0.578","24.83","23.07","23.49","Helium"
"2025-09-01","7:58:53.995 AM","25.46","97.28","36.311","0.578","24.83","23.07","23.49","Helium"
"2025-09-01","7:58:54.245 AM","25.46","97.278","36.294","0.578","24.87","23.05","23.49","Helium"
"2025-09-01","7:58:54.490 AM","25.46","97.278","36.294","0.578","24.87","23.05","23.41","Helium"
"2025-09-01","7:58:54.738 AM","25.46","97.278","36.294","0.578","24.87","23.05","23.41","Helium"
"2025-09-01","7:58:54.990 AM","25.46","97.274","36.311","0.578","24.81","23.13","23.41","Helium"
"2025-09-01","7:58:55.251 AM","25.46","97.274","36.311","0.578","24.81","23.13","23.41","Helium"
"2025-09-01","7:58:55.501 AM","25.46","97.276","36.311","0.578","24.825","23.13","23.41","Helium"
"2025-09-01","7:58:55.755 AM","25.46","97.276","36.311","0.578","24.825","23.18","23.41","Helium"
"2025-09-01","7:58:56.011 AM","25.46","97.276","36.311","0.578","24.825","23.18","23.47","Helium"
"2025-09-01","7:58:56.260 AM","25.46","97.277","36.3","0.577","24.715","23.18","23.47","Helium"
"2025-09-01","7:58:56.502 AM","25.46","97.277","36.3","0.577","24.715","23.13","23.47","Helium"
"2025-09-01","7:58:56.759 AM","25.46","97.277","36.3","0.577","24.715","23.13","23.52","Helium"
"2025-09-01","7:58:57.037 AM","25.46","97.278","36.306","0.577","24.81","23.13","23.52","Helium"
"2025-09-01","7:58:57.277 AM","25.46","97.278","36.306","0.577","24.81","23.16","23.45","Helium"
"2025-09-01","7:58:57.534 AM","25.46","97.278","36.306","0.577","24.81","23.16","23.45","Helium"
"2025-09-01","7:58:57.789 AM","25.46","97.278","36.306","0.577","24.815","23.16","23.45","Helium"
"2025-09-01","7:58:58.040 AM","25.46","97.278","36.306","0.577","24.815","23.16","23.50","Helium"
"2025-09-01","7:58:58.289 AM","25.46","97.278","36.306","0.577","24.815","23.16","23.50","Helium"
"2025-09-01","7:58:58.535 AM","25.46","97.277","36.294","0.577","24.875","23.14","23.50","Helium"
"2025-09-01","7:58:58.788 AM","25.46","97.277","36.294","0.577","24.875","23.14","23.43","Helium"
"2025-09-01","7:58:59.037 AM","25.46","97.277","36.294","0.577","24.875","23.14","23.43","Helium"
"2025-09-01","7:58:59.289 AM","25.46","97.276","36.299","0.577","24.785","23.13","23.43","Helium"
"2025-09-01","7:58:59.566 AM","25.46","97.276","36.299","0.577","24.785","23.13","23.39","Helium"
"2025-09-01","7:58:59.803 AM","25.45","97.277","36.293","0.576","24.775","23.13","23.39","Helium"
"2025-09-01","7:59:00.058 AM","25.45","97.277","36.293","0.576","24.775","23.08","23.39","Helium"
"2025-09-01","7:59:00.304 AM","25.45","97.277","36.293","0.576","24.775","23.08","23.47","Helium"
"2025-09-01","7:59:00.566 AM","25.45","97.275","36.287","0.576","24.76","23.08","23.47","Helium"
"2025-09-01","7:59:00.826 AM","25.45","97.275","36.287","0.576","24.76","23.14","23.47","Helium"
"2025-09-01","7:59:01.070 AM","25.45","97.275","36.287","0.576","24.76","23.14","23.50","Helium"
"2025-09-01","7:59:01.367 AM","25.45","97.275","36.292","0.576","24.74","23.14","23.50","Helium"
"2025-09-01","7:59:01.582 AM","25.45","97.275","36.292","0.576","24.74","23.09","23.41","Helium"
"2025-09-01","7:59:01.865 AM","25.45","97.275","36.292","0.576","24.74","23.09","23.41","Helium"
"2025-09-01","7:59:02.113 AM","25.45","97.276","36.315","0.576","24.765","23.05","23.41","Helium"
"2025-09-01","7:59:02.360 AM","25.45","97.276","36.315","0.576","24.765","23.05","23.41","Helium"
"2025-09-01","7:59:02.608 AM","25.45","97.276","36.315","0.576","24.765","23.05","23.41","Helium"
"2025-09-01","7:59:02.859 AM","25.45","97.279","36.31","0.576","24.735","23.05","23.41","Helium"
"2025-09-01","7:59:03.108 AM","25.45","97.279","36.31","0.576","24.735","23.05","23.41","Helium"
"2025-09-01","7:59:03.360 AM","25.45","97.279","36.31","0.576","24.735","23.05","23.41","Helium"
"2025-09-01","7:59:03.608 AM","25.45","97.276","36.304","0.576","24.745","23.19","23.41","Helium"
"2025-09-01","7:59:03.877 AM","25.45","97.276","36.304","0.576","24.745","23.19","23.49","Helium"
"2025-09-01","7:59:04.130 AM","25.45","97.274","36.322","0.576","24.785","23.19","23.49","Helium"
"2025-09-01","7:59:04.375 AM","25.45","97.274","36.322","0.576","24.785","23.13","23.49","Helium"
"2025-09-01","7:59:04.627 AM","25.45","97.274","36.322","0.576","24.785","23.13","23.52","Helium"
"2025-09-01","7:59:04.873 AM","25.45","97.275","36.316","0.576","24.795","23.13","23.52","Helium"
"2025-09-01","7:59:05.124 AM","25.45","97.275","36.316","0.576","24.795","23.08","23.52","Helium"
"2025-09-01","7:59:05.381 AM","25.45","97.275","36.316","0.576","24.795","23.08","23.43","Helium"
"2025-09-01","7:59:05.673 AM","25.45","97.276","36.316","0.576","24.71","23.08","23.43","Helium"
"2025-09-01","7:59:05.898 AM","25.45","97.276","36.316","0.576","24.71","23.09","23.44","Helium"
"2025-09-01","7:59:06.141 AM","25.45","97.276","36.316","0.576","24.71","23.09","23.44","Helium"
"2025-09-01","7:59:06.394 AM","25.45","97.277","36.316","0.575","24.715","23.09","23.44","Helium"
"2025-09-01","7:59:06.647 AM","25.45","97.277","36.316","0.575","24.715","23.21","23.43","Helium"
"2025-09-01","7:59:06.895 AM","25.45","97.277","36.316","0.575","24.715","23.21","23.43","Helium"
"2025-09-01","7:59:07.141 AM","25.45","97.276","36.31","0.575","24.74","23.08","23.43","Helium"
"2025-09-01","7:59:07.400 AM","25.45","97.276","36.31","0.575","24.74","23.08","23.59","Helium"
"2025-09-01","7:59:07.666 AM","25.45","97.276","36.31","0.575","24.74","23.08","23.59","Helium"
"2025-09-01","7:59:07.900 AM","25.45","97.276","36.31","0.575","24.745","23.20","23.59","Helium"
"2025-09-01","7:59:08.163 AM","25.45","97.276","36.31","0.575","24.745","23.20","23.49","Helium"
"2025-09-01","7:59:08.408 AM","25.45","97.276","36.305","0.575","24.825","23.20","23.49","Helium"
"2025-09-01","7:59:08.658 AM","25.45","97.276","36.305","0.575","24.825","23.14","23.49","Helium"
"2025-09-01","7:59:08.913 AM","25.45","97.276","36.305","0.575","24.825","23.14","23.48","Helium"
"2025-09-01","7:59:09.162 AM","25.46","97.276","36.311","0.574","24.77","23.14","23.48","Helium"
"2025-09-01","7:59:09.418 AM","25.46","97.276","36.311","0.574","24.77","23.05","23.48","Helium"
"2025-09-01","7:59:09.664 AM","25.46","97.276","36.311","0.574","24.77","23.05","23.45","Helium"
"2025-09-01","7:59:09.952 AM","25.46","97.275","36.305","0.574","24.735","23.05","23.45","Helium"
"2025-09-01","7:59:10.171 AM","25.46","97.275","36.305","0.574","24.735","23.21","23.45","Helium"
"2025-09-01","7:59:10.430 AM","25.46","97.275","36.305","0.574","24.735","23.21","23.55","Helium"
"2025-09-01","7:59:10.682 AM","25.46","97.272","36.305","-0.003","24.795","23.21","23.55","Helium"
"2025-09-01","7:59:10.934 AM","25.46","97.272","36.305","-0.003","24.795","23.14","23.48","Helium"
"2025-09-01","7:59:11.179 AM","25.46","97.272","36.305","-0.003","24.795","23.14","23.48","Helium"
"2025-09-01","7:59:11.437 AM","25.46","97.271","36.299","-0.003","24.805","23.14","23.48","Helium"
"2025-09-01","7:59:11.680 AM","25.46","97.271","36.299","-0.003","24.805","23.18","23.58","Helium"
"2025-09-01","7:59:11.936 AM","25.46","97.271","36.299","-0.003","24.805","23.18","23.58","Helium"
"2025-09-01","7:59:12.197 AM","25.46","97.271","36.294","-0.003","24.73","23.16","23.58","Helium"
"2025-09-01","7:59:12.444 AM","25.46","97.271","36.294","-0.003","24.73","23.16","23.49","None"
"2025-09-01","7:59:12.694 AM","25.46","97.271","36.294","-0.003","24.73","23.16","23.49","None"
"2025-09-01","7:59:12.945 AM","25.46","97.268","36.299","-0.003","24.74","23.16","23.49","None"
"2025-09-01","7:59:13.202 AM","25.46","97.268","36.299","-0.003","24.74","23.16","23.55","None"
"2025-09-01","7:59:13.455 AM","25.46","97.268","36.294","-0.004","24.72","23.16","23.55","None"
"2025-09-01","7:59:13.707 AM","25.46","97.268","36.294","-0.004","24.72","23.13","23.55","None"
"2025-09-01","7:59:13.949 AM","25.46","97.268","36.294","-0.004","24.72","23.13","23.52","None"
"2025-09-01","7:59:14.245 AM","25.46","97.266","36.3","-0.004","24.84","23.13","23.52","None"
"2025-09-01","7:59:14.472 AM","25.46","97.266","36.3","-0.004","24.84","23.08","23.52","None"
"2025-09-01","7:59:14.724 AM","25.46","97.266","36.3","-0.004","24.84","23.08","23.50","None"
"2025-09-01","7:59:14.974 AM","25.46","97.267","36.294","-0.004","24.805","23.08","23.50","None"
"2025-09-01","7:59:15.220 AM","25.46","97.267","36.294","-0.004","24.805","23.19","23.43","None"
"2025-09-01","7:59:15.483 AM","25.46","97.267","36.294","-0.004","24.805","23.19","23.43","None"
"2025-09-01","7:59:15.752 AM","25.46","97.27","36.282","-0.004","24.825","23.19","23.43","None"
"2025-09-01","7:59:15.993 AM","25.46","97.27","36.282","-0.004","24.825","23.21","23.54","None"
"2025-09-01","7:59:16.238 AM","25.46","97.27","36.282","-0.004","24.825","23.21","23.54","None"
"2025-09-01","7:59:16.490 AM","25.46","97.268","36.294","-0.004","24.81","23.01","23.54","None"
"2025-09-01","7:59:16.748 AM","25.46","97.268","36.294","-0.004","24.81","23.01","23.50","None"
"2025-09-01","7:59:17.003 AM","25.46","97.268","36.294","-0.004","24.81","23.01","23.50","None"
"2025-09-01","7:59:17.249 AM","25.47","97.272","36.3","-0.004","24.79","23.23","23.50","None"
"2025-09-01","7:59:17.495 AM","25.47","97.272","36.3","-0.004","24.79","23.23","23.48","None"
"2025-09-01","7:59:17.744 AM","25.47","97.272","36.3","-0.004","24.79","23.23","23.48","None"
"2025-09-01","7:59:17.993 AM","25.47","97.273","36.294","-0.005","24.815","23.20","23.48","None"
"2025-09-01","7:59:18.242 AM","25.47","97.273","36.294","-0.005","24.815","23.20","23.41","None"
"2025-09-01","7:59:18.548 AM","25.47","97.275","36.3","-0.005","24.79","23.20","23.41","None"
"2025-09-01","7:59:18.763 AM","25.47","97.275","36.3","-0.005","24.79","23.21","23.41","None"
"2025-09-01","7:59:19.009 AM","25.47","97.275","36.3","-0.005","24.79","23.21","23.37","None"
"2025-09-01","7:59:19.286 AM","25.47","97.274","36.3","-0.005","24.83","23.21","23.37","None"
"2025-09-01","7:59:19.517 AM","25.47","97.274","36.3","-0.005","24.83","23.18","23.37","None"
"2025-09-01","7:59:19.781 AM","25.47","97.274","36.3","-0.005","24.83","23.18","23.49","None"
"2025-09-01","7:59:20.041 AM","25.47","97.274","36.3","-0.005","24.835","23.18","23.49","None"
"2025-09-01","7:59:20.292 AM","25.47","97.274","36.3","-0.005","24.835","23.14","23.43","None"
"2025-09-01","7:59:20.544 AM","25.47","97.274","36.3","-0.005","24.835","23.14","23.43","None"
"2025-09-01","7:59:20.819 AM","25.47","97.275","36.283","-0.005","24.765","23.13","23.43","None"
"2025-09-01","7:59:21.052 AM","25.47","97.275","36.283","-0.005","24.765","23.13","23.41","None"
"2025-09-01","7:59:21.309 AM","25.47","97.275","36.283","-0.005","24.765","23.13","23.41","None"
"2025-09-01","7:59:21.560 AM","25.47","97.275","36.301","-0.005","24.84","23.14","23.41","None"
"2025-09-01","7:59:21.810 AM","25.47","97.275","36.301","-0.005","24.84","23.14","23.44","None"
"2025-09-01","7:59:22.066 AM","25.47","97.275","36.301","-0.005","24.84","23.14","23.44","None"
"2025-09-01","7:59:22.319 AM","25.47","97.275","36.283","-0.005","24.78","23.16","23.44","None"
"2025-09-01","7:59:22.562 AM","25.47","97.275","36.283","-0.005","24.78","23.16","23.50","None"
"2025-09-01","7:59:22.870 AM","25.47","97.274","36.295","-0.005","24.865","23.16","23.50","None"
"2025-09-01","7:59:23.083 AM","25.47","97.274","36.295","-0.005","24.865","23.12","23.50","None"
"2025-09-01","7:59:23.360 AM","25.47","97.274","36.295","-0.005","24.865","23.12","23.55","None"
"2025-09-01","7:59:23.612 AM","25.47","97.274","36.289","-0.006","24.84","23.12","23.55","None"
"2025-09-01","7:59:23.863 AM","25.47","97.274","36.289","-0.006","24.84","23.18","23.50","None"
"2025-09-01","7:59:24.113 AM","25.47","97.274","36.289","-0.006","24.84","23.18","23.50","None"
"2025-09-01","7:59:24.385 AM","25.47","97.275","36.306","-0.006","24.905","23.18","23.50","None"
"2025-09-01","7:59:24.624 AM","25.47","97.275","36.306","-0.006","24.905","23.16","23.49","None"
"2025-09-01","7:59:24.876 AM","25.47","97.275","36.306","-0.006","24.905","23.16","23.49","None"
"2025-09-01","7:59:25.132 AM","25.47","97.272","36.283","-0.005","24.9","23.26","23.49","None"
"2025-09-01","7:59:25.384 AM","25.47","97.272","36.283","-0.005","24.9","23.26","23.52","None"
"2025-09-01","7:59:25.631 AM","25.47","97.272","36.283","-0.005","24.9","23.26","23.52","None"
"2025-09-01","7:59:25.902 AM","25.47","97.272","36.3","-0.006","24.84","23.16","23.52","None"
"2025-09-01","7:59:26.141 AM","25.47","97.272","36.3","-0.006","24.84","23.16","23.52","None"
"2025-09-01","7:59:26.397 AM","25.47","97.267","36.306","-0.006","24.865","23.16","23.52","None"
"2025-09-01","7:59:26.648 AM","25.47","97.267","36.306","-0.006","24.865","23.18","23.52","None"
"2025-09-01","7:59:26.900 AM","25.47","97.267","36.306","-0.006","24.865","23.18","23.45","None"
"2025-09-01","7:59:27.187 AM","25.47","97.267","36.289","-0.006","24.84","23.18","23.45","None"
"2025-09-01","7:59:27.405 AM","25.47","97.267","36.289","-0.006","24.84","23.16","23.45","None"
"2025-09-01","7:59:27.670 AM","25.47","97.267","36.289","-0.006","24.84","23.16","23.45","None"
"2025-09-01","7:59:27.919 AM","25.47","97.268","36.295","-0.006","24.82","23.16","23.45","None"
"2025-09-01","7:59:28.177 AM","25.47","97.268","36.295","-0.006","24.82","23.19","23.49","None"
"2025-09-01","7:59:28.422 AM","25.47","97.268","36.295","-0.006","24.82","23.19","23.49","None"
"2025-09-01","7:59:28.666 AM","25.47","97.269","36.295","-0.006","24.87","23.19","23.49","None"
"2025-09-01","7:59:28.937 AM","25.47","97.269","36.295","-0.006","24.87","23.14","23.56","None"
"2025-09-01","7:59:29.190 AM","25.47","97.269","36.295","-0.006","24.87","23.14","23.56","None"
"2025-09-01","7:59:29.439 AM","25.47","97.269","36.289","-0.006","24.885","23.21","23.56","None"
"2025-09-01","7:59:29.700 AM","25.47","97.269","36.289","-0.006","24.885","23.21","23.50","None"
"2025-09-01","7:59:29.953 AM","25.47","97.269","36.289","-0.006","24.885","23.21","23.50","None"
"2025-09-01","7:59:30.207 AM","25.47","97.273","36.289","-0.006","24.85","23.10","23.50","None"
"2025-09-01","7:59:30.487 AM","25.47","97.273","36.289","-0.006","24.85","23.10","23.56","None"
"2025-09-01","7:59:30.728 AM","25.47","97.276","36.295","-0.006","24.825","23.10","23.56","None"
"2025-09-01","7:59:30.991 AM","25.47","97.276","36.295","-0.006","24.825","23.13","23.56","None"
"2025-09-01","7:59:31.249 AM","25.47","97.276","36.295","-0.006","24.825","23.13","23.52","None"
"2025-09-01","7:59:31.551 AM","25.47","97.278","36.289","-0.006","24.9","23.13","23.52","None"
"2025-09-01","7:59:31.766 AM","25.47","97.278","36.289","-0.006","24.9","23.10","23.60","None"
"2025-09-01","7:59:32.012 AM","25.47","97.278","36.289","-0.006","24.9","23.10","23.60","None"
"2025-09-01","7:59:32.259 AM","25.47","97.277","36.283","-0.006","24.89","23.10","23.60","None"
"2025-09-01","7:59:32.527 AM","25.47","97.277","36.283","-0.006","24.89","23.16","23.44","None"
"2025-09-01","7:59:32.751 AM","25.47","97.277","36.283","-0.006","24.89","23.16","23.44","None"
"2025-09-01","7:59:33.007 AM","25.47","97.275","36.283","-0.006","24.88","23.16","23.44","None"
"2025-09-01","7:59:33.266 AM","25.47","97.275","36.283","-0.006","24.88","23.16","23.55","None"
"2025-09-01","7:59:33.510 AM","25.47","97.275","36.283","-0.006","24.88","23.16","23.55","None"
"2025-09-01","7:59:33.771 AM","25.47","97.273","36.3","-0.006","24.86","23.19","23.55","None"
"2025-09-01","7:59:34.021 AM","25.47","97.273","36.3","-0.006","24.86","23.19","23.44","None"
"2025-09-01","7:59:34.278 AM","25.47","97.273","36.3","-0.006","24.86","23.19","23.44","None"
"2025-09-01","7:59:34.547 AM","25.47","97.272","36.295","-0.006","24.88","23.13","23.44","None"
"2025-09-01","7:59:34.790 AM","25.47","97.272","36.295","-0.006","24.88","23.13","23.54","None"
"2025-09-01","7:59:35.045 AM","25.47","97.274","36.289","-0.006","24.82","23.13","23.54","None"
"2025-09-01","7:59:35.299 AM","25.47","97.274","36.289","-0.006","24.82","23.25","23.54","None"
"2025-09-01","7:59:35.543 AM","25.47","97.274","36.289","-0.006","24.82","23.25","23.45","None"
"2025-09-01","7:59:35.883 AM","25.47","97.273","36.295","-0.006","24.875","23.25","23.45","None"
"2025-09-01","7:59:36.066 AM","25.47","97.273","36.295","-0.006","24.875","23.23","23.45","None"
"2025-09-01","7:59:36.318 AM","25.47","97.273","36.295","-0.006","24.875","23.23","23.52","None"
"2025-09-01","7:59:36.566 AM","25.47","97.274","36.289","-0.006","24.91","23.23","23.52","None"
"2025-09-01","7:59:36.813 AM","25.47","97.274","36.289","-0.006","24.91","23.20","23.47","None"
"2025-09-01","7:59:37.060 AM","25.47","97.274","36.289","-0.006","24.91","23.20","23.47","None"
"2025-09-01","7:59:37.323 AM","25.47","97.274","36.283","-0.006","24.92","23.20","23.47","None"
"2025-09-01","7:59:37.574 AM","25.47","97.274","36.283","-0.006","24.92","23.19","23.41","None"
"2025-09-01","7:59:37.828 AM","25.47","97.274","36.283","-0.006","24.92","23.19","23.41","None"
"2025-09-01","7:59:38.097 AM","25.47","97.272","36.295","-0.006","24.83","23.16","23.41","None"
"2025-09-01","7:59:38.350 AM","25.47","97.272","36.295","-0.006","24.83","23.16","23.48","None"
"2025-09-01","7:59:38.611 AM","25.47","97.273","36.289","-0.006","24.865","23.16","23.48","None"
"2025-09-01","7:59:38.876 AM","25.47","97.273","36.289","-0.006","24.865","23.14","23.48","None"
"2025-09-01","7:59:39.128 AM","25.47","97.273","36.289","-0.006","24.865","23.14","23.50","None"
"2025-09-01","7:59:39.381 AM","25.47","97.27","36.295","-0.006","24.9","23.14","23.50","None"
"2025-09-01","7:59:39.655 AM","25.47","97.27","36.295","-0.006","24.9","23.12","23.50","None"
"2025-09-01","7:59:39.937 AM","25.47","97.27","36.295","-0.006","24.9","23.12","23.45","None"
"2025-09-01","7:59:40.150 AM","25.47","97.272","36.295","-0.006","24.82","23.12","23.45","None"
"2025-09-01","7:59:40.421 AM","25.47","97.272","36.295","-0.006","24.82","23.19","23.49","None"
"2025-09-01","7:59:40.658 AM","25.47","97.272","36.295","-0.006","24.82","23.19","23.49","None"
"2025-09-01","7:59:40.930 AM","25.47","97.272","36.3","-0.006","24.9","23.19","23.49","None"
"2025-09-01","7:59:41.178 AM","25.47","97.272","36.3","-0.006","24.9","23.10","23.41","None"
"2025-09-01","7:59:41.424 AM","25.47","97.272","36.3","-0.006","24.9","23.10","23.41","None"
"2025-09-01","7:59:41.672 AM","25.47","97.278","36.272","-0.006","24.83","23.16","23.41","None"
"2025-09-01","7:59:41.926 AM","25.47","97.278","36.272","-0.006","24.83","23.16","23.49","None"
"2025-09-01","7:59:42.181 AM","25.47","97.278","36.272","-0.006","24.83","23.16","23.49","None"
"2025-09-01","7:59:42.438 AM","25.47","97.276","36.289","-0.006","24.885","23.20","23.49","None"
"2025-09-01","7:59:42.674 AM","25.47","97.276","36.289","-0.006","24.885","23.20","23.49","None"
"2025-09-01","7:59:42.940 AM","25.47","97.278","36.283","-0.006","24.85","23.20","23.49","None"
"2025-09-01","7:59:43.191 AM","25.47","97.278","36.283","-0.006","24.85","23.13","23.49","None"
"2025-09-01","7:59:43.439 AM","25.47","97.278","36.283","-0.006","24.85","23.13","23.49","None"
"2025-09-01","7:59:43.691 AM","25.47","97.273","36.284","-0.006","24.885","23.13","23.49","None"
"2025-09-01","7:59:43.960 AM","25.47","97.273","36.284","-0.006","24.885","23.09","23.49","None"
"2025-09-01","7:59:44.241 AM","25.47","97.273","36.284","-0.006","24.885","23.09","23.52","None"
"2025-09-01","7:59:44.465 AM","25.48","97.276","36.295","-0.006","24.85","23.09","23.52","None"
"2025-09-01","7:59:44.730 AM","25.48","97.276","36.295","-0.006","24.85","23.16","23.48","None"
"2025-09-01","7:59:44.986 AM","25.48","97.276","36.295","-0.006","24.85","23.16","23.48","None"
"2025-09-01","7:59:45.242 AM","25.48","97.276","36.29","-0.006","24.895","23.16","23.48","None"
"2025-09-01","7:59:45.482 AM","25.48","97.276","36.29","-0.006","24.895","23.16","23.54","None"
"2025-09-01","7:59:45.732 AM","25.48","97.276","36.29","-0.006","24.895","23.16","23.54","None"
"2025-09-01","7:59:45.984 AM","25.48","97.279","36.29","-0.006","24.895","23.16","23.54","None"
"2025-09-01","7:59:46.232 AM","25.48","97.279","36.29","-0.006","24.895","23.16","23.59","None"
"2025-09-01","7:59:46.483 AM","25.48","97.279","36.29","-0.006","24.895","23.16","23.59","None"
"2025-09-01","7:59:46.755 AM","25.48","97.281","36.278","-0.006","24.88","23.08","23.59","None"
"2025-09-01","7:59:47.000 AM","25.48","97.281","36.278","-0.006","24.88","23.08","23.45","None"
"2025-09-01","7:59:47.251 AM","25.48","97.275","36.284","-0.006","24.895","23.08","23.45","None"
"2025-09-01","7:59:47.494 AM","25.48","97.275","36.284","-0.006","24.895","23.20","23.45","None"
"2025-09-01","7:59:47.752 AM","25.48","97.275","36.284","-0.006","24.895","23.20","23.44","None"
"2025-09-01","7:59:47.998 AM","25.48","97.274","36.278","-0.006","24.94","23.20","23.44","None"
"2025-09-01","7:59:48.245 AM","25.48","97.274","36.278","-0.006","24.94","23.12","23.44","None"
"2025-09-01","7:59:48.554 AM","25.48","97.274","36.278","-0.006","24.94","23.12","23.52","None"
"2025-09-01","7:59:48.796 AM","25.48","97.268","36.29","-0.006","24.895","23.12","23.52","None"
"2025-09-01","7:59:49.019 AM","25.48","97.268","36.29","-0.006","24.895","23.16","23.47","None"
"2025-09-01","7:59:49.295 AM","25.48","97.268","36.29","-0.006","24.895","23.16","23.47","None"
"2025-09-01","7:59:49.533 AM","25.48","97.271","36.284","-0.006","24.94","23.16","23.47","None"
"2025-09-01","7:59:49.782 AM","25.48","97.271","36.284","-0.006","24.94","23.21","23.41","None"
"2025-09-01","7:59:50.038 AM","25.48","97.271","36.284","-0.006","24.94","23.21","23.41","None"
"2025-09-01","7:59:50.285 AM","25.48","97.27","36.295","-0.006","24.94","23.20","23.41","None"
"2025-09-01","7:59:50.553 AM","25.48","97.27","36.295","-0.006","24.94","23.20","23.50","None"
"2025-09-01","7:59:50.801 AM","25.48","97.27","36.295","-0.006","24.94","23.20","23.50","None"
"2025-09-01","7:59:51.050 AM","25.47","97.272","36.295","-0.006","24.885","23.16","23.50","None"
"2025-09-01","7:59:51.313 AM","25.47","97.272","36.295","-0.006","24.885","23.16","23.48","None"
"2025-09-01","7:59:51.583 AM","25.47","97.273","36.289","-0.006","24.93","23.16","23.48","None"
"2025-09-01","7:59:51.839 AM","25.47","97.273","36.289","-0.006","24.93","23.16","23.48","None"
"2025-09-01","7:59:52.070 AM","25.47","97.273","36.289","-0.006","24.93","23.16","23.52","None"
"2025-09-01","7:59:52.339 AM","25.47","97.27","36.289","-0.006","24.915","23.16","23.52","None"
"2025-09-01","7:59:52.565 AM","25.47","97.27","36.289","-0.006","24.915","23.09","23.52","None"
"2025-09-01","7:59:52.860 AM","25.47","97.27","36.289","-0.006","24.915","23.09","23.52","None"
"2025-09-01","7:59:53.099 AM","25.48","97.272","36.295","-0.006","24.955","23.09","23.52","None"
"2025-09-01","7:59:53.347 AM","25.48","97.272","36.295","-0.006","24.955","23.20","23.48","None"
"2025-09-01","7:59:53.607 AM","25.48","97.272","36.295","-0.006","24.955","23.20","23.48","None"
"2025-09-01","7:59:53.864 AM","25.48","97.272","36.29","-0.006","24.9","23.20","23.48","None"
"2025-09-01","7:59:54.115 AM","25.48","97.272","36.29","-0.006","24.9","23.16","23.44","None"
"2025-09-01","7:59:54.361 AM","25.48","97.272","36.29","-0.006","24.9","23.16","23.44","None"
"2025-09-01","7:59:54.609 AM","25.48","97.269","36.29","-0.006","24.94","23.20","23.44","None"
"2025-09-01","7:59:54.860 AM","25.48","97.269","36.29","-0.006","24.94","23.20","23.49","None"
"2025-09-01","7:59:55.116 AM","25.48","97.269","36.29","-0.006","24.94","23.20","23.49","None"
"2025-09-01","7:59:55.370 AM","25.48","97.269","36.29","-0.006","24.97","23.16","23.49","None"
"2025-09-01","7:59:55.634 AM","25.48","97.269","36.29","-0.006","24.97","23.16","23.52","None"
"2025-09-01","7:59:55.872 AM","25.48","97.265","36.295","-0.006","24.92","23.16","23.52","None"
"2025-09-01","7:59:56.148 AM","25.48","97.265","36.295","-0.006","24.92","23.10","23.52","None"
"2025-09-01","7:59:56.410 AM","25.48","97.265","36.295","-0.006","24.92","23.10","23.54","None"
"2025-09-01","7:59:56.662 AM","25.48","97.271","36.29","-0.006","24.88","23.10","23.54","None"
"2025-09-01","7:59:56.933 AM","25.48","97.271","36.29","-0.006","24.88","23.16","23.50","None"
"2025-09-01","7:59:57.226 AM","25.48","97.271","36.29","-0.006","24.88","23.16","23.50","None"
"2025-09-01","7:59:57.437 AM","25.48","97.269","36.29","-0.006","24.915","23.16","23.50","None"
"2025-09-01","7:59:57.683 AM","25.48","97.269","36.29","-0.006","24.915","23.14","23.49","None"
"2025-09-01","7:59:57.936 AM","25.48","97.269","36.29","-0.006","24.915","23.14","23.49","None"
"2025-09-01","7:59:58.184 AM","25.48","97.265","36.278","-0.006","24.94","23.16","23.49","None"
"2025-09-01","7:59:58.437 AM","25.48","97.265","36.278","-0.006","24.94","23.16","23.59","None"
"2025-09-01","7:59:58.685 AM","25.48","97.265","36.278","-0.006","24.94","23.16","23.59","None"
"2025-09-01","7:59:58.931 AM","25.48","97.269","36.284","-0.006","24.93","23.16","23.59","None"
"2025-09-01","7:59:59.185 AM","25.48","97.269","36.284","-0.006","24.93","23.16","23.39","None"
"2025-09-01","7:59:59.443 AM","25.48","97.269","36.284","-0.006","24.93","23.16","23.39","None"
"2025-09-01","7:59:59.717 AM","25.48","97.267","36.273","-0.006","24.965","23.12","23.39","None"
"2025-09-01","7:59:59.990 AM","25.48","97.267","36.273","-0.006","24.965","23.12","23.48","None"
"2025-09-01","8:00:00.238 AM","25.48","97.273","36.279","-0.006","24.995","23.12","23.48","None"
"2025-09-01","8:00:00.481 AM","25.48","97.273","36.279","-0.006","24.995","23.18","23.48","None"
"2025-09-01","8:00:00.731 AM","25.48","97.273","36.279","-0.006","24.995","23.18","23.48","None"
"2025-09-01","8:00:00.981 AM","25.48","97.274","36.296","-0.006","24.885","23.18","23.48","None"
"2025-09-01","8:00:01.272 AM","25.48","97.274","36.296","-0.006","24.885","23.16","23.52","None"
"2025-09-01","8:00:01.516 AM","25.48","97.274","36.296","-0.006","24.885","23.16","23.52","None"
"2025-09-01","8:00:01.769 AM","25.48","97.276","36.284","-0.006","24.9","23.16","23.52","None"
"2025-09-01","8:00:02.017 AM","25.48","97.276","36.284","-0.006","24.9","23.14","23.52","None"
"2025-09-01","8:00:02.269 AM","25.48","97.276","36.284","-0.006","24.9","23.14","23.52","None"
"2025-09-01","8:00:02.522 AM","25.48","97.271","36.29","-0.006","25","23.16","23.52","None"
"2025-09-01","8:00:02.772 AM","25.48","97.271","36.29","-0.006","25","23.16","23.55","None"
"2025-09-01","8:00:03.023 AM","25.48","97.271","36.29","-0.006","25","23.16","23.55","None"
"2025-09-01","8:00:03.283 AM","25.48","97.272","36.278","-0.006","24.94","23.16","23.55","None"
"2025-09-01","8:00:03.532 AM","25.48","97.272","36.278","-0.006","24.94","23.16","23.49","None"
"2025-09-01","8:00:03.781 AM","25.48","97.273","36.278","-0.006","24.93","23.16","23.49","None"
"2025-09-01","8:00:04.034 AM","25.48","97.273","36.278","-0.006","24.93","23.13","23.49","None"
"2025-09-01","8:00:04.292 AM","25.48","97.273","36.278","-0.006","24.93","23.13","23.44","None"
"2025-09-01","8:00:04.542 AM","25.48","97.27","36.272","-0.006","24.975","23.13","23.44","None"
"2025-09-01","8:00:04.803 AM","25.48","97.27","36.272","-0.006","24.975","23.16","23.44","None"
"2025-09-01","8:00:05.047 AM","25.48","97.27","36.272","-0.006","24.975","23.16","23.55","None"
"2025-09-01","8:00:05.306 AM","25.47","97.269","36.284","-0.006","24.945","23.16","23.55","None"
"2025-09-01","8:00:05.588 AM","25.47","97.269","36.284","-0.006","24.945","23.13","23.36","None"
"2025-09-01","8:00:05.806 AM","25.47","97.269","36.284","-0.006","24.945","23.13","23.36","None"
"2025-09-01","8:00:06.068 AM","25.47","97.265","36.284","-0.006","24.835","23.13","23.36","None"
"2025-09-01","8:00:06.311 AM","25.47","97.265","36.284","-0.006","24.835","23.16","23.43","None"
"2025-09-01","8:00:06.554 AM","25.47","97.265","36.284","-0.006","24.835","23.16","23.43","None"
"2025-09-01","8:00:06.818 AM","25.47","97.266","36.272","-0.006","24.98","23.16","23.43","None"
"2025-09-01","8:00:07.073 AM","25.47","97.266","36.272","-0.006","24.98","23.16","23.55","None"
"2025-09-01","8:00:07.322 AM","25.47","97.266","36.272","-0.006","24.98","23.16","23.55","None"
"2025-09-01","8:00:07.571 AM","25.48","97.267","36.284","-0.006","24.925","23.16","23.55","None"
"2025-09-01","8:00:07.823 AM","25.48","97.267","36.284","-0.006","24.925","23.16","23.50","None"
"2025-09-01","8:00:08.080 AM","25.47","97.269","36.289","-0.006","24.925","23.16","23.50","None"
"2025-09-01","8:00:08.336 AM","25.47","97.269","36.289","-0.006","24.92","23.12","23.50","None"
"2025-09-01","8:00:08.586 AM","25.47","97.269","36.289","-0.006","24.92","23.12","23.47","None"
"2025-09-01","8:00:08.836 AM","25.47","97.268","36.289","-0.006","24.88","23.12","23.47","None"
"2025-09-01","8:00:09.088 AM","25.47","97.268","36.289","-0.006","24.88","23.16","23.47","None"
"2025-09-01","8:00:09.340 AM","25.47","97.268","36.289","-0.006","24.88","23.16","23.50","None"
"2025-09-01","8:00:09.584 AM","25.47","97.265","36.284","-0.006","24.925","23.16","23.50","None"
"2025-09-01","8:00:09.876 AM","25.47","97.265","36.284","-0.006","24.925","23.16","23.50","None"
"2025-09-01","8:00:10.094 AM","25.47","97.265","36.284","-0.006","24.925","23.16","23.50","None"
"2025-09-01","8:00:10.349 AM","25.48","97.269","36.289","-0.006","24.905","23.16","23.50","None"
"2025-09-01","8:00:10.592 AM","25.48","97.269","36.289","-0.006","24.905","23.08","23.41","None"
"2025-09-01","8:00:10.844 AM","25.48","97.269","36.289","-0.006","24.905","23.08","23.41","None"
"2025-09-01","8:00:11.098 AM","25.48","97.273","36.284","-0.006","24.915","23.08","23.41","None"
"2025-09-01","8:00:11.346 AM","25.48","97.273","36.284","-0.006","24.915","23.09","23.59","None"
"2025-09-01","8:00:11.596 AM","25.48","97.273","36.284","-0.006","24.915","23.09","23.59","None"
"2025-09-01","8:00:11.855 AM","25.48","97.272","36.284","-0.006","24.925","23.19","23.59","None"
"2025-09-01","8:00:12.107 AM","25.48","97.272","36.284","-0.006","24.925","23.19","23.49","None"
"2025-09-01","8:00:12.359 AM","25.48","97.272","36.284","-0.006","24.925","23.19","23.49","None"
"2025-09-01","8:00:12.614 AM","25.47","97.273","36.278","-0.006","24.95","23.14","23.49","None"
"2025-09-01","8:00:12.867 AM","25.47","97.273","36.278","-0.006","24.95","23.14","23.45","None"
"2025-09-01","8:00:13.109 AM","25.47","97.273","36.278","-0.006","24.95","23.14","23.45","None"
"2025-09-01","8:00:13.358 AM","25.47","97.269","36.278","-0.006","24.895","23.13","23.45","None"
"2025-09-01","8:00:13.609 AM","25.47","97.269","36.278","-0.006","24.895","23.13","23.45","None"
"2025-09-01","8:00:13.856 AM","25.47","97.268","36.289","-0.006","24.93","23.13","23.45","None"
"2025-09-01","8:00:14.217 AM","25.47","97.268","36.289","-0.006","24.93","23.16","23.47","None"
"2025-09-01","8:00:14.442 AM","25.47","97.268","36.289","-0.006","24.93","23.16","23.47","None"
"2025-09-01","8:00:14.688 AM","25.48","97.267","36.307","-0.006","24.955","23.16","23.47","None"
"2025-09-01","8:00:14.939 AM","25.48","97.267","36.307","-0.006","24.955","23.13","23.54","None"
"2025-09-01","8:00:15.205 AM","25.48","97.267","36.307","-0.006","24.955","23.13","23.54","None"
"2025-09-01","8:00:15.470 AM","25.48","97.267","36.29","-0.006","25.01","23.16","23.54","None"
"2025-09-01","8:00:15.719 AM","25.48","97.267","36.29","-0.006","25.01","23.16","23.56","None"
"2025-09-01","8:00:15.968 AM","25.48","97.267","36.29","-0.006","25.01","23.16","23.56","None"
"2025-09-01","8:00:16.233 AM","25.48","97.273","36.284","-0.006","24.97","23.16","23.56","None"
"2025-09-01","8:00:16.487 AM","25.48","97.273","36.284","-0.006","24.97","23.16","23.49","None"
"2025-09-01","8:00:16.733 AM","25.48","97.278","36.284","-0.006","24.85","23.16","23.49","None"
"2025-09-01","8:00:16.984 AM","25.48","97.278","36.284","-0.006","24.85","23.09","23.49","None"
"2025-09-01","8:00:17.241 AM","25.48","97.278","36.284","-0.006","24.85","23.09","23.50","None"
"2025-09-01","8:00:17.492 AM","25.48","97.278","36.29","-0.006","24.96","23.09","23.50","None"
"2025-09-01","8:00:17.736 AM","25.48","97.278","36.29","-0.006","24.96","23.16","23.50","None"
"2025-09-01","8:00:17.995 AM","25.48","97.278","36.29","-0.006","24.96","23.16","23.52","None"
"2025-09-01","8:00:18.266 AM","25.48","97.278","36.284","-0.006","24.905","23.16","23.52","None"
"2025-09-01","8:00:18.569 AM","25.48","97.278","36.284","-0.006","24.905","23.16","23.52","None"
"2025-09-01","8:00:18.789 AM","25.48","97.278","36.284","-0.006","24.905","23.16","23.52","None"
"2025-09-01","8:00:19.054 AM","25.48","97.276","36.279","-0.006","24.955","23.13","23.52","None"
"2025-09-01","8:00:19.309 AM","25.48","97.276","36.279","-0.006","24.955","23.13","23.55","None"
"2025-09-01","8:00:19.562 AM","25.48","97.276","36.279","-0.006","24.955","23.13","23.55","None"
"2025-09-01","8:00:19.803 AM","25.48","97.276","36.279","-0.006","24.98","23.21","23.55","None"
"2025-09-01","8:00:20.069 AM","25.48","97.276","36.279","-0.006","24.98","23.21","23.45","None"
"2025-09-01","8:00:20.319 AM","25.48","97.277","36.284","-0.005","24.965","23.21","23.45","None"
"2025-09-01","8:00:20.568 AM","25.48","97.277","36.284","-0.005","24.965","23.16","23.45","None"
"2025-09-01","8:00:20.822 AM","25.48","97.277","36.284","-0.005","24.965","23.16","23.50","None"
"2025-09-01","8:00:21.075 AM","25.48","97.276","36.279","-0.005","25","23.16","23.50","None"
"2025-09-01","8:00:21.320 AM","25.48","97.276","36.279","-0.005","25","23.09","23.50","None"
"2025-09-01","8:00:21.574 AM","25.48","97.276","36.279","-0.005","25","23.09","23.44","None"
"2025-09-01","8:00:21.818 AM","25.48","97.275","36.284","-0.005","24.915","23.09","23.44","None"
"2025-09-01","8:00:22.086 AM","25.48","97.275","36.284","-0.005","24.915","23.18","23.44","None"
"2025-09-01","8:00:22.321 AM","25.48","97.275","36.284","-0.005","24.915","23.18","23.45","None"
"2025-09-01","8:00:22.572 AM","25.48","97.271","36.29","-0.005","24.96","23.18","23.45","None"
"2025-09-01","8:00:22.871 AM","25.48","97.271","36.29","-0.005","24.96","23.16","23.50","None"
"2025-09-01","8:00:23.111 AM","25.48","97.271","36.29","-0.005","24.96","23.16","23.50","None"
"2025-09-01","8:00:23.379 AM","25.48","97.272","36.285","-0.005","24.945","23.16","23.50","None"
"2025-09-01","8:00:23.639 AM","25.48","97.272","36.285","-0.005","24.945","23.16","23.50","None"
"2025-09-01","8:00:23.878 AM","25.48","97.272","36.285","-0.005","24.945","23.16","23.50","None"
"2025-09-01","8:00:24.147 AM","25.49","97.273","36.273","-0.005","24.93","23.18","23.50","None"
"2025-09-01","8:00:24.393 AM","25.49","97.273","36.273","-0.005","24.93","23.18","23.41","None"
"2025-09-01","8:00:24.639 AM","25.49","97.274","36.279","-0.005","24.94","23.18","23.41","None"
"2025-09-01","8:00:24.908 AM","25.49","97.274","36.279","-0.005","24.94","23.13","23.41","None"
"2025-09-01","8:00:25.156 AM","25.49","97.274","36.279","-0.005","24.94","23.13","23.54","None"
"2025-09-01","8:00:25.416 AM","25.49","97.273","36.279","-0.005","24.94","23.13","23.54","None"
"2025-09-01","8:00:25.665 AM","25.49","97.273","36.279","-0.005","24.94","23.12","23.54","None"
"2025-09-01","8:00:25.907 AM","25.49","97.273","36.279","-0.005","24.94","23.12","23.48","None"
"2025-09-01","8:00:26.171 AM","25.49","97.272","36.268","-0.005","24.98","23.12","23.48","None"
"2025-09-01","8:00:26.427 AM","25.49","97.272","36.268","-0.005","24.98","23.23","23.49","None"
"2025-09-01","8:00:26.670 AM","25.49","97.272","36.268","-0.005","24.98","23.23","23.49","None"
"2025-09-01","8:00:26.923 AM","25.49","97.271","36.262","-0.005","24.99","23.23","23.49","None"
"2025-09-01","8:00:27.217 AM","25.49","97.271","36.262","-0.005","24.99","23.10","23.43","None"
"2025-09-01","8:00:27.439 AM","25.49","97.271","36.262","-0.005","24.99","23.10","23.43","None"
"2025-09-01","8:00:27.708 AM","25.49","97.272","36.268","-0.005","24.95","23.14","23.43","None"
"2025-09-01","8:00:27.961 AM","25.49","97.272","36.268","-0.005","24.95","23.14","23.55","None"
"2025-09-01","8:00:28.216 AM","25.49","97.272","36.268","-0.005","24.95","23.14","23.55","None"
"2025-09-01","8:00:28.474 AM","25.49","97.27","36.279","-0.005","24.945","23.19","23.55","None"
"2025-09-01","8:00:28.711 AM","25.49","97.27","36.279","-0.005","24.945","23.19","23.39","None"
"2025-09-01","8:00:28.982 AM","25.49","97.273","36.256","-0.005","24.935","23.19","23.39","None"
"2025-09-01","8:00:29.226 AM","25.49","97.273","36.256","-0.005","24.935","23.12","23.39","None"
"2025-09-01","8:00:29.483 AM","25.49","97.273","36.256","-0.005","24.935","23.12","23.50","None"
"2025-09-01","8:00:29.751 AM","25.49","97.269","36.268","-0.005","24.9","23.12","23.50","None"
"2025-09-01","8:00:30.002 AM","25.49","97.269","36.268","-0.005","24.9","23.09","23.45","None"
"2025-09-01","8:00:30.261 AM","25.49","97.269","36.268","-0.005","24.9","23.09","23.45","None"
"2025-09-01","8:00:30.506 AM","25.49","97.266","36.262","-0.005","24.98","23.09","23.45","None"
"2025-09-01","8:00:30.749 AM","25.49","97.266","36.262","-0.005","24.98","23.23","23.50","None"
"2025-09-01","8:00:30.997 AM","25.49","97.266","36.262","-0.005","24.98","23.23","23.50","None"
"2025-09-01","8:00:31.290 AM","25.49","97.263","36.273","-0.005","24.98","23.23","23.50","None"
"2025-09-01","8:00:31.558 AM","25.49","97.263","36.273","-0.005","24.98","23.14","23.49","None"
"2025-09-01","8:00:31.783 AM","25.49","97.263","36.273","-0.005","24.98","23.14","23.49","None"
"2025-09-01","8:00:32.048 AM","25.49","97.267","36.273","-0.005","24.935","23.12","23.49","None"
"2025-09-01","8:00:32.308 AM","25.49","97.267","36.273","-0.005","24.935","23.12","23.50","None"
"2025-09-01","8:00:32.551 AM","25.49","97.269","36.262","-0.005","24.95","23.12","23.50","None"
"2025-09-01","8:00:32.814 AM","25.49","97.269","36.262","-0.005","24.95","23.20","23.50","None"
"2025-09-01","8:00:33.062 AM","25.49","97.269","36.262","-0.005","24.95","23.20","23.49","None"
"2025-09-01","8:00:33.316 AM","25.49","97.268","36.268","-0.005","24.9","23.20","23.49","None"
"2025-09-01","8:00:33.586 AM","25.49","97.268","36.268","-0.005","24.9","23.23","23.49","None"
"2025-09-01","8:00:33.847 AM","25.49","97.268","36.268","-0.005","24.9","23.23","23.55","None"
"2025-09-01","8:00:34.079 AM","25.49","97.265","36.262","-0.005","24.97","23.23","23.55","None"
"2025-09-01","8:00:34.343 AM","25.49","97.265","36.262","-0.005","24.97","23.21","23.52","None"
"2025-09-01","8:00:34.595 AM","25.49","97.265","36.262","-0.005","24.97","23.21","23.52","None"
"2025-09-01","8:00:34.847 AM","25.49","97.268","36.268","-0.005","24.915","23.21","23.52","None"
"2025-09-01","8:00:35.093 AM","25.49","97.268","36.268","-0.005","24.915","23.21","23.52","None"
"2025-09-01","8:00:35.343 AM","25.49","97.268","36.268","-0.005","24.915","23.21","23.52","None"
"2025-09-01","8:00:35.635 AM","25.49","97.269","36.274","-0.005","24.975","23.16","23.52","None"
"2025-09-01","8:00:35.856 AM","25.49","97.269","36.274","-0.005","24.975","23.16","23.45","None"
"2025-09-01","8:00:36.099 AM","25.49","97.269","36.274","-0.005","24.975","23.16","23.45","None"
"2025-09-01","8:00:36.355 AM","25.49","97.276","36.274","-0.005","25.005","23.16","23.45","None"
"2025-09-01","8:00:36.598 AM","25.49","97.276","36.274","-0.005","25.005","23.16","23.52","None"
"2025-09-01","8:00:36.859 AM","25.49","97.277","36.262","-0.005","24.91","23.16","23.52","None"
"2025-09-01","8:00:37.113 AM","25.49","97.277","36.262","-0.005","24.91","23.20","23.52","None"
"2025-09-01","8:00:37.374 AM","25.49","97.277","36.262","-0.005","24.91","23.20","23.43","None"
"2025-09-01","8:00:37.612 AM","25.49","97.276","36.279","-0.005","24.955","23.20","23.43","None"
"2025-09-01","8:00:37.858 AM","25.49","97.276","36.279","-0.005","24.955","23.16","23.43","None"
"2025-09-01","8:00:38.112 AM","25.49","97.276","36.279","-0.005","24.955","23.16","23.45","None"
"2025-09-01","8:00:38.370 AM","25.49","97.275","36.267","-0.005","24.96","23.16","23.45","None"
"2025-09-01","8:00:38.614 AM","25.49","97.275","36.267","-0.005","24.96","23.18","23.45","None"
"2025-09-01","8:00:38.878 AM","25.49","97.275","36.267","-0.005","24.96","23.18","23.47","None"
"2025-09-01","8:00:39.131 AM","25.49","97.27","36.267","-0.005","25","23.18","23.47","None"
"2025-09-01","8:00:39.396 AM","25.49","97.27","36.267","-0.005","25","23.18","23.52","None"
"2025-09-01","8:00:39.637 AM","25.49","97.27","36.267","-0.005","25","23.18","23.52","None"
"2025-09-01","8:00:39.955 AM","25.48","97.272","36.262","-0.005","24.98","23.20","23.52","None"
"2025-09-01","8:00:40.185 AM","25.48","97.272","36.262","-0.005","24.98","23.20","23.45","None"
"2025-09-01","8:00:40.443 AM","25.48","97.272","36.262","-0.005","24.98","23.20","23.45","None"
"2025-09-01","8:00:40.687 AM","25.48","97.274","36.267","-0.005","24.94","23.16","23.45","None"
"2025-09-01","8:00:40.934 AM","25.48","97.274","36.267","-0.005","24.94","23.16","23.48","None"
"2025-09-01","8:00:41.187 AM","25.48","97.275","36.261","-0.005","24.895","23.16","23.48","None"
"2025-09-01","8:00:41.438 AM","25.48","97.275","36.261","-0.005","24.895","23.10","23.48","None"
"2025-09-01","8:00:41.692 AM","25.48","97.275","36.261","-0.005","24.895","23.10","23.48","None"
"2025-09-01","8:00:41.972 AM","25.48","97.275","36.261","-0.005","24.99","23.10","23.48","None"
"2025-09-01","8:00:42.206 AM","25.48","97.275","36.261","-0.005","24.99","23.14","23.48","None"
"2025-09-01","8:00:42.479 AM","25.48","97.275","36.261","-0.005","24.99","23.14","23.41","None"
"2025-09-01","8:00:42.743 AM","25.48","97.277","36.267","-0.005","24.98","23.14","23.41","None"
"2025-09-01","8:00:42.985 AM","25.48","97.277","36.267","-0.005","24.98","23.13","23.59","None"
"2025-09-01","8:00:43.241 AM","25.48","97.277","36.267","-0.005","24.98","23.13","23.59","None"
"2025-09-01","8:00:43.491 AM","25.48","97.273","36.273","-0.005","24.98","23.10","23.59","None"
"2025-09-01","8:00:43.732 AM","25.48","97.273","36.273","-0.005","24.98","23.10","23.49","None"
"2025-09-01","8:00:43.985 AM","25.48","97.273","36.273","-0.005","24.98","23.10","23.49","None"
"2025-09-01","8:00:44.292 AM","25.48","97.274","36.267","-0.005","24.955","23.18","23.49","None"
"2025-09-01","8:00:44.519 AM","25.48","97.274","36.267","-0.005","24.955","23.18","23.45","None"
"2025-09-01","8:00:44.770 AM","25.48","97.278","36.261","-0.005","24.93","23.18","23.45","None"
"2025-09-01","8:00:45.018 AM","25.48","97.278","36.261","-0.005","24.93","23.12","23.45","None"
"2025-09-01","8:00:45.273 AM","25.48","97.278","36.261","-0.005","24.93","23.12","23.47","None"
"2025-09-01","8:00:45.552 AM","25.48","97.278","36.267","-0.005","25","23.12","23.47","None"
"2025-09-01","8:00:45.782 AM","25.48","97.278","36.267","-0.005","25","23.09","23.47","None"
"2025-09-01","8:00:46.058 AM","25.48","97.278","36.267","-0.005","25","23.09","23.44","None"
"2025-09-01","8:00:46.307 AM","25.48","97.276","36.267","-0.005","25","23.09","23.44","None"
"2025-09-01","8:00:46.555 AM","25.48","97.276","36.267","-0.005","25","23.16","23.49","None"
"2025-09-01","8:00:46.816 AM","25.48","97.276","36.267","-0.005","25","23.16","23.49","None"
"2025-09-01","8:00:47.080 AM","25.48","97.278","36.261","-0.005","25","23.16","23.49","None"
"2025-09-01","8:00:47.308 AM","25.48","97.278","36.261","-0.005","25","23.16","23.47","None"
"2025-09-01","8:00:47.583 AM","25.48","97.278","36.261","-0.005","25","23.16","23.47","None"
"2025-09-01","8:00:47.851 AM","25.49","97.278","36.267","-0.005","24.95","23.13","23.47","None"
"2025-09-01","8:00:48.082 AM","25.49","97.278","36.267","-0.005","24.95","23.13","23.52","None"
"2025-09-01","8:00:48.349 AM","25.49","97.278","36.267","-0.005","24.95","23.13","23.52","None"
"2025-09-01","8:00:48.646 AM","25.48","97.28","36.262","-0.005","24.94","23.16","23.52","None"
"2025-09-01","8:00:48.859 AM","25.48","97.28","36.262","-0.005","24.94","23.16","23.52","None"
"2025-09-01","8:00:49.126 AM","25.48","97.276","36.279","-0.005","24.94","23.16","23.52","None"
"2025-09-01","8:00:49.376 AM","25.48","97.276","36.279","-0.005","24.94","23.18","23.52","None"
"2025-09-01","8:00:49.622 AM","25.48","97.276","36.279","-0.005","24.94","23.18","23.50","None"
"2025-09-01","8:00:49.871 AM","25.48","97.27","36.273","-0.005","24.96","23.18","23.50","None"
"2025-09-01","8:00:50.124 AM","25.48","97.27","36.273","-0.005","24.96","23.09","23.48","None"
"2025-09-01","8:00:50.375 AM","25.48","97.27","36.273","-0.005","24.96","23.09","23.48","None"
"2025-09-01","8:00:50.638 AM","25.49","97.27","36.267","-0.005","25.015","23.09","23.48","None"
"2025-09-01","8:00:50.886 AM","25.49","97.27","36.267","-0.005","25.015","23.21","23.58","None"
"2025-09-01","8:00:51.134 AM","25.49","97.27","36.267","-0.005","25.015","23.21","23.58","None"
"2025-09-01","8:00:51.389 AM","25.49","97.268","36.268","-0.005","24.94","23.21","23.58","None"
"2025-09-01","8:00:51.647 AM","25.49","97.268","36.268","-0.005","24.94","23.16","23.58","None"
"2025-09-01","8:00:51.889 AM","25.49","97.268","36.268","-0.005","24.94","23.16","23.58","None"
"2025-09-01","8:00:52.149 AM","25.49","97.267","36.279","-0.005","25.005","23.09","23.58","None"
"2025-09-01","8:00:52.399 AM","25.49","97.267","36.279","-0.005","25.005","23.09","23.50","None"
"2025-09-01","8:00:52.687 AM","25.49","97.267","36.279","-0.005","25.005","23.09","23.50","None"
"2025-09-01","8:00:52.906 AM","25.49","97.266","36.262","-0.005","24.915","23.14","23.50","None"
"2025-09-01","8:00:53.153 AM","25.49","97.266","36.262","-0.005","24.915","23.14","23.47","None"
"2025-09-01","8:00:53.413 AM","25.48","97.263","36.267","-0.005","24.955","23.14","23.47","None"
"2025-09-01","8:00:53.661 AM","25.48","97.263","36.267","-0.005","24.955","23.21","23.47","None"
"2025-09-01","8:00:53.906 AM","25.48","97.263","36.267","-0.005","24.955","23.21","23.52","None"
"2025-09-01","8:00:54.158 AM","25.48","97.266","36.261","-0.005","25.025","23.21","23.52","None"
"2025-09-01","8:00:54.408 AM","25.48","97.266","36.261","-0.005","25.025","23.16","23.52","None"
"2025-09-01","8:00:54.675 AM","25.48","97.266","36.261","-0.005","25.025","23.16","23.47","None"
"2025-09-01","8:00:54.909 AM","25.48","97.265","36.261","-0.005","24.92","23.16","23.47","None"
"2025-09-01","8:00:55.186 AM","25.48","97.265","36.261","-0.005","24.92","23.19","23.52","None"
"2025-09-01","8:00:55.449 AM","25.48","97.265","36.261","-0.005","24.92","23.19","23.52","None"
"2025-09-01","8:00:55.683 AM","25.48","97.267","36.261","-0.005","24.95","23.19","23.52","None"
"2025-09-01","8:00:55.939 AM","25.48","97.267","36.261","-0.005","24.95","23.20","23.50","None"
"2025-09-01","8:00:56.178 AM","25.48","97.267","36.261","-0.005","24.95","23.20","23.50","None"
"2025-09-01","8:00:56.453 AM","25.48","97.274","36.284","-0.005","24.995","23.09","23.50","None"
"2025-09-01","8:00:56.719 AM","25.48","97.274","36.284","-0.005","24.995","23.09","23.45","None"
"2025-09-01","8:00:57.025 AM","25.48","97.267","36.255","-0.005","24.995","23.09","23.45","None"
"2025-09-01","8:00:57.251 AM","25.48","97.267","36.255","-0.005","24.995","23.16","23.45","None"
"2025-09-01","8:00:57.491 AM","25.48","97.267","36.255","-0.005","24.995","23.16","23.55","None"
"2025-09-01","8:00:57.745 AM","25.48","97.268","36.261","-0.005","24.98","23.16","23.55","None"
"2025-09-01","8:00:57.996 AM","25.48","97.268","36.261","-0.005","24.98","23.16","23.55","None"
"2025-09-01","8:00:58.244 AM","25.48","97.268","36.261","-0.005","24.98","23.16","23.48","None"
"2025-09-01","8:00:58.492 AM","25.48","97.269","36.267","-0.005","24.965","23.16","23.48","None"
"2025-09-01","8:00:58.748 AM","25.48","97.269","36.267","-0.005","24.965","23.16","23.43","None"
"2025-09-01","8:00:59.005 AM","25.48","97.269","36.267","-0.005","24.965","23.16","23.43","None"
"2025-09-01","8:00:59.257 AM","25.48","97.269","36.278","-0.005","24.985","23.16","23.43","None"
"2025-09-01","8:00:59.527 AM","25.48","97.269","36.278","-0.005","24.985","23.12","23.56","None"
"2025-09-01","8:00:59.784 AM","25.48","97.269","36.278","-0.005","24.985","23.12","23.56","None"
"2025-09-01","8:01:00.042 AM","25.47","97.267","36.272","-0.005","24.92","23.14","23.56","None"
"2025-09-01","8:01:00.289 AM","25.47","97.267","36.272","-0.005","24.92","23.14","23.52","None"
"2025-09-01","8:01:00.541 AM","25.47","97.267","36.272","-0.005","24.92","23.14","23.52","None"
"2025-09-01","8:01:00.792 AM","25.48","97.268","36.272","-0.005","24.945","23.14","23.52","None"
"2025-09-01","8:01:01.073 AM","25.48","97.268","36.272","-0.005","24.945","23.14","23.48","None"
"2025-09-01","8:01:01.297 AM","25.48","97.272","36.272","-0.005","24.97","23.14","23.48","None"
"2025-09-01","8:01:01.559 AM","25.48","97.272","36.272","-0.005","24.97","23.16","23.48","None"
"2025-09-01","8:01:01.810 AM","25.48","97.272","36.272","-0.005","24.97","23.16","23.49","None"
"2025-09-01","8:01:02.063 AM","25.47","97.276","36.272","-0.004","24.97","23.16","23.49","None"
"2025-09-01","8:01:02.314 AM","25.47","97.276","36.272","-0.004","24.97","23.12","23.49","None"
"2025-09-01","8:01:02.559 AM","25.47","97.276","36.272","-0.004","24.97","23.12","23.43","None"
"2025-09-01","8:01:02.812 AM","25.47","97.278","36.272","-0.004","25.03","23.12","23.43","None"
"2025-09-01","8:01:03.058 AM","25.47","97.278","36.272","-0.004","25.03","23.05","23.47","None"
"2025-09-01","8:01:03.311 AM","25.47","97.278","36.272","-0.004","25.03","23.05","23.47","None"
"2025-09-01","8:01:03.567 AM","25.47","97.274","36.272","-0.004","24.94","23.05","23.47","None"
"2025-09-01","8:01:03.823 AM","25.47","97.274","36.272","-0.004","24.94","23.12","23.41","None"
"2025-09-01","8:01:04.076 AM","25.47","97.274","36.272","-0.004","24.94","23.12","23.41","None"
"2025-09-01","8:01:04.325 AM","25.47","97.274","36.278","-0.004","25.015","23.12","23.41","None"
"2025-09-01","8:01:04.576 AM","25.47","97.274","36.278","-0.004","25.015","23.18","23.41","None"
"2025-09-01","8:01:04.831 AM","25.47","97.274","36.278","-0.004","25.015","23.18","23.41","None"
"2025-09-01","8:01:05.075 AM","25.47","97.274","36.289","-0.005","24.985","23.16","23.41","None"
"2025-09-01","8:01:05.364 AM","25.47","97.274","36.289","-0.005","24.985","23.16","23.52","None"
"2025-09-01","8:01:05.585 AM","25.47","97.274","36.289","-0.005","24.985","23.16","23.52","None"
"2025-09-01","8:01:05.831 AM","25.47","97.274","36.283","-0.004","25.005","23.14","23.52","None"
"2025-09-01","8:01:06.093 AM","25.47","97.274","36.283","-0.004","25.005","23.14","23.52","None"
"2025-09-01","8:01:06.363 AM","25.47","97.272","36.283","-0.004","24.96","23.14","23.52","None"
"2025-09-01","8:01:06.625 AM","25.47","97.272","36.283","-0.004","24.96","23.14","23.52","None"
"2025-09-01","8:01:06.876 AM","25.47","97.272","36.283","-0.004","24.96","23.14","23.52","None"
"2025-09-01","8:01:07.125 AM","25.47","97.27","36.283","-0.005","25.005","23.14","23.52","None"
"2025-09-01","8:01:07.382 AM","25.47","97.27","36.283","-0.005","25.005","23.16","23.49","None"
"2025-09-01","8:01:07.630 AM","25.47","97.27","36.283","-0.005","25.005","23.16","23.49","None"
"2025-09-01","8:01:07.885 AM","25.47","97.274","36.278","-0.004","24.965","23.16","23.49","None"
"2025-09-01","8:01:08.133 AM","25.47","97.274","36.278","-0.004","24.965","23.07","23.52","None"
"2025-09-01","8:01:08.383 AM","25.47","97.274","36.278","-0.004","24.965","23.07","23.52","None"
"2025-09-01","8:01:08.631 AM","25.47","97.276","36.284","-0.004","24.985","23.07","23.52","None"
"2025-09-01","8:01:08.882 AM","25.47","97.276","36.284","-0.004","24.985","23.16","23.49","None"
"2025-09-01","8:01:09.130 AM","25.47","97.276","36.284","-0.004","24.985","23.16","23.49","None"
"2025-09-01","8:01:09.383 AM","25.47","97.275","36.283","-0.004","24.97","23.12","23.49","None"
"2025-09-01","8:01:09.667 AM","25.47","97.275","36.283","-0.004","24.97","23.12","23.50","None"
"2025-09-01","8:01:09.901 AM","25.47","97.275","36.283","-0.004","24.97","23.12","23.50","None"
"2025-09-01","8:01:10.160 AM","25.47","97.277","36.301","-0.004","25","23.16","23.50","None"
"2025-09-01","8:01:10.414 AM","25.47","97.277","36.301","-0.004","25","23.16","23.52","None"
"2025-09-01","8:01:10.666 AM","25.47","97.274","36.295","-0.004","24.935","23.16","23.52","None"
"2025-09-01","8:01:10.920 AM","25.47","97.274","36.295","-0.004","24.935","23.18","23.52","None"
"2025-09-01","8:01:11.160 AM","25.47","97.274","36.295","-0.004","24.935","23.18","23.47","None"
"2025-09-01","8:01:11.413 AM","25.48","97.275","36.289","-0.004","25.015","23.18","23.47","None"
"2025-09-01","8:01:11.664 AM","25.48","97.275","36.289","-0.004","25.015","23.19","23.47","None"
"2025-09-01","8:01:11.912 AM","25.48","97.275","36.289","-0.004","25.015","23.19","23.52","None"
"2025-09-01","8:01:12.167 AM","25.48","97.269","36.278","-0.004","24.99","23.19","23.52","None"
"2025-09-01","8:01:12.423 AM","25.48","97.269","36.278","-0.004","24.99","23.14","23.58","None"
"2025-09-01","8:01:12.681 AM","25.48","97.269","36.278","-0.004","24.99","23.14","23.58","None"
"2025-09-01","8:01:12.927 AM","25.47","97.269","36.284","-0.004","24.96","23.14","23.58","None"
"2025-09-01","8:01:13.177 AM","25.47","97.269","36.284","-0.004","24.96","23.14","23.54","None"
"2025-09-01","8:01:13.434 AM","25.47","97.269","36.284","-0.004","24.96","23.14","23.54","None"
"2025-09-01","8:01:13.720 AM","25.48","97.267","36.295","-0.004","25","23.21","23.54","None"
"2025-09-01","8:01:13.942 AM","25.48","97.267","36.295","-0.004","25","23.21","23.52","None"
"2025-09-01","8:01:14.193 AM","25.48","97.267","36.295","-0.004","25","23.21","23.52","None"
"2025-09-01","8:01:14.452 AM","25.48","97.268","36.278","-0.004","25.04","23.10","23.52","None"
"2025-09-01","8:01:14.700 AM","25.48","97.268","36.278","-0.004","25.04","23.10","23.45","None"
"2025-09-01","8:01:14.950 AM","25.48","97.267","36.272","-0.004","24.985","23.10","23.45","None"
"2025-09-01","8:01:15.196 AM","25.48","97.267","36.272","-0.004","24.985","23.20","23.45","None"
"2025-09-01","8:01:15.452 AM","25.48","97.267","36.272","-0.004","24.985","23.20","23.43","None"
"2025-09-01","8:01:15.700 AM","25.48","97.269","36.278","-0.004","24.97","23.20","23.43","None"
"2025-09-01","8:01:15.953 AM","25.48","97.269","36.278","-0.004","24.97","23.10","23.43","None"
"2025-09-01","8:01:16.202 AM","25.48","97.269","36.278","-0.004","24.97","23.10","23.52","None"
"2025-09-01","8:01:16.459 AM","25.48","97.276","36.278","-0.004","24.97","23.10","23.52","None"
"2025-09-01","8:01:16.720 AM","25.48","97.276","36.278","-0.004","24.97","23.19","23.52","None"
"2025-09-01","8:01:16.964 AM","25.48","97.276","36.278","-0.004","24.97","23.19","23.52","None"
"2025-09-01","8:01:17.215 AM","25.48","97.275","36.278","-0.004","24.98","23.19","23.52","None"
"2025-09-01","8:01:17.467 AM","25.48","97.275","36.278","-0.004","24.98","23.10","23.43","None"
"2025-09-01","8:01:17.723 AM","25.48","97.275","36.278","-0.004","24.98","23.10","23.43","None"
"2025-09-01","8:01:18.005 AM","25.47","97.281","36.278","-0.004","24.995","23.10","23.43","None"
"2025-09-01","8:01:18.228 AM","25.47","97.281","36.278","-0.004","24.995","23.20","23.39","None"
"2025-09-01","8:01:18.473 AM","25.47","97.281","36.278","-0.004","24.995","23.20","23.39","None"
"2025-09-01","8:01:18.725 AM","25.47","97.279","36.277","-0.004","24.995","23.10","23.39","None"
"2025-09-01","8:01:18.974 AM","25.47","97.279","36.277","-0.004","24.995","23.10","23.41","None"
"2025-09-01","8:01:19.229 AM","25.47","97.279","36.277","-0.004","24.995","23.10","23.41","None"
"2025-09-01","8:01:19.472 AM","25.47","97.282","36.277","-0.004","24.98","23.08","23.41","None"
"2025-09-01","8:01:19.731 AM","25.47","97.282","36.277","-0.004","24.98","23.08","23.52","None"
"2025-09-01","8:01:19.989 AM","25.47","97.284","36.289","-0.004","25.035","23.08","23.52","None"
"2025-09-01","8:01:20.235 AM","25.47","97.284","36.289","-0.004","25.035","23.16","23.52","None"
"2025-09-01","8:01:20.493 AM","25.47","97.284","36.289","-0.004","25.035","23.16","23.48","None"
"2025-09-01","8:01:20.737 AM","25.47","97.282","36.277","-0.004","24.98","23.16","23.48","None"
"2025-09-01","8:01:20.988 AM","25.47","97.282","36.277","-0.004","24.98","23.10","23.48","None"
"2025-09-01","8:01:21.237 AM","25.47","97.282","36.277","-0.004","24.98","23.10","23.43","None"
"2025-09-01","8:01:21.492 AM","25.47","97.282","36.294","-0.004","25.05","23.10","23.43","None"
"2025-09-01","8:01:21.743 AM","25.47","97.282","36.294","-0.004","25.05","23.07","23.43","None"
"2025-09-01","8:01:21.992 AM","25.47","97.282","36.294","-0.004","25.05","23.07","23.45","None"
"2025-09-01","8:01:22.275 AM","25.47","97.279","36.294","-0.004","24.98","23.07","23.45","None"
"2025-09-01","8:01:22.498 AM","25.47","97.279","36.294","-0.004","24.98","23.16","23.49","None"
"2025-09-01","8:01:22.746 AM","25.47","97.279","36.294","-0.004","24.98","23.16","23.49","None"
"2025-09-01","8:01:22.992 AM","25.47","97.278","36.294","-0.004","24.98","23.16","23.49","None"
"2025-09-01","8:01:23.240 AM","25.47","97.278","36.294","-0.004","24.98","23.10","23.47","None"
"2025-09-01","8:01:23.508 AM","25.47","97.278","36.294","-0.004","24.98","23.10","23.47","None"
"2025-09-01","8:01:23.760 AM","25.47","97.279","36.294","-0.004","25.015","23.18","23.47","None"
"2025-09-01","8:01:24.005 AM","25.47","97.279","36.294","-0.004","25.015","23.18","23.49","None"
"2025-09-01","8:01:24.257 AM","25.47","97.279","36.294","-0.004","25.015","23.18","23.49","None"
"2025-09-01","8:01:24.505 AM","25.47","97.278","36.289","-0.004","25.025","23.16","23.49","None"
"2025-09-01","8:01:24.759 AM","25.47","97.278","36.289","-0.004","25.025","23.16","23.49","None"
"2025-09-01","8:01:25.015 AM","25.47","97.278","36.289","-0.004","25.025","23.16","23.49","None"
"2025-09-01","8:01:25.262 AM","25.47","97.276","36.283","-0.004","25","23.16","23.49","None"
"2025-09-01","8:01:25.507 AM","25.47","97.276","36.283","-0.004","25","23.16","23.45","None"
"2025-09-01","8:01:25.769 AM","25.47","97.274","36.289","-0.004","24.915","23.16","23.45","None"
"2025-09-01","8:01:26.041 AM","25.47","97.274","36.289","-0.004","24.915","23.16","23.45","None"
"2025-09-01","8:01:26.306 AM","25.47","97.274","36.289","-0.004","24.915","23.16","23.55","None"
"2025-09-01","8:01:26.622 AM","25.47","97.274","36.294","-0.004","24.905","23.16","23.55","None"
"2025-09-01","8:01:26.832 AM","25.47","97.274","36.294","-0.004","24.905","23.20","23.50","None"
"2025-09-01","8:01:27.103 AM","25.47","97.274","36.294","-0.004","24.905","23.20","23.50","None"
"2025-09-01","8:01:27.363 AM","25.47","97.271","36.288","-0.004","24.895","23.13","23.50","None"
"2025-09-01","8:01:27.617 AM","25.47","97.271","36.288","-0.004","24.895","23.13","23.41","None"
"2025-09-01","8:01:27.872 AM","25.47","97.271","36.288","-0.004","24.895","23.13","23.41","None"
"2025-09-01","8:01:28.112 AM","25.47","97.271","36.289","-0.004","24.995","23.12","23.41","None"
"2025-09-01","8:01:28.362 AM","25.47","97.271","36.289","-0.004","24.995","23.12","23.45","None"
"2025-09-01","8:01:28.619 AM","25.47","97.272","36.295","-0.004","25","23.12","23.45","None"
"2025-09-01","8:01:28.878 AM","25.47","97.272","36.295","-0.004","25","23.16","23.45","None"
"2025-09-01","8:01:29.125 AM","25.47","97.272","36.295","-0.004","25","23.16","23.41","None"
"2025-09-01","8:01:29.376 AM","25.47","97.272","36.289","-0.004","24.95","23.16","23.41","None"
"2025-09-01","8:01:29.637 AM","25.47","97.272","36.289","-0.004","24.95","23.16","23.41","None"
"2025-09-01","8:01:29.888 AM","25.47","97.272","36.289","-0.004","24.95","23.16","23.48","None"
"2025-09-01","8:01:30.129 AM","25.47","97.272","36.301","-0.004","24.98","23.16","23.48","None"
"2025-09-01","8:01:30.380 AM","25.47","97.272","36.301","-0.004","24.98","23.07","23.45","None"
"2025-09-01","8:01:30.630 AM","25.47","97.272","36.301","-0.004","24.98","23.07","23.45","None"
"2025-09-01","8:01:30.916 AM","25.47","97.272","36.295","-0.004","25.02","23.07","23.45","None"
"2025-09-01","8:01:31.135 AM","25.47","97.272","36.295","-0.004","25.02","23.16","23.45","None"
"2025-09-01","8:01:31.385 AM","25.47","97.272","36.295","-0.004","25.02","23.16","23.45","None"
"2025-09-01","8:01:31.633 AM","25.47","97.272","36.295","-0.004","24.985","23.16","23.45","None"
"2025-09-01","8:01:31.880 AM","25.47","97.272","36.295","-0.004","24.985","23.19","23.39","None"
"2025-09-01","8:01:32.145 AM","25.47","97.272","36.295","-0.004","24.985","23.19","23.39","None"
"2025-09-01","8:01:32.398 AM","25.47","97.27","36.295","-0.004","25","23.10","23.39","None"
"2025-09-01","8:01:32.649 AM","25.47","97.27","36.295","-0.004","25","23.10","23.41","None"
"2025-09-01","8:01:32.899 AM","25.47","97.27","36.295","-0.004","25","23.10","23.41","None"
"2025-09-01","8:01:33.147 AM","25.47","97.271","36.289","-0.004","24.985","23.16","23.41","None"
"2025-09-01","8:01:33.403 AM","25.47","97.271","36.289","-0.004","24.985","23.16","23.47","None"
"2025-09-01","8:01:33.648 AM","25.47","97.269","36.295","-0.004","24.975","23.16","23.47","None"
"2025-09-01","8:01:33.898 AM","25.47","97.269","36.295","-0.004","24.975","23.20","23.47","None"
"2025-09-01","8:01:34.146 AM","25.47","97.269","36.295","-0.004","24.975","23.20","23.48","None"
"2025-09-01","8:01:34.407 AM","25.47","97.273","36.284","-0.004","25.05","23.20","23.48","None"
"2025-09-01","8:01:34.671 AM","25.47","97.273","36.284","-0.004","25.05","23.16","23.48","None"
"2025-09-01","8:01:34.912 AM","25.47","97.273","36.284","-0.004","25.05","23.16","23.48","None"
"2025-09-01","8:01:35.206 AM","25.48","97.278","36.284","-0.004","24.93","23.16","23.48","None"
"2025-09-01","8:01:35.427 AM","25.48","97.278","36.284","-0.004","24.93","23.20","23.47","None"
"2025-09-01","8:01:35.709 AM","25.48","97.278","36.284","-0.004","24.93","23.20","23.47","None"
"2025-09-01","8:01:35.937 AM","25.48","97.27","36.295","-0.004","24.98","23.20","23.47","None"
"2025-09-01","8:01:36.202 AM","25.48","97.27","36.295","-0.004","24.98","23.14","23.50","None"
"2025-09-01","8:01:36.441 AM","25.48","97.27","36.295","-0.004","24.98","23.14","23.50","None"
"2025-09-01","8:01:36.698 AM","25.48","97.272","36.284","-0.004","24.98","23.14","23.50","None"
"2025-09-01","8:01:36.948 AM","25.48","97.272","36.284","-0.004","24.98","23.14","23.39","None"
"2025-09-01","8:01:37.201 AM","25.48","97.272","36.284","-0.004","24.98","23.14","23.39","None"
"2025-09-01","8:01:37.466 AM","25.48","97.271","36.307","-0.004","25.005","23.12","23.39","None"
"2025-09-01","8:01:37.718 AM","25.48","97.271","36.307","-0.004","25.005","23.12","23.43","None"
"2025-09-01","8:01:37.970 AM","25.48","97.273","36.295","-0.004","24.95","23.12","23.43","None"
"2025-09-01","8:01:38.223 AM","25.48","97.273","36.295","-0.004","24.95","23.13","23.43","None"
"2025-09-01","8:01:38.467 AM","25.48","97.273","36.295","-0.004","24.95","23.13","23.58","None"
"2025-09-01","8:01:38.715 AM","25.48","97.267","36.296","-0.004","25.01","23.13","23.58","None"
"2025-09-01","8:01:38.968 AM","25.48","97.267","36.296","-0.004","25.01","23.20","23.58","None"
"2025-09-01","8:01:39.217 AM","25.48","97.267","36.296","-0.004","25.01","23.20","23.50","None"
"2025-09-01","8:01:39.504 AM","25.48","97.266","36.284","-0.004","24.98","23.20","23.50","None"
"2025-09-01","8:01:39.725 AM","25.48","97.266","36.284","-0.004","24.98","23.08","23.50","None"
"2025-09-01","8:01:39.982 AM","25.48","97.266","36.284","-0.004","24.98","23.08","23.50","None"
"2025-09-01","8:01:40.237 AM","25.48","97.271","36.284","-0.004","25.04","23.08","23.50","None"
"2025-09-01","8:01:40.488 AM","25.48","97.271","36.284","-0.004","25.04","23.18","23.43","None"
"2025-09-01","8:01:40.735 AM","25.48","97.271","36.284","-0.004","25.04","23.18","23.43","None"
"2025-09-01","8:01:40.980 AM","25.48","97.272","36.284","-0.004","25.015","23.18","23.43","None"
"2025-09-01","8:01:41.238 AM","25.48","97.272","36.284","-0.004","25.015","23.08","23.55","None"
"2025-09-01","8:01:41.487 AM","25.48","97.272","36.284","-0.004","25.015","23.08","23.55","None"
"2025-09-01","8:01:41.741 AM","25.48","97.275","36.296","-0.004","25.005","23.09","23.55","None"
"2025-09-01","8:01:41.986 AM","25.48","97.275","36.296","-0.004","25.005","23.09","23.44","None"
"2025-09-01","8:01:42.238 AM","25.48","97.275","36.296","-0.004","25.005","23.09","23.44","None"
"2025-09-01","8:01:42.489 AM","25.48","97.275","36.284","-0.004","25.03","23.09","23.44","None"
"2025-09-01","8:01:42.746 AM","25.48","97.275","36.284","-0.004","25.03","23.09","23.49","None"
"2025-09-01","8:01:43.007 AM","25.48","97.273","36.302","-0.004","25.04","23.09","23.49","None"
"2025-09-01","8:01:43.251 AM","25.48","97.273","36.302","-0.004","25.04","23.13","23.49","None"
"2025-09-01","8:01:43.541 AM","25.48","97.273","36.302","-0.004","25.04","23.13","23.47","None"
"2025-09-01","8:01:43.761 AM","25.48","97.27","36.284","-0.004","25","23.13","23.47","None"
"2025-09-01","8:01:44.019 AM","25.48","97.27","36.284","-0.004","25","23.12","23.47","None"
"2025-09-01","8:01:44.275 AM","25.48","97.27","36.284","-0.004","25","23.12","23.47","None"
"2025-09-01","8:01:44.527 AM","25.48","97.27","36.284","-0.004","24.95","23.12","23.47","None"
"2025-09-01","8:01:44.772 AM","25.48","97.27","36.284","-0.004","24.95","23.16","23.47","None"
"2025-09-01","8:01:45.022 AM","25.48","97.27","36.284","-0.004","24.95","23.16","23.47","None"
"2025-09-01","8:01:45.275 AM","25.48","97.267","36.29","-0.004","24.985","23.16","23.47","None"
"2025-09-01","8:01:45.525 AM","25.48","97.267","36.29","-0.004","24.985","23.10","23.48","None"
"2025-09-01","8:01:45.776 AM","25.48","97.267","36.29","-0.004","24.985","23.10","23.48","None"
"2025-09-01","8:01:46.024 AM","25.48","97.27","36.284","-0.004","25.03","23.10","23.48","None"
"2025-09-01","8:01:46.273 AM","25.48","97.27","36.284","-0.004","25.03","23.10","23.50","None"
"2025-09-01","8:01:46.523 AM","25.48","97.27","36.284","-0.004","25.03","23.10","23.50","None"
"2025-09-01","8:01:46.774 AM","25.48","97.271","36.29","-0.004","25.035","23.10","23.50","None"
"2025-09-01","8:01:47.046 AM","25.48","97.271","36.29","-0.004","25.035","23.10","23.44","None"
"2025-09-01","8:01:47.292 AM","25.48","97.271","36.29","-0.004","25.035","23.10","23.44","None"
"2025-09-01","8:01:47.542 AM","25.48","97.273","36.278","-0.004","25.025","23.16","23.44","None"
"2025-09-01","8:01:47.825 AM","25.48","97.273","36.278","-0.004","25.025","23.16","23.56","None"
"2025-09-01","8:01:48.048 AM","25.48","97.276","36.284","-0.004","24.945","23.16","23.56","None"
"2025-09-01","8:01:48.295 AM","25.48","97.276","36.284","-0.004","24.945","23.16","23.56","None"
"2025-09-01","8:01:48.554 AM","25.48","97.276","36.284","-0.004","24.945","23.16","23.52","None"
"2025-09-01","8:01:48.813 AM","25.48","97.28","36.284","-0.004","25.04","23.16","23.52","None"
"2025-09-01","8:01:49.057 AM","25.48","97.28","36.284","-0.004","25.04","23.16","23.52","None"
"2025-09-01","8:01:49.310 AM","25.48","97.28","36.284","-0.004","25.04","23.16","23.41","None"
"2025-09-01","8:01:49.559 AM","25.48","97.28","36.284","-0.004","25.085","23.16","23.41","None"
"2025-09-01","8:01:49.810 AM","25.48","97.28","36.284","-0.004","25.085","23.23","23.43","None"
"2025-09-01","8:01:50.062 AM","25.48","97.28","36.284","-0.004","25.085","23.23","23.43","None"
"2025-09-01","8:01:50.311 AM","25.48","97.279","36.284","-0.004","24.995","23.23","23.43","None"
"2025-09-01","8:01:50.560 AM","25.48","97.279","36.284","-0.004","24.995","23.13","23.50","None"
"2025-09-01","8:01:50.808 AM","25.48","97.279","36.284","-0.004","24.995","23.13","23.50","None"
"2025-09-01","8:01:51.060 AM","25.48","97.276","36.267","-0.004","25.04","23.13","23.50","None"
"2025-09-01","8:01:51.322 AM","25.48","97.276","36.267","-0.004","25.04","23.12","23.52","None"
"2025-09-01","8:01:51.577 AM","25.48","97.276","36.267","-0.004","25.04","23.12","23.52","None"
"2025-09-01","8:01:51.826 AM","25.48","97.27","36.279","-0.004","24.955","23.13","23.52","None"
"2025-09-01","8:01:52.114 AM","25.48","97.27","36.279","-0.004","24.955","23.13","23.45","None"
"2025-09-01","8:01:52.334 AM","25.48","97.27","36.279","-0.004","24.955","23.13","23.45","None"
"2025-09-01","8:01:52.581 AM","25.48","97.269","36.284","-0.004","24.915","23.14","23.45","None"
"2025-09-01","8:01:52.829 AM","25.48","97.269","36.284","-0.004","24.915","23.14","23.45","None"
"2025-09-01","8:01:53.082 AM","25.48","97.267","36.279","-0.004","25.02","23.14","23.45","None"
"2025-09-01","8:01:53.332 AM","25.48","97.267","36.279","-0.004","25.02","23.10","23.45","None"
"2025-09-01","8:01:53.580 AM","25.48","97.267","36.279","-0.004","25.02","23.10","23.45","None"
"2025-09-01","8:01:53.829 AM","25.48","97.263","36.273","-0.004","25.045","23.10","23.45","None"
"2025-09-01","8:01:54.087 AM","25.48","97.263","36.273","-0.004","25.045","23.13","23.45","None"
"2025-09-01","8:01:54.363 AM","25.48","97.263","36.273","-0.004","25.045","23.13","23.45","None"
"2025-09-01","8:01:54.625 AM","25.48","97.267","36.273","-0.004","25.05","23.13","23.45","None"
"2025-09-01","8:01:54.894 AM","25.48","97.267","36.273","-0.004","25.05","23.07","23.49","None"
"2025-09-01","8:01:55.165 AM","25.48","97.267","36.273","-0.004","25.05","23.07","23.49","None"
"2025-09-01","8:01:55.416 AM","25.48","97.275","36.273","-0.004","24.985","23.08","23.49","None"
"2025-09-01","8:01:55.665 AM","25.48","97.275","36.273","-0.004","24.985","23.08","23.55","None"
"2025-09-01","8:01:55.912 AM","25.48","97.275","36.273","-0.004","24.985","23.08","23.55","None"
"2025-09-01","8:01:56.188 AM","25.48","97.271","36.267","-0.004","25.005","23.16","23.55","None"
"2025-09-01","8:01:56.497 AM","25.48","97.271","36.267","-0.004","25.005","23.16","23.47","None"
"2025-09-01","8:01:56.718 AM","25.48","97.274","36.273","-0.004","24.995","23.16","23.47","None"
"2025-09-01","8:01:56.966 AM","25.48","97.274","36.273","-0.004","24.995","23.10","23.47","None"
"2025-09-01","8:01:57.215 AM","25.48","97.274","36.273","-0.004","24.995","23.10","23.49","None"
"2025-09-01","8:01:57.471 AM","25.48","97.275","36.279","-0.004","25.03","23.10","23.49","None"
"2025-09-01","8:01:57.716 AM","25.48","97.275","36.279","-0.004","25.03","23.16","23.50","None"
"2025-09-01","8:01:57.963 AM","25.48","97.275","36.279","-0.004","25.03","23.16","23.50","None"
"2025-09-01","8:01:58.225 AM","25.48","97.273","36.273","-0.004","24.98","23.16","23.50","None"
"2025-09-01","8:01:58.503 AM","25.48","97.273","36.273","-0.004","24.98","23.13","23.50","None"
"2025-09-01","8:01:58.768 AM","25.48","97.273","36.273","-0.004","24.98","23.13","23.50","None"
"2025-09-01","8:01:59.014 AM","25.48","97.268","36.279","-0.004","24.96","23.19","23.50","None"
"2025-09-01","8:01:59.263 AM","25.48","97.268","36.279","-0.004","24.96","23.19","23.47","None"
"2025-09-01","8:01:59.518 AM","25.48","97.268","36.279","-0.004","24.96","23.19","23.47","None"
"2025-09-01","8:01:59.764 AM","25.48","97.267","36.279","-0.004","24.955","23.14","23.47","None"
"2025-09-01","8:02:00.016 AM","25.48","97.267","36.279","-0.004","24.955","23.14","23.43","None"
"2025-09-01","8:02:00.281 AM","25.48","97.273","36.279","-0.004","25","23.14","23.43","None"
"2025-09-01","8:02:00.565 AM","25.48","97.273","36.279","-0.004","25","23.14","23.43","None"
"2025-09-01","8:02:00.786 AM","25.48","97.273","36.279","-0.004","25","23.14","23.49","None"
"2025-09-01","8:02:01.036 AM","25.48","97.267","36.267","-0.004","24.975","23.14","23.49","None"
"2025-09-01","8:02:01.283 AM","25.48","97.267","36.267","-0.004","24.975","23.23","23.49","None"
"2025-09-01","8:02:01.538 AM","25.48","97.267","36.267","-0.004","24.975","23.23","23.38","None"
"2025-09-01","8:02:01.785 AM","25.48","97.268","36.285","-0.004","25.02","23.23","23.38","None"
"2025-09-01","8:02:02.031 AM","25.48","97.268","36.285","-0.004","25.02","23.08","23.48","None"
"2025-09-01","8:02:02.284 AM","25.48","97.268","36.285","-0.004","25.02","23.08","23.48","None"
"2025-09-01","8:02:02.539 AM","25.48","97.27","36.256","-0.004","24.95","23.08","23.48","None"
"2025-09-01","8:02:02.789 AM","25.48","97.27","36.256","-0.004","24.95","23.09","23.55","None"
"2025-09-01","8:02:03.034 AM","25.48","97.27","36.256","-0.004","24.95","23.09","23.55","None"
"2025-09-01","8:02:03.286 AM","25.49","97.277","36.267","-0.004","25.005","23.09","23.55","None"
"2025-09-01","8:02:03.560 AM","25.49","97.277","36.267","-0.004","25.005","23.16","23.52","None"
"2025-09-01","8:02:03.790 AM","25.49","97.277","36.267","-0.004","25.005","23.16","23.52","None"
"2025-09-01","8:02:04.056 AM","25.49","97.273","36.262","-0.004","25.035","23.16","23.52","None"
"2025-09-01","8:02:04.306 AM","25.49","97.273","36.262","-0.004","25.035","23.16","23.50","None"
"2025-09-01","8:02:04.556 AM","25.49","97.273","36.262","-0.004","25.035","23.16","23.50","None"
"2025-09-01","8:02:04.834 AM","25.49","97.277","36.267","-0.004","25.07","23.10","23.50","None"
"2025-09-01","8:02:05.061 AM","25.49","97.277","36.267","-0.004","25.07","23.10","23.47","None"
"2025-09-01","8:02:05.306 AM","25.48","97.28","36.273","-0.004","25.08","23.10","23.47","None"
"2025-09-01","8:02:05.559 AM","25.48","97.28","36.273","-0.004","25.08","23.13","23.47","None"
"2025-09-01","8:02:05.810 AM","25.48","97.28","36.273","-0.004","25.08","23.13","23.58","None"
"2025-09-01","8:02:06.055 AM","25.49","97.277","36.267","-0.004","25.04","23.13","23.58","None"
"2025-09-01","8:02:06.304 AM","25.49","97.277","36.267","-0.004","25.04","23.14","23.58","None"
"2025-09-01","8:02:06.556 AM","25.49","97.277","36.267","-0.004","25.04","23.14","23.50","None"
"2025-09-01","8:02:06.803 AM","25.49","97.277","36.267","-0.004","25","23.14","23.50","None"
"2025-09-01","8:02:07.063 AM","25.49","97.277","36.267","-0.004","25","23.16","23.52","None"
"2025-09-01","8:02:07.328 AM","25.49","97.277","36.267","-0.004","25","23.16","23.52","None"
"2025-09-01","8:02:07.561 AM","25.49","97.275","36.262","-0.004","25.045","23.16","23.52","None"
"2025-09-01","8:02:07.828 AM","25.49","97.275","36.262","-0.004","25.045","23.21","23.50","None"
"2025-09-01","8:02:08.060 AM","25.49","97.275","36.262","-0.004","25.045","23.21","23.50","None"
"2025-09-01","8:02:08.333 AM","25.49","97.272","36.279","-0.004","25.035","23.21","23.50","None"
"2025-09-01","8:02:08.571 AM","25.49","97.272","36.279","-0.004","25.035","23.12","23.50","None"
"2025-09-01","8:02:08.825 AM","25.49","97.272","36.279","-0.004","25.035","23.12","23.50","None"
"2025-09-01","8:02:09.110 AM","25.49","97.272","36.279","-0.004","25.06","23.12","23.50","None"
"2025-09-01","8:02:09.337 AM","25.49","97.272","36.279","-0.004","25.06","23.12","23.49","None"
"2025-09-01","8:02:09.577 AM","25.49","97.272","36.279","-0.004","25.06","23.12","23.49","None"
"2025-09-01","8:02:09.837 AM","25.49","97.275","36.262","-0.004","24.975","23.26","23.49","None"
"2025-09-01","8:02:10.093 AM","25.49","97.275","36.262","-0.004","24.975","23.26","23.47","None"
"2025-09-01","8:02:10.339 AM","25.49","97.271","36.285","-0.004","25.015","23.26","23.47","None"
"2025-09-01","8:02:10.592 AM","25.49","97.271","36.285","-0.004","25.015","23.14","23.47","None"
"2025-09-01","8:02:10.841 AM","25.49","97.271","36.285","-0.004","25.015","23.14","23.50","None"
"2025-09-01","8:02:11.092 AM","25.49","97.277","36.256","-0.004","25.065","23.14","23.50","None"
"2025-09-01","8:02:11.347 AM","25.49","97.277","36.256","-0.004","25.065","23.16","23.50","None"
"2025-09-01","8:02:11.593 AM","25.49","97.277","36.256","-0.004","25.065","23.16","23.43","None"
"2025-09-01","8:02:11.840 AM","25.49","97.276","36.268","-0.004","24.955","23.16","23.43","None"
"2025-09-01","8:02:12.098 AM","25.49","97.276","36.268","-0.004","24.955","23.13","23.45","None"
"2025-09-01","8:02:12.364 AM","25.49","97.276","36.268","-0.004","24.955","23.13","23.45","None"
"2025-09-01","8:02:12.600 AM","25.49","97.273","36.274","-0.004","25.025","23.13","23.45","None"
"2025-09-01","8:02:12.856 AM","25.49","97.273","36.274","-0.004","25.025","23.16","23.45","None"
"2025-09-01","8:02:13.105 AM","25.49","97.273","36.274","-0.004","25.025","23.16","23.45","None"
"2025-09-01","8:02:13.394 AM","25.49","97.269","36.256","-0.004","24.995","23.09","23.45","None"
"2025-09-01","8:02:13.613 AM","25.49","97.269","36.256","-0.004","24.995","23.09","23.52","None"
"2025-09-01","8:02:13.861 AM","25.49","97.269","36.256","-0.004","24.995","23.09","23.52","None"
"2025-09-01","8:02:14.109 AM","25.49","97.266","36.273","-0.004","25","23.10","23.52","None"
"2025-09-01","8:02:14.368 AM","25.49","97.266","36.273","-0.004","25","23.10","23.55","None"
"2025-09-01","8:02:14.634 AM","25.49","97.266","36.273","-0.004","25","23.10","23.55","None"
"2025-09-01","8:02:14.866 AM","25.49","97.266","36.262","-0.004","24.97","23.08","23.55","None"
"2025-09-01","8:02:15.124 AM","25.49","97.266","36.262","-0.004","24.97","23.08","23.52","None"
"2025-09-01","8:02:15.378 AM","25.49","97.269","36.256","-0.004","25.025","23.08","23.52","None"
"2025-09-01","8:02:15.630 AM","25.49","97.269","36.256","-0.004","25.025","23.19","23.52","None"
"2025-09-01","8:02:15.880 AM","25.49","97.269","36.256","-0.004","25.025","23.19","23.45","None"
"2025-09-01","8:02:16.132 AM","25.49","97.271","36.273","-0.004","25.085","23.19","23.45","None"
"2025-09-01","8:02:16.381 AM","25.49","97.271","36.273","-0.004","25.085","23.10","23.45","None"
"2025-09-01","8:02:16.638 AM","25.49","97.271","36.273","-0.004","25.085","23.10","23.52","None"
"2025-09-01","8:02:16.913 AM","25.49","97.271","36.268","-0.004","25.02","23.10","23.52","None"
"2025-09-01","8:02:17.174 AM","25.49","97.271","36.268","-0.004","25.02","23.20","23.43","None"
"2025-09-01","8:02:17.443 AM","25.49","97.271","36.268","-0.004","25.02","23.20","23.43","None"
"2025-09-01","8:02:17.745 AM","25.49","97.277","36.262","-0.004","25.045","23.14","23.43","None"
"2025-09-01","8:02:17.985 AM","25.49","97.277","36.262","-0.004","25.045","23.14","23.54","None"
"2025-09-01","8:02:18.243 AM","25.49","97.279","36.267","-0.004","24.995","23.14","23.54","None"
"2025-09-01","8:02:18.499 AM","25.49","97.279","36.267","-0.004","24.995","23.13","23.54","None"
"2025-09-01","8:02:18.756 AM","25.49","97.279","36.267","-0.004","24.995","23.13","23.50","None"
"2025-09-01","8:02:18.996 AM","25.49","97.276","36.267","-0.004","25.025","23.13","23.50","None"
"2025-09-01","8:02:19.247 AM","25.49","97.276","36.267","-0.004","25.025","23.07","23.50","None"
"2025-09-01","8:02:19.499 AM","25.49","97.276","36.267","-0.004","25.025","23.07","23.44","None"
"2025-09-01","8:02:19.751 AM","25.49","97.275","36.273","-0.004","25.04","23.07","23.44","None"
"2025-09-01","8:02:20.011 AM","25.49","97.275","36.273","-0.004","25.04","23.16","23.44","None"
"2025-09-01","8:02:20.261 AM","25.49","97.275","36.273","-0.004","25.04","23.16","23.44","None"
"2025-09-01","8:02:20.512 AM","25.49","97.275","36.262","-0.004","25.06","23.16","23.44","None"
"2025-09-01","8:02:20.762 AM","25.49","97.275","36.262","-0.004","25.06","23.16","23.49","None"
"2025-09-01","8:02:21.011 AM","25.49","97.275","36.262","-0.004","25.06","23.16","23.49","None"
"2025-09-01","8:02:21.266 AM","25.49","97.276","36.268","-0.004","25.02","23.16","23.49","None"
"2025-09-01","8:02:21.514 AM","25.49","97.276","36.268","-0.004","25.02","23.09","23.49","None"
"2025-09-01","8:02:21.765 AM","25.49","97.276","36.268","-0.004","25.02","23.09","23.49","None"
"2025-09-01","8:02:22.075 AM","25.49","97.276","36.273","-0.004","25","23.16","23.49","None"
"2025-09-01","8:02:22.303 AM","25.49","97.276","36.273","-0.004","25","23.16","23.41","None"
"2025-09-01","8:02:22.553 AM","25.49","97.273","36.279","-0.004","24.98","23.16","23.41","None"
"2025-09-01","8:02:22.803 AM","25.49","97.273","36.279","-0.004","24.98","23.18","23.41","None"
"2025-09-01","8:02:23.056 AM","25.49","97.273","36.279","-0.004","24.98","23.18","23.55","None"
"2025-09-01","8:02:23.315 AM","25.48","97.271","36.273","-0.004","25.085","23.18","23.55","None"
"2025-09-01","8:02:23.567 AM","25.48","97.271","36.273","-0.004","25.085","23.21","23.55","None"
"2025-09-01","8:02:23.817 AM","25.48","97.271","36.273","-0.004","25.085","23.21","23.47","None"
"2025-09-01","8:02:24.067 AM","25.48","97.273","36.284","-0.004","25.04","23.21","23.47","None"
"2025-09-01","8:02:24.320 AM","25.48","97.273","36.284","-0.004","25.04","23.13","23.41","None"
"2025-09-01","8:02:24.573 AM","25.48","97.273","36.284","-0.004","25.04","23.13","23.41","None"
"2025-09-01","8:02:24.816 AM","25.48","97.27","36.261","-0.004","24.995","23.13","23.41","None"
"2025-09-01","8:02:25.076 AM","25.48","97.27","36.261","-0.004","24.995","23.12","23.49","None"
"2025-09-01","8:02:25.336 AM","25.48","97.27","36.261","-0.004","24.995","23.12","23.49","None"
"2025-09-01","8:02:25.587 AM","25.48","97.271","36.267","-0.004","24.98","23.12","23.49","None"
"2025-09-01","8:02:25.833 AM","25.48","97.271","36.267","-0.004","24.98","23.12","23.45","None"
"2025-09-01","8:02:26.115 AM","25.48","97.271","36.267","-0.004","24.98","23.12","23.45","None"
"2025-09-01","8:02:26.342 AM","25.48","97.275","36.273","-0.004","25","23.20","23.45","None"
"2025-09-01","8:02:26.588 AM","25.48","97.275","36.273","-0.004","25","23.20","23.41","None"
"2025-09-01","8:02:26.838 AM","25.48","97.275","36.273","-0.004","25","23.20","23.41","None"
"2025-09-01","8:02:27.091 AM","25.48","97.274","36.273","-0.004","25.04","23.16","23.41","None"
"2025-09-01","8:02:27.340 AM","25.48","97.274","36.273","-0.004","25.04","23.16","23.49","None"
"2025-09-01","8:02:27.603 AM","25.49","97.273","36.285","-0.004","24.955","23.16","23.49","None"
"2025-09-01","8:02:27.851 AM","25.49","97.273","36.285","-0.004","24.955","23.18","23.49","None"
"2025-09-01","8:02:28.103 AM","25.49","97.273","36.285","-0.004","24.955","23.18","23.47","None"
"2025-09-01","8:02:28.356 AM","25.49","97.273","36.273","-0.004","25.045","23.18","23.47","None"
"2025-09-01","8:02:28.605 AM","25.49","97.273","36.273","-0.004","25.045","23.12","23.47","None"
"2025-09-01","8:02:28.851 AM","25.49","97.273","36.273","-0.004","25.045","23.12","23.49","None"
"2025-09-01","8:02:29.109 AM","25.49","97.271","36.279","-0.004","24.985","23.12","23.49","None"
"2025-09-01","8:02:29.377 AM","25.49","97.271","36.279","-0.004","24.985","23.13","23.45","None"
"2025-09-01","8:02:29.611 AM","25.49","97.271","36.279","-0.004","24.985","23.13","23.45","None"
"2025-09-01","8:02:29.871 AM","25.49","97.271","36.273","-0.004","25.125","23.13","23.45","None"
"2025-09-01","8:02:30.117 AM","25.49","97.271","36.273","-0.004","25.125","23.16","23.44","None"
"2025-09-01","8:02:30.416 AM","25.49","97.271","36.273","-0.004","25.125","23.16","23.44","None"
"2025-09-01","8:02:30.645 AM","25.49","97.271","36.256","-0.004","25","23.12","23.44","None"
"2025-09-01","8:02:30.889 AM","25.49","97.271","36.256","-0.004","25","23.12","23.49","None"
"2025-09-01","8:02:31.149 AM","25.49","97.271","36.256","-0.004","25","23.12","23.49","None"
"2025-09-01","8:02:31.414 AM","25.49","97.272","36.262","-0.004","25.065","23.09","23.49","None"
"2025-09-01","8:02:31.657 AM","25.49","97.272","36.262","-0.004","25.065","23.09","23.39","None"
"2025-09-01","8:02:31.905 AM","25.49","97.273","36.273","-0.004","25.025","23.09","23.39","None"
"2025-09-01","8:02:32.159 AM","25.49","97.273","36.273","-0.004","25.025","23.16","23.39","None"
"2025-09-01","8:02:32.408 AM","25.49","97.273","36.273","-0.004","25.025","23.16","23.47","None"
"2025-09-01","8:02:32.662 AM","25.49","97.274","36.273","-0.003","25.04","23.16","23.47","None"
"2025-09-01","8:02:32.906 AM","25.49","97.274","36.273","-0.003","25.04","23.12","23.47","None"
"2025-09-01","8:02:33.155 AM","25.49","97.274","36.273","-0.003","25.04","23.12","23.47","None"
"2025-09-01","8:02:33.410 AM","25.49","97.275","36.279","-0.004","25.025","23.12","23.47","None"
"2025-09-01","8:02:33.658 AM","25.49","97.275","36.279","-0.004","25.025","23.08","23.48","None"
"2025-09-01","8:02:33.910 AM","25.49","97.275","36.279","-0.004","25.025","23.08","23.48","None"
"2025-09-01","8:02:34.155 AM","25.49","97.274","36.267","-0.004","25.035","23.08","23.48","None"
"2025-09-01","8:02:34.409 AM","25.49","97.274","36.267","-0.004","25.035","23.10","23.41","None"
"2025-09-01","8:02:34.726 AM","25.49","97.274","36.267","-0.004","25.035","23.10","23.41","None"
"2025-09-01","8:02:34.948 AM","25.49","97.275","36.256","-0.004","24.97","23.09","23.41","None"
"2025-09-01","8:02:35.193 AM","25.49","97.275","36.256","-0.004","24.97","23.09","23.44","None"
"2025-09-01","8:02:35.443 AM","25.49","97.275","36.256","-0.004","24.97","23.09","23.44","None"
"2025-09-01","8:02:35.698 AM","25.48","97.276","36.256","-0.004","25.025","23.12","23.44","None"
"2025-09-01","8:02:35.943 AM","25.48","97.276","36.256","-0.004","25.025","23.12","23.55","None"
"2025-09-01","8:02:36.190 AM","25.48","97.276","36.256","-0.004","25.025","23.12","23.55","None"
"2025-09-01","8:02:36.443 AM","25.48","97.278","36.279","-0.003","24.985","23.10","23.55","None"
"2025-09-01","8:02:36.692 AM","25.48","97.278","36.279","-0.003","24.985","23.10","23.44","None"
"2025-09-01","8:02:36.947 AM","25.48","97.273","36.273","-0.003","25.015","23.10","23.44","None"
"2025-09-01","8:02:37.194 AM","25.48","97.273","36.273","-0.003","25.015","23.09","23.44","None"
"2025-09-01","8:02:37.443 AM","25.48","97.273","36.273","-0.003","25.015","23.09","23.52","None"
"2025-09-01","8:02:37.696 AM","25.48","97.27","36.261","-0.003","25.015","23.09","23.52","None"
"2025-09-01","8:02:37.943 AM","25.48","97.27","36.261","-0.003","25.015","23.02","23.52","None"
"2025-09-01","8:02:38.195 AM","25.48","97.27","36.261","-0.003","25.015","23.02","23.41","None"
"2025-09-01","8:02:38.454 AM","25.48","97.271","36.278","-0.003","25.04","23.02","23.41","None"
"2025-09-01","8:02:38.724 AM","25.48","97.271","36.278","-0.003","25.04","23.19","23.50","None"
"2025-09-01","8:02:39.021 AM","25.48","97.271","36.278","-0.003","25.04","23.19","23.50","None"
"2025-09-01","8:02:39.246 AM","25.48","97.268","36.284","-0.003","25.065","23.20","23.50","None"
"2025-09-01","8:02:39.499 AM","25.48","97.268","36.284","-0.003","25.065","23.20","23.41","None"
"2025-09-01","8:02:39.748 AM","25.48","97.268","36.284","-0.003","25.065","23.20","23.41","None"
"2025-09-01","8:02:40.001 AM","25.48","97.269","36.273","-0.003","24.94","23.23","23.41","None"
"2025-09-01","8:02:40.259 AM","25.48","97.269","36.273","-0.003","24.94","23.23","23.45","None"
"2025-09-01","8:02:40.510 AM","25.48","97.269","36.296","-0.004","24.905","23.23","23.45","None"
"2025-09-01","8:02:40.759 AM","25.48","97.269","36.296","-0.004","24.905","23.19","23.45","None"
"2025-09-01","8:02:41.012 AM","25.48","97.269","36.296","-0.004","24.905","23.19","23.54","None"
"2025-09-01","8:02:41.264 AM","25.48","97.27","36.278","-0.003","24.995","23.19","23.54","None"
"2025-09-01","8:02:41.511 AM","25.48","97.27","36.278","-0.003","24.995","23.14","23.54","None"
"2025-09-01","8:02:41.760 AM","25.48","97.27","36.278","-0.003","24.995","23.14","23.47","None"
"2025-09-01","8:02:42.012 AM","25.48","97.272","36.278","-0.003","25","23.14","23.47","None"
"2025-09-01","8:02:42.261 AM","25.48","97.272","36.278","-0.003","25","23.25","23.47","None"
"2025-09-01","8:02:42.516 AM","25.48","97.272","36.278","-0.003","25","23.25","23.45","None"
"2025-09-01","8:02:42.762 AM","25.48","97.273","36.267","-0.003","24.99","23.25","23.45","None"
"2025-09-01","8:02:43.013 AM","25.48","97.273","36.267","-0.003","24.99","23.19","23.45","None"
"2025-09-01","8:02:43.327 AM","25.48","97.273","36.267","-0.003","24.99","23.19","23.45","None"
"2025-09-01","8:02:43.521 AM","25.48","97.268","36.272","-0.003","25.04","23.19","23.45","None"
"2025-09-01","8:02:43.785 AM","25.48","97.268","36.272","-0.003","25.04","23.19","23.47","None"
"2025-09-01","8:02:44.024 AM","25.48","97.268","36.272","-0.003","25.04","23.19","23.47","None"
"2025-09-01","8:02:44.285 AM","25.48","97.267","36.278","-0.003","25.02","23.14","23.47","None"
"2025-09-01","8:02:44.530 AM","25.48","97.267","36.278","-0.003","25.02","23.14","23.49","None"
"2025-09-01","8:02:44.781 AM","25.48","97.267","36.278","-0.003","25.02","23.14","23.49","None"
"2025-09-01","8:02:45.031 AM","25.48","97.263","36.284","-0.003","24.96","23.14","23.49","None"
"2025-09-01","8:02:45.286 AM","25.48","97.263","36.284","-0.003","24.96","23.14","23.41","None"
"2025-09-01","8:02:45.536 AM","25.48","97.263","36.284","-0.003","24.96","23.14","23.41","None"
"2025-09-01","8:02:45.783 AM","25.48","97.269","36.284","-0.003","25.05","23.05","23.41","None"
"2025-09-01","8:02:46.035 AM","25.48","97.269","36.284","-0.003","25.05","23.05","23.39","None"
"2025-09-01","8:02:46.292 AM","25.47","97.269","36.278","-0.003","25","23.05","23.39","None"
"2025-09-01","8:02:46.565 AM","25.47","97.269","36.278","-0.003","25","23.10","23.39","None"
"2025-09-01","8:02:46.830 AM","25.47","97.269","36.278","-0.003","25","23.10","23.39","None"
"2025-09-01","8:02:47.081 AM","25.47","97.269","36.283","-0.003","25.02","23.10","23.39","None"
"2025-09-01","8:02:47.333 AM","25.47","97.269","36.283","-0.003","25.02","23.07","23.47","None"
"2025-09-01","8:02:47.629 AM","25.47","97.269","36.283","-0.003","25.02","23.07","23.47","None"
"2025-09-01","8:02:47.857 AM","25.47","97.271","36.283","-0.003","25","23.07","23.47","None"
"2025-09-01","8:02:48.103 AM","25.47","97.271","36.283","-0.003","25","23.10","23.52","None"
"2025-09-01","8:02:48.355 AM","25.47","97.271","36.283","-0.003","25","23.10","23.52","None"
"2025-09-01","8:02:48.607 AM","25.47","97.271","36.283","-0.003","25.045","23.10","23.52","None"
"2025-09-01","8:02:48.852 AM","25.47","97.271","36.283","-0.003","25.045","23.10","23.44","None"
"2025-09-01","8:02:49.102 AM","25.47","97.271","36.283","-0.003","25.045","23.10","23.44","None"
"2025-09-01","8:02:49.359 AM","25.47","97.273","36.272","-0.003","25.01","23.12","23.44","None"
"2025-09-01","8:02:49.622 AM","25.47","97.273","36.272","-0.003","25.01","23.12","23.50","None"
"2025-09-01","8:02:49.871 AM","25.47","97.274","36.295","-0.003","25","23.12","23.50","None"
"2025-09-01","8:02:50.119 AM","25.47","97.274","36.295","-0.003","25","23.18","23.50","None"
"2025-09-01","8:02:50.369 AM","25.47","97.274","36.295","-0.003","25","23.18","23.52","None"
"2025-09-01","8:02:50.623 AM","25.47","97.268","36.283","-0.003","24.96","23.18","23.52","None"
"2025-09-01","8:02:50.869 AM","25.47","97.268","36.283","-0.003","24.96","23.10","23.52","None"
"2025-09-01","8:02:51.122 AM","25.47","97.268","36.283","-0.003","24.96","23.10","23.45","None"
"2025-09-01","8:02:51.372 AM","25.47","97.27","36.272","-0.003","25","23.10","23.45","None"
"2025-09-01","8:02:51.620 AM","25.47","97.27","36.272","-0.003","25","23.09","23.45","None"
"2025-09-01","8:02:51.903 AM","25.47","97.27","36.272","-0.003","25","23.09","23.45","None"
"2025-09-01","8:02:52.124 AM","25.47","97.272","36.295","-0.003","24.95","23.09","23.45","None"
"2025-09-01","8:02:52.390 AM","25.47","97.272","36.295","-0.003","24.95","23.14","23.43","None"
"2025-09-01","8:02:52.624 AM","25.47","97.272","36.295","-0.003","24.95","23.14","23.43","None"
"2025-09-01","8:02:52.875 AM","25.47","97.273","36.283","-0.003","24.97","23.14","23.43","None"
"2025-09-01","8:02:53.123 AM","25.47","97.273","36.283","-0.003","24.97","23.08","23.49","None"
"2025-09-01","8:02:53.372 AM","25.47","97.273","36.283","-0.003","24.97","23.08","23.49","None"
"2025-09-01","8:02:53.626 AM","25.47","97.273","36.289","-0.003","25.075","23.08","23.49","None"
"2025-09-01","8:02:53.874 AM","25.47","97.273","36.289","-0.003","25.075","23.08","23.36","None"
"2025-09-01","8:02:54.127 AM","25.47","97.273","36.289","-0.003","25.075","23.08","23.36","None"
"2025-09-01","8:02:54.388 AM","25.47","97.271","36.294","-0.003","24.99","23.05","23.36","None"
"2025-09-01","8:02:54.639 AM","25.47","97.271","36.294","-0.003","24.99","23.05","23.45","None"
"2025-09-01","8:02:54.886 AM","25.47","97.27","36.289","-0.003","25.03","23.05","23.45","None"
"2025-09-01","8:02:55.136 AM","25.47","97.27","36.289","-0.003","25.03","23.16","23.45","None"
"2025-09-01","8:02:55.391 AM","25.47","97.27","36.289","-0.003","25.03","23.16","23.41","None"
"2025-09-01","8:02:55.639 AM","25.47","97.272","36.277","-0.003","25.02","23.16","23.41","None"
"2025-09-01","8:02:55.889 AM","25.47","97.272","36.277","-0.003","25.02","23.05","23.41","None"
"2025-09-01","8:02:56.198 AM","25.47","97.272","36.277","-0.003","25.02","23.05","23.50","None"
"2025-09-01","8:02:56.417 AM","25.47","97.278","36.283","-0.003","25.025","23.05","23.50","None"
"2025-09-01","8:02:56.680 AM","25.47","97.278","36.283","-0.003","25.025","23.16","23.52","None"
"2025-09-01","8:02:56.928 AM","25.47","97.278","36.283","-0.003","25.025","23.16","23.52","None"
"2025-09-01","8:02:57.180 AM","25.47","97.275","36.295","-0.003","25","23.16","23.52","None"
"2025-09-01","8:02:57.438 AM","25.47","97.275","36.295","-0.003","25","23.12","23.44","None"
"2025-09-01","8:02:57.689 AM","25.47","97.275","36.295","-0.003","25","23.12","23.44","None"
"2025-09-01","8:02:57.940 AM","25.47","97.272","36.294","-0.003","25.1","23.12","23.44","None"
"2025-09-01","8:02:58.195 AM","25.47","97.272","36.294","-0.003","25.1","23.12","23.50","None"
"2025-09-01","8:02:58.448 AM","25.47","97.272","36.294","-0.003","25.1","23.12","23.50","None"
"2025-09-01","8:02:58.693 AM","25.47","97.274","36.3","-0.003","25.085","23.12","23.50","None"
"2025-09-01","8:02:58.944 AM","25.47","97.274","36.3","-0.003","25.085","23.12","23.54","None"
"2025-09-01","8:02:59.193 AM","25.47","97.274","36.3","-0.003","25.085","23.12","23.54","None"
"2025-09-01","8:02:59.459 AM","25.46","97.276","36.288","-0.003","24.94","23.10","23.54","None"
"2025-09-01","8:02:59.710 AM","25.46","97.276","36.288","-0.003","24.94","23.10","23.47","None"
"2025-09-01","8:02:59.959 AM","25.46","97.281","36.294","-0.003","25.03","23.10","23.47","None"
"2025-09-01","8:03:00.242 AM","25.46","97.281","36.294","-0.003","25.03","23.14","23.47","None"
"2025-09-01","8:03:00.485 AM","25.46","97.281","36.294","-0.003","25.03","23.14","23.47","None"
"2025-09-01","8:03:00.731 AM","25.46","97.28","36.305","-0.003","24.985","23.14","23.47","None"
"2025-09-01","8:03:00.994 AM","25.46","97.28","36.305","-0.003","24.985","23.09","23.50","None"
"2025-09-01","8:03:01.247 AM","25.46","97.28","36.305","-0.003","24.985","23.09","23.50","None"
"2025-09-01","8:03:01.494 AM","25.46","97.277","36.305","-0.003","25.05","23.09","23.50","None"
"2025-09-01","8:03:01.743 AM","25.46","97.277","36.305","-0.003","25.05","23.13","23.49","None"
"2025-09-01","8:03:01.994 AM","25.46","97.277","36.305","-0.003","25.05","23.13","23.49","None"
"2025-09-01","8:03:02.247 AM","25.46","97.274","36.299","-0.003","24.995","23.09","23.49","None"
"2025-09-01","8:03:02.500 AM","25.46","97.274","36.299","-0.003","24.995","23.09","23.52","None"
"2025-09-01","8:03:02.744 AM","25.46","97.274","36.299","-0.003","24.995","23.09","23.52","None"
"2025-09-01","8:03:02.996 AM","25.46","97.279","36.294","-0.003","24.995","23.12","23.52","None"
"2025-09-01","8:03:03.246 AM","25.46","97.279","36.294","-0.003","24.995","23.12","23.44","None"
"2025-09-01","8:03:03.504 AM","25.46","97.279","36.294","-0.003","24.995","23.12","23.44","None"
"2025-09-01","8:03:03.768 AM","25.46","97.276","36.3","-0.003","25.02","23.14","23.44","None"
"2025-09-01","8:03:04.016 AM","25.46","97.276","36.3","-0.003","25.02","23.14","23.50","None"
"2025-09-01","8:03:04.265 AM","25.46","97.277","36.294","-0.003","25","23.14","23.50","None"
"2025-09-01","8:03:04.561 AM","25.46","97.277","36.294","-0.003","25","23.12","23.50","None"
"2025-09-01","8:03:04.785 AM","25.46","97.277","36.294","-0.003","25","23.12","23.44","None"
"2025-09-01","8:03:05.032 AM","25.46","97.273","36.317","-0.003","25","23.12","23.44","None"
"2025-09-01","8:03:05.283 AM","25.46","97.273","36.317","-0.003","25","23.08","23.44","None"
"2025-09-01","8:03:05.534 AM","25.46","97.273","36.317","-0.003","25","23.08","23.45","None"
"2025-09-01","8:03:05.795 AM","25.46","97.276","36.306","-0.003","25","23.08","23.45","None"
"2025-09-01","8:03:06.035 AM","25.46","97.276","36.306","-0.003","25","23.10","23.37","None"
"2025-09-01","8:03:06.284 AM","25.46","97.276","36.306","-0.003","25","23.10","23.37","None"
"2025-09-01","8:03:06.535 AM","25.46","97.274","36.294","-0.003","24.925","23.10","23.37","None"
"2025-09-01","8:03:06.780 AM","25.46","97.274","36.294","-0.003","24.925","23.13","23.45","None"
"2025-09-01","8:03:07.031 AM","25.46","97.274","36.294","-0.003","24.925","23.13","23.45","None"
"2025-09-01","8:03:07.284 AM","25.46","97.276","36.294","-0.003","25.02","23.13","23.45","None"
"2025-09-01","8:03:07.542 AM","25.46","97.276","36.294","-0.003","25.02","23.13","23.43","None"
"2025-09-01","8:03:07.785 AM","25.46","97.276","36.294","-0.003","25.02","23.13","23.43","None"
"2025-09-01","8:03:08.042 AM","25.46","97.279","36.3","-0.003","24.97","23.20","23.43","None"
"2025-09-01","8:03:08.312 AM","25.46","97.279","36.3","-0.003","24.97","23.20","23.44","None"
"2025-09-01","8:03:08.578 AM","25.46","97.274","36.3","-0.003","24.98","23.20","23.44","None"
"2025-09-01","8:03:08.880 AM","25.46","97.274","36.3","-0.003","24.98","23.16","23.44","None"
"2025-09-01","8:03:09.105 AM","25.46","97.274","36.3","-0.003","24.98","23.16","23.56","None"
"2025-09-01","8:03:09.371 AM","25.46","97.283","36.306","-0.003","25.01","23.16","23.56","None"
"2025-09-01","8:03:09.620 AM","25.46","97.283","36.306","-0.003","25.01","23.13","23.52","None"
"2025-09-01","8:03:09.871 AM","25.46","97.283","36.306","-0.003","25.01","23.13","23.52","None"
"2025-09-01","8:03:10.133 AM","25.46","97.272","36.311","-0.003","25.025","23.13","23.52","None"
"2025-09-01","8:03:10.383 AM","25.46","97.272","36.311","-0.003","25.025","23.08","23.50","None"
"2025-09-01","8:03:10.636 AM","25.46","97.272","36.311","-0.003","25.025","23.08","23.50","None"
"2025-09-01","8:03:10.884 AM","25.46","97.271","36.311","-0.003","24.98","23.09","23.50","None"
"2025-09-01","8:03:11.134 AM","25.46","97.271","36.311","-0.003","24.98","23.09","23.45","None"
"2025-09-01","8:03:11.393 AM","25.46","97.271","36.311","-0.003","24.98","23.09","23.45","None"
"2025-09-01","8:03:11.655 AM","25.46","97.277","36.305","-0.003","25.02","23.09","23.45","None"
"2025-09-01","8:03:11.905 AM","25.46","97.277","36.305","-0.003","25.02","23.09","23.47","None"
"2025-09-01","8:03:12.153 AM","25.46","97.276","36.305","-0.003","25.03","23.09","23.47","None"
"2025-09-01","8:03:12.410 AM","25.46","97.276","36.305","-0.003","25.03","23.08","23.47","None"
"2025-09-01","8:03:12.671 AM","25.46","97.276","36.305","-0.003","25.03","23.08","23.45","None"
"2025-09-01","8:03:12.915 AM","25.46","97.279","36.305","-0.003","25.02","23.08","23.45","None"
"2025-09-01","8:03:13.214 AM","25.46","97.279","36.305","-0.003","25.02","23.12","23.45","None"
"2025-09-01","8:03:13.442 AM","25.46","97.279","36.305","-0.003","25.02","23.12","23.48","None"
"2025-09-01","8:03:13.691 AM","25.46","97.273","36.311","-0.003","25.065","23.12","23.48","None"
"2025-09-01","8:03:13.951 AM","25.46","97.273","36.311","-0.003","25.065","23.09","23.50","None"
"2025-09-01","8:03:14.206 AM","25.46","97.273","36.311","-0.003","25.065","23.09","23.50","None"
"2025-09-01","8:03:14.455 AM","25.46","97.273","36.317","-0.003","24.925","23.09","23.50","None"
"2025-09-01","8:03:14.702 AM","25.46","97.273","36.317","-0.003","24.925","23.07","23.44","None"
"2025-09-01","8:03:14.951 AM","25.46","97.273","36.317","-0.003","24.925","23.07","23.44","None"
"2025-09-01","8:03:15.203 AM","25.46","97.281","36.317","-0.003","25.045","23.20","23.44","None"
"2025-09-01","8:03:15.453 AM","25.46","97.281","36.317","-0.003","25.045","23.20","23.41","None"
"2025-09-01","8:03:15.707 AM","25.46","97.281","36.317","-0.003","25.045","23.20","23.41","None"
"2025-09-01","8:03:15.950 AM","25.46","97.279","36.317","-0.003","25","23.05","23.41","None"
"2025-09-01","8:03:16.204 AM","25.46","97.279","36.317","-0.003","25","23.05","23.41","None"
"2025-09-01","8:03:16.453 AM","25.46","97.279","36.317","-0.003","25","23.05","23.41","None"
"2025-09-01","8:03:16.705 AM","25.46","97.28","36.311","-0.003","24.98","23.23","23.41","None"
"2025-09-01","8:03:16.956 AM","25.46","97.28","36.311","-0.003","24.98","23.23","23.41","None"
"2025-09-01","8:03:17.204 AM","25.47","97.278","36.306","-0.003","24.995","23.23","23.41","None"
"2025-09-01","8:03:17.496 AM","25.47","97.278","36.306","-0.003","24.995","23.08","23.41","None"
"2025-09-01","8:03:17.712 AM","25.47","97.278","36.306","-0.003","24.995","23.08","23.49","None"
"2025-09-01","8:03:17.973 AM","25.47","97.277","36.312","-0.003","24.98","23.08","23.49","None"
"2025-09-01","8:03:18.225 AM","25.47","97.277","36.312","-0.003","24.98","23.16","23.49","None"
"2025-09-01","8:03:18.473 AM","25.47","97.277","36.312","-0.003","24.98","23.16","23.47","None"
"2025-09-01","8:03:18.723 AM","25.47","97.279","36.312","-0.003","25.02","23.16","23.47","None"
"2025-09-01","8:03:18.976 AM","25.47","97.279","36.312","-0.003","25.02","23.10","23.52","None"
"2025-09-01","8:03:19.225 AM","25.47","97.279","36.312","-0.003","25.02","23.10","23.52","None"
"2025-09-01","8:03:19.484 AM","25.47","97.276","36.3","-0.003","25.01","23.10","23.52","None"
"2025-09-01","8:03:19.741 AM","25.47","97.276","36.3","-0.003","25.01","23.09","23.55","None"
"2025-09-01","8:03:19.992 AM","25.47","97.276","36.3","-0.003","25.01","23.09","23.55","None"
"2025-09-01","8:03:20.244 AM","25.47","97.278","36.295","-0.003","25.075","23.14","23.55","None"
"2025-09-01","8:03:20.489 AM","25.47","97.278","36.295","-0.003","25.075","23.14","23.39","None"
"2025-09-01","8:03:20.739 AM","25.47","97.278","36.295","-0.003","25.075","23.14","23.39","None"
"2025-09-01","8:03:20.987 AM","25.47","97.276","36.307","-0.003","25.01","23.23","23.39","None"
"2025-09-01","8:03:21.237 AM","25.47","97.276","36.307","-0.003","25.01","23.23","23.50","None"
"2025-09-01","8:03:21.521 AM","25.48","97.281","36.313","-0.003","25.01","23.23","23.50","None"
"2025-09-01","8:03:21.748 AM","25.48","97.281","36.313","-0.003","25.005","23.16","23.50","None"
"2025-09-01","8:03:21.997 AM","25.48","97.281","36.313","-0.003","25.005","23.16","23.49","None"
"2025-09-01","8:03:22.254 AM","25.48","97.276","36.301","-0.003","25.035","23.16","23.49","None"
"2025-09-01","8:03:22.531 AM","25.48","97.276","36.301","-0.003","25.035","23.19","23.49","None"
"2025-09-01","8:03:22.795 AM","25.48","97.276","36.301","-0.003","25.035","23.19","23.48","None"
"2025-09-01","8:03:23.042 AM","25.48","97.275","36.301","-0.003","25.085","23.19","23.48","None"
"2025-09-01","8:03:23.294 AM","25.48","97.275","36.301","-0.003","25.085","23.13","23.47","None"
"2025-09-01","8:03:23.550 AM","25.48","97.275","36.301","-0.003","25.085","23.13","23.47","None"
"2025-09-01","8:03:23.824 AM","25.48","97.276","36.313","-0.003","24.99","23.10","23.47","None"
"2025-09-01","8:03:24.093 AM","25.48","97.276","36.313","-0.003","24.99","23.10","23.49","None"
"2025-09-01","8:03:24.342 AM","25.48","97.276","36.313","-0.003","24.99","23.10","23.49","None"
"2025-09-01","8:03:24.592 AM","25.48","97.273","36.296","-0.003","25.1","23.10","23.49","None"
"2025-09-01","8:03:24.844 AM","25.48","97.273","36.296","-0.003","25.1","23.10","23.56","None"
"2025-09-01","8:03:25.090 AM","25.48","97.274","36.29","-0.003","25.065","23.10","23.56","None"
"2025-09-01","8:03:25.346 AM","25.48","97.274","36.29","-0.003","25.065","23.20","23.56","None"
"2025-09-01","8:03:25.595 AM","25.48","97.274","36.29","-0.003","25.065","23.20","23.45","None"
"2025-09-01","8:03:25.882 AM","25.49","97.271","36.29","-0.003","25.05","23.20","23.45","None"
"2025-09-01","8:03:26.100 AM","25.49","97.271","36.29","-0.003","25.05","23.16","23.45","None"
"2025-09-01","8:03:26.350 AM","25.49","97.271","36.29","-0.003","25.05","23.16","23.50","None"
"2025-09-01","8:03:26.600 AM","25.49","97.269","36.308","-0.003","25.04","23.16","23.50","None"
"2025-09-01","8:03:26.848 AM","25.49","97.269","36.308","-0.003","25.04","23.16","23.50","None"
"2025-09-01","8:03:27.098 AM","25.49","97.269","36.308","-0.003","25.04","23.16","23.52","None"
"2025-09-01","8:03:27.351 AM","25.49","97.271","36.302","-0.003","25.005","23.16","23.52","None"
"2025-09-01","8:03:27.599 AM","25.49","97.271","36.302","-0.003","25.005","23.12","23.49","None"
"2025-09-01","8:03:27.849 AM","25.49","97.271","36.302","-0.003","25.005","23.12","23.49","None"
"2025-09-01","8:03:28.102 AM","25.49","97.271","36.291","-0.003","25","23.12","23.49","None"
"2025-09-01","8:03:28.350 AM","25.49","97.271","36.291","-0.003","25","23.16","23.52","None"
"2025-09-01","8:03:28.600 AM","25.49","97.271","36.291","-0.003","25","23.16","23.52","None"
"2025-09-01","8:03:28.865 AM","25.49","97.277","36.302","-0.003","25.03","23.08","23.52","None"
"2025-09-01","8:03:29.114 AM","25.49","97.277","36.302","-0.003","25.03","23.08","23.49","None"
"2025-09-01","8:03:29.362 AM","25.49","97.277","36.302","-0.003","25.03","23.08","23.49","None"
"2025-09-01","8:03:29.618 AM","25.49","97.277","36.291","-0.003","25.035","23.10","23.49","None"
"2025-09-01","8:03:29.898 AM","25.49","97.277","36.291","-0.003","25.035","23.10","23.44","None"
"2025-09-01","8:03:30.181 AM","25.48","97.277","36.302","-0.003","25.065","23.10","23.44","None"
"2025-09-01","8:03:30.402 AM","25.48","97.277","36.302","-0.003","25.065","23.25","23.44","None"
"2025-09-01","8:03:30.653 AM","25.48","97.277","36.302","-0.003","25.065","23.25","23.55","None"
"2025-09-01","8:03:30.902 AM","25.49","97.276","36.273","-0.003","25.025","23.25","23.55","None"
"2025-09-01","8:03:31.152 AM","25.49","97.276","36.273","-0.003","25.025","23.03","23.55","None"
"2025-09-01","8:03:31.419 AM","25.49","97.276","36.273","-0.003","25.025","23.03","23.45","None"
"2025-09-01","8:03:31.653 AM","25.49","97.28","36.296","-0.003","25.06","23.03","23.45","None"
"2025-09-01","8:03:31.902 AM","25.49","97.28","36.296","-0.003","25.06","23.18","23.45","None"
"2025-09-01","8:03:32.155 AM","25.49","97.28","36.296","-0.003","25.06","23.18","23.45","None"
"2025-09-01","8:03:32.416 AM","25.49","97.273","36.296","-0.003","25.045","23.18","23.45","None"
"2025-09-01","8:03:32.664 AM","25.49","97.273","36.296","-0.003","25.045","23.16","23.50","None"
"2025-09-01","8:03:32.917 AM","25.49","97.273","36.296","-0.003","25.045","23.16","23.50","None"
"2025-09-01","8:03:33.170 AM","25.49","97.273","36.291","-0.003","25.04","23.16","23.50","None"
"2025-09-01","8:03:33.422 AM","25.49","97.273","36.291","-0.003","25.04","23.16","23.50","None"
"2025-09-01","8:03:33.668 AM","25.49","97.273","36.291","-0.003","25.04","23.16","23.50","None"
"2025-09-01","8:03:33.923 AM","25.49","97.27","36.308","-0.003","25.01","23.16","23.50","None"
"2025-09-01","8:03:34.196 AM","25.49","97.27","36.308","-0.003","25.01","23.16","23.47","None"
"2025-09-01","8:03:34.527 AM","25.49","97.277","36.296","-0.003","25.045","23.16","23.47","None"
"2025-09-01","8:03:34.741 AM","25.49","97.277","36.296","-0.003","25.045","23.16","23.47","None"
"2025-09-01","8:03:35.001 AM","25.49","97.277","36.296","-0.003","25.045","23.16","23.45","None"
"2025-09-01","8:03:35.255 AM","25.49","97.276","36.285","-0.003","25.01","23.16","23.45","None"
"2025-09-01","8:03:35.507 AM","25.49","97.276","36.285","-0.003","25.01","23.09","23.52","None"
"2025-09-01","8:03:35.754 AM","25.49","97.276","36.285","-0.003","25.01","23.09","23.52","None"
"2025-09-01","8:03:36.001 AM","25.49","97.276","36.285","-0.003","24.96","23.09","23.52","None"
"2025-09-01","8:03:36.254 AM","25.49","97.276","36.285","-0.003","24.96","23.08","23.50","None"
"2025-09-01","8:03:36.503 AM","25.49","97.276","36.285","-0.003","24.96","23.08","23.50","None"
"2025-09-01","8:03:36.758 AM","25.49","97.278","36.297","-0.003","25.045","23.16","23.50","None"
"2025-09-01","8:03:37.005 AM","25.49","97.278","36.297","-0.003","25.045","23.16","23.45","None"
"2025-09-01","8:03:37.267 AM","25.49","97.278","36.297","-0.003","25.045","23.16","23.45","None"
"2025-09-01","8:03:37.523 AM","25.49","97.277","36.285","-0.003","25","23.14","23.45","None"
"2025-09-01","8:03:37.769 AM","25.49","97.277","36.285","-0.003","25","23.14","23.44","None"
"2025-09-01","8:03:38.021 AM","25.49","97.277","36.285","-0.003","25","23.14","23.44","None"
"2025-09-01","8:03:38.275 AM","25.49","97.274","36.279","-0.003","25.005","23.13","23.44","None"
"2025-09-01","8:03:38.553 AM","25.49","97.274","36.279","-0.003","25.005","23.13","23.52","None"
"2025-09-01","8:03:38.777 AM","25.49","97.272","36.308","-0.003","24.98","23.13","23.52","None"
"2025-09-01","8:03:39.026 AM","25.49","97.272","36.308","-0.003","24.98","23.16","23.52","None"
"2025-09-01","8:03:39.274 AM","25.49","97.272","36.308","-0.003","24.98","23.16","23.44","None"
"2025-09-01","8:03:39.538 AM","25.49","97.276","36.285","-0.003","25.005","23.16","23.44","None"
"2025-09-01","8:03:39.788 AM","25.49","97.276","36.285","-0.003","25.005","23.10","23.44","None"
"2025-09-01","8:03:40.035 AM","25.49","97.276","36.285","-0.003","25.005","23.10","23.41","None"
"2025-09-01","8:03:40.288 AM","25.48","97.28","36.296","-0.003","25.065","23.10","23.41","None"
"2025-09-01","8:03:40.538 AM","25.48","97.28","36.296","-0.003","25.065","23.12","23.48","None"
"2025-09-01","8:03:40.794 AM","25.48","97.28","36.296","-0.003","25.065","23.12","23.48","None"
"2025-09-01","8:03:41.039 AM","25.48","97.279","36.284","-0.003","25.02","23.12","23.48","None"
"2025-09-01","8:03:41.289 AM","25.48","97.279","36.284","-0.003","25.02","23.14","23.54","None"
"2025-09-01","8:03:41.539 AM","25.48","97.279","36.284","-0.003","25.02","23.14","23.54","None"
"2025-09-01","8:03:41.799 AM","25.48","97.275","36.284","-0.003","24.995","23.05","23.54","None"
"2025-09-01","8:03:42.052 AM","25.48","97.275","36.284","-0.003","24.995","23.05","23.48","None"
"2025-09-01","8:03:42.307 AM","25.48","97.275","36.284","-0.003","24.995","23.05","23.48","None"
"2025-09-01","8:03:42.555 AM","25.48","97.273","36.278","-0.003","25.015","23.03","23.48","None"
"2025-09-01","8:03:42.838 AM","25.48","97.273","36.278","-0.003","25.015","23.03","23.48","None"
"2025-09-01","8:03:43.064 AM","25.48","97.273","36.278","-0.003","25.015","23.03","23.48","None"
"2025-09-01","8:03:43.307 AM","25.48","97.273","36.278","-0.003","25.005","23.08","23.48","None"
"2025-09-01","8:03:43.572 AM","25.48","97.273","36.278","-0.003","25.005","23.08","23.50","None"
"2025-09-01","8:03:43.824 AM","25.48","97.27","36.29","-0.003","25.06","23.08","23.50","None"
"2025-09-01","8:03:44.070 AM","25.48","97.27","36.29","-0.003","25.06","23.14","23.50","None"
"2025-09-01","8:03:44.327 AM","25.48","97.27","36.29","-0.003","25.06","23.14","23.49","None"
"2025-09-01","8:03:44.570 AM","25.48","97.271","36.296","-0.003","25","23.14","23.49","None"
"2025-09-01","8:03:44.828 AM","25.48","97.271","36.296","-0.003","25","23.16","23.49","None"
"2025-09-01","8:03:45.078 AM","25.48","97.271","36.296","-0.003","25","23.16","23.45","None"
"2025-09-01","8:03:45.336 AM","25.48","97.273","36.301","-0.003","25.01","23.16","23.45","None"
"2025-09-01","8:03:45.605 AM","25.48","97.273","36.301","-0.003","25.01","23.12","23.44","None"
"2025-09-01","8:03:45.857 AM","25.48","97.273","36.301","-0.003","25.01","23.12","23.44","None"
"2025-09-01","8:03:46.103 AM","25.48","97.273","36.296","-0.003","25.04","23.12","23.44","None"
"2025-09-01","8:03:46.359 AM","25.48","97.273","36.296","-0.003","25.04","23.12","23.49","None"
"2025-09-01","8:03:46.606 AM","25.48","97.273","36.296","-0.003","25.04","23.12","23.49","None"
"2025-09-01","8:03:46.859 AM","25.48","97.274","36.296","-0.003","25.01","23.12","23.49","None"
"2025-09-01","8:03:47.141 AM","25.48","97.274","36.296","-0.003","25.01","23.12","23.49","None"
"2025-09-01","8:03:47.378 AM","25.48","97.275","36.307","-0.003","25.035","23.12","23.49","None"
"2025-09-01","8:03:47.626 AM","25.48","97.275","36.307","-0.003","25.035","23.12","23.49","None"
"2025-09-01","8:03:47.899 AM","25.48","97.275","36.307","-0.003","25.035","23.12","23.49","None"
"2025-09-01","8:03:48.133 AM","25.48","97.272","36.29","-0.003","25.105","23.12","23.49","None"
"2025-09-01","8:03:48.406 AM","25.48","97.272","36.29","-0.003","25.105","23.09","23.49","None"
"2025-09-01","8:03:48.643 AM","25.48","97.272","36.29","-0.003","25.105","23.09","23.58","None"
"2025-09-01","8:03:48.899 AM","25.48","97.273","36.29","-0.003","24.98","23.09","23.58","None"
"2025-09-01","8:03:49.146 AM","25.48","97.273","36.29","-0.003","24.98","23.16","23.58","None"
"2025-09-01","8:03:49.406 AM","25.48","97.273","36.29","-0.003","24.98","23.16","23.41","None"
"2025-09-01","8:03:49.662 AM","25.48","97.273","36.284","-0.003","25","23.16","23.41","None"
"2025-09-01","8:03:49.911 AM","25.48","97.273","36.284","-0.003","25","23.12","23.38","None"
"2025-09-01","8:03:50.164 AM","25.48","97.273","36.284","-0.003","25","23.12","23.38","None"
"2025-09-01","8:03:50.406 AM","25.48","97.272","36.296","-0.003","24.975","23.12","23.38","None"
"2025-09-01","8:03:50.657 AM","25.48","97.272","36.296","-0.003","24.975","23.16","23.50","None"
"2025-09-01","8:03:50.908 AM","25.48","97.272","36.296","-0.003","24.975","23.16","23.50","None"
"2025-09-01","8:03:51.157 AM","25.48","97.271","36.29","-0.003","25.01","23.10","23.50","None"
"2025-09-01","8:03:51.446 AM","25.48","97.271","36.29","-0.003","25.01","23.10","23.52","None"
"2025-09-01","8:03:51.706 AM","25.48","97.271","36.29","-0.003","25.01","23.10","23.52","None"
"2025-09-01","8:03:51.936 AM","25.48","97.272","36.296","-0.003","25.035","23.10","23.52","None"
"2025-09-01","8:03:52.206 AM","25.48","97.272","36.296","-0.003","25.035","23.10","23.45","None"
"2025-09-01","8:03:52.454 AM","25.48","97.276","36.285","-0.003","25.02","23.10","23.45","None"
"2025-09-01","8:03:52.699 AM","25.48","97.276","36.285","-0.003","25.02","23.12","23.45","None"
"2025-09-01","8:03:52.947 AM","25.48","97.276","36.285","-0.003","25.02","23.12","23.45","None"
"2025-09-01","8:03:53.197 AM","25.48","97.274","36.307","-0.003","25.02","23.12","23.45","None"
"2025-09-01","8:03:53.448 AM","25.48","97.274","36.307","-0.003","25.02","23.12","23.45","None"
"2025-09-01","8:03:53.700 AM","25.48","97.274","36.307","-0.003","25.02","23.12","23.50","None"
"2025-09-01","8:03:53.949 AM","25.48","97.274","36.301","-0.003","25.12","23.12","23.50","None"
"2025-09-01","8:03:54.200 AM","25.48","97.274","36.301","-0.003","25.12","23.09","23.50","None"
"2025-09-01","8:03:54.451 AM","25.48","97.274","36.301","-0.003","25.12","23.09","23.50","None"
"2025-09-01","8:03:54.706 AM","25.48","97.273","36.296","-0.003","25.055","23.09","23.50","None"
"2025-09-01","8:03:54.987 AM","25.48","97.273","36.296","-0.003","25.055","23.10","23.49","None"
"2025-09-01","8:03:55.241 AM","25.48","97.273","36.296","-0.003","25.055","23.10","23.49","None"
"2025-09-01","8:03:55.500 AM","25.48","97.274","36.289","-0.003","25.005","23.18","23.49","None"
"2025-09-01","8:03:55.780 AM","25.48","97.274","36.289","-0.003","25.005","23.18","23.44","None"
"2025-09-01","8:03:56.008 AM","25.47","97.271","36.289","-0.003","25.005","23.18","23.44","None"
"2025-09-01","8:03:56.276 AM","25.47","97.271","36.289","-0.003","25.035","22.99","23.44","None"
"2025-09-01","8:03:56.518 AM","25.47","97.271","36.289","-0.003","25.035","22.99","23.48","None"
"2025-09-01","8:03:56.770 AM","25.47","97.27","36.295","-0.003","25.025","22.99","23.48","None"
"2025-09-01","8:03:57.021 AM","25.47","97.27","36.295","-0.003","25.025","23.08","23.48","None"
"2025-09-01","8:03:57.282 AM","25.47","97.27","36.295","-0.003","25.025","23.08","23.50","None"
"2025-09-01","8:03:57.533 AM","25.47","97.27","36.289","-0.003","25","23.08","23.50","None"
"2025-09-01","8:03:57.784 AM","25.47","97.27","36.289","-0.003","25","23.16","23.48","None"
"2025-09-01","8:03:58.033 AM","25.47","97.27","36.289","-0.003","25","23.16","23.48","None"
"2025-09-01","8:03:58.286 AM","25.47","97.268","36.295","-0.003","25.035","23.16","23.48","None"
"2025-09-01","8:03:58.532 AM","25.47","97.268","36.295","-0.003","25.035","23.12","23.41","None"
"2025-09-01","8:03:58.784 AM","25.47","97.268","36.295","-0.003","25.035","23.12","23.41","None"
"2025-09-01","8:03:59.033 AM","25.47","97.265","36.301","-0.003","25.055","23.12","23.41","None"
"2025-09-01","8:03:59.284 AM","25.47","97.265","36.301","-0.003","25.055","23.09","23.50","None"
"2025-09-01","8:03:59.543 AM","25.47","97.265","36.301","-0.003","25.055","23.09","23.50","None"
"2025-09-01","8:03:59.797 AM","25.48","97.267","36.295","-0.003","25.045","23.09","23.50","None"
"2025-09-01","8:04:00.084 AM","25.48","97.267","36.295","-0.003","25.045","23.09","23.50","None"
"2025-09-01","8:04:00.319 AM","25.48","97.267","36.295","-0.003","25.045","23.09","23.50","None"
"2025-09-01","8:04:00.573 AM","25.48","97.266","36.301","-0.003","25.105","23.20","23.50","None"
"2025-09-01","8:04:00.818 AM","25.48","97.266","36.301","-0.003","25.105","23.20","23.47","None"
"2025-09-01","8:04:01.069 AM","25.48","97.268","36.284","-0.003","25.02","23.20","23.47","None"
"2025-09-01","8:04:01.322 AM","25.48","97.268","36.284","-0.003","25.02","23.07","23.47","None"
"2025-09-01","8:04:01.573 AM","25.48","97.268","36.284","-0.003","25.02","23.07","23.50","None"
"2025-09-01","8:04:01.822 AM","25.48","97.269","36.307","-0.003","25.03","23.07","23.50","None"
"2025-09-01","8:04:02.083 AM","25.48","97.269","36.307","-0.003","25.03","23.12","23.50","None"
"2025-09-01","8:04:02.353 AM","25.48","97.269","36.307","-0.003","25.03","23.12","23.41","None"
"2025-09-01","8:04:02.622 AM","25.48","97.268","36.296","-0.003","25.08","23.12","23.41","None"
"2025-09-01","8:04:02.876 AM","25.48","97.268","36.296","-0.003","25.08","23.16","23.52","None"
"2025-09-01","8:04:03.126 AM","25.48","97.268","36.296","-0.003","25.08","23.16","23.52","None"
"2025-09-01","8:04:03.372 AM","25.48","97.269","36.296","-0.003","25.065","23.13","23.52","None"
"2025-09-01","8:04:03.618 AM","25.48","97.269","36.296","-0.003","25.065","23.13","23.52","None"
"2025-09-01","8:04:03.872 AM","25.48","97.269","36.296","-0.003","25.065","23.13","23.52","None"
"2025-09-01","8:04:04.119 AM","25.48","97.267","36.296","-0.003","25.02","23.12","23.52","None"
"2025-09-01","8:04:04.375 AM","25.48","97.267","36.296","-0.003","25.02","23.12","23.45","None"
"2025-09-01","8:04:04.675 AM","25.48","97.267","36.284","-0.003","25.11","23.12","23.45","None"
"2025-09-01","8:04:04.915 AM","25.48","97.267","36.284","-0.003","25.11","23.16","23.45","None"
"2025-09-01","8:04:05.155 AM","25.48","97.267","36.284","-0.003","25.11","23.16","23.41","None"
"2025-09-01","8:04:05.406 AM","25.48","97.27","36.296","-0.003","25.09","23.16","23.41","None"
"2025-09-01","8:04:05.653 AM","25.48","97.27","36.296","-0.003","25.09","23.12","23.41","None"
"2025-09-01","8:04:05.912 AM","25.48","97.27","36.296","-0.003","25.09","23.12","23.44","None"
"2025-09-01","8:04:06.154 AM","25.48","97.27","36.29","-0.003","25.07","23.12","23.44","None"
"2025-09-01","8:04:06.410 AM","25.48","97.27","36.29","-0.003","25.07","23.16","23.59","None"
"2025-09-01","8:04:06.657 AM","25.48","97.27","36.29","-0.003","25.07","23.16","23.59","None"
"2025-09-01","8:04:06.909 AM","25.48","97.271","36.29","-0.003","25.07","23.16","23.59","None"
"2025-09-01","8:04:07.180 AM","25.48","97.271","36.29","-0.003","25.07","23.13","23.50","None"
"2025-09-01","8:04:07.419 AM","25.48","97.271","36.29","-0.003","25.07","23.13","23.50","None"
"2025-09-01","8:04:07.691 AM","25.48","97.271","36.29","-0.003","25.065","23.16","23.50","None"
"2025-09-01","8:04:07.955 AM","25.48","97.271","36.29","-0.003","25.065","23.16","23.44","None"
"2025-09-01","8:04:08.205 AM","25.48","97.271","36.29","-0.003","25.065","23.16","23.44","None"
"2025-09-01","8:04:08.459 AM","25.48","97.273","36.307","-0.003","25.085","23.16","23.44","None"
"2025-09-01","8:04:08.753 AM","25.48","97.273","36.307","-0.003","25.085","23.16","23.43","None"
"2025-09-01","8:04:08.977 AM","25.48","97.275","36.301","-0.003","25.015","23.16","23.43","None"
"2025-09-01","8:04:09.246 AM","25.48","97.275","36.301","-0.003","25.015","23.19","23.43","None"
"2025-09-01","8:04:09.481 AM","25.48","97.275","36.301","-0.003","25.015","23.19","23.55","None"
"2025-09-01","8:04:09.751 AM","25.48","97.278","36.29","-0.003","25.085","23.19","23.55","None"
"2025-09-01","8:04:09.999 AM","25.48","97.278","36.29","-0.003","25.085","23.18","23.55","None"
"2025-09-01","8:04:10.242 AM","25.48","97.278","36.29","-0.003","25.085","23.18","23.39","None"
"2025-09-01","8:04:10.492 AM","25.48","97.269","36.29","-0.003","25.07","23.18","23.39","None"
"2025-09-01","8:04:10.752 AM","25.48","97.269","36.29","-0.003","25.07","23.05","23.52","None"
"2025-09-01","8:04:11.008 AM","25.48","97.269","36.29","-0.003","25.07","23.05","23.52","None"
"2025-09-01","8:04:11.262 AM","25.48","97.265","36.296","-0.003","25.05","23.05","23.52","None"
"2025-09-01","8:04:11.509 AM","25.48","97.265","36.296","-0.003","25.05","23.14","23.45","None"
"2025-09-01","8:04:11.757 AM","25.48","97.265","36.296","-0.003","25.05","23.14","23.45","None"
"2025-09-01","8:04:12.008 AM","25.48","97.266","36.29","-0.003","25.1","23.13","23.45","None"
"2025-09-01","8:04:12.257 AM","25.48","97.266","36.29","-0.003","25.1","23.13","23.58","None"
"2025-09-01","8:04:12.511 AM","25.48","97.266","36.29","-0.003","25.1","23.13","23.58","None"
"2025-09-01","8:04:12.809 AM","25.48","97.274","36.284","-0.003","25.045","23.05","23.58","None"
"2025-09-01","8:04:13.029 AM","25.48","97.274","36.284","-0.003","25.045","23.05","23.47","None"
"2025-09-01","8:04:13.282 AM","25.48","97.277","36.301","-0.003","25.02","23.05","23.47","None"
"2025-09-01","8:04:13.531 AM","25.48","97.277","36.301","-0.003","25.02","23.13","23.47","None"
"2025-09-01","8:04:13.782 AM","25.48","97.277","36.301","-0.003","25.02","23.13","23.50","None"
"2025-09-01","8:04:14.051 AM","25.48","97.276","36.301","-0.003","24.99","23.13","23.50","None"
"2025-09-01","8:04:14.289 AM","25.48","97.276","36.301","-0.003","24.99","23.12","23.50","None"
"2025-09-01","8:04:14.564 AM","25.48","97.276","36.301","-0.003","24.99","23.12","23.50","None"
"2025-09-01","8:04:14.833 AM","25.48","97.277","36.296","-0.003","25.04","23.12","23.50","None"
"2025-09-01","8:04:15.077 AM","25.48","97.277","36.296","-0.003","25.04","23.09","23.50","None"
"2025-09-01","8:04:15.329 AM","25.48","97.277","36.296","-0.003","25.04","23.09","23.50","None"
"2025-09-01","8:04:15.582 AM","25.48","97.281","36.29","-0.003","25.005","23.09","23.50","None"
"2025-09-01","8:04:15.839 AM","25.48","97.281","36.29","-0.003","25.005","23.14","23.56","None"
"2025-09-01","8:04:16.080 AM","25.48","97.281","36.29","-0.003","25.005","23.14","23.56","None"
"2025-09-01","8:04:16.332 AM","25.48","97.279","36.313","-0.003","25","23.12","23.56","None"
"2025-09-01","8:04:16.588 AM","25.48","97.279","36.313","-0.003","25","23.12","23.52","None"
"2025-09-01","8:04:16.860 AM","25.48","97.276","36.313","-0.003","25.065","23.12","23.52","None"
"2025-09-01","8:04:17.153 AM","25.48","97.276","36.313","-0.003","25.065","23.16","23.52","None"
"2025-09-01","8:04:17.373 AM","25.48","97.276","36.313","-0.003","25.065","23.16","23.45","None"
"2025-09-01","8:04:17.617 AM","25.48","97.274","36.313","-0.003","25.05","23.16","23.45","None"
"2025-09-01","8:04:17.868 AM","25.48","97.274","36.313","-0.003","25.05","23.14","23.45","None"
"2025-09-01","8:04:18.117 AM","25.48","97.274","36.313","-0.003","25.05","23.14","23.48","None"
"2025-09-01","8:04:18.375 AM","25.48","97.278","36.29","-0.003","25.025","23.14","23.48","None"
"2025-09-01","8:04:18.620 AM","25.48","97.278","36.29","-0.003","25.025","23.13","23.48","None"
"2025-09-01","8:04:18.866 AM","25.48","97.278","36.29","-0.003","25.025","23.13","23.47","None"
"2025-09-01","8:04:19.129 AM","25.48","97.283","36.307","-0.003","25.055","23.13","23.47","None"
"2025-09-01","8:04:19.384 AM","25.48","97.283","36.307","-0.003","25.055","23.12","23.52","None"
"2025-09-01","8:04:19.626 AM","25.48","97.283","36.307","-0.003","25.055","23.12","23.52","None"
"2025-09-01","8:04:19.881 AM","25.48","97.275","36.296","-0.002","25.025","23.12","23.52","None"
"2025-09-01","8:04:20.134 AM","25.48","97.275","36.296","-0.002","25.025","23.16","23.41","None"
"2025-09-01","8:04:20.387 AM","25.48","97.275","36.296","-0.002","25.025","23.16","23.41","None"
"2025-09-01","8:04:20.626 AM","25.48","97.272","36.307","-0.003","25.045","23.18","23.41","None"
"2025-09-01","8:04:20.883 AM","25.48","97.272","36.307","-0.003","25.045","23.18","23.47","None"
"2025-09-01","8:04:21.128 AM","25.48","97.272","36.307","-0.003","25.045","23.18","23.47","None"
"2025-09-01","8:04:21.430 AM","25.48","97.271","36.313","-0.002","25.01","23.18","23.47","None"
"2025-09-01","8:04:21.653 AM","25.48","97.271","36.313","-0.002","25.01","23.18","23.52","None"
"2025-09-01","8:04:21.898 AM","25.48","97.277","36.301","-0.002","25.01","23.18","23.52","None"
"2025-09-01","8:04:22.147 AM","25.48","97.277","36.301","-0.002","25.01","23.16","23.52","None"
"2025-09-01","8:04:22.401 AM","25.48","97.277","36.301","-0.002","25.01","23.16","23.55","None"
"2025-09-01","8:04:22.651 AM","25.47","97.273","36.301","-0.003","25.03","23.16","23.55","None"
"2025-09-01","8:04:22.899 AM","25.47","97.273","36.301","-0.003","25.03","23.16","23.55","None"
"2025-09-01","8:04:23.151 AM","25.47","97.273","36.301","-0.003","25.03","23.16","23.49","None"
"2025-09-01","8:04:23.403 AM","25.48","97.27","36.301","-0.003","25.09","23.16","23.49","None"
"2025-09-01","8:04:23.656 AM","25.48","97.27","36.301","-0.003","25.09","23.16","23.49","None"
"2025-09-01","8:04:23.908 AM","25.48","97.27","36.301","-0.003","25.09","23.16","23.49","None"
"2025-09-01","8:04:24.155 AM","25.48","97.271","36.295","-0.003","25.125","23.16","23.49","None"
"2025-09-01","8:04:24.410 AM","25.48","97.271","36.295","-0.003","25.125","23.12","23.43","None"
"2025-09-01","8:04:24.652 AM","25.48","97.271","36.295","-0.003","25.125","23.12","23.43","None"
"2025-09-01","8:04:24.903 AM","25.48","97.272","36.301","-0.003","25.125","23.12","23.43","None"
"2025-09-01","8:04:25.156 AM","25.48","97.272","36.301","-0.003","25.125","23.16","23.48","None"
"2025-09-01","8:04:25.403 AM","25.48","97.272","36.301","-0.003","25.125","23.16","23.48","None"
"2025-09-01","8:04:25.695 AM","25.48","97.271","36.295","-0.002","25.06","23.20","23.48","None"
"2025-09-01","8:04:25.914 AM","25.48","97.271","36.295","-0.002","25.06","23.20","23.50","None"
"2025-09-01","8:04:26.168 AM","25.48","97.271","36.295","-0.002","25.06","23.20","23.50","None"
"2025-09-01","8:04:26.429 AM","25.47","97.274","36.318","-0.002","25.12","23.08","23.50","None"
"2025-09-01","8:04:26.669 AM","25.47","97.274","36.318","-0.002","25.12","23.08","23.47","None"
"2025-09-01","8:04:26.922 AM","25.47","97.274","36.318","-0.002","25.12","23.08","23.47","None"
"2025-09-01","8:04:27.169 AM","25.47","97.273","36.301","-0.002","25.04","23.16","23.47","None"
"2025-09-01","8:04:27.422 AM","25.47","97.273","36.301","-0.002","25.04","23.16","23.47","None"
"2025-09-01","8:04:27.668 AM","25.47","97.274","36.301","-0.003","25.025","23.16","23.47","None"
"2025-09-01","8:04:27.921 AM","25.47","97.274","36.301","-0.003","25.025","23.05","23.47","None"
"2025-09-01","8:04:28.175 AM","25.47","97.274","36.301","-0.003","25.025","23.05","23.48","None"
"2025-09-01","8:04:28.428 AM","25.48","97.273","36.318","-0.002","25.04","23.05","23.48","None"
"2025-09-01","8:04:28.671 AM","25.48","97.273","36.318","-0.002","25.04","23.16","23.48","None"
"2025-09-01","8:04:28.926 AM","25.48","97.273","36.318","-0.002","25.04","23.16","23.48","None"
"2025-09-01","8:04:29.203 AM","25.48","97.268","36.307","-0.002","25.045","23.16","23.48","None"
"2025-09-01","8:04:29.464 AM","25.48","97.268","36.307","-0.002","25.045","23.12","23.45","None"
"2025-09-01","8:04:29.739 AM","25.48","97.268","36.307","-0.002","25.045","23.12","23.45","None"
"2025-09-01","8:04:30.055 AM","25.47","97.269","36.312","-0.003","25.075","23.09","23.45","None"
"2025-09-01","8:04:30.276 AM","25.47","97.269","36.312","-0.003","25.075","23.09","23.45","None"
"2025-09-01","8:04:30.526 AM","25.47","97.271","36.324","-0.002","25.06","23.09","23.45","None"
"2025-09-01","8:04:30.772 AM","25.47","97.271","36.324","-0.002","25.06","23.13","23.45","None"
"2025-09-01","8:04:31.032 AM","25.47","97.271","36.324","-0.002","25.06","23.13","23.45","None"
"2025-09-01","8:04:31.276 AM","25.47","97.265","36.301","-0.002","25.14","23.13","23.45","None"
"2025-09-01","8:04:31.532 AM","25.47","97.265","36.301","-0.002","25.14","23.08","23.45","None"
"2025-09-01","8:04:31.805 AM","25.47","97.265","36.301","-0.002","25.14","23.08","23.45","None"
"2025-09-01","8:04:32.073 AM","25.47","97.267","36.312","-0.002","25.05","23.08","23.45","None"
"2025-09-01","8:04:32.328 AM","25.47","97.267","36.312","-0.002","25.05","23.12","23.45","None"
"2025-09-01","8:04:32.576 AM","25.47","97.267","36.312","-0.002","25.05","23.12","23.45","None"
"2025-09-01","8:04:32.823 AM","25.47","97.273","36.312","-0.002","25.065","23.12","23.45","None"
"2025-09-01","8:04:33.075 AM","25.47","97.273","36.312","-0.002","25.065","23.12","23.49","None"
"2025-09-01","8:04:33.325 AM","25.47","97.273","36.312","-0.002","25.065","23.12","23.49","None"
"2025-09-01","8:04:33.574 AM","25.48","97.265","36.313","-0.002","25","23.10","23.49","None"
"2025-09-01","8:04:33.829 AM","25.48","97.265","36.313","-0.002","25","23.10","23.52","None"
"2025-09-01","8:04:34.111 AM","25.48","97.265","36.313","-0.002","25","23.10","23.52","None"
"2025-09-01","8:04:34.352 AM","25.48","97.264","36.307","-0.002","25.025","23.09","23.52","None"
"2025-09-01","8:04:34.602 AM","25.48","97.264","36.307","-0.002","25.025","23.09","23.50","None"
"2025-09-01","8:04:34.862 AM","25.48","97.266","36.307","-0.002","25.02","23.09","23.50","None"
"2025-09-01","8:04:35.112 AM","25.48","97.266","36.307","-0.002","25.02","23.16","23.50","None"
"2025-09-01","8:04:35.364 AM","25.48","97.266","36.307","-0.002","25.02","23.16","23.41","None"
"2025-09-01","8:04:35.625 AM","25.48","97.267","36.307","-0.002","25.025","23.16","23.41","None"
"2025-09-01","8:04:35.872 AM","25.48","97.267","36.307","-0.002","25.025","23.07","23.44","None"
"2025-09-01","8:04:36.132 AM","25.48","97.267","36.307","-0.002","25.025","23.07","23.44","None"
"2025-09-01","8:04:36.395 AM","25.48","97.268","36.319","-0.002","25.04","23.07","23.44","None"
"2025-09-01","8:04:36.642 AM","25.48","97.268","36.319","-0.002","25.04","23.09","23.52","None"
"2025-09-01","8:04:36.899 AM","25.48","97.268","36.319","-0.002","25.04","23.09","23.52","None"
"2025-09-01","8:04:37.157 AM","25.48","97.267","36.313","-0.002","25","23.09","23.52","None"
"2025-09-01","8:04:37.401 AM","25.48","97.267","36.313","-0.002","25","23.18","23.52","None"
"2025-09-01","8:04:37.645 AM","25.48","97.267","36.313","-0.002","25","23.18","23.52","None"
"2025-09-01","8:04:37.903 AM","25.48","97.265","36.307","-0.002","25.02","23.09","23.52","None"
"2025-09-01","8:04:38.176 AM","25.48","97.265","36.307","-0.002","25.02","23.09","23.54","None"
"2025-09-01","8:04:38.474 AM","25.48","97.267","36.33","-0.002","25.075","23.09","23.54","None"
"2025-09-01","8:04:38.736 AM","25.48","97.267","36.33","-0.002","25.075","23.09","23.54","None"
"2025-09-01","8:04:38.967 AM","25.48","97.267","36.33","-0.002","25.075","23.09","23.49","None"
"2025-09-01","8:04:39.221 AM","25.48","97.27","36.307","-0.002","25.04","23.09","23.49","None"
"2025-09-01","8:04:39.492 AM","25.48","97.27","36.307","-0.002","25.04","23.09","23.47","None"
"2025-09-01","8:04:39.737 AM","25.48","97.27","36.307","-0.002","25.04","23.09","23.47","None"
"2025-09-01","8:04:39.986 AM","25.48","97.273","36.302","-0.002","25.04","23.09","23.47","None"
"2025-09-01","8:04:40.233 AM","25.48","97.273","36.302","-0.002","25.04","23.09","23.50","None"
"2025-09-01","8:04:40.484 AM","25.48","97.273","36.302","-0.002","25.04","23.09","23.50","None"
"2025-09-01","8:04:40.738 AM","25.48","97.271","36.29","-0.002","25","23.09","23.50","None"
"2025-09-01","8:04:40.984 AM","25.48","97.271","36.29","-0.002","25","23.12","23.48","None"
"2025-09-01","8:04:41.244 AM","25.48","97.271","36.29","-0.002","25","23.12","23.48","None"
"2025-09-01","8:04:41.500 AM","25.48","97.268","36.307","-0.002","25.02","23.14","23.48","None"
"2025-09-01","8:04:41.744 AM","25.48","97.268","36.307","-0.002","25.02","23.14","23.48","None"
"2025-09-01","8:04:42.002 AM","25.48","97.268","36.307","-0.002","25.02","23.14","23.48","None"
"2025-09-01","8:04:42.245 AM","25.48","97.271","36.313","-0.002","25.04","23.12","23.48","None"
"2025-09-01","8:04:42.493 AM","25.48","97.271","36.313","-0.002","25.04","23.12","23.52","None"
"2025-09-01","8:04:42.777 AM","25.48","97.272","36.307","-0.002","25.065","23.12","23.52","None"
"2025-09-01","8:04:43.003 AM","25.48","97.272","36.307","-0.002","25.065","23.12","23.52","None"
"2025-09-01","8:04:43.250 AM","25.48","97.272","36.307","-0.002","25.065","23.12","23.56","None"
"2025-09-01","8:04:43.497 AM","25.48","97.272","36.307","-0.002","25.095","23.12","23.56","None"
"2025-09-01","8:04:43.751 AM","25.48","97.272","36.307","-0.002","25.095","23.18","23.56","None"
"2025-09-01","8:04:44.000 AM","25.48","97.272","36.307","-0.002","25.095","23.18","23.45","None"
"2025-09-01","8:04:44.256 AM","25.48","97.271","36.313","-0.002","24.98","23.18","23.45","None"
"2025-09-01","8:04:44.503 AM","25.48","97.271","36.313","-0.002","24.98","23.12","23.45","None"
"2025-09-01","8:04:44.750 AM","25.48","97.271","36.313","-0.002","24.98","23.12","23.48","None"
"2025-09-01","8:04:45.007 AM","25.48","97.271","36.319","-0.002","24.995","23.12","23.48","None"
"2025-09-01","8:04:45.264 AM","25.48","97.271","36.319","-0.002","24.995","23.18","23.52","None"
"2025-09-01","8:04:45.510 AM","25.48","97.271","36.319","-0.002","24.995","23.18","23.52","None"
"2025-09-01","8:04:45.770 AM","25.48","97.274","36.307","-0.002","25.015","23.18","23.52","None"
"2025-09-01","8:04:46.019 AM","25.48","97.274","36.307","-0.002","25.015","23.16","23.45","None"
"2025-09-01","8:04:46.273 AM","25.48","97.274","36.307","-0.002","25.015","23.16","23.45","None"
"2025-09-01","8:04:46.531 AM","25.48","97.275","36.313","-0.002","25.02","23.13","23.45","None"
"2025-09-01","8:04:46.780 AM","25.48","97.275","36.313","-0.002","25.02","23.13","23.52","None"
"2025-09-01","8:04:47.097 AM","25.48","97.273","36.312","-0.002","25.02","23.13","23.52","None"
"2025-09-01","8:04:47.308 AM","25.48","97.273","36.312","-0.002","25.04","23.08","23.52","None"
"2025-09-01","8:04:47.575 AM","25.48","97.273","36.312","-0.002","25.04","23.08","23.41","None"
"2025-09-01","8:04:47.822 AM","25.47","97.276","36.312","-0.002","25.075","23.08","23.41","None"
"2025-09-01","8:04:48.077 AM","25.47","97.276","36.312","-0.002","25.075","23.16","23.41","None"
"2025-09-01","8:04:48.321 AM","25.47","97.276","36.312","-0.002","25.075","23.16","23.52","None"
"2025-09-01","8:04:48.580 AM","25.47","97.274","36.312","-0.002","25.005","23.16","23.52","None"
"2025-09-01","8:04:48.836 AM","25.47","97.274","36.312","-0.002","25.005","23.09","23.43","None"
"2025-09-01","8:04:49.085 AM","25.47","97.274","36.312","-0.002","25.005","23.09","23.43","None"
"2025-09-01","8:04:49.338 AM","25.47","97.275","36.312","-0.002","25.035","23.09","23.43","None"
"2025-09-01","8:04:49.581 AM","25.47","97.275","36.312","-0.002","25.035","23.18","23.47","None"
"2025-09-01","8:04:49.835 AM","25.47","97.275","36.312","-0.002","25.035","23.18","23.47","None"
"2025-09-01","8:04:50.086 AM","25.47","97.273","36.306","-0.002","25.07","23.18","23.47","None"
"2025-09-01","8:04:50.337 AM","25.47","97.273","36.306","-0.002","25.07","23.09","23.52","None"
"2025-09-01","8:04:50.590 AM","25.47","97.273","36.306","-0.002","25.07","23.09","23.52","None"
"2025-09-01","8:04:50.847 AM","25.47","97.271","36.318","-0.002","25.08","23.14","23.52","None"
"2025-09-01","8:04:51.102 AM","25.47","97.271","36.318","-0.002","25.08","23.14","23.44","None"
"2025-09-01","8:04:51.385 AM","25.47","97.271","36.318","-0.002","25.08","23.14","23.44","None"
"2025-09-01","8:04:51.610 AM","25.47","97.271","36.323","-0.002","25","23.14","23.44","None"
"2025-09-01","8:04:51.859 AM","25.47","97.271","36.323","-0.002","25","23.14","23.47","None"
"2025-09-01","8:04:52.109 AM","25.47","97.271","36.306","-0.002","25.085","23.14","23.47","None"
"2025-09-01","8:04:52.364 AM","25.47","97.271","36.306","-0.002","25.085","23.20","23.47","None"
"2025-09-01","8:04:52.642 AM","25.47","97.271","36.306","-0.002","25.085","23.20","23.45","None"
"2025-09-01","8:04:52.873 AM","25.47","97.27","36.318","-0.002","24.96","23.20","23.45","None"
"2025-09-01","8:04:53.139 AM","25.47","97.27","36.318","-0.002","24.96","23.05","23.45","None"
"2025-09-01","8:04:53.382 AM","25.47","97.27","36.318","-0.002","24.96","23.05","23.54","None"
"2025-09-01","8:04:53.649 AM","25.47","97.269","36.307","-0.002","25.035","23.05","23.54","None"
"2025-09-01","8:04:53.878 AM","25.47","97.269","36.307","-0.002","25.035","23.07","23.50","None"
"2025-09-01","8:04:54.144 AM","25.47","97.269","36.307","-0.002","25.035","23.07","23.50","None"
"2025-09-01","8:04:54.379 AM","25.47","97.272","36.318","-0.002","25.04","23.07","23.50","None"
"2025-09-01","8:04:54.646 AM","25.47","97.272","36.318","-0.002","25.04","23.10","23.54","None"
"2025-09-01","8:04:54.888 AM","25.47","97.272","36.318","-0.002","25.04","23.10","23.54","None"
"2025-09-01","8:04:55.137 AM","25.47","97.271","36.318","-0.002","25","23.08","23.54","None"
"2025-09-01","8:04:55.426 AM","25.47","97.271","36.318","-0.002","25","23.08","23.47","None"
"2025-09-01","8:04:55.650 AM","25.47","97.271","36.318","-0.002","25","23.08","23.47","None"
"2025-09-01","8:04:55.895 AM","25.47","97.272","36.318","-0.002","25.05","23.16","23.47","None"
"2025-09-01","8:04:56.160 AM","25.47","97.272","36.318","-0.002","25.05","23.16","23.50","None"
"2025-09-01","8:04:56.413 AM","25.47","97.273","36.318","-0.002","25.05","23.16","23.50","None"
"2025-09-01","8:04:56.664 AM","25.47","97.273","36.318","-0.002","25.05","23.12","23.50","None"
"2025-09-01","8:04:56.913 AM","25.47","97.273","36.318","-0.002","25.05","23.12","23.50","None"
"2025-09-01","8:04:57.157 AM","25.47","97.273","36.324","-0.002","25.04","23.12","23.50","None"
"2025-09-01","8:04:57.411 AM","25.47","97.273","36.324","-0.002","25.04","23.13","23.50","None"
"2025-09-01","8:04:57.660 AM","25.47","97.273","36.324","-0.002","25.04","23.13","23.56","None"
"2025-09-01","8:04:57.913 AM","25.47","97.271","36.318","-0.002","25.01","23.13","23.56","None"
"2025-09-01","8:04:58.175 AM","25.47","97.271","36.318","-0.002","25.01","23.08","23.52","None"
"2025-09-01","8:04:58.426 AM","25.47","97.271","36.318","-0.002","25.01","23.08","23.52","None"
"2025-09-01","8:04:58.677 AM","25.47","97.271","36.312","-0.002","25.04","23.08","23.52","None"
"2025-09-01","8:04:58.928 AM","25.47","97.271","36.312","-0.002","25.04","23.09","23.52","None"
"2025-09-01","8:04:59.177 AM","25.47","97.271","36.312","-0.002","25.04","23.09","23.52","None"
"2025-09-01","8:04:59.426 AM","25.47","97.269","36.312","-0.002","25.07","23.09","23.52","None"
"2025-09-01","8:04:59.683 AM","25.47","97.269","36.312","-0.002","25.07","23.16","23.47","None"
"2025-09-01","8:04:59.989 AM","25.47","97.269","36.312","-0.002","25.07","23.16","23.47","None"
"2025-09-01","8:05:00.213 AM","25.47","97.272","36.323","-0.002","25.095","23.09","23.47","None"
"2025-09-01","8:05:00.465 AM","25.47","97.272","36.323","-0.002","25.095","23.09","23.48","None"
"2025-09-01","8:05:00.716 AM","25.47","97.274","36.318","-0.002","25.095","23.09","23.48","None"
"2025-09-01","8:05:00.967 AM","25.47","97.274","36.318","-0.002","25.055","23.05","23.48","None"
"2025-09-01","8:05:01.233 AM","25.47","97.274","36.318","-0.002","25.055","23.05","23.50","None"
"2025-09-01","8:05:01.478 AM","25.47","97.273","36.312","-0.002","25.03","23.05","23.50","None"
"2025-09-01","8:05:01.731 AM","25.47","97.273","36.312","-0.002","25.03","23.14","23.50","None"
"2025-09-01","8:05:01.977 AM","25.47","97.273","36.312","-0.002","25.03","23.14","23.48","None"
"2025-09-01","8:05:02.236 AM","25.47","97.274","36.329","-0.002","25.06","23.14","23.48","None"
"2025-09-01","8:05:02.488 AM","25.47","97.274","36.329","-0.002","25.06","23.03","23.48","None"
"2025-09-01","8:05:02.740 AM","25.47","97.274","36.329","-0.002","25.06","23.03","23.55","None"
"2025-09-01","8:05:02.988 AM","25.47","97.281","36.312","-0.002","24.985","23.03","23.55","None"
"2025-09-01","8:05:03.233 AM","25.47","97.281","36.312","-0.002","24.985","23.12","23.52","None"
"2025-09-01","8:05:03.497 AM","25.47","97.281","36.312","-0.002","24.985","23.12","23.52","None"
"2025-09-01","8:05:03.748 AM","25.47","97.278","36.324","-0.002","25.01","23.12","23.52","None"
"2025-09-01","8:05:04.071 AM","25.47","97.278","36.324","-0.002","25.01","23.12","23.54","None"
"2025-09-01","8:05:04.273 AM","25.47","97.278","36.324","-0.002","25.01","23.12","23.54","None"
"2025-09-01","8:05:04.516 AM","25.47","97.277","36.329","-0.002","25.04","23.16","23.54","None"
"2025-09-01","8:05:04.775 AM","25.47","97.277","36.329","-0.002","25.04","23.16","23.50","None"
"2025-09-01","8:05:05.020 AM","25.47","97.277","36.329","-0.002","25.04","23.16","23.50","None"
"2025-09-01","8:05:05.286 AM","25.47","97.273","36.318","-0.002","25.12","23.05","23.50","None"
"2025-09-01","8:05:05.518 AM","25.47","97.273","36.318","-0.002","25.12","23.05","23.48","None"
"2025-09-01","8:05:05.777 AM","25.47","97.273","36.323","-0.002","24.985","23.05","23.48","None"
"2025-09-01","8:05:06.041 AM","25.47","97.273","36.323","-0.002","24.985","23.13","23.48","None"
"2025-09-01","8:05:06.290 AM","25.47","97.273","36.323","-0.002","24.985","23.13","23.50","None"
"2025-09-01","8:05:06.531 AM","25.47","97.271","36.312","-0.002","25.005","23.13","23.50","None"
"2025-09-01","8:05:06.799 AM","25.47","97.271","36.312","-0.002","25.005","23.05","23.50","None"
"2025-09-01","8:05:07.054 AM","25.47","97.271","36.312","-0.002","25.005","23.05","23.52","None"
"2025-09-01","8:05:07.292 AM","25.47","97.272","36.312","-0.002","25.015","23.05","23.52","None"
"2025-09-01","8:05:07.558 AM","25.47","97.272","36.312","-0.002","25.015","23.10","23.43","None"
"2025-09-01","8:05:07.796 AM","25.47","97.272","36.312","-0.002","25.015","23.10","23.43","None"
"2025-09-01","8:05:08.045 AM","25.47","97.273","36.317","-0.002","25.02","23.10","23.43","None"
"2025-09-01","8:05:08.340 AM","25.47","97.273","36.317","-0.002","25.02","23.10","23.52","None"
"2025-09-01","8:05:08.562 AM","25.47","97.273","36.317","-0.002","25.02","23.10","23.52","None"
"2025-09-01","8:05:08.818 AM","25.47","97.271","36.323","-0.002","25.04","23.10","23.52","None"
"2025-09-01","8:05:09.070 AM","25.47","97.271","36.323","-0.002","25.04","23.10","23.49","None"
"2025-09-01","8:05:09.325 AM","25.47","97.271","36.323","-0.002","25.04","23.10","23.49","None"
"2025-09-01","8:05:09.568 AM","25.47","97.275","36.323","-0.002","25.02","23.08","23.49","None"
"2025-09-01","8:05:09.826 AM","25.47","97.275","36.323","-0.002","25.02","23.08","23.55","None"
"2025-09-01","8:05:10.084 AM","25.47","97.274","36.329","-0.002","25.045","23.08","23.55","None"
"2025-09-01","8:05:10.335 AM","25.47","97.274","36.329","-0.002","25.045","23.08","23.55","None"
"2025-09-01","8:05:10.586 AM","25.47","97.274","36.329","-0.002","25.045","23.08","23.55","None"
"2025-09-01","8:05:10.834 AM","25.47","97.275","36.318","-0.002","25.065","23.08","23.55","None"
"2025-09-01","8:05:11.085 AM","25.47","97.275","36.318","-0.002","25.065","23.16","23.55","None"
"2025-09-01","8:05:11.334 AM","25.47","97.275","36.318","-0.002","25.065","23.16","23.48","None"
"2025-09-01","8:05:11.585 AM","25.47","97.274","36.318","-0.002","25.08","23.16","23.48","None"
"2025-09-01","8:05:11.840 AM","25.47","97.274","36.318","-0.002","25.08","23.16","23.47","None"
"2025-09-01","8:05:12.085 AM","25.47","97.274","36.318","-0.002","25.08","23.16","23.47","None"
"2025-09-01","8:05:12.334 AM","25.47","97.277","36.335","-0.002","24.98","23.16","23.47","None"
"2025-09-01","8:05:12.633 AM","25.47","97.277","36.335","-0.002","24.98","23.05","23.48","None"
"2025-09-01","8:05:12.862 AM","25.47","97.277","36.335","-0.002","24.98","23.05","23.48","None"
"2025-09-01","8:05:13.122 AM","25.47","97.275","36.323","-0.002","25.05","23.14","23.48","None"
"2025-09-01","8:05:13.370 AM","25.47","97.275","36.323","-0.002","25.05","23.14","23.48","None"
"2025-09-01","8:05:13.618 AM","25.47","97.275","36.323","-0.002","25.05","23.14","23.48","None"
"2025-09-01","8:05:13.875 AM","25.47","97.274","36.323","-0.002","25.005","23.08","23.48","None"
"2025-09-01","8:05:14.119 AM","25.47","97.274","36.323","-0.002","25.005","23.08","23.52","None"
"2025-09-01","8:05:14.373 AM","25.47","97.273","36.323","-0.002","25.08","23.08","23.52","None"
"2025-09-01","8:05:14.627 AM","25.47","97.273","36.323","-0.002","25.08","23.18","23.52","None"
"2025-09-01","8:05:14.904 AM","25.47","97.273","36.323","-0.002","25.08","23.18","23.52","None"
"2025-09-01","8:05:15.176 AM","25.47","97.274","36.323","-0.002","25.01","23.18","23.52","None"
"2025-09-01","8:05:15.424 AM","25.47","97.274","36.323","-0.002","25.01","23.02","23.54","None"
"2025-09-01","8:05:15.673 AM","25.47","97.274","36.323","-0.002","25.01","23.02","23.54","None"
"2025-09-01","8:05:15.922 AM","25.46","97.275","36.334","-0.002","25.025","23.02","23.54","None"
"2025-09-01","8:05:16.173 AM","25.46","97.275","36.334","-0.002","25.025","23.12","23.41","None"
"2025-09-01","8:05:16.428 AM","25.46","97.275","36.334","-0.002","25.025","23.12","23.41","None"
"2025-09-01","8:05:16.696 AM","25.46","97.273","36.334","-0.002","25.065","23.12","23.41","None"
"2025-09-01","8:05:16.957 AM","25.46","97.273","36.334","-0.002","25.065","23.08","23.50","None"
"2025-09-01","8:05:17.198 AM","25.46","97.273","36.334","-0.002","25.065","23.08","23.50","None"
"2025-09-01","8:05:17.443 AM","25.46","97.272","36.34","-0.002","25.04","23.16","23.50","None"
"2025-09-01","8:05:17.694 AM","25.46","97.272","36.34","-0.002","25.04","23.16","23.48","None"
"2025-09-01","8:05:17.938 AM","25.46","97.272","36.34","-0.002","25.04","23.16","23.48","None"
"2025-09-01","8:05:18.201 AM","25.46","97.273","36.311","-0.002","25.04","23.14","23.48","None"
"2025-09-01","8:05:18.461 AM","25.46","97.273","36.311","-0.002","25.04","23.14","23.50","None"
"2025-09-01","8:05:18.704 AM","25.46","97.272","36.323","-0.002","25.07","23.14","23.50","None"
"2025-09-01","8:05:18.958 AM","25.46","97.272","36.323","-0.002","25.07","23.12","23.50","None"
"2025-09-01","8:05:19.205 AM","25.46","97.272","36.323","-0.002","25.07","23.12","23.43","None"
"2025-09-01","8:05:19.461 AM","25.46","97.272","36.317","-0.002","25.08","23.12","23.43","None"
"2025-09-01","8:05:19.735 AM","25.46","97.272","36.317","-0.002","25.08","23.12","23.43","None"
"2025-09-01","8:05:19.961 AM","25.46","97.272","36.317","-0.002","25.08","23.12","23.39","None"
"2025-09-01","8:05:20.225 AM","25.46","97.273","36.34","-0.002","24.945","23.12","23.39","None"
"2025-09-01","8:05:20.466 AM","25.46","97.273","36.34","-0.002","24.945","23.14","23.50","None"
"2025-09-01","8:05:20.724 AM","25.46","97.273","36.34","-0.002","24.945","23.14","23.50","None"
"2025-09-01","8:05:20.972 AM","25.46","97.273","36.329","-0.002","25.115","23.14","23.50","None"
"2025-09-01","8:05:21.268 AM","25.46","97.273","36.329","-0.002","25.115","23.10","23.52","None"
"2025-09-01","8:05:21.512 AM","25.46","97.273","36.329","-0.002","25.115","23.10","23.52","None"
"2025-09-01","8:05:21.761 AM","25.46","97.273","36.334","-0.002","25.01","23.16","23.52","None"
"2025-09-01","8:05:22.009 AM","25.46","97.273","36.334","-0.002","25.01","23.16","23.50","None"
"2025-09-01","8:05:22.264 AM","25.46","97.273","36.334","-0.002","25.01","23.16","23.50","None"
"2025-09-01","8:05:22.517 AM","25.46","97.274","36.334","-0.002","25.06","23.08","23.50","None"
"2025-09-01","8:05:22.761 AM","25.46","97.274","36.334","-0.002","25.06","23.08","23.49","None"
"2025-09-01","8:05:23.012 AM","25.46","97.272","36.323","-0.002","25.085","23.08","23.49","None"
"2025-09-01","8:05:23.268 AM","25.46","97.272","36.323","-0.002","25.085","23.05","23.49","None"
"2025-09-01","8:05:23.524 AM","25.46","97.272","36.323","-0.002","25.085","23.05","23.43","None"
"2025-09-01","8:05:23.777 AM","25.46","97.273","36.323","-0.002","25.025","23.05","23.43","None"
"2025-09-01","8:05:24.030 AM","25.46","97.273","36.323","-0.002","25.025","23.12","23.43","None"
"2025-09-01","8:05:24.287 AM","25.46","97.273","36.323","-0.002","25.025","23.12","23.47","None"
"2025-09-01","8:05:24.527 AM","25.46","97.271","36.34","-0.002","25.115","23.12","23.47","None"
"2025-09-01","8:05:24.778 AM","25.46","97.271","36.34","-0.002","25.115","23.01","23.56","None"
"2025-09-01","8:05:25.032 AM","25.46","97.271","36.34","-0.002","25.115","23.01","23.56","None"
"2025-09-01","8:05:25.329 AM","25.46","97.272","36.328","-0.002","24.975","23.01","23.56","None"
"2025-09-01","8:05:25.547 AM","25.46","97.272","36.328","-0.002","24.975","23.18","23.52","None"
"2025-09-01","8:05:25.797 AM","25.46","97.272","36.328","-0.002","24.975","23.18","23.52","None"
"2025-09-01","8:05:26.043 AM","25.46","97.274","36.328","-0.002","25.02","23.14","23.52","None"
"2025-09-01","8:05:26.301 AM","25.46","97.274","36.328","-0.002","25.02","23.14","23.47","None"
"2025-09-01","8:05:26.564 AM","25.46","97.274","36.328","-0.002","25.02","23.14","23.47","None"
"2025-09-01","8:05:26.799 AM","25.46","97.273","36.323","-0.002","25.04","23.09","23.47","None"
"2025-09-01","8:05:27.068 AM","25.46","97.273","36.323","-0.002","25.04","23.09","23.48","None"
"2025-09-01","8:05:27.301 AM","25.46","97.273","36.323","-0.002","25.04","23.09","23.48","None"
"2025-09-01","8:05:27.567 AM","25.46","97.277","36.346","-0.002","25.03","23.12","23.48","None"
"2025-09-01","8:05:27.799 AM","25.46","97.277","36.346","-0.002","25.03","23.12","23.48","None"
"2025-09-01","8:05:28.052 AM","25.46","97.279","36.34","-0.002","25.09","23.12","23.48","None"
"2025-09-01","8:05:28.301 AM","25.46","97.279","36.34","-0.002","25.09","23.08","23.48","None"
"2025-09-01","8:05:28.550 AM","25.46","97.279","36.34","-0.002","25.09","23.08","23.45","None"
"2025-09-01","8:05:28.812 AM","25.46","97.277","36.323","-0.002","25.02","23.08","23.45","None"
"2025-09-01","8:05:29.062 AM","25.46","97.277","36.323","-0.002","25.02","23.09","23.45","None"
"2025-09-01","8:05:29.314 AM","25.46","97.277","36.323","-0.002","25.02","23.09","23.52","None"
"2025-09-01","8:05:29.608 AM","25.46","97.272","36.329","-0.002","24.995","23.09","23.52","None"
"2025-09-01","8:05:29.840 AM","25.46","97.272","36.329","-0.002","24.995","23.16","23.47","None"
"2025-09-01","8:05:30.085 AM","25.46","97.272","36.329","-0.002","24.995","23.16","23.47","None"
"2025-09-01","8:05:30.343 AM","25.47","97.272","36.329","-0.002","25.065","23.16","23.47","None"
"2025-09-01","8:05:30.595 AM","25.47","97.272","36.329","-0.002","25.065","22.98","23.48","None"
"2025-09-01","8:05:30.853 AM","25.47","97.272","36.329","-0.002","25.065","22.98","23.48","None"
"2025-09-01","8:05:31.095 AM","25.47","97.278","36.34","-0.002","25.02","23.14","23.48","None"
"2025-09-01","8:05:31.347 AM","25.47","97.278","36.34","-0.002","25.02","23.14","23.54","None"
"2025-09-01","8:05:31.596 AM","25.47","97.278","36.34","-0.002","25.02","23.14","23.54","None"
"2025-09-01","8:05:31.846 AM","25.47","97.274","36.329","-0.002","24.95","23.16","23.54","None"
"2025-09-01","8:05:32.100 AM","25.47","97.274","36.329","-0.002","24.95","23.16","23.54","None"
"2025-09-01","8:05:32.352 AM","25.47","97.276","36.335","-0.002","25.065","23.16","23.54","None"
"2025-09-01","8:05:32.605 AM","25.47","97.276","36.335","-0.002","25.065","23.09","23.54","None"
"2025-09-01","8:05:32.849 AM","25.47","97.276","36.335","-0.002","25.065","23.09","23.45","None"
"2025-09-01","8:05:33.097 AM","25.47","97.277","36.335","-0.002","25.095","23.09","23.45","None"
"2025-09-01","8:05:33.348 AM","25.47","97.277","36.335","-0.002","25.095","23.12","23.45","None"
"2025-09-01","8:05:33.599 AM","25.47","97.277","36.335","-0.002","25.095","23.12","23.54","None"
"2025-09-01","8:05:33.901 AM","25.47","97.278","36.335","-0.002","25.04","23.12","23.54","None"
"2025-09-01","8:05:34.121 AM","25.47","97.278","36.335","-0.002","25.04","23.12","23.54","None"
"2025-09-01","8:05:34.374 AM","25.47","97.278","36.335","-0.002","25.04","23.12","23.56","None"
"2025-09-01","8:05:34.620 AM","25.47","97.278","36.335","-0.002","25.025","23.12","23.56","None"
"2025-09-01","8:05:34.873 AM","25.47","97.278","36.335","-0.002","25.025","23.05","23.45","None"
"2025-09-01","8:05:35.117 AM","25.47","97.278","36.335","-0.002","25.025","23.05","23.45","None"
"2025-09-01","8:05:35.371 AM","25.47","97.28","36.323","-0.002","25","23.05","23.45","None"
"2025-09-01","8:05:35.617 AM","25.47","97.28","36.323","-0.002","25","23.09","23.58","None"
"2025-09-01","8:05:35.871 AM","25.47","97.28","36.323","-0.002","25","23.09","23.58","None"
"2025-09-01","8:05:36.119 AM","25.47","97.278","36.329","-0.002","25.075","23.12","23.58","None"
"2025-09-01","8:05:36.372 AM","25.47","97.278","36.329","-0.002","25.075","23.12","23.49","None"
"2025-09-01","8:05:36.622 AM","25.47","97.278","36.329","-0.002","25.075","23.12","23.49","None"
"2025-09-01","8:05:36.871 AM","25.46","97.279","36.334","-0.002","25.005","23.03","23.49","None"
"2025-09-01","8:05:37.117 AM","25.46","97.279","36.334","-0.002","25.005","23.03","23.44","None"
"2025-09-01","8:05:37.383 AM","25.46","97.279","36.334","-0.002","25.005","23.03","23.44","None"
"2025-09-01","8:05:37.636 AM","25.46","97.277","36.323","-0.002","25.06","23.08","23.44","None"
"2025-09-01","8:05:37.929 AM","25.46","97.277","36.323","-0.002","25.06","23.08","23.52","None"
"2025-09-01","8:05:38.142 AM","25.47","97.274","36.329","-0.002","24.995","23.08","23.52","None"
"2025-09-01","8:05:38.394 AM","25.47","97.274","36.329","-0.002","24.995","23.16","23.52","None"
"2025-09-01","8:05:38.654 AM","25.47","97.274","36.329","-0.002","24.995","23.16","23.48","None"
"2025-09-01","8:05:38.903 AM","25.47","97.275","36.341","-0.002","25.02","23.16","23.48","None"
"2025-09-01","8:05:39.166 AM","25.47","97.275","36.341","-0.002","25.02","23.08","23.48","None"
"2025-09-01","8:05:39.410 AM","25.47","97.275","36.341","-0.002","25.02","23.08","23.48","None"
"2025-09-01","8:05:39.661 AM","25.47","97.268","36.335","-0.002","25","23.08","23.48","None"
"2025-09-01","8:05:39.910 AM","25.47","97.268","36.335","-0.002","25","23.12","23.47","None"
"2025-09-01","8:05:40.166 AM","25.47","97.268","36.335","-0.002","25","23.12","23.47","None"
"2025-09-01","8:05:40.418 AM","25.47","97.275","36.329","-0.002","25.06","23.12","23.47","None"
"2025-09-01","8:05:40.679 AM","25.47","97.275","36.329","-0.002","25.06","23.09","23.44","None"
"2025-09-01","8:05:40.924 AM","25.47","97.275","36.329","-0.002","25.06","23.09","23.44","None"
"2025-09-01","8:05:41.169 AM","25.47","97.274","36.329","-0.002","25.06","23.09","23.44","None"
"2025-09-01","8:05:41.419 AM","25.47","97.274","36.329","-0.002","25.06","23.09","23.55","None"
"2025-09-01","8:05:41.672 AM","25.47","97.274","36.329","-0.002","25.06","23.09","23.55","None"
"2025-09-01","8:05:41.925 AM","25.47","97.271","36.329","-0.002","25.015","23.05","23.55","None"
"2025-09-01","8:05:42.225 AM","25.47","97.271","36.329","-0.002","25.015","23.05","23.44","None"
"2025-09-01","8:05:42.445 AM","25.47","97.268","36.329","-0.002","25.12","23.05","23.44","None"
"2025-09-01","8:05:42.707 AM","25.47","97.268","36.329","-0.002","25.12","23.16","23.44","None"
"2025-09-01","8:05:42.951 AM","25.47","97.268","36.329","-0.002","25.12","23.16","23.56","None"
"2025-09-01","8:05:43.205 AM","25.47","97.271","36.329","-0.002","25.005","23.16","23.56","None"
"2025-09-01","8:05:43.461 AM","25.47","97.271","36.329","-0.002","25.005","23.13","23.56","None"
"2025-09-01","8:05:43.708 AM","25.47","97.271","36.329","-0.002","25.005","23.13","23.50","None"
"2025-09-01","8:05:43.955 AM","25.47","97.272","36.329","-0.002","25.07","23.13","23.50","None"
"2025-09-01","8:05:44.207 AM","25.47","97.272","36.329","-0.002","25.07","23.14","23.63","None"
"2025-09-01","8:05:44.460 AM","25.47","97.272","36.329","-0.002","25.07","23.14","23.63","None"
"2025-09-01","8:05:44.712 AM","25.47","97.272","36.329","-0.002","25.125","23.14","23.63","None"
"2025-09-01","8:05:44.954 AM","25.47","97.272","36.329","-0.002","25.125","23.10","23.48","None"
"2025-09-01","8:05:45.217 AM","25.47","97.272","36.329","-0.002","25.125","23.10","23.48","None"
"2025-09-01","8:05:45.462 AM","25.47","97.272","36.324","-0.002","25.065","23.08","23.48","None"
"2025-09-01","8:05:45.709 AM","25.47","97.272","36.324","-0.002","25.065","23.08","23.50","None"
"2025-09-01","8:05:45.968 AM","25.47","97.272","36.324","-0.002","25.065","23.08","23.50","None"
"2025-09-01","8:05:46.207 AM","25.47","97.269","36.324","-0.002","25.075","23.05","23.50","None"
"2025-09-01","8:05:46.507 AM","25.47","97.269","36.324","-0.002","25.075","23.05","23.54","None"
"2025-09-01","8:05:46.730 AM","25.47","97.269","36.324","-0.002","25.075","23.05","23.54","None"
"2025-09-01","8:05:46.992 AM","25.47","97.27","36.329","-0.002","25.02","23.09","23.54","None"
"2025-09-01","8:05:47.246 AM","25.47","97.27","36.329","-0.002","25.02","23.09","23.44","None"
"2025-09-01","8:05:47.494 AM","25.47","97.271","36.323","-0.002","25.02","23.09","23.44","None"
"2025-09-01","8:05:47.751 AM","25.47","97.271","36.323","-0.002","25.02","23.05","23.44","None"
"2025-09-01","8:05:47.997 AM","25.47","97.271","36.323","-0.002","25.02","23.05","23.52","None"
"2025-09-01","8:05:48.249 AM","25.47","97.268","36.335","-0.002","25.065","23.05","23.52","None"
"2025-09-01","8:05:48.499 AM","25.47","97.268","36.335","-0.002","25.065","23.12","23.52","None"
"2025-09-01","8:05:48.746 AM","25.47","97.268","36.335","-0.002","25.065","23.12","23.52","None"
"2025-09-01","8:05:48.998 AM","25.47","97.268","36.329","-0.002","25.075","23.12","23.52","None"
"2025-09-01","8:05:49.254 AM","25.47","97.268","36.329","-0.002","25.075","23.03","23.52","None"
"2025-09-01","8:05:49.520 AM","25.47","97.268","36.329","-0.002","25.075","23.03","23.52","None"
"2025-09-01","8:05:49.763 AM","25.46","97.27","36.329","-0.002","25.04","23.03","23.52","None"
"2025-09-01","8:05:50.009 AM","25.46","97.27","36.329","-0.002","25.04","23.05","23.52","None"
"2025-09-01","8:05:50.259 AM","25.46","97.27","36.329","-0.002","25.04","23.05","23.52","None"
"2025-09-01","8:05:50.517 AM","25.46","97.269","36.323","-0.002","25.165","23.08","23.52","None"
"2025-09-01","8:05:50.796 AM","25.46","97.269","36.323","-0.002","25.165","23.08","23.45","None"
"2025-09-01","8:05:51.017 AM","25.46","97.269","36.323","-0.002","25.165","23.08","23.45","None"
"2025-09-01","8:05:51.265 AM","25.46","97.269","36.322","-0.002","25.12","23.09","23.45","None"
"2025-09-01","8:05:51.524 AM","25.46","97.269","36.322","-0.002","25.12","23.09","23.47","None"
"2025-09-01","8:05:51.780 AM","25.46","97.271","36.328","-0.002","25.04","23.09","23.47","None"
"2025-09-01","8:05:52.044 AM","25.46","97.271","36.328","-0.002","25.04","23.05","23.47","None"
"2025-09-01","8:05:52.278 AM","25.46","97.271","36.328","-0.002","25.04","23.05","23.49","None"
"2025-09-01","8:05:52.529 AM","25.46","97.271","36.34","-0.002","25.005","23.05","23.49","None"
"2025-09-01","8:05:52.798 AM","25.46","97.271","36.34","-0.002","25.005","23.16","23.49","None"
"2025-09-01","8:05:53.046 AM","25.46","97.271","36.34","-0.002","25.005","23.16","23.52","None"
"2025-09-01","8:05:53.299 AM","25.46","97.272","36.328","-0.002","25.03","23.16","23.52","None"
"2025-09-01","8:05:53.548 AM","25.46","97.272","36.328","-0.002","25.03","22.99","23.56","None"
"2025-09-01","8:05:53.803 AM","25.46","97.272","36.328","-0.002","25.03","22.99","23.56","None"
"2025-09-01","8:05:54.054 AM","25.46","97.273","36.34","-0.002","25.06","22.99","23.56","None"
"2025-09-01","8:05:54.296 AM","25.46","97.273","36.34","-0.002","25.06","23.12","23.50","None"
"2025-09-01","8:05:54.556 AM","25.46","97.273","36.34","-0.002","25.06","23.12","23.50","None"
"2025-09-01","8:05:54.816 AM","25.46","97.277","36.34","-0.002","25.09","23.05","23.50","None"
"2025-09-01","8:05:55.113 AM","25.46","97.277","36.34","-0.002","25.09","23.05","23.50","None"
"2025-09-01","8:05:55.333 AM","25.46","97.277","36.34","-0.002","25.09","23.05","23.50","None"
"2025-09-01","8:05:55.583 AM","25.46","97.283","36.322","-0.002","24.985","23.10","23.50","None"
"2025-09-01","8:05:55.830 AM","25.46","97.283","36.322","-0.002","24.985","23.10","23.45","None"
"2025-09-01","8:05:56.083 AM","25.46","97.275","36.334","-0.002","25.125","23.10","23.45","None"
"2025-09-01","8:05:56.335 AM","25.46","97.275","36.334","-0.002","25.125","23.12","23.45","None"
"2025-09-01","8:05:56.581 AM","25.46","97.275","36.334","-0.002","25.125","23.12","23.52","None"
"2025-09-01","8:05:56.828 AM","25.46","97.273","36.34","-0.002","25.075","23.12","23.52","None"
"2025-09-01","8:05:57.085 AM","25.46","97.273","36.34","-0.002","25.075","23.13","23.52","None"
"2025-09-01","8:05:57.334 AM","25.46","97.273","36.34","-0.002","25.075","23.13","23.50","None"
"2025-09-01","8:05:57.591 AM","25.46","97.272","36.339","-0.002","25.095","23.13","23.50","None"
"2025-09-01","8:05:57.851 AM","25.46","97.272","36.339","-0.002","25.095","23.09","23.50","None"
"2025-09-01","8:05:58.100 AM","25.46","97.272","36.339","-0.002","25.095","23.09","23.50","None"
"2025-09-01","8:05:58.352 AM","25.45","97.274","36.339","-0.002","25.07","23.09","23.50","None"
"2025-09-01","8:05:58.600 AM","25.45","97.274","36.339","-0.002","25.07","23.10","23.43","None"
"2025-09-01","8:05:58.854 AM","25.45","97.274","36.339","-0.002","25.07","23.10","23.43","None"
"2025-09-01","8:05:59.136 AM","25.45","97.278","36.345","-0.002","25.08","23.10","23.43","None"
"2025-09-01","8:05:59.362 AM","25.45","97.278","36.345","-0.002","25.08","23.09","23.50","None"
"2025-09-01","8:05:59.606 AM","25.45","97.278","36.345","-0.002","25.08","23.09","23.50","None"
"2025-09-01","8:05:59.861 AM","25.45","97.277","36.339","-0.002","25.085","23.05","23.50","None"
"2025-09-01","8:06:00.133 AM","25.45","97.277","36.339","-0.002","25.085","23.05","23.45","None"
"2025-09-01","8:06:00.410 AM","25.45","97.276","36.345","-0.002","25.075","23.05","23.45","None"
"2025-09-01","8:06:00.653 AM","25.45","97.276","36.345","-0.002","25.075","23.08","23.45","None"
"2025-09-01","8:06:00.900 AM","25.45","97.276","36.345","-0.002","25.075","23.08","23.47","None"
"2025-09-01","8:06:01.157 AM","25.45","97.277","36.351","-0.002","25.07","23.08","23.47","None"
"2025-09-01","8:06:01.408 AM","25.45","97.277","36.351","-0.002","25.07","23.23","23.47","None"
"2025-09-01","8:06:01.659 AM","25.45","97.277","36.351","-0.002","25.07","23.23","23.59","None"
"2025-09-01","8:06:01.908 AM","25.45","97.279","36.339","-0.002","25","23.23","23.59","None"
"2025-09-01","8:06:02.175 AM","25.45","97.279","36.339","-0.002","25","23.08","23.58","None"
"2025-09-01","8:06:02.425 AM","25.45","97.279","36.339","-0.002","25","23.08","23.58","None"
"2025-09-01","8:06:02.673 AM","25.46","97.278","36.357","-0.002","25.06","23.08","23.58","None"
"2025-09-01","8:06:02.924 AM","25.46","97.278","36.357","-0.002","25.06","23.08","23.50","None"
"2025-09-01","8:06:03.167 AM","25.46","97.278","36.357","-0.002","25.06","23.08","23.50","None"
"2025-09-01","8:06:03.484 AM","25.46","97.278","36.351","-0.002","25.055","23.12","23.50","None"
"2025-09-01","8:06:03.698 AM","25.46","97.278","36.351","-0.002","25.055","23.12","23.43","None"
"2025-09-01","8:06:03.939 AM","25.46","97.278","36.351","-0.002","25.055","23.12","23.43","None"
"2025-09-01","8:06:04.196 AM","25.46","97.285","36.351","-0.002","25.065","23.05","23.43","None"
"2025-09-01","8:06:04.461 AM","25.46","97.285","36.351","-0.002","25.065","23.05","23.49","None"
"2025-09-01","8:06:04.708 AM","25.46","97.285","36.351","-0.002","25.065","23.05","23.49","None"
"2025-09-01","8:06:04.955 AM","25.46","97.285","36.351","-0.002","25.04","23.08","23.49","None"
"2025-09-01","8:06:05.204 AM","25.46","97.285","36.351","-0.002","25.04","23.08","23.45","None"
"2025-09-01","8:06:05.469 AM","25.46","97.285","36.34","-0.002","25.03","23.08","23.45","None"
"2025-09-01","8:06:05.724 AM","25.46","97.285","36.34","-0.002","25.03","23.14","23.45","None"
"2025-09-01","8:06:05.965 AM","25.46","97.285","36.34","-0.002","25.03","23.14","23.56","None"
"2025-09-01","8:06:06.219 AM","25.46","97.284","36.351","-0.002","24.99","23.14","23.56","None"
"2025-09-01","8:06:06.474 AM","25.46","97.284","36.351","-0.002","24.99","23.14","23.47","None"
"2025-09-01","8:06:06.723 AM","25.46","97.284","36.351","-0.002","24.99","23.14","23.47","None"
"2025-09-01","8:06:06.969 AM","25.46","97.283","36.346","-0.002","25.055","23.14","23.47","None"
"2025-09-01","8:06:07.224 AM","25.46","97.283","36.346","-0.002","25.055","23.12","23.49","None"
"2025-09-01","8:06:07.472 AM","25.46","97.283","36.346","-0.002","25.055","23.12","23.49","None"
"2025-09-01","8:06:07.783 AM","25.46","97.282","36.351","-0.002","25.025","23.12","23.49","None"
"2025-09-01","8:06:07.994 AM","25.46","97.282","36.351","-0.002","25.025","23.14","23.49","None"
"2025-09-01","8:06:08.240 AM","25.46","97.282","36.351","-0.002","25.025","23.14","23.49","None"
"2025-09-01","8:06:08.502 AM","25.46","97.284","36.34","-0.002","25.02","23.13","23.49","None"
"2025-09-01","8:06:08.767 AM","25.46","97.284","36.34","-0.002","25.02","23.13","23.54","None"
"2025-09-01","8:06:09.013 AM","25.46","97.284","36.34","-0.002","25.02","23.13","23.54","None"
"2025-09-01","8:06:09.261 AM","25.46","97.277","36.34","-0.002","25.055","23.16","23.54","None"
"2025-09-01","8:06:09.506 AM","25.46","97.277","36.34","-0.002","25.055","23.16","23.52","None"
"2025-09-01","8:06:09.765 AM","25.46","97.278","36.34","-0.002","25.05","23.16","23.52","None"
"2025-09-01","8:06:10.005 AM","25.46","97.278","36.34","-0.002","25.05","23.14","23.52","None"
"2025-09-01","8:06:10.263 AM","25.46","97.278","36.34","-0.002","25.05","23.14","23.47","None"
"2025-09-01","8:06:10.534 AM","25.47","97.279","36.34","-0.002","25.04","23.14","23.47","None"
"2025-09-01","8:06:10.764 AM","25.47","97.279","36.34","-0.002","25.04","23.02","23.47","None"
"2025-09-01","8:06:11.026 AM","25.47","97.279","36.34","-0.002","25.04","23.02","23.50","None"
"2025-09-01","8:06:11.262 AM","25.47","97.284","36.329","-0.002","25.085","23.02","23.50","None"
"2025-09-01","8:06:11.532 AM","25.47","97.284","36.329","-0.002","25.085","23.14","23.44","None"
"2025-09-01","8:06:11.781 AM","25.47","97.284","36.329","-0.002","25.085","23.14","23.44","None"
"2025-09-01","8:06:12.069 AM","25.47","97.281","36.335","-0.002","25.085","23.14","23.44","None"
"2025-09-01","8:06:12.298 AM","25.47","97.281","36.335","-0.002","25.085","23.13","23.50","None"
"2025-09-01","8:06:12.557 AM","25.47","97.281","36.335","-0.002","25.085","23.13","23.50","None"
"2025-09-01","8:06:12.798 AM","25.47","97.286","36.335","-0.002","25.085","23.03","23.50","None"
"2025-09-01","8:06:13.047 AM","25.47","97.286","36.335","-0.002","25.085","23.03","23.45","None"
"2025-09-01","8:06:13.312 AM","25.47","97.286","36.335","-0.002","25.085","23.03","23.45","None"
"2025-09-01","8:06:13.566 AM","25.47","97.284","36.346","-0.002","25.025","23.10","23.45","None"
"2025-09-01","8:06:13.817 AM","25.47","97.284","36.346","-0.002","25.025","23.10","23.45","None"
"2025-09-01","8:06:14.076 AM","25.46","97.285","36.34","-0.002","25.045","23.10","23.45","None"
"2025-09-01","8:06:14.333 AM","25.46","97.285","36.34","-0.002","25.045","23.09","23.45","None"
"2025-09-01","8:06:14.579 AM","25.46","97.285","36.34","-0.002","25.045","23.09","23.45","None"
"2025-09-01","8:06:14.835 AM","25.47","97.283","36.323","-0.002","25.015","23.09","23.45","None"
"2025-09-01","8:06:15.113 AM","25.47","97.283","36.323","-0.002","25.015","23.18","23.45","None"
"2025-09-01","8:06:15.341 AM","25.47","97.283","36.323","-0.002","25.015","23.18","23.54","None"
"2025-09-01","8:06:15.600 AM","25.47","97.277","36.323","-0.002","25.07","23.18","23.54","None"
"2025-09-01","8:06:15.837 AM","25.47","97.277","36.323","-0.002","25.07","23.16","23.52","None"
"2025-09-01","8:06:16.127 AM","25.47","97.277","36.323","-0.002","25.07","23.16","23.52","None"
"2025-09-01","8:06:16.350 AM","25.47","97.279","36.323","-0.002","25.085","23.16","23.52","None"
"2025-09-01","8:06:16.609 AM","25.47","97.279","36.323","-0.002","25.085","23.13","23.50","None"
"2025-09-01","8:06:16.863 AM","25.47","97.279","36.323","-0.002","25.085","23.13","23.50","None"
"2025-09-01","8:06:17.116 AM","25.47","97.276","36.335","-0.002","25.085","23.08","23.50","None"
"2025-09-01","8:06:17.365 AM","25.47","97.276","36.335","-0.002","25.085","23.08","23.60","None"
"2025-09-01","8:06:17.613 AM","25.47","97.276","36.335","-0.002","25.085","23.08","23.60","None"
"2025-09-01","8:06:17.862 AM","25.47","97.274","36.335","-0.002","25.025","23.13","23.60","None"
"2025-09-01","8:06:18.113 AM","25.47","97.274","36.335","-0.002","25.025","23.13","23.56","None"
"2025-09-01","8:06:18.368 AM","25.47","97.271","36.335","-0.002","25.025","23.13","23.56","None"
"2025-09-01","8:06:18.613 AM","25.47","97.271","36.335","-0.002","25.085","23.07","23.56","None"
"2025-09-01","8:06:18.862 AM","25.47","97.271","36.335","-0.002","25.085","23.07","23.54","None"
"2025-09-01","8:06:19.113 AM","25.47","97.276","36.318","-0.002","25.085","23.07","23.54","None"
"2025-09-01","8:06:19.364 AM","25.47","97.276","36.318","-0.002","25.085","23.08","23.54","None"
"2025-09-01","8:06:19.614 AM","25.47","97.276","36.318","-0.002","25.085","23.08","23.43","None"
"2025-09-01","8:06:19.866 AM","25.47","97.275","36.335","-0.002","25.14","23.08","23.43","None"
"2025-09-01","8:06:20.113 AM","25.47","97.275","36.335","-0.002","25.14","23.12","23.43","None"
"2025-09-01","8:06:20.413 AM","25.47","97.275","36.335","-0.002","25.14","23.12","23.47","None"
"2025-09-01","8:06:20.638 AM","25.47","97.274","36.335","-0.002","24.995","23.12","23.47","None"
"2025-09-01","8:06:20.882 AM","25.47","97.274","36.335","-0.002","24.995","23.07","23.55","None"
"2025-09-01","8:06:21.133 AM","25.47","97.274","36.335","-0.002","24.995","23.07","23.55","None"
"2025-09-01","8:06:21.387 AM","25.47","97.273","36.323","-0.002","25.095","23.07","23.55","None"
"2025-09-01","8:06:21.635 AM","25.47","97.273","36.323","-0.002","25.095","23.13","23.48","None"
"2025-09-01","8:06:21.880 AM","25.47","97.273","36.323","-0.002","25.095","23.13","23.48","None"
"2025-09-01","8:06:22.133 AM","25.47","97.272","36.323","-0.002","25.095","23.14","23.48","None"
"2025-09-01","8:06:22.383 AM","25.47","97.272","36.323","-0.002","25.095","23.14","23.49","None"
"2025-09-01","8:06:22.648 AM","25.47","97.272","36.323","-0.002","25.095","23.14","23.49","None"
"2025-09-01","8:06:22.900 AM","25.47","97.267","36.323","-0.002","25.085","23.09","23.49","None"
"2025-09-01","8:06:23.157 AM","25.47","97.267","36.323","-0.002","25.085","23.09","23.48","None"
"2025-09-01","8:06:23.405 AM","25.46","97.269","36.323","-0.002","25.04","23.09","23.48","None"
"2025-09-01","8:06:23.655 AM","25.46","97.269","36.323","-0.002","25.04","23.12","23.48","None"
"2025-09-01","8:06:23.913 AM","25.46","97.269","36.323","-0.002","25.04","23.12","23.58","None"
"2025-09-01","8:06:24.190 AM","25.46","97.274","36.317","-0.002","25.09","23.12","23.58","None"
"2025-09-01","8:06:24.519 AM","25.46","97.274","36.317","-0.002","25.09","23.23","23.50","None"
"2025-09-01","8:06:24.724 AM","25.46","97.274","36.317","-0.002","25.09","23.23","23.50","None"
"2025-09-01","8:06:24.970 AM","25.46","97.278","36.328","-0.002","25.04","23.23","23.50","None"
"2025-09-01","8:06:25.216 AM","25.46","97.278","36.328","-0.002","25.04","23.10","23.59","None"
"2025-09-01","8:06:25.475 AM","25.46","97.278","36.328","-0.002","25.04","23.10","23.59","None"
"2025-09-01","8:06:25.745 AM","25.46","97.277","36.334","-0.002","25.055","23.08","23.59","None"
"2025-09-01","8:06:25.974 AM","25.46","97.277","36.334","-0.002","25.055","23.08","23.59","None"
"2025-09-01","8:06:26.241 AM","25.46","97.277","36.334","-0.002","25.055","23.08","23.59","None"
"2025-09-01","8:06:26.490 AM","25.46","97.272","36.334","-0.002","25.055","23.14","23.59","None"
"2025-09-01","8:06:26.741 AM","25.46","97.272","36.334","-0.002","25.055","23.14","23.52","None"
"2025-09-01","8:06:26.984 AM","25.46","97.272","36.334","-0.002","25.055","23.14","23.52","None"
"2025-09-01","8:06:27.232 AM","25.46","97.27","36.346","-0.002","25.08","23.14","23.52","None"
"2025-09-01","8:06:27.491 AM","25.46","97.27","36.346","-0.002","25.08","23.14","23.50","None"
"2025-09-01","8:06:27.738 AM","25.46","97.273","36.334","-0.002","25.11","23.14","23.50","None"
"2025-09-01","8:06:27.982 AM","25.46","97.273","36.334","-0.002","25.11","23.16","23.50","None"
"2025-09-01","8:06:28.242 AM","25.46","97.273","36.334","-0.002","25.11","23.16","23.52","None"
"2025-09-01","8:06:28.487 AM","25.46","97.276","36.34","-0.002","25.06","23.16","23.52","None"
"2025-09-01","8:06:28.777 AM","25.46","97.276","36.34","-0.002","25.06","23.02","23.52","None"
"2025-09-01","8:06:29.012 AM","25.46","97.276","36.34","-0.002","25.06","23.02","23.52","None"
"2025-09-01","8:06:29.256 AM","25.46","97.276","36.328","-0.002","25.095","23.02","23.52","None"
"2025-09-01","8:06:29.512 AM","25.46","97.276","36.328","-0.002","25.095","23.13","23.55","None"
"2025-09-01","8:06:29.752 AM","25.46","97.276","36.328","-0.002","25.095","23.13","23.55","None"
"2025-09-01","8:06:30.003 AM","25.46","97.275","36.34","-0.002","25.095","23.13","23.55","None"
"2025-09-01","8:06:30.256 AM","25.46","97.275","36.34","-0.002","25.095","23.12","23.56","None"
"2025-09-01","8:06:30.503 AM","25.46","97.275","36.34","-0.002","25.095","23.12","23.56","None"
"2025-09-01","8:06:30.753 AM","25.46","97.28","36.34","-0.002","25.095","23.09","23.56","None"
"2025-09-01","8:06:31.003 AM","25.46","97.28","36.34","-0.002","25.095","23.09","23.56","None"
"2025-09-01","8:06:31.257 AM","25.46","97.28","36.34","-0.002","25.095","23.09","23.56","None"
"2025-09-01","8:06:31.514 AM","25.46","97.278","36.335","-0.002","25.145","23.09","23.56","None"
"2025-09-01","8:06:31.775 AM","25.46","97.278","36.335","-0.002","25.145","23.09","23.48","None"
"2025-09-01","8:06:32.018 AM","25.47","97.277","36.34","-0.002","25.145","23.09","23.48","None"
"2025-09-01","8:06:32.271 AM","25.47","97.277","36.34","-0.002","25","23.16","23.48","None"
"2025-09-01","8:06:32.521 AM","25.47","97.277","36.34","-0.002","25","23.16","23.49","None"
"2025-09-01","8:06:32.775 AM","25.47","97.284","36.346","-0.002","25.095","23.16","23.49","None"
"2025-09-01","8:06:33.061 AM","25.47","97.284","36.346","-0.002","25.095","23.13","23.49","None"
"2025-09-01","8:06:33.289 AM","25.47","97.284","36.346","-0.002","25.095","23.13","23.55","None"
"2025-09-01","8:06:33.542 AM","25.47","97.281","36.352","-0.002","25.06","23.13","23.55","None"
"2025-09-01","8:06:33.791 AM","25.47","97.281","36.352","-0.002","25.06","23.08","23.55","None"
"2025-09-01","8:06:34.046 AM","25.47","97.281","36.352","-0.002","25.06","23.08","23.52","None"
"2025-09-01","8:06:34.296 AM","25.47","97.28","36.341","-0.002","25.005","23.08","23.52","None"
"2025-09-01","8:06:34.544 AM","25.47","97.28","36.341","-0.002","25.005","23.20","23.48","None"
"2025-09-01","8:06:34.797 AM","25.47","97.28","36.341","-0.002","25.005","23.20","23.48","None"
"2025-09-01","8:06:35.053 AM","25.47","97.283","36.329","-0.002","25.105","23.20","23.48","None"
"2025-09-01","8:06:35.308 AM","25.47","97.283","36.329","-0.002","25.105","23.16","23.50","None"
"2025-09-01","8:06:35.560 AM","25.47","97.283","36.329","-0.002","25.105","23.16","23.50","None"
"2025-09-01","8:06:35.808 AM","25.47","97.28","36.346","-0.002","25.07","23.16","23.50","None"
"2025-09-01","8:06:36.055 AM","25.47","97.28","36.346","-0.002","25.07","23.16","23.58","None"
"2025-09-01","8:06:36.307 AM","25.47","97.28","36.346","-0.002","25.07","23.16","23.58","None"
"2025-09-01","8:06:36.557 AM","25.47","97.275","36.341","-0.002","25.08","23.09","23.58","None"
"2025-09-01","8:06:36.812 AM","25.47","97.275","36.341","-0.002","25.08","23.09","23.52","None"
"2025-09-01","8:06:37.057 AM","25.47","97.276","36.341","-0.002","25.075","23.09","23.52","None"
"2025-09-01","8:06:37.347 AM","25.47","97.276","36.341","-0.002","25.075","23.09","23.52","None"
"2025-09-01","8:06:37.583 AM","25.47","97.276","36.341","-0.002","25.075","23.09","23.45","None"
"2025-09-01","8:06:37.829 AM","25.47","97.283","36.329","-0.002","25.07","23.09","23.45","None"
"2025-09-01","8:06:38.080 AM","25.47","97.283","36.329","-0.002","25.07","23.08","23.45","None"
"2025-09-01","8:06:38.329 AM","25.47","97.283","36.329","-0.002","25.07","23.08","23.52","None"
"2025-09-01","8:06:38.581 AM","25.47","97.282","36.335","-0.002","25.04","23.08","23.52","None"
"2025-09-01","8:06:38.830 AM","25.47","97.282","36.335","-0.002","25.04","23.07","23.49","None"
"2025-09-01","8:06:39.087 AM","25.47","97.282","36.335","-0.002","25.04","23.07","23.49","None"
"2025-09-01","8:06:39.345 AM","25.47","97.277","36.329","-0.002","25.135","23.07","23.49","None"
"2025-09-01","8:06:39.594 AM","25.47","97.277","36.329","-0.002","25.135","23.19","23.52","None"
"2025-09-01","8:06:39.847 AM","25.47","97.277","36.329","-0.002","25.135","23.19","23.52","None"
"2025-09-01","8:06:40.097 AM","25.47","97.279","36.323","-0.002","25.1","23.19","23.52","None"
"2025-09-01","8:06:40.344 AM","25.47","97.279","36.323","-0.002","25.1","23.12","23.52","None"
"2025-09-01","8:06:40.607 AM","25.47","97.279","36.323","-0.002","25.1","23.12","23.52","None"
"2025-09-01","8:06:40.846 AM","25.47","97.279","36.341","-0.002","25.08","23.08","23.52","None"
"2025-09-01","8:06:41.097 AM","25.47","97.279","36.341","-0.002","25.08","23.08","23.52","None"
"2025-09-01","8:06:41.360 AM","25.47","97.279","36.341","-0.002","25.08","23.08","23.52","None"
"2025-09-01","8:06:41.658 AM","25.47","97.276","36.329","-0.002","25.075","23.16","23.52","None"
"2025-09-01","8:06:41.872 AM","25.47","97.276","36.329","-0.002","25.075","23.16","23.48","None"
"2025-09-01","8:06:42.140 AM","25.47","97.284","36.318","-0.002","25.015","23.16","23.48","None"
"2025-09-01","8:06:42.387 AM","25.47","97.284","36.318","-0.002","25.015","23.12","23.48","None"
"2025-09-01","8:06:42.643 AM","25.47","97.284","36.318","-0.002","25.015","23.12","23.50","None"
"2025-09-01","8:06:42.890 AM","25.47","97.28","36.341","-0.002","25.08","23.12","23.50","None"
"2025-09-01","8:06:43.131 AM","25.47","97.28","36.341","-0.002","25.08","23.14","23.50","None"
"2025-09-01","8:06:43.383 AM","25.47","97.28","36.341","-0.002","25.08","23.14","23.47","None"
"2025-09-01","8:06:43.629 AM","25.47","97.276","36.329","-0.002","25.125","23.14","23.47","None"
"2025-09-01","8:06:43.883 AM","25.47","97.276","36.329","-0.002","25.125","23.12","23.52","None"
"2025-09-01","8:06:44.132 AM","25.47","97.276","36.329","-0.002","25.125","23.12","23.52","None"
"2025-09-01","8:06:44.387 AM","25.47","97.277","36.341","-0.002","25.025","23.12","23.52","None"
"2025-09-01","8:06:44.638 AM","25.47","97.277","36.341","-0.002","25.025","23.08","23.55","None"
"2025-09-01","8:06:44.884 AM","25.47","97.277","36.341","-0.002","25.025","23.08","23.55","None"
"2025-09-01","8:06:45.135 AM","25.47","97.277","36.341","-0.002","25.12","23.12","23.55","None"
"2025-09-01","8:06:45.385 AM","25.47","97.277","36.341","-0.002","25.12","23.12","23.61","None"
"2025-09-01","8:06:45.636 AM","25.47","97.277","36.341","-0.002","25.12","23.12","23.61","None"
"2025-09-01","8:06:45.929 AM","25.47","97.28","36.324","-0.002","25.095","23.16","23.61","None"
"2025-09-01","8:06:46.152 AM","25.47","97.28","36.324","-0.002","25.095","23.16","23.50","None"
"2025-09-01","8:06:46.415 AM","25.47","97.28","36.324","-0.002","25.095","23.16","23.50","None"
"2025-09-01","8:06:46.661 AM","25.47","97.274","36.329","-0.002","25.04","23.18","23.50","None"
"2025-09-01","8:06:46.911 AM","25.47","97.274","36.329","-0.002","25.04","23.18","23.54","None"
"2025-09-01","8:06:47.156 AM","25.47","97.279","36.341","-0.002","25.04","23.18","23.54","None"
"2025-09-01","8:06:47.406 AM","25.47","97.279","36.341","-0.002","25.04","23.18","23.54","None"
"2025-09-01","8:06:47.660 AM","25.47","97.279","36.341","-0.002","25.04","23.18","23.48","None"
"2025-09-01","8:06:47.905 AM","25.47","97.278","36.324","-0.002","25.07","23.18","23.48","None"
"2025-09-01","8:06:48.165 AM","25.47","97.278","36.324","-0.002","25.07","23.13","23.48","None"
"2025-09-01","8:06:48.415 AM","25.47","97.278","36.324","-0.002","25.07","23.13","23.48","None"
"2025-09-01","8:06:48.662 AM","25.47","97.276","36.318","-0.002","25.085","23.13","23.48","None"
"2025-09-01","8:06:48.919 AM","25.47","97.276","36.318","-0.002","25.085","23.18","23.52","None"
"2025-09-01","8:06:49.191 AM","25.47","97.276","36.318","-0.002","25.085","23.18","23.52","None"
"2025-09-01","8:06:49.424 AM","25.47","97.277","36.323","-0.002","25.065","23.18","23.52","None"
"2025-09-01","8:06:49.667 AM","25.47","97.277","36.323","-0.002","25.065","23.08","23.47","None"
"2025-09-01","8:06:49.920 AM","25.47","97.277","36.323","-0.002","25.065","23.08","23.47","None"
"2025-09-01","8:06:50.231 AM","25.47","97.281","36.329","-0.002","25.085","23.20","23.47","None"
"2025-09-01","8:06:50.431 AM","25.47","97.281","36.329","-0.002","25.085","23.20","23.45","None"
"2025-09-01","8:06:50.676 AM","25.47","97.281","36.329","-0.002","25.085","23.20","23.45","None"
"2025-09-01","8:06:50.933 AM","25.47","97.278","36.324","-0.002","25.105","23.13","23.45","None"
"2025-09-01","8:06:51.193 AM","25.47","97.278","36.324","-0.002","25.105","23.13","23.48","None"
"2025-09-01","8:06:51.435 AM","25.47","97.277","36.329","-0.002","25.105","23.13","23.48","None"
"2025-09-01","8:06:51.688 AM","25.47","97.277","36.329","-0.002","25.145","23.05","23.48","None"
"2025-09-01","8:06:51.933 AM","25.47","97.277","36.329","-0.002","25.145","23.05","23.54","None"
"2025-09-01","8:06:52.190 AM","25.47","97.278","36.329","-0.002","25.08","23.05","23.54","None"
"2025-09-01","8:06:52.459 AM","25.47","97.278","36.329","-0.002","25.08","23.14","23.54","None"
"2025-09-01","8:06:52.690 AM","25.47","97.278","36.329","-0.002","25.08","23.14","23.52","None"
"2025-09-01","8:06:52.938 AM","25.47","97.28","36.323","-0.002","25.145","23.14","23.52","None"
"2025-09-01","8:06:53.195 AM","25.47","97.28","36.323","-0.002","25.145","23.21","23.52","None"
"2025-09-01","8:06:53.441 AM","25.47","97.28","36.323","-0.002","25.145","23.21","23.56","None"
"2025-09-01","8:06:53.696 AM","25.47","97.275","36.329","-0.002","25.085","23.21","23.56","None"
"2025-09-01","8:06:53.956 AM","25.47","97.275","36.329","-0.002","25.085","23.09","23.50","None"
"2025-09-01","8:06:54.193 AM","25.47","97.275","36.329","-0.002","25.085","23.09","23.50","None"
"2025-09-01","8:06:54.520 AM","25.47","97.275","36.329","-0.002","25.145","23.09","23.50","None"
"2025-09-01","8:06:54.706 AM","25.47","97.275","36.329","-0.002","25.145","23.20","23.50","None"
"2025-09-01","8:06:54.956 AM","25.47","97.275","36.329","-0.002","25.145","23.20","23.50","None"
"2025-09-01","8:06:55.203 AM","25.47","97.275","36.329","-0.002","25.05","23.10","23.50","None"
"2025-09-01","8:06:55.462 AM","25.47","97.275","36.329","-0.002","25.05","23.10","23.52","None"
"2025-09-01","8:06:55.708 AM","25.47","97.275","36.329","-0.002","25.05","23.10","23.52","None"
"2025-09-01","8:06:55.959 AM","25.47","97.283","36.318","-0.002","25.07","23.16","23.52","None"
"2025-09-01","8:06:56.209 AM","25.47","97.283","36.318","-0.002","25.07","23.16","23.54","None"
"2025-09-01","8:06:56.461 AM","25.47","97.283","36.318","-0.002","25.07","23.16","23.54","None"
"2025-09-01","8:06:56.712 AM","25.47","97.281","36.352","-0.002","25.08","23.16","23.54","None"
"2025-09-01","8:06:56.967 AM","25.47","97.281","36.352","-0.002","25.08","23.16","23.50","None"
"2025-09-01","8:06:57.221 AM","25.47","97.283","36.329","-0.002","25.07","23.16","23.50","None"
"2025-09-01","8:06:57.471 AM","25.47","97.283","36.329","-0.002","25.07","23.16","23.50","None"
"2025-09-01","8:06:57.722 AM","25.47","97.283","36.329","-0.002","25.07","23.16","23.49","None"
"2025-09-01","8:06:57.974 AM","25.47","97.283","36.323","-0.002","25.155","23.16","23.49","None"
"2025-09-01","8:06:58.224 AM","25.47","97.283","36.323","-0.002","25.155","23.16","23.49","None"
"2025-09-01","8:06:58.508 AM","25.47","97.283","36.323","-0.002","25.155","23.16","23.52","None"
"2025-09-01","8:06:58.731 AM","25.47","97.284","36.335","-0.002","25.115","23.16","23.52","None"
"2025-09-01","8:06:58.979 AM","25.47","97.284","36.335","-0.002","25.115","23.14","23.56","None"
"2025-09-01","8:06:59.236 AM","25.47","97.284","36.335","-0.002","25.115","23.14","23.56","None"
"2025-09-01","8:06:59.494 AM","25.47","97.282","36.318","-0.002","25.06","23.14","23.56","None"
"2025-09-01","8:06:59.742 AM","25.47","97.282","36.318","-0.002","25.06","23.21","23.50","None"
"2025-09-01","8:06:59.992 AM","25.47","97.282","36.318","-0.002","25.06","23.21","23.50","None"
"2025-09-01","8:07:00.246 AM","25.47","97.286","36.335","-0.002","25.035","23.05","23.50","None"
"2025-09-01","8:07:00.499 AM","25.47","97.286","36.335","-0.002","25.035","23.05","23.52","None"
"2025-09-01","8:07:00.749 AM","25.47","97.286","36.335","-0.002","25.035","23.05","23.52","None"
"2025-09-01","8:07:01.006 AM","25.47","97.28","36.335","-0.002","25.06","23.16","23.52","None"
"2025-09-01","8:07:01.279 AM","25.47","97.28","36.335","-0.002","25.06","23.16","23.52","None"
"2025-09-01","8:07:01.547 AM","25.47","97.279","36.323","-0.002","25.085","23.16","23.52","None"
"2025-09-01","8:07:01.793 AM","25.47","97.279","36.323","-0.002","25.085","23.10","23.52","None"
"2025-09-01","8:07:02.045 AM","25.47","97.279","36.323","-0.002","25.085","23.10","23.50","None"
"2025-09-01","8:07:02.295 AM","25.47","97.276","36.323","-0.002","25.08","23.10","23.50","None"
"2025-09-01","8:07:02.543 AM","25.47","97.276","36.323","-0.002","25.08","23.16","23.50","None"
"2025-09-01","8:07:02.830 AM","25.47","97.276","36.323","-0.002","25.08","23.16","23.52","None"
"2025-09-01","8:07:03.053 AM","25.47","97.281","36.329","-0.002","25.06","23.16","23.52","None"
"2025-09-01","8:07:03.311 AM","25.47","97.281","36.329","-0.002","25.06","23.09","23.50","None"
"2025-09-01","8:07:03.564 AM","25.47","97.281","36.329","-0.002","25.06","23.09","23.50","None"
"2025-09-01","8:07:03.815 AM","25.46","97.282","36.323","-0.002","25.085","23.09","23.50","None"
"2025-09-01","8:07:04.066 AM","25.46","97.282","36.323","-0.002","25.085","23.14","23.52","None"
"2025-09-01","8:07:04.312 AM","25.46","97.282","36.323","-0.002","25.085","23.14","23.52","None"
"2025-09-01","8:07:04.568 AM","25.47","97.281","36.317","-0.002","25.065","23.09","23.52","None"
"2025-09-01","8:07:04.816 AM","25.47","97.281","36.317","-0.002","25.065","23.09","23.52","None"
"2025-09-01","8:07:05.070 AM","25.47","97.281","36.317","-0.002","25.065","23.09","23.52","None"
"2025-09-01","8:07:05.313 AM","25.47","97.275","36.335","-0.002","25.095","23.12","23.52","None"
"2025-09-01","8:07:05.570 AM","25.47","97.275","36.335","-0.002","25.095","23.12","23.55","None"
"2025-09-01","8:07:05.831 AM","25.47","97.275","36.329","-0.002","25.035","23.12","23.55","None"
"2025-09-01","8:07:06.075 AM","25.47","97.275","36.329","-0.002","25.035","23.16","23.55","None"
"2025-09-01","8:07:06.334 AM","25.47","97.275","36.329","-0.002","25.035","23.16","23.48","None"
"2025-09-01","8:07:06.576 AM","25.47","97.278","36.323","-0.002","25.085","23.16","23.48","None"
"2025-09-01","8:07:06.829 AM","25.47","97.278","36.323","-0.002","25.085","23.08","23.48","None"
"2025-09-01","8:07:07.115 AM","25.47","97.278","36.323","-0.002","25.085","23.08","23.52","None"
"2025-09-01","8:07:07.339 AM","25.47","97.283","36.323","-0.002","25.075","23.08","23.52","None"
"2025-09-01","8:07:07.583 AM","25.47","97.283","36.323","-0.002","25.075","23.16","23.52","None"
"2025-09-01","8:07:07.834 AM","25.47","97.283","36.323","-0.002","25.075","23.16","23.48","None"
"2025-09-01","8:07:08.089 AM","25.47","97.277","36.335","-0.002","25.145","23.16","23.48","None"
"2025-09-01","8:07:08.335 AM","25.47","97.277","36.335","-0.002","25.145","23.16","23.54","None"
"2025-09-01","8:07:08.582 AM","25.47","97.277","36.335","-0.002","25.145","23.16","23.54","None"
"2025-09-01","8:07:08.834 AM","25.47","97.276","36.335","-0.002","25.03","23.16","23.54","None"
"2025-09-01","8:07:09.081 AM","25.47","97.276","36.335","-0.002","25.03","23.16","23.52","None"
"2025-09-01","8:07:09.339 AM","25.47","97.276","36.335","-0.002","25.03","23.16","23.52","None"
"2025-09-01","8:07:09.581 AM","25.47","97.272","36.33","-0.002","25.055","23.13","23.52","None"
"2025-09-01","8:07:09.835 AM","25.47","97.272","36.33","-0.002","25.055","23.13","23.54","None"
"2025-09-01","8:07:10.082 AM","25.47","97.272","36.33","-0.002","25.055","23.13","23.54","None"
"2025-09-01","8:07:10.335 AM","25.47","97.275","36.335","-0.002","25.085","23.13","23.54","None"
"2025-09-01","8:07:10.585 AM","25.47","97.275","36.335","-0.002","25.085","23.13","23.59","None"
"2025-09-01","8:07:10.834 AM","25.47","97.275","36.335","-0.002","25.085","23.13","23.59","None"
"2025-09-01","8:07:11.082 AM","25.47","97.275","36.324","-0.002","25.085","23.05","23.59","None"
"2025-09-01","8:07:11.370 AM","25.47","97.275","36.324","-0.002","25.085","23.05","23.52","None"
"2025-09-01","8:07:11.589 AM","25.48","97.273","36.324","-0.002","25.005","23.05","23.52","None"
"2025-09-01","8:07:11.838 AM","25.48","97.273","36.324","-0.002","25.005","23.18","23.52","None"
"2025-09-01","8:07:12.109 AM","25.48","97.273","36.324","-0.002","25.005","23.18","23.49","None"
"2025-09-01","8:07:12.358 AM","25.48","97.274","36.33","-0.002","25.085","23.18","23.49","None"
"2025-09-01","8:07:12.598 AM","25.48","97.274","36.33","-0.002","25.085","23.21","23.49","None"
"2025-09-01","8:07:12.846 AM","25.48","97.274","36.33","-0.002","25.085","23.21","23.50","None"
"2025-09-01","8:07:13.097 AM","25.48","97.267","36.324","-0.002","25.1","23.21","23.50","None"
"2025-09-01","8:07:13.356 AM","25.48","97.267","36.324","-0.002","25.1","23.12","23.59","None"
"2025-09-01","8:07:13.607 AM","25.48","97.267","36.324","-0.002","25.1","23.12","23.59","None"
"2025-09-01","8:07:13.854 AM","25.48","97.269","36.336","-0.002","25.125","23.12","23.59","None"
"2025-09-01","8:07:14.109 AM","25.48","97.269","36.336","-0.002","25.125","23.16","23.54","None"
"2025-09-01","8:07:14.386 AM","25.48","97.269","36.336","-0.002","25.125","23.16","23.54","None"
"2025-09-01","8:07:14.644 AM","25.48","97.27","36.318","-0.002","25.13","23.16","23.54","None"
"2025-09-01","8:07:14.920 AM","25.48","97.27","36.318","-0.002","25.13","23.16","23.55","None"
"2025-09-01","8:07:15.180 AM","25.48","97.267","36.324","-0.002","25.12","23.16","23.55","None"
"2025-09-01","8:07:15.452 AM","25.48","97.267","36.324","-0.002","25.12","23.16","23.55","None"
"2025-09-01","8:07:15.750 AM","25.48","97.267","36.324","-0.002","25.12","23.16","23.55","None"
"2025-09-01","8:07:15.975 AM","25.48","97.268","36.33","-0.002","25.09","23.16","23.55","None"
"2025-09-01","8:07:16.220 AM","25.48","97.268","36.33","-0.002","25.09","23.16","23.52","None"
"2025-09-01","8:07:16.475 AM","25.48","97.268","36.33","-0.002","25.09","23.16","23.52","None"
"2025-09-01","8:07:16.747 AM","25.48","97.27","36.33","-0.002","25.055","23.16","23.52","None"
"2025-09-01","8:07:16.976 AM","25.48","97.27","36.33","-0.002","25.055","23.16","23.48","None"
"2025-09-01","8:07:17.245 AM","25.48","97.27","36.33","-0.002","25.055","23.16","23.48","None"
"2025-09-01","8:07:17.485 AM","25.48","97.272","36.313","-0.002","25.115","23.16","23.48","None"
"2025-09-01","8:07:17.739 AM","25.48","97.272","36.313","-0.002","25.115","23.16","23.52","None"
"2025-09-01","8:07:17.989 AM","25.48","97.272","36.313","-0.002","25.115","23.16","23.52","None"
"2025-09-01","8:07:18.241 AM","25.48","97.274","36.33","-0.002","25.12","23.14","23.52","None"
"2025-09-01","8:07:18.488 AM","25.48","97.274","36.33","-0.002","25.12","23.14","23.54","None"
"2025-09-01","8:07:18.741 AM","25.48","97.274","36.33","-0.002","25.12","23.14","23.54","None"
"2025-09-01","8:07:18.990 AM","25.48","97.27","36.324","-0.002","25.145","23.14","23.54","None"
"2025-09-01","8:07:19.246 AM","25.48","97.27","36.324","-0.002","25.145","23.14","23.54","None"
"2025-09-01","8:07:19.489 AM","25.48","97.266","36.33","-0.002","25.095","23.14","23.54","None"
"2025-09-01","8:07:19.786 AM","25.48","97.266","36.33","-0.002","25.095","23.20","23.54","None"
"2025-09-01","8:07:19.997 AM","25.48","97.266","36.33","-0.002","25.095","23.20","23.52","None"
"2025-09-01","8:07:20.247 AM","25.48","97.269","36.313","-0.002","25","23.20","23.52","None"
"2025-09-01","8:07:20.559 AM","25.48","97.269","36.313","-0.002","25","23.18","23.52","None"
"2025-09-01","8:07:20.766 AM","25.48","97.269","36.313","-0.002","25","23.18","23.48","None"
"2025-09-01","8:07:21.026 AM","25.48","97.271","36.324","-0.002","25.145","23.18","23.48","None"
"2025-09-01","8:07:21.281 AM","25.48","97.271","36.324","-0.002","25.145","23.13","23.41","None"
"2025-09-01","8:07:21.531 AM","25.48","97.271","36.324","-0.002","25.145","23.13","23.41","None"
"2025-09-01","8:07:21.788 AM","25.48","97.272","36.33","-0.002","25.025","23.13","23.41","None"
"2025-09-01","8:07:22.039 AM","25.48","97.272","36.33","-0.002","25.025","23.14","23.52","None"
"2025-09-01","8:07:22.291 AM","25.48","97.272","36.33","-0.002","25.025","23.14","23.52","None"
"2025-09-01","8:07:22.541 AM","25.48","97.272","36.324","-0.002","25.045","23.10","23.52","None"
"2025-09-01","8:07:22.791 AM","25.48","97.272","36.324","-0.002","25.045","23.10","23.54","None"
"2025-09-01","8:07:23.042 AM","25.48","97.272","36.324","-0.002","25.045","23.10","23.54","None"
"2025-09-01","8:07:23.291 AM","25.47","97.277","36.312","-0.002","25.105","23.14","23.54","None"
"2025-09-01","8:07:23.545 AM","25.47","97.277","36.312","-0.002","25.105","23.14","23.52","None"
"2025-09-01","8:07:23.791 AM","25.47","97.276","36.318","-0.002","25.07","23.14","23.52","None"
"2025-09-01","8:07:24.047 AM","25.47","97.276","36.318","-0.002","25.07","23.08","23.52","None"
"2025-09-01","8:07:24.315 AM","25.47","97.276","36.318","-0.002","25.07","23.08","23.52","None"
"2025-09-01","8:07:24.544 AM","25.47","97.285","36.33","-0.002","25.14","23.08","23.52","None"
"2025-09-01","8:07:24.829 AM","25.47","97.285","36.33","-0.002","25.14","23.18","23.52","None"
"2025-09-01","8:07:25.065 AM","25.47","97.285","36.33","-0.002","25.14","23.18","23.52","None"
"2025-09-01","8:07:25.327 AM","25.47","97.278","36.306","-0.002","25.135","23.18","23.52","None"
"2025-09-01","8:07:25.577 AM","25.47","97.278","36.306","-0.002","25.135","23.18","23.52","None"
"2025-09-01","8:07:25.827 AM","25.47","97.278","36.306","-0.002","25.135","23.18","23.52","None"
"2025-09-01","8:07:26.083 AM","25.47","97.277","36.329","-0.002","25.1","23.18","23.52","None"
"2025-09-01","8:07:26.325 AM","25.47","97.277","36.329","-0.002","25.1","23.18","23.49","None"
"2025-09-01","8:07:26.576 AM","25.47","97.277","36.329","-0.002","25.1","23.18","23.49","None"
"2025-09-01","8:07:26.826 AM","25.47","97.278","36.312","-0.002","25.075","23.18","23.49","None"
"2025-09-01","8:07:27.078 AM","25.47","97.278","36.312","-0.002","25.075","23.16","23.52","None"
"2025-09-01","8:07:27.349 AM","25.47","97.278","36.312","-0.002","25.075","23.16","23.52","None"
"2025-09-01","8:07:27.591 AM","25.47","97.279","36.329","-0.002","25.105","23.19","23.52","None"
"2025-09-01","8:07:27.844 AM","25.47","97.279","36.329","-0.002","25.105","23.19","23.52","None"
"2025-09-01","8:07:28.091 AM","25.47","97.279","36.329","-0.002","25.105","23.19","23.52","None"
"2025-09-01","8:07:28.345 AM","25.47","97.272","36.335","-0.002","25.13","23.14","23.52","None"
"2025-09-01","8:07:28.596 AM","25.47","97.272","36.335","-0.002","25.13","23.14","23.52","None"
"2025-09-01","8:07:28.844 AM","25.47","97.276","36.312","-0.002","25.125","23.14","23.52","None"
"2025-09-01","8:07:29.167 AM","25.47","97.276","36.312","-0.002","25.125","23.07","23.52","None"
"2025-09-01","8:07:29.359 AM","25.47","97.276","36.312","-0.002","25.125","23.07","23.56","None"
"2025-09-01","8:07:29.622 AM","25.47","97.272","36.329","-0.002","25.095","23.07","23.56","None"
"2025-09-01","8:07:29.867 AM","25.47","97.272","36.329","-0.002","25.095","23.08","23.56","None"
"2025-09-01","8:07:30.116 AM","25.47","97.272","36.329","-0.002","25.095","23.08","23.50","None"
"2025-09-01","8:07:30.370 AM","25.46","97.278","36.311","-0.002","25.075","23.08","23.50","None"
"2025-09-01","8:07:30.616 AM","25.46","97.278","36.311","-0.002","25.075","23.18","23.52","None"
"2025-09-01","8:07:30.868 AM","25.46","97.278","36.311","-0.002","25.075","23.18","23.52","None"
"2025-09-01","8:07:31.123 AM","25.46","97.277","36.317","-0.002","25.085","23.18","23.52","None"
"2025-09-01","8:07:31.396 AM","25.46","97.277","36.317","-0.002","25.085","23.14","23.54","None"
"2025-09-01","8:07:31.660 AM","25.46","97.277","36.317","-0.002","25.085","23.14","23.54","None"
"2025-09-01","8:07:31.935 AM","25.46","97.278","36.323","-0.002","25.125","23.09","23.54","None"
"2025-09-01","8:07:32.205 AM","25.46","97.278","36.323","-0.002","25.125","23.09","23.44","None"
"2025-09-01","8:07:32.447 AM","25.46","97.281","36.328","-0.002","25.085","23.09","23.44","None"
"2025-09-01","8:07:32.696 AM","25.46","97.281","36.328","-0.002","25.085","23.12","23.44","None"
"2025-09-01","8:07:32.950 AM","25.46","97.281","36.328","-0.002","25.085","23.12","23.54","None"
"2025-09-01","8:07:33.227 AM","25.46","97.278","36.334","-0.002","25.085","23.12","23.54","None"
"2025-09-01","8:07:33.454 AM","25.46","97.278","36.334","-0.002","25.085","23.13","23.54","None"
"2025-09-01","8:07:33.706 AM","25.46","97.278","36.334","-0.002","25.085","23.13","23.52","None"
"2025-09-01","8:07:33.957 AM","25.46","97.28","36.334","-0.002","25.075","23.13","23.52","None"
"2025-09-01","8:07:34.211 AM","25.46","97.28","36.334","-0.002","25.075","23.12","23.59","None"
"2025-09-01","8:07:34.453 AM","25.46","97.28","36.334","-0.002","25.075","23.12","23.59","None"
"2025-09-01","8:07:34.697 AM","25.46","97.278","36.305","-0.002","25.22","23.12","23.59","None"
"2025-09-01","8:07:34.955 AM","25.46","97.278","36.305","-0.002","25.22","23.13","23.45","None"
"2025-09-01","8:07:35.227 AM","25.46","97.278","36.305","-0.002","25.22","23.13","23.45","None"
"2025-09-01","8:07:35.460 AM","25.46","97.277","36.352","-0.002","25.04","23.13","23.45","None"
"2025-09-01","8:07:35.718 AM","25.46","97.277","36.352","-0.002","25.04","23.18","23.48","None"
"2025-09-01","8:07:35.970 AM","25.46","97.277","36.352","-0.002","25.04","23.18","23.48","None"
"2025-09-01","8:07:36.221 AM","25.47","97.276","36.317","-0.002","25.105","23.13","23.48","None"
"2025-09-01","8:07:36.465 AM","25.47","97.276","36.317","-0.002","25.105","23.13","23.54","None"
"2025-09-01","8:07:36.715 AM","25.47","97.276","36.317","-0.002","25.105","23.13","23.54","None"
"2025-09-01","8:07:36.965 AM","25.46","97.276","36.329","-0.002","25.17","23.13","23.54","None"
"2025-09-01","8:07:37.218 AM","25.46","97.276","36.329","-0.002","25.17","23.13","23.47","None"
"2025-09-01","8:07:37.556 AM","25.46","97.269","36.329","-0.002","25.09","23.13","23.47","None"
"2025-09-01","8:07:37.733 AM","25.46","97.269","36.329","-0.002","25.09","23.18","23.47","None"
"2025-09-01","8:07:37.990 AM","25.46","97.269","36.329","-0.002","25.09","23.18","23.55","None"
"2025-09-01","8:07:38.234 AM","25.47","97.267","36.323","-0.002","25.11","23.18","23.55","None"
"2025-09-01","8:07:38.491 AM","25.47","97.267","36.323","-0.002","25.11","23.18","23.55","None"
"2025-09-01","8:07:38.740 AM","25.47","97.267","36.323","-0.002","25.11","23.18","23.58","None"
"2025-09-01","8:07:38.991 AM","25.47","97.266","36.329","-0.002","25.155","23.18","23.58","None"
"2025-09-01","8:07:39.238 AM","25.47","97.266","36.329","-0.002","25.155","23.14","23.52","None"
"2025-09-01","8:07:39.491 AM","25.47","97.266","36.329","-0.002","25.155","23.14","23.52","None"
"2025-09-01","8:07:39.738 AM","25.47","97.269","36.335","-0.002","25.12","23.14","23.52","None"
"2025-09-01","8:07:39.991 AM","25.47","97.269","36.335","-0.002","25.12","23.18","23.49","None"
"2025-09-01","8:07:40.251 AM","25.47","97.269","36.335","-0.002","25.12","23.18","23.49","None"
"2025-09-01","8:07:40.501 AM","25.47","97.269","36.329","-0.002","25.08","23.16","23.49","None"
"2025-09-01","8:07:40.766 AM","25.47","97.269","36.329","-0.002","25.08","23.16","23.54","None"
"2025-09-01","8:07:41.022 AM","25.47","97.269","36.329","-0.002","25.08","23.16","23.54","None"
"2025-09-01","8:07:41.274 AM","25.47","97.275","36.329","-0.002","25.11","23.10","23.54","None"
"2025-09-01","8:07:41.556 AM","25.47","97.275","36.329","-0.002","25.11","23.10","23.52","None"
"2025-09-01","8:07:41.777 AM","25.47","97.275","36.329","-0.002","25.1","23.10","23.52","None"
"2025-09-01","8:07:42.036 AM","25.47","97.275","36.329","-0.002","25.1","23.12","23.52","None"
"2025-09-01","8:07:42.290 AM","25.47","97.275","36.329","-0.002","25.1","23.12","23.55","None"
"2025-09-01","8:07:42.535 AM","25.47","97.276","36.335","-0.002","25.085","23.12","23.55","None"
"2025-09-01","8:07:42.792 AM","25.47","97.276","36.335","-0.002","25.085","23.13","23.55","None"
"2025-09-01","8:07:43.044 AM","25.47","97.276","36.335","-0.002","25.085","23.13","23.52","None"
"2025-09-01","8:07:43.289 AM","25.47","97.284","36.341","-0.002","25.07","23.13","23.52","None"
"2025-09-01","8:07:43.537 AM","25.47","97.284","36.341","-0.002","25.07","23.03","23.56","None"
"2025-09-01","8:07:43.796 AM","25.47","97.284","36.341","-0.002","25.07","23.03","23.56","None"
"2025-09-01","8:07:44.075 AM","25.47","97.279","36.329","-0.002","25.105","23.03","23.56","None"
"2025-09-01","8:07:44.344 AM","25.47","97.279","36.329","-0.002","25.105","23.14","23.48","None"
"2025-09-01","8:07:44.633 AM","25.47","97.279","36.329","-0.002","25.105","23.14","23.48","None"
"2025-09-01","8:07:44.861 AM","25.46","97.276","36.352","-0.002","25.125","23.09","23.48","None"
"2025-09-01","8:07:45.130 AM","25.46","97.276","36.352","-0.002","25.125","23.09","23.52","None"
"2025-09-01","8:07:45.369 AM","25.46","97.274","36.346","-0.002","25.11","23.09","23.52","None"
"2025-09-01","8:07:45.624 AM","25.46","97.274","36.346","-0.002","25.11","23.14","23.52","None"
"2025-09-01","8:07:45.939 AM","25.46","97.274","36.346","-0.002","25.11","23.14","23.45","None"
"2025-09-01","8:07:46.138 AM","25.46","97.277","36.334","-0.002","25.145","23.14","23.45","None"
"2025-09-01","8:07:46.396 AM","25.46","97.277","36.334","-0.002","25.145","23.12","23.45","None"
"2025-09-01","8:07:46.641 AM","25.46","97.277","36.334","-0.002","25.145","23.12","23.50","None"
"2025-09-01","8:07:46.893 AM","25.47","97.273","36.335","-0.002","25.115","23.12","23.50","None"
"2025-09-01","8:07:47.151 AM","25.47","97.273","36.335","-0.002","25.115","23.03","23.52","None"
"2025-09-01","8:07:47.394 AM","25.47","97.273","36.335","-0.002","25.115","23.03","23.52","None"
"2025-09-01","8:07:47.644 AM","25.47","97.279","36.329","-0.002","25.11","23.03","23.52","None"
"2025-09-01","8:07:47.903 AM","25.47","97.279","36.329","-0.002","25.11","23.16","23.48","None"
"2025-09-01","8:07:48.161 AM","25.47","97.279","36.329","-0.002","25.11","23.16","23.48","None"
"2025-09-01","8:07:48.411 AM","25.46","97.283","36.34","-0.002","25.14","23.18","23.48","None"
"2025-09-01","8:07:48.664 AM","25.46","97.283","36.34","-0.002","25.14","23.18","23.58","None"
"2025-09-01","8:07:48.918 AM","25.46","97.283","36.34","-0.002","25.14","23.18","23.58","None"
"2025-09-01","8:07:49.159 AM","25.46","97.284","36.346","-0.002","25.105","23.14","23.58","None"
"2025-09-01","8:07:49.409 AM","25.46","97.284","36.346","-0.002","25.105","23.14","23.52","None"
"2025-09-01","8:07:49.659 AM","25.46","97.284","36.346","-0.002","25.105","23.14","23.52","None"
"2025-09-01","8:07:49.957 AM","25.47","97.281","36.335","-0.002","25.055","23.16","23.52","None"
"2025-09-01","8:07:50.173 AM","25.47","97.281","36.335","-0.002","25.055","23.16","23.54","None"
"2025-09-01","8:07:50.421 AM","25.46","97.278","36.34","-0.002","25.06","23.16","23.54","None"
"2025-09-01","8:07:50.680 AM","25.46","97.278","36.34","-0.002","25.06","23.19","23.54","None"
"2025-09-01","8:07:50.987 AM","25.46","97.278","36.34","-0.002","25.06","23.19","23.48","None"
"2025-09-01","8:07:51.207 AM","25.47","97.284","36.34","-0.002","25.035","23.19","23.48","None"
"2025-09-01","8:07:52.260 AM","25.46","97.282","36.334","-0.002","25.125","23.14","23.63","None"
"2025-09-01","8:07:53.297 AM","25.47","97.284","36.335","-0.002","25.105","23.09","23.58","None"
"2025-09-01","8:07:54.389 AM","25.47","97.283","36.329","-0.002","25.115","23.18","23.58","None"
"2025-09-01","8:08:02.094 AM","25.46","97.278","36.334","-0.002","25.085","23.08","23.54","None"
"2025-09-01","8:08:08.655 AM","25.47","97.279","36.352","-0.002","25.145","23.18","23.47","None"
"2025-09-01","8:08:15.321 AM","25.47","97.277","36.323","-0.002","25.065","23.14","23.47","None"
"2025-09-01","8:08:19.827 AM","25.47","97.275","36.329","-0.002","25.055","23.20","23.54","None"
"2025-09-01","8:08:26.276 AM","25.47","97.287","36.341","-0.002","25.17","23.19","23.55","None"
"2025-09-01","8:08:32.468 AM","25.47","97.286","36.341","-0.002","25.175","23.19","23.58","None"
"2025-09-01","8:08:36.565 AM","25.47","97.284","36.335","-0.002","25.065","23.21","23.52","None"
"2025-09-01","8:08:40.145 AM","25.47","97.281","36.335","-0.002","25.095","23.16","23.60","None"
"2025-09-01","8:08:43.681 AM","25.47","97.284","36.324","-0.002","25.155","23.18","23.50","None"
"2025-09-01","8:08:47.713 AM","25.47","97.273","36.335","-0.002","25.105","23.20","23.50","None"
"2025-09-01","8:08:51.075 AM","25.47","97.277","36.335","-0.002","25.12","23.14","23.56","None"
"2025-09-01","8:08:54.303 AM","25.47","97.281","36.329","-0.002","25.145","23.14","23.50","None"
"2025-09-01","8:08:57.706 AM","25.46","97.28","36.346","-0.002","25.155","23.14","23.55","None"
"2025-09-01","8:09:01.342 AM","25.46","97.285","36.351","-0.002","25.09","23.16","23.52","None"
"2025-09-01","8:09:05.042 AM","25.46","97.282","36.34","-0.002","25.12","23.10","23.59","None"
"2025-09-01","8:09:08.311 AM","25.46","97.28","36.346","-0.002","25.145","23.23","23.50","None"
"2025-09-01","8:09:11.519 AM","25.46","97.279","36.363","-0.002","25.135","23.14","23.54","None"
"2025-09-01","8:09:15.117 AM","25.46","97.281","36.34","-0.002","25.09","23.12","23.50","None"
"2025-09-01","8:09:18.591 AM","25.45","97.283","36.357","-0.002","25.085","23.14","23.52","None"
"2025-09-01","8:09:22.299 AM","25.45","97.278","36.362","-0.002","25.125","23.18","23.49","None"
"2025-09-01","8:09:28.775 AM","25.46","97.278","36.368","-0.002","25.145","23.10","23.50","None"
"2025-09-01","8:09:35.154 AM","25.46","97.281","36.363","-0.002","25.175","23.18","23.55","None"
"2025-09-01","8:09:39.043 AM","25.47","97.279","36.346","-0.002","25.125","23.14","23.47","None"
"2025-09-01","8:09:43.588 AM","25.47","97.282","36.341","-0.002","25.09","23.16","23.61","None"
"2025-09-01","8:09:46.971 AM","25.47","97.28","36.358","-0.001","25.06","23.14","23.58","None"
"2025-09-01","8:09:51.829 AM","25.47","97.281","36.347","-0.002","25.07","23.16","23.63","None"
"2025-09-01","8:09:55.594 AM","25.46","97.278","36.352","-0.001","25.065","23.07","23.63","None"
"2025-09-01","8:09:58.810 AM","25.46","97.286","36.345","-0.001","25.095","23.21","23.58","None"
"2025-09-01","8:10:02.203 AM","25.46","97.28","36.363","-0.001","25.065","23.23","23.63","None"
"2025-09-01","8:10:05.970 AM","25.46","97.282","36.363","-0.001","25.13","23.14","23.58","None"
"2025-09-01","8:10:09.990 AM","25.46","97.277","36.357","-0.001","25.1","23.16","23.54","None"
"2025-09-01","8:10:13.428 AM","25.46","97.28","36.374","-0.001","25.125","23.14","23.61","None"
"2025-09-01","8:10:17.241 AM","25.46","97.277","36.357","-0.001","25.15","23.20","23.58","None"
"2025-09-01","8:10:20.929 AM","25.46","97.278","36.357","-0.001","25.145","23.14","23.55","None"
"2025-09-01","8:10:24.518 AM","25.46","97.288","36.352","-0.001","25.135","23.18","23.52","None"
"2025-09-01","8:10:32.429 AM","25.45","97.28","36.368","-0.001","25.17","23.16","23.52","None"
"2025-09-01","8:10:39.792 AM","25.45","97.284","36.379","-0.001","25.145","23.20","23.59","None"
"2025-09-01","8:10:50.610 AM","25.45","97.274","36.374","-0.001","25.075","23.12","23.58","None"
"2025-09-01","8:10:54.925 AM","25.45","97.283","36.379","-0.001","25.07","23.10","23.48","None"
"2025-09-01","8:10:58.742 AM","25.45","97.285","36.373","-0.001","25.06","23.16","23.47","None"
"2025-09-01","8:11:02.368 AM","25.45","97.285","36.362","-0.001","25.15","23.12","23.58","None"
"2025-09-01","8:11:06.597 AM","25.45","97.29","36.368","-0.001","25.145","23.14","23.59","None"
"2025-09-01","8:11:10.482 AM","25.45","97.294","36.38","-0.001","25.165","23.14","23.52","None"
"2025-09-01","8:11:14.207 AM","25.45","97.285","36.374","-0.001","25.15","23.09","23.56","None"
"2025-09-01","8:11:17.768 AM","25.45","97.286","36.374","-0.001","25.165","23.14","23.50","None"
"2025-09-01","8:11:21.165 AM","25.45","97.279","36.374","-0.001","25.09","23.16","23.60","None"
"2025-09-01","8:11:25.225 AM","25.45","97.278","36.379","-0.001","25.13","23.10","23.48","None"
"2025-09-01","8:11:28.703 AM","25.46","97.277","36.369","-0.001","25.16","23.18","23.56","None"
"2025-09-01","8:11:36.232 AM","25.46","97.283","36.357","-0.001","25.14","23.16","23.60","None"
"2025-09-01","8:11:42.797 AM","25.46","97.277","36.357","-0.001","25.11","23.10","23.56","None"
"2025-09-01","8:11:49.479 AM","25.46","97.283","36.357","-0.001","25.12","23.19","23.61","None"
"2025-09-01","8:11:53.385 AM","25.46","97.285","36.352","-0.001","25.11","23.12","23.55","None"
"2025-09-01","8:11:57.499 AM","25.46","97.283","36.357","-0.001","25.145","23.10","23.52","None"
"2025-09-01","8:12:01.045 AM","25.46","97.284","36.346","-0.001","25.165","23.16","23.61","None"
"2025-09-01","8:12:05.256 AM","25.46","97.287","36.357","-0.001","25.11","23.18","23.58","None"
"2025-09-01","8:12:08.668 AM","25.46","97.288","36.369","-0.001","25.075","23.16","23.58","None"
"2025-09-01","8:12:12.172 AM","25.46","97.28","36.357","-0.001","25.095","23.14","23.58","None"
"2025-09-01","8:12:15.412 AM","25.46","97.282","36.357","-0.001","25.125","23.18","23.66","None"
"2025-09-01","8:12:19.011 AM","25.46","97.282","36.357","-0.001","25.145","23.13","23.58","None"
"2025-09-01","8:12:22.354 AM","25.46","97.279","36.346","-0.001","25.145","23.16","23.48","None"
"2025-09-01","8:12:25.733 AM","25.46","97.281","36.363","-0.001","25.125","23.20","23.61","None"
"2025-09-01","8:12:29.146 AM","25.46","97.285","36.346","-0.001","25.165","23.16","23.59","None"
"2025-09-01","8:12:33.409 AM","25.46","97.284","36.346","-0.001","25.175","23.10","23.60","None"
"2025-09-01","8:12:40.232 AM","25.46","97.286","36.351","-0.001","25.105","23.21","23.54","None"
"2025-09-01","8:12:47.467 AM","25.46","97.284","36.357","-0.001","25.135","23.16","23.58","None"
"2025-09-01","8:12:57.163 AM","25.47","97.283","36.329","-0.001","25.15","23.20","23.63","None"
"2025-09-01","8:13:01.028 AM","25.47","97.278","36.329","-0.001","25.12","23.21","23.50","None"
"2025-09-01","8:13:07.786 AM","25.47","97.276","36.312","-0.001","25.185","23.18","23.50","None"
"2025-09-01","8:13:14.567 AM","25.46","97.287","36.323","-0.001","25.145","23.23","23.52","None"
"2025-09-01","8:13:22.530 AM","25.47","97.29","36.323","-0.001","25.105","23.20","23.58","None"
"2025-09-01","8:13:26.722 AM","25.47","97.288","36.318","-0.001","25.145","23.14","23.52","None"
"2025-09-01","8:13:32.634 AM","25.48","97.282","36.324","-0.001","25.15","23.21","23.58","None"
"2025-09-01","8:13:36.341 AM","25.48","97.278","36.318","-0.001","25.165","23.19","23.63","None"
"2025-09-01","8:13:40.038 AM","25.47","97.282","36.318","-0.001","25.12","23.16","23.55","None"
"2025-09-01","8:13:46.906 AM","25.48","97.284","36.313","-0.001","25.11","23.13","23.60","None"
"2025-09-01","8:13:53.319 AM","25.48","97.291","36.295","-0.001","25.185","23.14","23.52","None"
"2025-09-01","8:13:57.463 AM","25.47","97.29","36.301","-0.001","25.135","23.16","23.52","None"
"2025-09-01","8:14:01.159 AM","25.47","97.287","36.295","-0.001","25.11","23.19","23.55","None"
"2025-09-01","8:14:04.805 AM","25.47","97.292","36.306","-0.001","25.11","23.03","23.58","None"
"2025-09-01","8:14:08.361 AM","25.47","97.294","36.306","-0.001","25.135","23.21","23.47","None"
"2025-09-01","8:14:12.366 AM","25.47","97.291","36.307","-0.001","25.135","23.16","23.63","None"
"2025-09-01","8:14:16.151 AM","25.47","97.283","36.301","-0.001","25.12","23.18","23.58","None"
"2025-09-01","8:14:19.942 AM","25.47","97.287","36.301","-0.001","25.165","23.21","23.55","None"
"2025-09-01","8:14:23.838 AM","25.47","97.281","36.301","-0.001","25.135","23.16","23.56","None"
"2025-09-01","8:14:27.333 AM","25.48","97.284","36.296","-0.001","25.2","23.19","23.52","None"
"2025-09-01","8:14:30.773 AM","25.48","97.291","36.301","-0.001","25.065","23.21","23.58","None"
"2025-09-01","8:14:34.489 AM","25.48","97.28","36.284","-0.001","25.09","23.21","23.59","None"
"2025-09-01","8:14:37.707 AM","25.48","97.28","36.279","-0.001","25.12","23.23","23.49","None"
"2025-09-01","8:14:41.242 AM","25.48","97.279","36.279","-0.001","25.105","23.23","23.48","None"
"2025-09-01","8:14:44.798 AM","25.49","97.287","36.273","-0.001","25.165","23.21","23.52","None"
"2025-09-01","8:14:44.996 AM","25.49","97.287","36.273","-0.001","25.165","23.21","23.63","None"
"2025-09-01","8:14:45.235 AM","25.49","97.287","36.273","-0.001","25.165","23.21","23.63","None"
"2025-09-01","8:14:45.516 AM","25.49","97.286","36.279","-0.001","25.155","23.20","23.63","None"
"2025-09-01","8:14:45.750 AM","25.49","97.286","36.279","-0.001","25.155","23.20","23.50","None"
"2025-09-01","8:14:46.002 AM","25.49","97.286","36.268","-0.001","25.14","23.20","23.50","None"
"2025-09-01","8:14:46.254 AM","25.49","97.286","36.268","-0.001","25.14","23.20","23.50","None"
"2025-09-01","8:14:46.502 AM","25.49","97.286","36.268","-0.001","25.14","23.20","23.52","None"
"2025-09-01","8:14:46.756 AM","25.49","97.285","36.279","-0.001","25.17","23.20","23.52","None"
"2025-09-01","8:14:47.007 AM","25.49","97.285","36.279","-0.001","25.17","23.21","23.52","None"
"2025-09-01","8:14:47.260 AM","25.49","97.285","36.279","-0.001","25.17","23.21","23.63","None"
"2025-09-01","8:14:47.509 AM","25.49","97.287","36.285","-0.001","25.155","23.21","23.63","None"
"2025-09-01","8:14:47.771 AM","25.49","97.287","36.285","-0.001","25.155","23.23","23.50","None"
"2025-09-01","8:14:48.026 AM","25.49","97.287","36.285","-0.001","25.155","23.23","23.50","None"
"2025-09-01","8:14:48.268 AM","25.49","97.288","36.273","-0.001","25.095","23.23","23.50","None"
"2025-09-01","8:14:48.528 AM","25.49","97.288","36.273","-0.001","25.095","23.23","23.60","None"
"2025-09-01","8:14:48.799 AM","25.49","97.288","36.273","-0.001","25.095","23.23","23.60","None"
"2025-09-01","8:14:49.030 AM","25.49","97.29","36.279","-0.001","25.08","23.19","23.60","None"
"2025-09-01","8:14:49.298 AM","25.49","97.29","36.279","-0.001","25.08","23.19","23.52","None"
"2025-09-01","8:14:49.540 AM","25.49","97.29","36.279","-0.001","25.08","23.19","23.52","None"
"2025-09-01","8:14:49.826 AM","25.49","97.289","36.279","-0.001","25.13","23.20","23.52","None"
"2025-09-01","8:14:50.047 AM","25.49","97.289","36.279","-0.001","25.13","23.20","23.54","None"
"2025-09-01","8:14:50.312 AM","25.49","97.288","36.291","-0.001","25.165","23.20","23.54","None"
"2025-09-01","8:14:50.557 AM","25.49","97.288","36.291","-0.001","25.165","23.21","23.54","None"
"2025-09-01","8:14:50.804 AM","25.49","97.288","36.291","-0.001","25.165","23.21","23.54","None"
"2025-09-01","8:14:51.070 AM","25.49","97.289","36.279","-0.001","25.105","23.21","23.54","None"
"2025-09-01","8:14:51.339 AM","25.49","97.289","36.279","-0.001","25.105","23.25","23.54","None"
"2025-09-01","8:14:51.581 AM","25.49","97.289","36.279","-0.001","25.105","23.25","23.55","None"
"2025-09-01","8:14:51.825 AM","25.49","97.287","36.279","-0.001","25.15","23.25","23.55","None"
"2025-09-01","8:14:52.074 AM","25.49","97.287","36.279","-0.001","25.15","23.21","23.54","None"
"2025-09-01","8:14:52.327 AM","25.49","97.287","36.279","-0.001","25.15","23.21","23.54","None"
"2025-09-01","8:14:52.578 AM","25.49","97.287","36.273","-0.001","25.115","23.21","23.54","None"
"2025-09-01","8:14:52.830 AM","25.49","97.287","36.273","-0.001","25.115","23.23","23.55","None"
"2025-09-01","8:14:53.078 AM","25.49","97.287","36.273","-0.001","25.115","23.23","23.55","None"
"2025-09-01","8:14:53.335 AM","25.49","97.293","36.279","-0.001","25.12","23.10","23.55","None"
"2025-09-01","8:14:53.608 AM","25.49","97.293","36.279","-0.001","25.12","23.10","23.56","None"
"2025-09-01","8:14:53.897 AM","25.49","97.293","36.279","-0.001","25.12","23.10","23.56","None"
"2025-09-01","8:14:54.115 AM","25.49","97.288","36.268","-0.001","25.16","23.18","23.56","None"
"2025-09-01","8:14:54.376 AM","25.49","97.288","36.268","-0.001","25.16","23.18","23.56","None"
"2025-09-01","8:14:54.626 AM","25.49","97.288","36.279","-0.001","25.185","23.18","23.56","None"
"2025-09-01","8:14:54.879 AM","25.49","97.288","36.279","-0.001","25.185","23.10","23.56","None"
"2025-09-01","8:14:55.125 AM","25.49","97.288","36.279","-0.001","25.185","23.10","23.52","None"
"2025-09-01","8:14:55.374 AM","25.49","97.288","36.279","-0.001","25.1","23.10","23.52","None"
"2025-09-01","8:14:55.637 AM","25.49","97.288","36.279","-0.001","25.1","23.23","23.52","None"
"2025-09-01","8:14:55.896 AM","25.49","97.288","36.279","-0.001","25.1","23.23","23.54","None"
"2025-09-01","8:14:56.140 AM","25.49","97.282","36.273","-0.001","25.11","23.23","23.54","None"
"2025-09-01","8:14:56.393 AM","25.49","97.282","36.273","-0.001","25.11","23.20","23.63","None"
"2025-09-01","8:14:56.640 AM","25.49","97.282","36.273","-0.001","25.11","23.20","23.63","None"
"2025-09-01","8:14:56.894 AM","25.49","97.287","36.273","-0.001","25.14","23.20","23.63","None"
"2025-09-01","8:14:57.143 AM","25.49","97.287","36.273","-0.001","25.14","23.16","23.52","None"
"2025-09-01","8:14:57.398 AM","25.49","97.287","36.273","-0.001","25.14","23.16","23.52","None"
"2025-09-01","8:14:57.643 AM","25.49","97.287","36.273","-0.001","25.085","23.18","23.52","None"
"2025-09-01","8:14:57.896 AM","25.49","97.287","36.273","-0.001","25.085","23.18","23.61","None"
"2025-09-01","8:14:58.194 AM","25.49","97.287","36.273","-0.001","25.085","23.18","23.61","None"
"2025-09-01","8:14:58.414 AM","25.49","97.29","36.273","-0.001","25.215","23.23","23.61","None"
"2025-09-01","8:14:58.679 AM","25.49","97.29","36.273","-0.001","25.215","23.23","23.54","None"
"2025-09-01","8:14:58.930 AM","25.49","97.288","36.268","-0.001","25.08","23.23","23.54","None"
"2025-09-01","8:14:59.184 AM","25.49","97.288","36.268","-0.001","25.08","23.16","23.54","None"
"2025-09-01","8:14:59.433 AM","25.49","97.288","36.268","-0.001","25.08","23.16","23.56","None"
"2025-09-01","8:14:59.677 AM","25.49","97.285","36.279","-0.001","25.105","23.16","23.56","None"
"2025-09-01","8:14:59.932 AM","25.49","97.285","36.279","-0.001","25.105","23.21","23.56","None"
"2025-09-01","8:15:00.184 AM","25.49","97.285","36.279","-0.001","25.105","23.21","23.52","None"
"2025-09-01","8:15:00.432 AM","25.49","97.286","36.268","-0.001","25.165","23.21","23.52","None"
"2025-09-01","8:15:00.679 AM","25.49","97.286","36.268","-0.001","25.165","23.16","23.52","None"
"2025-09-01","8:15:00.939 AM","25.49","97.286","36.268","-0.001","25.165","23.16","23.61","None"
"2025-09-01","8:15:01.197 AM","25.49","97.287","36.267","-0.001","25.19","23.16","23.61","None"
"2025-09-01","8:15:01.449 AM","25.49","97.287","36.267","-0.001","25.19","23.25","23.63","None"
"2025-09-01","8:15:01.695 AM","25.49","97.287","36.267","-0.001","25.19","23.25","23.63","None"
"2025-09-01","8:15:01.947 AM","25.49","97.28","36.262","-0.001","25.21","23.25","23.63","None"
"2025-09-01","8:15:02.197 AM","25.49","97.28","36.262","-0.001","25.21","23.16","23.59","None"
"2025-09-01","8:15:02.498 AM","25.49","97.28","36.262","-0.001","25.21","23.16","23.59","None"
"2025-09-01","8:15:02.721 AM","25.48","97.278","36.261","-0.001","25.155","23.21","23.59","None"